2025-02-09 23:39:38,717 - DEBUG - Starting new HTTPS connection (1): proceedings.mlsys.org:443
2025-02-09 23:39:39,359 - DEBUG - https://proceedings.mlsys.org:443 "GET /paper_files/paper/2021/file/1c4534ff58dab447545594c4863239b3-Paper.pdf HTTP/1.1" 200 2538530
2025-02-09 23:39:43,467 - DEBUG - 텍스트 추출 및 저장 완료: texts/Tt-rec Tensor train compression for deep learning recommendation models_797.txt
2025-02-09 23:39:43,469 - DEBUG - Starting new HTTPS connection (1): arxiv.org:443
2025-02-09 23:39:43,665 - DEBUG - https://arxiv.org:443 "GET /pdf/2407.15904 HTTP/1.1" 200 2089711
2025-02-09 23:39:44,911 - DEBUG - 텍스트 추출 및 저장 완료: texts/Comprehensive Study on Performance Evaluation and Optimization of Model Compression Bridging Traditional Deep Learning and Large Language Models_798.txt
2025-02-09 23:39:44,915 - DEBUG - Starting new HTTPS connection (1): link.springer.com:443
2025-02-09 23:39:45,231 - DEBUG - https://link.springer.com:443 "GET /content/pdf/10.1007/s11042-023-17192-x.pdf HTTP/1.1" 303 0
2025-02-09 23:39:45,236 - DEBUG - Starting new HTTPS connection (1): idp.springer.com:443
2025-02-09 23:39:45,532 - DEBUG - https://idp.springer.com:443 "GET /authorize?response_type=cookie&client_id=springerlink&redirect_uri=https%3A%2F%2Flink.springer.com%2Fcontent%2Fpdf%2F10.1007%2Fs11042-023-17192-x.pdf HTTP/1.1" 302 0
2025-02-09 23:39:46,323 - DEBUG - https://link.springer.com:443 "GET /content/pdf/10.1007/s11042-023-17192-x.pdf HTTP/1.1" 200 5024132
2025-02-09 23:40:06,367 - DEBUG - 텍스트 추출 및 저장 완료: texts/A survey of model compression strategies for object detection_799.txt
2025-02-09 23:40:06,368 - DEBUG - Starting new HTTPS connection (1): arxiv.org:443
2025-02-09 23:40:07,688 - DEBUG - https://arxiv.org:443 "GET /pdf/2001.01050 HTTP/1.1" 200 1365871
2025-02-09 23:40:08,568 - DEBUG - 텍스트 추출 및 저장 완료: texts/Discrimination-aware network pruning for deep model compression_800.txt
2025-02-09 23:40:08,572 - DEBUG - Starting new HTTP connection (1): openaccess.thecvf.com:80
2025-02-09 23:40:09,123 - DEBUG - http://openaccess.thecvf.com:80 "GET /content_WACV_2020/papers/Singh_Leveraging_Filter_Correlations_for_Deep_Model_Compression_WACV_2020_paper.pdf HTTP/1.1" 302 409
2025-02-09 23:40:09,126 - DEBUG - Starting new HTTPS connection (1): openaccess.thecvf.com:443
2025-02-09 23:40:09,728 - DEBUG - https://openaccess.thecvf.com:443 "GET /content_WACV_2020/papers/Singh_Leveraging_Filter_Correlations_for_Deep_Model_Compression_WACV_2020_paper.pdf HTTP/1.1" 200 560568
2025-02-09 23:40:11,000 - DEBUG - 텍스트 추출 및 저장 완료: texts/Leveraging filter correlations for deep model compression_801.txt
2025-02-09 23:40:11,002 - DEBUG - Starting new HTTPS connection (1): arxiv.org:443
2025-02-09 23:40:11,752 - DEBUG - https://arxiv.org:443 "GET /pdf/2010.03954 HTTP/1.1" 200 481837
2025-02-09 23:40:12,621 - DEBUG - 텍스트 추출 및 저장 완료: texts/A survey on deep neural network compression Challenges, overview, and solutions_802.txt
2025-02-09 23:40:12,623 - DEBUG - Starting new HTTPS connection (1): openaccess.thecvf.com:443
2025-02-09 23:40:13,245 - DEBUG - https://openaccess.thecvf.com:443 "GET /content_CVPR_2020/papers/Chin_Towards_Efficient_Model_Compression_via_Learned_Global_Ranking_CVPR_2020_paper.pdf HTTP/1.1" 200 1954191
2025-02-09 23:40:15,996 - DEBUG - 텍스트 추출 및 저장 완료: texts/Towards efficient model compression via learned global ranking_803.txt
2025-02-09 23:40:15,997 - DEBUG - Starting new HTTP connection (1): openaccess.thecvf.com:80
2025-02-09 23:40:16,391 - DEBUG - http://openaccess.thecvf.com:80 "GET /content_CVPR_2020/papers/Gao_Discrete_Model_Compression_With_Resource_Constraint_for_Deep_Neural_Networks_CVPR_2020_paper.pdf HTTP/1.1" 302 426
2025-02-09 23:40:16,395 - DEBUG - Starting new HTTPS connection (1): openaccess.thecvf.com:443
2025-02-09 23:40:17,011 - DEBUG - https://openaccess.thecvf.com:443 "GET /content_CVPR_2020/papers/Gao_Discrete_Model_Compression_With_Resource_Constraint_for_Deep_Neural_Networks_CVPR_2020_paper.pdf HTTP/1.1" 200 733400
2025-02-09 23:40:18,371 - DEBUG - 텍스트 추출 및 저장 완료: texts/Discrete model compression with resource constraint for deep neural networks_804.txt
2025-02-09 23:40:18,373 - DEBUG - Starting new HTTP connection (1): www.eecs.harvard.edu:80
2025-02-09 23:40:19,642 - DEBUG - http://www.eecs.harvard.edu:80 "GET /~htk/publication/2021-ijcnn-fernandes-kung.pdf HTTP/1.1" 302 259
2025-02-09 23:40:19,644 - DEBUG - Starting new HTTPS connection (1): www.eecs.harvard.edu:443
2025-02-09 23:40:20,285 - DEBUG - https://www.eecs.harvard.edu:443 "GET /~htk/publication/2021-ijcnn-fernandes-kung.pdf HTTP/1.1" 200 1743401
2025-02-09 23:40:27,642 - DEBUG - 텍스트 추출 및 저장 완료: texts/A novel training strategy for deep learning model compression applied to viral classifications_805.txt
2025-02-09 23:40:27,644 - DEBUG - Starting new HTTPS connection (1): arxiv.org:443
2025-02-09 23:40:27,670 - DEBUG - https://arxiv.org:443 "GET /pdf/2106.08962 HTTP/1.1" 200 3769338
2025-02-09 23:40:29,724 - DEBUG - 텍스트 추출 및 저장 완료: texts/Efficient deep learning A survey on making deep learning models smaller, faster, and better_806.txt
2025-02-09 23:40:29,725 - DEBUG - Starting new HTTPS connection (1): proceedings.mlsys.org:443
2025-02-09 23:40:30,787 - DEBUG - https://proceedings.mlsys.org:443 "GET /paper_files/paper/2020/file/6c44dc73014d66ba49b28d483a8f8b0d-Paper.pdf HTTP/1.1" 200 602546
2025-02-09 23:40:32,372 - DEBUG - 텍스트 추출 및 저장 완료: texts/What is the state of neural network pruning_807.txt
2025-02-09 23:40:32,375 - DEBUG - Starting new HTTPS connection (1): openaccess.thecvf.com:443
2025-02-09 23:40:32,955 - DEBUG - https://openaccess.thecvf.com:443 "GET /content_CVPR_2019/papers/Molchanov_Importance_Estimation_for_Neural_Network_Pruning_CVPR_2019_paper.pdf HTTP/1.1" 200 543285
2025-02-09 23:40:34,534 - DEBUG - 텍스트 추출 및 저장 완료: texts/Importance estimation for neural network pruning_808.txt
2025-02-09 23:40:34,535 - DEBUG - Starting new HTTPS connection (1): arxiv.org:443
2025-02-09 23:40:34,621 - DEBUG - https://arxiv.org:443 "GET /pdf/2308.06767 HTTP/1.1" 200 1945191
2025-02-09 23:40:36,716 - DEBUG - 텍스트 추출 및 저장 완료: texts/A survey on deep neural network pruning Taxonomy, comparison, analysis, and recommendations_809.txt
2025-02-09 23:40:36,718 - DEBUG - Starting new HTTPS connection (1): arxiv.org:443
2025-02-09 23:40:38,040 - DEBUG - https://arxiv.org:443 "GET /pdf/2303.00566 HTTP/1.1" 200 2527504
2025-02-09 23:40:41,805 - DEBUG - 텍스트 추출 및 저장 완료: texts/Structured pruning for deep convolutional neural networks A survey_810.txt
2025-02-09 23:40:41,807 - DEBUG - Starting new HTTPS connection (1): ieeexplore.ieee.org:443
2025-02-09 23:40:42,056 - DEBUG - https://ieeexplore.ieee.org:443 "GET /iel7/6287639/6514899/09795013.pdf HTTP/1.1" 418 245
2025-02-09 23:40:42,058 - DEBUG - Error: HTTP 응답 코드 418 - texts/Methods for pruning deep neural networks_811.txt
2025-02-09 23:40:42,062 - DEBUG - Starting new HTTPS connection (1): openaccess.thecvf.com:443
2025-02-09 23:40:42,772 - DEBUG - https://openaccess.thecvf.com:443 "GET /content_CVPR_2019/papers/Zhao_Variational_Convolutional_Neural_Network_Pruning_CVPR_2019_paper.pdf HTTP/1.1" 200 1095390
2025-02-09 23:40:45,096 - DEBUG - 텍스트 추출 및 저장 완료: texts/Variational convolutional neural network pruning_812.txt
2025-02-09 23:40:45,097 - DEBUG - Starting new HTTPS connection (1): arxiv.org:443
2025-02-09 23:40:45,148 - DEBUG - https://arxiv.org:443 "GET /pdf/2101.09671 HTTP/1.1" 200 1786864
2025-02-09 23:40:46,221 - DEBUG - 텍스트 추출 및 저장 완료: texts/Pruning and quantization for deep neural network acceleration A survey_813.txt
2025-02-09 23:40:46,223 - DEBUG - Starting new HTTPS connection (1): arxiv.org:443
2025-02-09 23:40:46,262 - DEBUG - https://arxiv.org:443 "GET /pdf/2103.06460 HTTP/1.1" 200 373162
2025-02-09 23:40:46,710 - DEBUG - 텍스트 추출 및 저장 완료: texts/Recent advances on neural network pruning at initialization_814.txt
2025-02-09 23:40:46,717 - DEBUG - Starting new HTTPS connection (1): arxiv.org:443
2025-02-09 23:40:47,008 - DEBUG - https://arxiv.org:443 "GET /pdf/2007.02491 HTTP/1.1" 200 1379935
2025-02-09 23:40:48,242 - DEBUG - 텍스트 추출 및 저장 완료: texts/Eagleeye Fast sub-net evaluation for efficient neural network pruning_815.txt
2025-02-09 23:40:48,246 - DEBUG - Starting new HTTP connection (1): openaccess.thecvf.com:80
2025-02-09 23:40:48,634 - DEBUG - http://openaccess.thecvf.com:80 "GET /content/CVPR2021/papers/Wang_Convolutional_Neural_Network_Pruning_With_Structural_Redundancy_Reduction_CVPR_2021_paper.pdf HTTP/1.1" 302 423
2025-02-09 23:40:48,638 - DEBUG - Starting new HTTPS connection (1): openaccess.thecvf.com:443
2025-02-09 23:40:49,229 - DEBUG - https://openaccess.thecvf.com:443 "GET /content/CVPR2021/papers/Wang_Convolutional_Neural_Network_Pruning_With_Structural_Redundancy_Reduction_CVPR_2021_paper.pdf HTTP/1.1" 200 841186
2025-02-09 23:40:52,466 - DEBUG - 텍스트 추출 및 저장 완료: texts/Convolutional neural network pruning with structural redundancy reduction_816.txt
2025-02-09 23:40:52,467 - DEBUG - Starting new HTTPS connection (1): proceedings.neurips.cc:443
2025-02-09 23:40:53,404 - DEBUG - https://proceedings.neurips.cc:443 "GET /paper/2020/file/7bcdf75ad237b8e02e301f4091fb6bc8-Paper.pdf HTTP/1.1" 200 1300531
2025-02-09 23:40:55,822 - DEBUG - 텍스트 추출 및 저장 완료: texts/Scop Scientific control for reliable neural network pruning_817.txt
2025-02-09 23:40:55,823 - DEBUG - Starting new HTTPS connection (1): arxiv.org:443
2025-02-09 23:40:57,309 - DEBUG - https://arxiv.org:443 "GET /pdf/1804.09862 HTTP/1.1" 200 2511932
2025-02-09 23:41:00,092 - DEBUG - 텍스트 추출 및 저장 완료: texts/Accelerator-aware pruning for convolutional neural networks_818.txt
2025-02-09 23:41:00,094 - DEBUG - Starting new HTTPS connection (1): openaccess.thecvf.com:443
2025-02-09 23:41:00,707 - DEBUG - https://openaccess.thecvf.com:443 "GET /content_CVPR_2020/papers/Luo_Neural_Network_Pruning_With_Residual-Connections_and_Limited-Data_CVPR_2020_paper.pdf HTTP/1.1" 200 662292
2025-02-09 23:41:02,307 - DEBUG - 텍스트 추출 및 저장 완료: texts/Neural network pruning with residual-connections and limited-data_819.txt
2025-02-09 23:41:02,308 - DEBUG - Starting new HTTPS connection (1): arxiv.org:443
2025-02-09 23:41:02,342 - DEBUG - https://arxiv.org:443 "GET /pdf/2009.08576 HTTP/1.1" 200 6780394
2025-02-09 23:41:06,921 - DEBUG - 텍스트 추출 및 저장 완료: texts/Pruning neural networks at initialization Why are we missing the mark_820.txt
2025-02-09 23:41:06,922 - DEBUG - Starting new HTTPS connection (1): arxiv.org:443
2025-02-09 23:41:08,262 - DEBUG - https://arxiv.org:443 "GET /pdf/2105.14713 HTTP/1.1" 200 4861734
2025-02-09 23:41:14,609 - DEBUG - 텍스트 추출 및 저장 완료: texts/1xn pattern for pruning convolutional neural networks_821.txt
2025-02-09 23:41:14,610 - DEBUG - Starting new HTTPS connection (1): proceedings.mlsys.org:443
2025-02-09 23:41:15,317 - DEBUG - https://proceedings.mlsys.org:443 "GET /paper_files/paper/2021/file/521437c574a2bb7fcc20b222700b4181-Paper.pdf HTTP/1.1" 200 4381496
2025-02-09 23:41:22,485 - DEBUG - 텍스트 추출 및 저장 완료: texts/Lost in pruning The effects of pruning neural networks beyond test accuracy_822.txt
2025-02-09 23:41:22,487 - DEBUG - Starting new HTTPS connection (1): www.jmlr.org:443
2025-02-09 23:41:23,191 - DEBUG - https://www.jmlr.org:443 "GET /papers/volume22/21-0366/21-0366.pdf HTTP/1.1" 200 None
2025-02-09 23:41:27,818 - DEBUG - 텍스트 추출 및 저장 완료: texts/Sparsity in deep learning Pruning and growth for efficient inference and training in neural networks_823.txt
2025-02-09 23:41:27,820 - DEBUG - Starting new HTTPS connection (1): arxiv.org:443
2025-02-09 23:41:28,505 - DEBUG - https://arxiv.org:443 "GET /pdf/1907.05686.pdf?utm_campaign=ExternalTechRecSeptember52019&utm_content=100275348&utm_medium=social&utm_source=twitter&hss_channel=tw-992153930095251456 HTTP/1.1" 301 249
2025-02-09 23:41:28,508 - DEBUG - Starting new HTTP connection (1): arxiv.org:80
2025-02-09 23:41:30,029 - DEBUG - http://arxiv.org:80 "GET /pdf/1907.05686 HTTP/1.1" 200 1588524
2025-02-09 23:41:30,996 - DEBUG - 텍스트 추출 및 저장 완료: texts/And the bit goes down Revisiting the quantization of neural networks_824.txt
2025-02-09 23:41:30,999 - DEBUG - Starting new HTTPS connection (1): openaccess.thecvf.com:443
2025-02-09 23:41:31,888 - DEBUG - https://openaccess.thecvf.com:443 "GET /content_CVPR_2019/papers/Yang_Quantization_Networks_CVPR_2019_paper.pdf HTTP/1.1" 200 701472
2025-02-09 23:41:33,808 - DEBUG - 텍스트 추출 및 저장 완료: texts/Quantization networks_825.txt
2025-02-09 23:41:33,810 - DEBUG - Starting new HTTPS connection (1): arxiv.org:443
2025-02-09 23:41:34,138 - DEBUG - https://arxiv.org:443 "GET /pdf/1902.06822 HTTP/1.1" 200 1701075
2025-02-09 23:41:35,428 - DEBUG - 텍스트 추출 및 저장 완료: texts/Low-bit quantization of neural networks for efficient inference_826.txt
2025-02-09 23:41:35,430 - DEBUG - Starting new HTTPS connection (1): arxiv.org:443
2025-02-09 23:41:35,462 - DEBUG - https://arxiv.org:443 "GET /pdf/2106.08295 HTTP/1.1" 200 1784263
2025-02-09 23:41:36,519 - DEBUG - 텍스트 추출 및 저장 완료: texts/A white paper on neural network quantization_827.txt
2025-02-09 23:41:36,520 - DEBUG - Starting new HTTPS connection (1): arxiv.org:443
2025-02-09 23:41:36,813 - DEBUG - https://arxiv.org:443 "GET /pdf/2103.13630.pdf?trk=public_post_comment-text HTTP/1.1" 301 249
2025-02-09 23:41:36,816 - DEBUG - Starting new HTTP connection (1): arxiv.org:80
2025-02-09 23:41:36,846 - DEBUG - http://arxiv.org:80 "GET /pdf/2103.13630 HTTP/1.1" 200 2234098
2025-02-09 23:41:38,329 - DEBUG - 텍스트 추출 및 저장 완료: texts/A survey of quantization methods for efficient neural network inference_828.txt
2025-02-09 23:41:38,331 - DEBUG - Starting new HTTPS connection (1): arxiv.org:443
2025-02-09 23:41:38,940 - DEBUG - https://arxiv.org:443 "GET /pdf/1804.10969 HTTP/1.1" 200 480663
2025-02-09 23:41:39,609 - DEBUG - 텍스트 추출 및 저장 완료: texts/Uniq Uniform noise injection for non-uniform quantization of neural networks_829.txt
2025-02-09 23:41:39,611 - DEBUG - Starting new HTTPS connection (1): openaccess.thecvf.com:443
2025-02-09 23:41:40,210 - DEBUG - https://openaccess.thecvf.com:443 "GET /content_ICCV_2019/papers/Dong_HAWQ_Hessian_AWare_Quantization_of_Neural_Networks_With_Mixed-Precision_ICCV_2019_paper.pdf HTTP/1.1" 200 2283331
2025-02-09 23:41:44,760 - DEBUG - 텍스트 추출 및 저장 완료: texts/Hawq Hessian aware quantization of neural networks with mixed-precision_830.txt
2025-02-09 23:41:44,761 - DEBUG - Starting new HTTPS connection (1): www.academia.edu:443
2025-02-09 23:41:45,035 - DEBUG - https://www.academia.edu:443 "GET /download/104789540/2205.07877.pdf HTTP/1.1" 404 16226
2025-02-09 23:41:45,038 - DEBUG - Error: HTTP 응답 코드 404 - texts/A comprehensive survey on model quantization for deep neural networks in image classification_831.txt
2025-02-09 23:41:45,042 - DEBUG - Starting new HTTP connection (1): openaccess.thecvf.com:80
2025-02-09 23:41:45,436 - DEBUG - http://openaccess.thecvf.com:80 "GET /content_CVPRW_2020/papers/w40/Pouransari_Least_Squares_Binary_Quantization_of_Neural_Networks_CVPRW_2020_paper.pdf HTTP/1.1" 302 415
2025-02-09 23:41:45,438 - DEBUG - Starting new HTTPS connection (1): openaccess.thecvf.com:443
2025-02-09 23:41:46,045 - DEBUG - https://openaccess.thecvf.com:443 "GET /content_CVPRW_2020/papers/w40/Pouransari_Least_Squares_Binary_Quantization_of_Neural_Networks_CVPRW_2020_paper.pdf HTTP/1.1" 200 285505
2025-02-09 23:41:47,182 - DEBUG - 텍스트 추출 및 저장 완료: texts/Least squares binary quantization of neural networks_832.txt
2025-02-09 23:41:47,190 - DEBUG - Starting new HTTPS connection (1): par.nsf.gov:443
2025-02-09 23:41:48,181 - DEBUG - https://par.nsf.gov:443 "GET /servlets/purl/10111602 HTTP/1.1" 200 9499665
2025-02-09 23:42:21,432 - DEBUG - request중 오류 발생
2025-02-09 23:42:21,438 - DEBUG - Starting new HTTPS connection (1): proceedings.neurips.cc:443
2025-02-09 23:42:22,061 - DEBUG - https://proceedings.neurips.cc:443 "GET /paper/2020/file/d77c703536718b95308130ff2e5cf9ee-Paper.pdf HTTP/1.1" 200 2008078
2025-02-09 23:42:25,416 - DEBUG - 텍스트 추출 및 저장 완료: texts/Hawq-v2 Hessian aware trace-weighted quantization of neural networks_834.txt
2025-02-09 23:42:25,418 - DEBUG - Starting new HTTPS connection (1): ieeexplore.ieee.org:443
2025-02-09 23:42:25,675 - DEBUG - https://ieeexplore.ieee.org:443 "GET /ielaam/40/9186208/9141414-aam.pdf HTTP/1.1" 418 245
2025-02-09 23:42:25,676 - DEBUG - Error: HTTP 응답 코드 418 - texts/ReLeQ  A Reinforcement Learning Approach for Automatic Deep Quantization of Neural Networks_835.txt
2025-02-09 23:42:25,681 - DEBUG - Starting new HTTPS connection (1): openreview.net:443
2025-02-09 23:42:26,733 - DEBUG - https://openreview.net:443 "GET /pdf?id=H1lBj2VFPS HTTP/1.1" 200 777342
2025-02-09 23:42:29,142 - DEBUG - 텍스트 추출 및 저장 완료: texts/Linear symmetric quantization of neural networks for low-precision integer hardware_836.txt
2025-02-09 23:42:29,144 - DEBUG - Starting new HTTP connection (1): openaccess.thecvf.com:80
2025-02-09 23:42:29,566 - DEBUG - http://openaccess.thecvf.com:80 "GET /content_CVPR_2020/papers/Jin_AdaBits_Neural_Network_Quantization_With_Adaptive_Bit-Widths_CVPR_2020_paper.pdf HTTP/1.1" 302 410
2025-02-09 23:42:29,571 - DEBUG - Starting new HTTPS connection (1): openaccess.thecvf.com:443
2025-02-09 23:42:30,715 - DEBUG - https://openaccess.thecvf.com:443 "GET /content_CVPR_2020/papers/Jin_AdaBits_Neural_Network_Quantization_With_Adaptive_Bit-Widths_CVPR_2020_paper.pdf HTTP/1.1" 200 563101
2025-02-09 23:42:32,146 - DEBUG - 텍스트 추출 및 저장 완료: texts/Adabits Neural network quantization with adaptive bit-widths_837.txt
2025-02-09 23:42:32,147 - DEBUG - Starting new HTTPS connection (1): www.mdpi.com:443
2025-02-09 23:42:32,627 - DEBUG - https://www.mdpi.com:443 "GET /1424-8220/21/9/2984/pdf HTTP/1.1" 302 None
2025-02-09 23:42:32,632 - DEBUG - Starting new HTTPS connection (1): mdpi-res.com:443
2025-02-09 23:42:33,808 - DEBUG - https://mdpi-res.com:443 "GET /d_attachment/sensors/sensors-21-02984/article_deploy/sensors-21-02984-v3.pdf?version=1619404976 HTTP/1.1" 200 773275
2025-02-09 23:42:35,132 - DEBUG - 텍스트 추출 및 저장 완료: texts/Quantization and deployment of deep neural networks on microcontrollers_838.txt
2025-02-09 23:42:35,136 - DEBUG - Starting new HTTP connection (1): proceedings.mlr.press:80
2025-02-09 23:42:36,540 - DEBUG - http://proceedings.mlr.press:80 "GET /v139/yao21a/yao21a.pdf HTTP/1.1" 200 2660835
2025-02-09 23:42:38,031 - DEBUG - 텍스트 추출 및 저장 완료: texts/Hawq-v3 Dyadic neural network quantization_839.txt
2025-02-09 23:42:38,032 - DEBUG - Starting new HTTPS connection (1): ojs.aaai.org:443
2025-02-09 23:42:39,101 - DEBUG - https://ojs.aaai.org:443 "GET /index.php/AAAI/article/download/4273/4151 HTTP/1.1" 403 250
2025-02-09 23:42:39,102 - DEBUG - Error: HTTP 응답 코드 403 - texts/Efficient quantization for neural networks with binary weights and low bitwidth activations_840.txt
2025-02-09 23:42:39,103 - DEBUG - Starting new HTTPS connection (1): arxiv.org:443
2025-02-09 23:42:39,414 - DEBUG - https://arxiv.org:443 "GET /pdf/1910.12435 HTTP/1.1" 200 789814
2025-02-09 23:42:40,010 - DEBUG - 텍스트 추출 및 저장 완료: texts/Secure evaluation of quantized neural networks_841.txt
2025-02-09 23:42:40,011 - DEBUG - Starting new HTTPS connection (1): ieeexplore.ieee.org:443
2025-02-09 23:42:40,228 - DEBUG - https://ieeexplore.ieee.org:443 "GET /iel7/6287639/6514899/09562531.pdf HTTP/1.1" 418 245
2025-02-09 23:42:40,230 - DEBUG - Error: HTTP 응답 코드 418 - texts/Federated deep learning for cyber security in the internet of things Concepts, applications, and experimental analysis_842.txt
2025-02-09 23:42:40,233 - DEBUG - Starting new HTTPS connection (1): www.cs.unb.ca:443
2025-02-09 23:42:42,786 - DEBUG - https://www.cs.unb.ca:443 "GET /~rlu1/paper/LiWSLLZ21.pdf HTTP/1.1" 404 None
2025-02-09 23:42:42,790 - DEBUG - Error: HTTP 응답 코드 404 - texts/DeepFed Federated deep learning for intrusion detection in industrial cyber–physical systems_843.txt
2025-02-09 23:42:42,799 - DEBUG - Starting new HTTPS connection (1): www.researchgate.net:443
2025-02-09 23:42:42,978 - DEBUG - https://www.researchgate.net:443 "GET /profile/Guowen-Xu-5/publication/334487401_Towards_Efficient_and_Privacy-Preserving_Federated_Deep_Learning/links/60e80ecb0fbf460db8f30162/Towards-Efficient-and-Privacy-Preserving-Federated-Deep-Learning.pdf HTTP/1.1" 403 None
2025-02-09 23:42:42,983 - DEBUG - Error: HTTP 응답 코드 403 - texts/Towards efficient and privacy-preserving federated deep learning_844.txt
2025-02-09 23:42:42,986 - DEBUG - Starting new HTTPS connection (1): ink.library.smu.edu.sg:443
2025-02-09 23:42:43,054 - DEBUG - https://ink.library.smu.edu.sg:443 "GET /cgi/viewcontent.cgi?article=6184&context=sis_research HTTP/1.1" 200 212
2025-02-09 23:42:43,055 - DEBUG - PDF 파일 읽기 오류: EOF marker not found
2025-02-09 23:42:43,056 - DEBUG - Starting new HTTPS connection (1): arxiv.org:443
2025-02-09 23:42:43,307 - DEBUG - https://arxiv.org:443 "GET /pdf/2004.04676 HTTP/1.1" 200 303728
2025-02-09 23:42:43,610 - DEBUG - 텍스트 추출 및 저장 완료: texts/An overview of federated deep learning privacy attacks and defensive strategies_846.txt
2025-02-09 23:42:43,612 - DEBUG - Starting new HTTPS connection (1): www.nature.com:443
2025-02-09 23:42:43,967 - DEBUG - https://www.nature.com:443 "GET /articles/s41746-021-00431-6.pdf HTTP/1.1" 303 150
2025-02-09 23:42:43,970 - DEBUG - Starting new HTTPS connection (1): idp.nature.com:443
2025-02-09 23:42:44,292 - DEBUG - https://idp.nature.com:443 "GET /authorize?response_type=cookie&client_id=grover&redirect_uri=https%3A%2F%2Fwww.nature.com%2Farticles%2Fs41746-021-00431-6.pdf HTTP/1.1" 302 0
2025-02-09 23:42:44,627 - DEBUG - https://idp.nature.com:443 "GET /transit?redirect_uri=https%3A%2F%2Fwww.nature.com%2Farticles%2Fs41746-021-00431-6.pdf&code=5a2d2a35-2f64-482c-a84b-bb515c6d81a0 HTTP/1.1" 302 0
2025-02-09 23:42:45,554 - DEBUG - https://www.nature.com:443 "GET /articles/s41746-021-00431-6.pdf HTTP/1.1" 200 2831264
2025-02-09 23:42:49,036 - DEBUG - 텍스트 추출 및 저장 완료: texts/Federated deep learning for detecting COVID-19 lung abnormalities in CT a privacy-preserving multinational validation study_847.txt
2025-02-09 23:42:49,049 - DEBUG - Starting new HTTPS connection (1): academic.oup.com:443
2025-02-09 23:42:49,249 - DEBUG - https://academic.oup.com:443 "GET /jamia/article-pdf/28/6/1259/38615457/ocaa341.pdf HTTP/1.1" 403 None
2025-02-09 23:42:49,259 - DEBUG - Error: HTTP 응답 코드 403 - texts/Federated learning improves site performance in multicenter deep learning without data sharing_848.txt
2025-02-09 23:42:49,261 - DEBUG - Starting new HTTPS connection (1): arxiv.org:443
2025-02-09 23:42:49,300 - DEBUG - https://arxiv.org:443 "GET /pdf/2206.01748 HTTP/1.1" 200 4813937
2025-02-09 23:42:51,173 - WARNING - unknown widths : 
[0, IndirectObject(678, 0, 4511624976)]
2025-02-09 23:42:51,173 - WARNING - unknown widths : 
[0, IndirectObject(680, 0, 4511624976)]
2025-02-09 23:42:51,174 - WARNING - unknown widths : 
[0, IndirectObject(682, 0, 4511624976)]
2025-02-09 23:42:51,174 - WARNING - unknown widths : 
[0, IndirectObject(684, 0, 4511624976)]
2025-02-09 23:42:51,175 - WARNING - unknown widths : 
[0, IndirectObject(686, 0, 4511624976)]
2025-02-09 23:42:51,176 - WARNING - unknown widths : 
[0, IndirectObject(690, 0, 4511624976)]
2025-02-09 23:42:51,176 - WARNING - unknown widths : 
[0, IndirectObject(692, 0, 4511624976)]
2025-02-09 23:42:51,177 - WARNING - unknown widths : 
[0, IndirectObject(694, 0, 4511624976)]
2025-02-09 23:42:51,177 - WARNING - unknown widths : 
[0, IndirectObject(696, 0, 4511624976)]
2025-02-09 23:42:51,178 - WARNING - unknown widths : 
[0, IndirectObject(698, 0, 4511624976)]
2025-02-09 23:42:51,178 - WARNING - unknown widths : 
[0, IndirectObject(700, 0, 4511624976)]
2025-02-09 23:42:51,199 - DEBUG - 텍스트 추출 및 저장 완료: texts/Federated deep learning meets autonomous vehicle perception Design and verification_849.txt
2025-02-09 23:42:51,202 - DEBUG - Starting new HTTPS connection (1): openaccess.thecvf.com:443
2025-02-09 23:42:51,800 - DEBUG - https://openaccess.thecvf.com:443 "GET /content/CVPR2021/papers/Guo_Multi-Institutional_Collaborations_for_Improving_Deep_Learning-Based_Magnetic_Resonance_Image_Reconstruction_CVPR_2021_paper.pdf HTTP/1.1" 200 3619064
2025-02-09 23:42:54,994 - DEBUG - 텍스트 추출 및 저장 완료: texts/Multi-institutional collaborations for improving deep learning-based magnetic resonance image reconstruction using federated learning_850.txt
2025-02-09 23:42:54,996 - DEBUG - Starting new HTTPS connection (1): arxiv.org:443
2025-02-09 23:42:56,031 - DEBUG - https://arxiv.org:443 "GET /pdf/1812.00910 HTTP/1.1" 200 347372
2025-02-09 23:42:56,826 - DEBUG - 텍스트 추출 및 저장 완료: texts/Comprehensive privacy analysis of deep learning Passive and active white-box inference attacks against centralized and federated learning_851.txt
2025-02-09 23:42:56,829 - DEBUG - Starting new HTTPS connection (1): link.springer.com:443
2025-02-09 23:42:57,191 - DEBUG - https://link.springer.com:443 "GET /content/pdf/10.1007/s40747-020-00247-z.pdf HTTP/1.1" 303 0
2025-02-09 23:42:57,194 - DEBUG - Starting new HTTPS connection (1): idp.springer.com:443
2025-02-09 23:42:57,519 - DEBUG - https://idp.springer.com:443 "GET /authorize?response_type=cookie&client_id=springerlink&redirect_uri=https%3A%2F%2Flink.springer.com%2Fcontent%2Fpdf%2F10.1007%2Fs40747-020-00247-z.pdf HTTP/1.1" 302 0
2025-02-09 23:42:58,207 - DEBUG - https://link.springer.com:443 "GET /content/pdf/10.1007/s40747-020-00247-z.pdf HTTP/1.1" 200 1370824
2025-02-09 23:43:01,096 - DEBUG - 텍스트 추출 및 저장 완료: texts/From federated learning to federated neural architecture search a survey_852.txt
2025-02-09 23:43:01,098 - DEBUG - Starting new HTTPS connection (1): arxiv.org:443
2025-02-09 23:43:01,937 - DEBUG - https://arxiv.org:443 "GET /pdf/2209.00778 HTTP/1.1" 200 863308
2025-02-09 23:43:02,573 - DEBUG - 텍스트 추출 및 저장 완료: texts/Detection of false data injection attacks in smart grid A secure federated deep learning approach_853.txt
2025-02-09 23:43:02,574 - DEBUG - Starting new HTTPS connection (1): journals.lww.com:443
2025-02-09 23:43:02,731 - DEBUG - https://journals.lww.com:443 "GET /nuclearmed/_layouts/15/oaks.journals/downloadpdf.aspx?an=00003072-202207000-00006 HTTP/1.1" 403 None
2025-02-09 23:43:02,733 - DEBUG - Error: HTTP 응답 코드 403 - texts/Decentralized distributed multi-institutional PET image segmentation using a federated deep learning framework_854.txt
2025-02-09 23:43:02,735 - DEBUG - Starting new HTTPS connection (1): arxiv.org:443
2025-02-09 23:43:03,678 - DEBUG - https://arxiv.org:443 "GET /pdf/1906.01167 HTTP/1.1" 200 6162294
2025-02-09 23:43:10,039 - DEBUG - 텍스트 추출 및 저장 완료: texts/Towards fair and privacy-preserving federated deep models_855.txt
2025-02-09 23:43:10,041 - DEBUG - Starting new HTTPS connection (1): iopscience.iop.org:443
2025-02-09 23:43:11,262 - DEBUG - https://iopscience.iop.org:443 "GET /article/10.1088/1361-6560/ac97d9/pdf HTTP/1.1" 302 None
2025-02-09 23:43:11,264 - DEBUG - Starting new HTTPS connection (1): validate.perfdrive.com:443
2025-02-09 23:43:12,031 - DEBUG - https://validate.perfdrive.com:443 "GET /9730847aceed30627ebd520e46ee70b2/?ssa=e8a96660-83fa-4fe9-990c-e28b113c322f&ssb=43818240820&ssc=https%3A%2F%2Fiopscience.iop.org%2Farticle%2F10.1088%2F1361-6560%2Fac97d9%2Fpdf&ssi=22e5a2a5-cnvj-4c71-9db0-916c7ddd4efc&ssk=botmanager_support@radware.com&ssm=49558111945654760108893887013735&ssn=394018d5dadd93f5ddf06a6fcf3cde14c3c27dd3508e-f4b8-4ce8-aea577&sso=2d9dae59-85f84044bafb19a25881e0861a38308c8049c2e314c1b463&ssp=35867992201739157872173918468955505&ssq=70131541219142629225812191300770773226349&ssr=MjIwLjY1LjI0MC4yMTY=&sst=python-requests/2.32.3&ssu=&ssv=&ssw=&ssx=eyJyZCI6ImlvcC5vcmciLCJfX3V6bWYiOiI3ZjYwMDA1ZWQwMGZkMy00MzExLTQ1MWQtYTY0YS1iMDU4MWZhNWVmZDQxNzM5MTEyMTkxMTkyMC1hMzc1OWRiNjA1ZmRlNjVmMTAiLCJ1em14IjoiN2Y5MDAwZDZmYjg4ZTAtOTEwYy00Njg2LTk5YzEtYWQ5Y2Y2MGVkMjUzMS0xNzM5MTEyMTkxMTkyMC00YjM5ZmYwOGY1MWQwNmQ1MTAifQ== HTTP/1.1" 200 5343
2025-02-09 23:43:12,036 - DEBUG - PDF 파일 읽기 오류: EOF marker not found
2025-02-09 23:43:12,041 - DEBUG - Starting new HTTPS connection (1): orca.cardiff.ac.uk:443
2025-02-09 23:43:15,794 - DEBUG - https://orca.cardiff.ac.uk:443 "GET /id/eprint/134968/1/CAIE_A%20review%20of%20applications%20in%20federated%20learning_deposit.pdf HTTP/1.1" 200 586667
2025-02-09 23:43:18,011 - DEBUG - 텍스트 추출 및 저장 완료: texts/A review of applications in federated learning_857.txt
2025-02-09 23:43:18,013 - DEBUG - Starting new HTTPS connection (1): arxiv.org:443
2025-02-09 23:43:19,246 - DEBUG - https://arxiv.org:443 "GET /pdf/1904.03107 HTTP/1.1" 200 783531
2025-02-09 23:43:19,837 - DEBUG - 텍스트 추출 및 저장 완료: texts/Convolutional self-attention networks_858.txt
2025-02-09 23:43:19,838 - DEBUG - Starting new HTTPS connection (1): ojs.aaai.org:443
2025-02-09 23:43:20,523 - DEBUG - https://ojs.aaai.org:443 "GET /index.php/AAAI/article/view/3809/3687 HTTP/1.1" 403 246
2025-02-09 23:43:20,525 - DEBUG - Error: HTTP 응답 코드 403 - texts/Context-aware self-attention networks_859.txt
2025-02-09 23:43:20,529 - DEBUG - Starting new HTTPS connection (1): openaccess.thecvf.com:443
2025-02-09 23:43:21,105 - DEBUG - https://openaccess.thecvf.com:443 "GET /content_CVPR_2020/papers/Zhao_Exploring_Self-Attention_for_Image_Recognition_CVPR_2020_paper.pdf HTTP/1.1" 200 438491
2025-02-09 23:43:22,346 - DEBUG - 텍스트 추출 및 저장 완료: texts/Exploring self-attention for image recognition_860.txt
2025-02-09 23:43:22,349 - DEBUG - Starting new HTTP connection (1): proceedings.mlr.press:80
2025-02-09 23:43:23,588 - DEBUG - http://proceedings.mlr.press:80 "GET /v97/zhang19d/zhang19d.pdf HTTP/1.1" 200 6213860
2025-02-09 23:43:26,045 - DEBUG - 텍스트 추출 및 저장 완료: texts/Self-attention generative adversarial networks_861.txt
2025-02-09 23:43:26,047 - DEBUG - Starting new HTTPS connection (1): arxiv.org:443
2025-02-09 23:43:27,123 - DEBUG - https://arxiv.org:443 "GET /pdf/2010.03019 HTTP/1.1" 200 433404
2025-02-09 23:43:27,354 - DEBUG - 텍스트 추출 및 저장 완료: texts/Global self-attention networks for image recognition_862.txt
2025-02-09 23:43:27,356 - DEBUG - Starting new HTTPS connection (1): arxiv.org:443
2025-02-09 23:43:27,732 - DEBUG - https://arxiv.org:443 "GET /pdf/2105.11115 HTTP/1.1" 200 1807832
2025-02-09 23:43:29,573 - DEBUG - 텍스트 추출 및 저장 완료: texts/Self-attention networks can process bounded hierarchical languages_863.txt
2025-02-09 23:43:29,576 - DEBUG - Starting new HTTPS connection (1): arxiv.org:443
2025-02-09 23:43:30,591 - DEBUG - https://arxiv.org:443 "GET /pdf/1903.07785 HTTP/1.1" 200 277752
2025-02-09 23:43:30,817 - DEBUG - 텍스트 추출 및 저장 완료: texts/Cloze-driven pretraining of self-attention networks_864.txt
2025-02-09 23:43:30,819 - DEBUG - Starting new HTTPS connection (1): openaccess.thecvf.com:443
2025-02-09 23:43:31,428 - DEBUG - https://openaccess.thecvf.com:443 "GET /content_WACV_2020/papers/Cho_Self-Attention_Network_for_Skeleton-based_Human_Action_Recognition_WACV_2020_paper.pdf HTTP/1.1" 200 908295
2025-02-09 23:43:33,530 - DEBUG - 텍스트 추출 및 저장 완료: texts/Self-attention network for skeleton-based human action recognition_865.txt
2025-02-09 23:43:33,531 - DEBUG - Starting new HTTPS connection (1): ebooks.iospress.nl:443
2025-02-09 23:43:35,069 - DEBUG - https://ebooks.iospress.nl:443 "GET /pdf/doi/10.3233/FAIA200256 HTTP/1.1" 200 892111
2025-02-09 23:43:36,832 - DEBUG - 텍스트 추출 및 저장 완료: texts/Feature importance estimation with self-attention networks_866.txt
2025-02-09 23:43:36,835 - DEBUG - Starting new HTTPS connection (1): aravindsankar28.github.io:443
2025-02-09 23:43:37,394 - DEBUG - https://aravindsankar28.github.io:443 "GET /files/DySAT-WSDM2020.pdf HTTP/1.1" 200 3331189
2025-02-09 23:43:39,054 - DEBUG - 텍스트 추출 및 저장 완료: texts/Dysat Deep neural representation learning on dynamic graphs via self-attention networks_867.txt
2025-02-09 23:43:39,055 - DEBUG - Starting new HTTPS connection (1): drive.google.com:443
2025-02-09 23:43:39,651 - DEBUG - https://drive.google.com:443 "GET /file/d/1NZoiM7E6L_lL0GHP5mpq-BNwyLe6Ig-e/view HTTP/1.1" 200 None
2025-02-09 23:43:39,672 - DEBUG - PDF 파일 읽기 오류: EOF marker not found
2025-02-09 23:43:39,676 - DEBUG - Starting new HTTPS connection (1): arxiv.org:443
2025-02-09 23:43:40,984 - DEBUG - https://arxiv.org:443 "GET /pdf/2005.00979 HTTP/1.1" 200 1903825
2025-02-09 23:43:42,500 - DEBUG - 텍스트 추출 및 저장 완료: texts/How does selective mechanism improve self-attention networks_869.txt
2025-02-09 23:43:42,503 - DEBUG - Starting new HTTPS connection (1): arxiv.org:443
2025-02-09 23:43:42,893 - DEBUG - https://arxiv.org:443 "GET /pdf/1901.10055 HTTP/1.1" 200 666798
2025-02-09 23:43:43,366 - DEBUG - 텍스트 추출 및 저장 완료: texts/Self-attention networks for connectionist temporal classification in speech recognition_870.txt
2025-02-09 23:43:43,368 - DEBUG - Starting new HTTPS connection (1): haonansu.github.io:443
2025-02-09 23:43:43,830 - DEBUG - https://haonansu.github.io:443 "GET /files/DSANet/Huang-DSANet.pdf HTTP/1.1" 200 995038
2025-02-09 23:43:44,407 - DEBUG - 텍스트 추출 및 저장 완료: texts/Dsanet Dual self-attention network for multivariate time series forecasting_871.txt
2025-02-09 23:43:44,409 - DEBUG - Starting new HTTP connection (1): openaccess.thecvf.com:80
2025-02-09 23:43:44,813 - DEBUG - http://openaccess.thecvf.com:80 "GET /content_CVPR_2019/papers/Ye_Cross-Modal_Self-Attention_Network_for_Referring_Image_Segmentation_CVPR_2019_paper.pdf HTTP/1.1" 302 416
2025-02-09 23:43:44,818 - DEBUG - Starting new HTTPS connection (1): openaccess.thecvf.com:443
2025-02-09 23:43:46,168 - DEBUG - https://openaccess.thecvf.com:443 "GET /content_CVPR_2019/papers/Ye_Cross-Modal_Self-Attention_Network_for_Referring_Image_Segmentation_CVPR_2019_paper.pdf HTTP/1.1" 200 836552
2025-02-09 23:43:47,537 - DEBUG - 텍스트 추출 및 저장 완료: texts/Cross-modal self-attention network for referring image segmentation_872.txt
2025-02-09 23:43:47,541 - DEBUG - Starting new HTTPS connection (1): arxiv.org:443
2025-02-09 23:43:47,808 - DEBUG - https://arxiv.org:443 "GET /pdf/1904.13377 HTTP/1.1" 200 328252
2025-02-09 23:43:48,051 - DEBUG - 텍스트 추출 및 저장 완료: texts/Very deep self-attention networks for end-to-end speech recognition_873.txt
2025-02-09 23:43:48,054 - DEBUG - Starting new HTTPS connection (1): www.ijcai.org:443
2025-02-09 23:43:49,018 - DEBUG - https://www.ijcai.org:443 "GET /proceedings/2019/0547.pdf HTTP/1.1" 200 1758178
2025-02-09 23:43:51,901 - DEBUG - 텍스트 추출 및 저장 완료: texts/Graph contextualized self-attention network for session-based recommendation._874.txt
2025-02-09 23:43:51,903 - DEBUG - Starting new HTTPS connection (1): openaccess.thecvf.com:443
2025-02-09 23:43:52,501 - DEBUG - https://openaccess.thecvf.com:443 "GET /content/CVPR2022/papers/Pan_On_the_Integration_of_Self-Attention_and_Convolution_CVPR_2022_paper.pdf HTTP/1.1" 200 1386081
2025-02-09 23:43:54,969 - DEBUG - 텍스트 추출 및 저장 완료: texts/On the integration of self-attention and convolution_875.txt
2025-02-09 23:43:54,970 - DEBUG - Starting new HTTPS connection (1): hub.hku.hk:443
2025-02-09 23:43:55,611 - DEBUG - https://hub.hku.hk:443 "GET /bitstream/10722/301335/1/Content.pdf?accept=1 HTTP/1.1" 200 30462066
2025-02-09 23:44:08,228 - DEBUG - 텍스트 추출 및 저장 완료: texts/Neural style transfer A review_876.txt
2025-02-09 23:44:08,232 - DEBUG - Starting new HTTP connection (1): openaccess.thecvf.com:80
2025-02-09 23:44:08,637 - DEBUG - http://openaccess.thecvf.com:80 "GET /content/ICCV2021/papers/Liu_AdaAttN_Revisit_Attention_Mechanism_in_Arbitrary_Neural_Style_Transfer_ICCV_2021_paper.pdf HTTP/1.1" 302 419
2025-02-09 23:44:08,640 - DEBUG - Starting new HTTPS connection (1): openaccess.thecvf.com:443
2025-02-09 23:44:09,238 - DEBUG - https://openaccess.thecvf.com:443 "GET /content/ICCV2021/papers/Liu_AdaAttN_Revisit_Attention_Mechanism_in_Arbitrary_Neural_Style_Transfer_ICCV_2021_paper.pdf HTTP/1.1" 200 2724503
2025-02-09 23:44:11,890 - DEBUG - 텍스트 추출 및 저장 완료: texts/Adaattn Revisit attention mechanism in arbitrary neural style transfer_877.txt
2025-02-09 23:44:11,891 - DEBUG - Starting new HTTPS connection (1): arxiv.org:443
2025-02-09 23:44:13,886 - DEBUG - https://arxiv.org:443 "GET /pdf/2208.04807 HTTP/1.1" 200 29412165
2025-02-09 23:44:41,938 - DEBUG - 텍스트 추출 및 저장 완료: texts/Hypernst Hyper-networks for neural style transfer_878.txt
2025-02-09 23:44:41,946 - DEBUG - Starting new HTTPS connection (1): openaccess.thecvf.com:443
2025-02-09 23:44:42,536 - DEBUG - https://openaccess.thecvf.com:443 "GET /content/CVPR2022/papers/Deng_StyTr2_Image_Style_Transfer_With_Transformers_CVPR_2022_paper.pdf HTTP/1.1" 200 10265665
2025-02-09 23:44:50,551 - DEBUG - 텍스트 추출 및 저장 완료: texts/Stytr2 Image style transfer with transformers_879.txt
2025-02-09 23:44:50,553 - DEBUG - Starting new HTTPS connection (1): openaccess.thecvf.com:443
2025-02-09 23:44:51,133 - DEBUG - https://openaccess.thecvf.com:443 "GET /content/CVPR2021/papers/An_ArtFlow_Unbiased_Image_Style_Transfer_via_Reversible_Neural_Flows_CVPR_2021_paper.pdf HTTP/1.1" 200 3532270
2025-02-09 23:44:54,511 - DEBUG - 텍스트 추출 및 저장 완료: texts/Artflow Unbiased image style transfer via reversible neural flows_880.txt
2025-02-09 23:44:54,513 - DEBUG - Starting new HTTPS connection (1): direct.mit.edu:443
2025-02-09 23:44:54,661 - DEBUG - https://direct.mit.edu:443 "GET /coli/article-pdf/48/1/155/2006608/coli_a_00426.pdf HTTP/1.1" 403 None
2025-02-09 23:44:54,668 - DEBUG - Error: HTTP 응답 코드 403 - texts/Deep learning for text style transfer A survey_881.txt
2025-02-09 23:44:54,670 - DEBUG - Starting new HTTPS connection (1): openaccess.thecvf.com:443
2025-02-09 23:44:55,290 - DEBUG - https://openaccess.thecvf.com:443 "GET /content/CVPR2022/papers/Kwon_CLIPstyler_Image_Style_Transfer_With_a_Single_Text_Condition_CVPR_2022_paper.pdf HTTP/1.1" 200 8308378
2025-02-09 23:45:02,038 - DEBUG - 텍스트 추출 및 저장 완료: texts/Clipstyler Image style transfer with a single text condition_882.txt
2025-02-09 23:45:02,041 - DEBUG - Starting new HTTPS connection (1): openaccess.thecvf.com:443
2025-02-09 23:45:02,669 - DEBUG - https://openaccess.thecvf.com:443 "GET /content/CVPR2023/papers/Zhang_Inversion-Based_Style_Transfer_With_Diffusion_Models_CVPR_2023_paper.pdf HTTP/1.1" 200 4285671
2025-02-09 23:45:08,165 - DEBUG - 텍스트 추출 및 저장 완료: texts/Inversion-based style transfer with diffusion models_883.txt
2025-02-09 23:45:08,167 - DEBUG - Starting new HTTP connection (1): openaccess.thecvf.com:80
2025-02-09 23:45:08,710 - DEBUG - http://openaccess.thecvf.com:80 "GET /content/CVPR2021/papers/Wang_Rethinking_and_Improving_the_Robustness_of_Image_Style_Transfer_CVPR_2021_paper.pdf HTTP/1.1" 302 413
2025-02-09 23:45:08,715 - DEBUG - Starting new HTTPS connection (1): openaccess.thecvf.com:443
2025-02-09 23:45:10,415 - DEBUG - https://openaccess.thecvf.com:443 "GET /content/CVPR2021/papers/Wang_Rethinking_and_Improving_the_Robustness_of_Image_Style_Transfer_CVPR_2021_paper.pdf HTTP/1.1" 200 6589670
2025-02-09 23:45:15,893 - DEBUG - 텍스트 추출 및 저장 완료: texts/Rethinking and improving the robustness of image style transfer_884.txt
2025-02-09 23:45:15,895 - DEBUG - Starting new HTTPS connection (1): proceedings.neurips.cc:443
2025-02-09 23:45:16,519 - DEBUG - https://proceedings.neurips.cc:443 "GET /paper_files/paper/2021/file/df5354693177e83e8ba089e94b7b6b55-Paper.pdf HTTP/1.1" 200 10390868
2025-02-09 23:45:25,275 - DEBUG - 텍스트 추출 및 저장 완료: texts/Artistic style transfer with internal-external learning and contrastive learning_885.txt
2025-02-09 23:45:25,282 - DEBUG - Starting new HTTPS connection (1): link.springer.com:443
2025-02-09 23:45:25,651 - DEBUG - https://link.springer.com:443 "GET /content/pdf/10.1186/s13636-021-00199-3.pdf HTTP/1.1" 303 0
2025-02-09 23:45:25,653 - DEBUG - Starting new HTTPS connection (1): idp.springer.com:443
2025-02-09 23:45:25,948 - DEBUG - https://idp.springer.com:443 "GET /authorize?response_type=cookie&client_id=springerlink&redirect_uri=https%3A%2F%2Flink.springer.com%2Fcontent%2Fpdf%2F10.1186%2Fs13636-021-00199-3.pdf HTTP/1.1" 302 0
2025-02-09 23:45:28,584 - DEBUG - https://link.springer.com:443 "GET /content/pdf/10.1186/s13636-021-00199-3.pdf HTTP/1.1" 200 936937
2025-02-09 23:45:29,897 - DEBUG - 텍스트 추출 및 저장 완료: texts/Accent modification for speech recognition of non-native speakers using neural style transfer_886.txt
2025-02-09 23:45:29,899 - DEBUG - Starting new HTTPS connection (1): openaccess.thecvf.com:443
2025-02-09 23:45:30,510 - DEBUG - https://openaccess.thecvf.com:443 "GET /content_ICCV_2019/papers/Zhang_Multimodal_Style_Transfer_via_Graph_Cuts_ICCV_2019_paper.pdf HTTP/1.1" 200 4407025
2025-02-09 23:45:36,470 - DEBUG - 텍스트 추출 및 저장 완료: texts/Multimodal style transfer via graph cuts_887.txt
2025-02-09 23:45:36,473 - DEBUG - Starting new HTTP connection (1): openaccess.thecvf.com:80
2025-02-09 23:45:36,863 - DEBUG - http://openaccess.thecvf.com:80 "GET /content_ICCV_2019/papers/Yang_Controllable_Artistic_Text_Style_Transfer_via_Shape-Matching_GAN_ICCV_2019_paper.pdf HTTP/1.1" 302 415
2025-02-09 23:45:36,866 - DEBUG - Starting new HTTPS connection (1): openaccess.thecvf.com:443
2025-02-09 23:45:37,532 - DEBUG - https://openaccess.thecvf.com:443 "GET /content_ICCV_2019/papers/Yang_Controllable_Artistic_Text_Style_Transfer_via_Shape-Matching_GAN_ICCV_2019_paper.pdf HTTP/1.1" 200 2227637
2025-02-09 23:45:39,639 - DEBUG - 텍스트 추출 및 저장 완료: texts/Controllable artistic text style transfer via shape-matching gan_888.txt
2025-02-09 23:45:39,640 - DEBUG - Starting new HTTP connection (1): openaccess.thecvf.com:80
2025-02-09 23:45:40,030 - DEBUG - http://openaccess.thecvf.com:80 "GET /content_CVPR_2020/papers/Wang_Collaborative_Distillation_for_Ultra-Resolution_Universal_Style_Transfer_CVPR_2020_paper.pdf HTTP/1.1" 302 423
2025-02-09 23:45:40,033 - DEBUG - Starting new HTTPS connection (1): openaccess.thecvf.com:443
2025-02-09 23:45:40,633 - DEBUG - https://openaccess.thecvf.com:443 "GET /content_CVPR_2020/papers/Wang_Collaborative_Distillation_for_Ultra-Resolution_Universal_Style_Transfer_CVPR_2020_paper.pdf HTTP/1.1" 200 19135751
2025-02-09 23:45:53,159 - DEBUG - 텍스트 추출 및 저장 완료: texts/Collaborative distillation for ultra-resolution universal style transfer_889.txt
2025-02-09 23:45:53,163 - DEBUG - Starting new HTTP connection (1): openaccess.thecvf.com:80
2025-02-09 23:45:53,558 - DEBUG - http://openaccess.thecvf.com:80 "GET /content_ICCV_2019/papers/Kotovenko_Content_and_Style_Disentanglement_for_Artistic_Style_Transfer_ICCV_2019_paper.pdf HTTP/1.1" 302 417
2025-02-09 23:45:53,561 - DEBUG - Starting new HTTPS connection (1): openaccess.thecvf.com:443
2025-02-09 23:45:54,162 - DEBUG - https://openaccess.thecvf.com:443 "GET /content_ICCV_2019/papers/Kotovenko_Content_and_Style_Disentanglement_for_Artistic_Style_Transfer_ICCV_2019_paper.pdf HTTP/1.1" 200 6505314
2025-02-09 23:46:03,297 - DEBUG - 텍스트 추출 및 저장 완료: texts/Content and style disentanglement for artistic style transfer_890.txt
2025-02-09 23:46:03,299 - DEBUG - Starting new HTTPS connection (1): drive.google.com:443
2025-02-09 23:46:03,967 - DEBUG - https://drive.google.com:443 "GET /file/d/1xnfzb0xJxVWmXrx1h5mGHRSD7yToO7qG/view HTTP/1.1" 200 None
2025-02-09 23:46:04,025 - DEBUG - PDF 파일 읽기 오류: EOF marker not found
2025-02-09 23:46:04,027 - DEBUG - Starting new HTTPS connection (1): openaccess.thecvf.com:443
2025-02-09 23:46:04,618 - DEBUG - https://openaccess.thecvf.com:443 "GET /content_ICCV_2019/papers/Lu_A_Closed-Form_Solution_to_Universal_Style_Transfer_ICCV_2019_paper.pdf HTTP/1.1" 200 2968589
2025-02-09 23:46:09,137 - DEBUG - 텍스트 추출 및 저장 완료: texts/A closed-form solution to universal style transfer_892.txt
2025-02-09 23:46:09,140 - DEBUG - Starting new HTTPS connection (1): openaccess.thecvf.com:443
2025-02-09 23:46:09,731 - DEBUG - https://openaccess.thecvf.com:443 "GET /content_CVPR_2019/papers/Yao_Attention-Aware_Multi-Stroke_Style_Transfer_CVPR_2019_paper.pdf HTTP/1.1" 200 5098302
2025-02-09 23:46:16,937 - DEBUG - 텍스트 추출 및 저장 완료: texts/Attention-aware multi-stroke style transfer_893.txt
2025-02-09 23:46:16,941 - DEBUG - Starting new HTTPS connection (1): arxiv.org:443
2025-02-09 23:46:18,344 - DEBUG - https://arxiv.org:443 "GET /pdf/2212.08070 HTTP/1.1" 200 29486087
2025-02-09 23:46:38,940 - DEBUG - 텍스트 추출 및 저장 완료: texts/NeRF-Art Text-Driven Neural Radiance Fields Stylization_894.txt
2025-02-09 23:46:38,952 - DEBUG - Starting new HTTPS connection (1): link.springer.com:443
2025-02-09 23:46:39,266 - DEBUG - https://link.springer.com:443 "GET /content/pdf/10.1186/s40537-021-00492-0.pdf HTTP/1.1" 303 0
2025-02-09 23:46:39,271 - DEBUG - Starting new HTTPS connection (1): idp.springer.com:443
2025-02-09 23:46:39,570 - DEBUG - https://idp.springer.com:443 "GET /authorize?response_type=cookie&client_id=springerlink&redirect_uri=https%3A%2F%2Flink.springer.com%2Fcontent%2Fpdf%2F10.1186%2Fs40537-021-00492-0.pdf HTTP/1.1" 302 0
2025-02-09 23:46:39,941 - DEBUG - https://link.springer.com:443 "GET /content/pdf/10.1186/s40537-021-00492-0.pdf HTTP/1.1" 200 1592736
2025-02-09 23:46:42,396 - DEBUG - 텍스트 추출 및 저장 완료: texts/Text data augmentation for deep learning_895.txt
2025-02-09 23:46:42,397 - DEBUG - Starting new HTTPS connection (1): link.springer.com:443
2025-02-09 23:46:42,804 - DEBUG - https://link.springer.com:443 "GET /content/pdf/10.1186/s40537-019-0197-0.pdf HTTP/1.1" 303 0
2025-02-09 23:46:42,809 - DEBUG - Starting new HTTPS connection (1): idp.springer.com:443
2025-02-09 23:46:43,113 - DEBUG - https://idp.springer.com:443 "GET /authorize?response_type=cookie&client_id=springerlink&redirect_uri=https%3A%2F%2Flink.springer.com%2Fcontent%2Fpdf%2F10.1186%2Fs40537-019-0197-0.pdf HTTP/1.1" 302 0
2025-02-09 23:46:46,287 - DEBUG - https://link.springer.com:443 "GET /content/pdf/10.1186/s40537-019-0197-0.pdf HTTP/1.1" 200 4276196
2025-02-09 23:47:06,537 - DEBUG - 텍스트 추출 및 저장 완료: texts/A survey on image data augmentation for deep learning_896.txt
2025-02-09 23:47:06,541 - DEBUG - Starting new HTTPS connection (1): digitalcommons.chapman.edu:443
2025-02-09 23:47:07,694 - DEBUG - https://digitalcommons.chapman.edu:443 "GET /cgi/viewcontent.cgi?article=1228&context=psychology_articles HTTP/1.1" 200 2866262
2025-02-09 23:47:12,256 - DEBUG - 텍스트 추출 및 저장 완료: texts/Data augmentation for deep-learning-based electroencephalography_897.txt
2025-02-09 23:47:12,257 - DEBUG - Starting new HTTPS connection (1): arxiv.org:443
2025-02-09 23:47:12,520 - DEBUG - https://arxiv.org:443 "GET /pdf/2204.08610 HTTP/1.1" 200 206833
2025-02-09 23:47:12,743 - DEBUG - 텍스트 추출 및 저장 완료: texts/Image data augmentation for deep learning A survey_898.txt
2025-02-09 23:47:12,745 - DEBUG - Starting new HTTPS connection (1): arxiv.org:443
2025-02-09 23:47:12,783 - DEBUG - https://arxiv.org:443 "GET /pdf/2002.12478 HTTP/1.1" 200 1066901
2025-02-09 23:47:13,865 - DEBUG - 텍스트 추출 및 저장 완료: texts/Time series data augmentation for deep learning A survey_899.txt
2025-02-09 23:47:13,870 - DEBUG - Starting new HTTPS connection (1): ieeexplore.ieee.org:443
2025-02-09 23:47:14,173 - DEBUG - https://ieeexplore.ieee.org:443 "GET /iel7/6287639/6514899/08936957.pdf HTTP/1.1" 418 245
2025-02-09 23:47:14,174 - DEBUG - Error: HTTP 응답 코드 418 - texts/Data augmentation for deep learning-based radio modulation classification_900.txt
2025-02-09 23:47:14,177 - DEBUG - Starting new HTTPS connection (1): ieeexplore.ieee.org:443
2025-02-09 23:47:14,384 - DEBUG - https://ieeexplore.ieee.org:443 "GET /iel7/6287639/6514899/08630915.pdf HTTP/1.1" 418 245
2025-02-09 23:47:14,386 - DEBUG - Error: HTTP 응답 코드 418 - texts/A novel deep learning approach with data augmentation to classify motor imagery signals_901.txt
2025-02-09 23:47:14,390 - DEBUG - Starting new HTTPS connection (1): arxiv.org:443
2025-02-09 23:47:14,651 - DEBUG - https://arxiv.org:443 "GET /pdf/2202.08235 HTTP/1.1" 200 604604
2025-02-09 23:47:15,216 - DEBUG - 텍스트 추출 및 저장 완료: texts/Data augmentation for deep graph learning A survey_902.txt
2025-02-09 23:47:15,218 - DEBUG - Starting new HTTPS connection (1): www.academia.edu:443
2025-02-09 23:47:15,478 - DEBUG - https://www.academia.edu:443 "GET /download/102651509/s10845-020-01710-x20230525-1-m9m31c.pdf HTTP/1.1" 404 16226
2025-02-09 23:47:15,480 - DEBUG - Error: HTTP 응답 코드 404 - texts/Synthetic data augmentation for surface defect detection and classification using deep learning_903.txt
2025-02-09 23:47:15,484 - DEBUG - Starting new HTTPS connection (1): link.springer.com:443
2025-02-09 23:47:15,888 - DEBUG - https://link.springer.com:443 "GET /content/pdf/10.1007/s10462-021-10066-4.pdf HTTP/1.1" 303 0
2025-02-09 23:47:15,892 - DEBUG - Starting new HTTPS connection (1): idp.springer.com:443
2025-02-09 23:47:16,187 - DEBUG - https://idp.springer.com:443 "GET /authorize?response_type=cookie&client_id=springerlink&redirect_uri=https%3A%2F%2Flink.springer.com%2Fcontent%2Fpdf%2F10.1007%2Fs10462-021-10066-4.pdf HTTP/1.1" 302 0
2025-02-09 23:47:16,909 - DEBUG - https://link.springer.com:443 "GET /content/pdf/10.1007/s10462-021-10066-4.pdf HTTP/1.1" 200 2488496
2025-02-09 23:47:20,893 - DEBUG - 텍스트 추출 및 저장 완료: texts/A comprehensive survey of recent trends in deep learning for digital images augmentation_904.txt
2025-02-09 23:47:20,896 - DEBUG - Starting new HTTPS connection (1): opus.bibliothek.uni-augsburg.de:443
2025-02-09 23:47:23,351 - DEBUG - https://opus.bibliothek.uni-augsburg.de:443 "GET /opus4/files/71702/71702.pdf HTTP/1.1" 302 378
2025-02-09 23:47:23,741 - DEBUG - https://opus.bibliothek.uni-augsburg.de:443 "GET /opus4/frontdoor/deliver/index/docId/71702/file/71702.pdf HTTP/1.1" 200 1251033
2025-02-09 23:47:28,445 - DEBUG - 텍스트 추출 및 저장 완료: texts/Augment to prevent short-text data augmentation in deep learning for hate-speech classification_905.txt
2025-02-09 23:47:28,447 - DEBUG - Starting new HTTPS connection (1): www.academia.edu:443
2025-02-09 23:47:28,687 - DEBUG - https://www.academia.edu:443 "GET /download/105766472/Paper_79-Deep_Learning_Approaches_for_Data_Augmentation.pdf HTTP/1.1" 404 16226
2025-02-09 23:47:28,689 - DEBUG - Error: HTTP 응답 코드 404 - texts/Deep learning approaches for data augmentation and classification of breast masses using ultrasound images_906.txt
2025-02-09 23:47:28,692 - DEBUG - Starting new HTTPS connection (1): arxiv.org:443
2025-02-09 23:47:28,999 - DEBUG - https://arxiv.org:443 "GET /pdf/2003.13048 HTTP/1.1" 200 1577565
2025-02-09 23:47:30,703 - DEBUG - 텍스트 추출 및 저장 완료: texts/Attentive cutmix An enhanced data augmentation approach for deep learning based image classification_907.txt
2025-02-09 23:47:30,705 - DEBUG - Starting new HTTPS connection (1): www.mdpi.com:443
2025-02-09 23:47:31,213 - DEBUG - https://www.mdpi.com:443 "GET /2073-8994/11/9/1066/pdf HTTP/1.1" 302 None
2025-02-09 23:47:31,218 - DEBUG - Starting new HTTPS connection (1): mdpi-res.com:443
2025-02-09 23:47:32,476 - DEBUG - https://mdpi-res.com:443 "GET /d_attachment/symmetry/symmetry-11-01066/article_deploy/symmetry-11-01066-v2.pdf?version=1567244037 HTTP/1.1" 200 1826620
2025-02-09 23:47:33,887 - DEBUG - 텍스트 추출 및 저장 완료: texts/Deep metric learning A survey_908.txt
2025-02-09 23:47:33,889 - DEBUG - Starting new HTTP connection (1): openaccess.thecvf.com:80
2025-02-09 23:47:34,925 - DEBUG - http://openaccess.thecvf.com:80 "GET /content_CVPR_2019/papers/Cakir_Deep_Metric_Learning_to_Rank_CVPR_2019_paper.pdf HTTP/1.1" 302 380
2025-02-09 23:47:34,927 - DEBUG - Starting new HTTPS connection (1): openaccess.thecvf.com:443
2025-02-09 23:47:37,184 - DEBUG - https://openaccess.thecvf.com:443 "GET /content_CVPR_2019/papers/Cakir_Deep_Metric_Learning_to_Rank_CVPR_2019_paper.pdf HTTP/1.1" 200 1119210
2025-02-09 23:47:39,498 - DEBUG - 텍스트 추출 및 저장 완료: texts/Deep metric learning to rank_909.txt
2025-02-09 23:47:39,499 - DEBUG - Starting new HTTPS connection (1): openaccess.thecvf.com:443
2025-02-09 23:47:40,081 - DEBUG - https://openaccess.thecvf.com:443 "GET /content_CVPR_2019/papers/Zheng_Hardness-Aware_Deep_Metric_Learning_CVPR_2019_paper.pdf HTTP/1.1" 200 5191208
2025-02-09 23:47:45,227 - DEBUG - 텍스트 추출 및 저장 완료: texts/Hardness-aware deep metric learning_910.txt
2025-02-09 23:47:45,231 - DEBUG - Starting new HTTP connection (1): proceedings.mlr.press:80
2025-02-09 23:47:46,395 - DEBUG - http://proceedings.mlr.press:80 "GET /v119/roth20a/roth20a.pdf HTTP/1.1" 200 1425204
2025-02-09 23:47:47,151 - DEBUG - 텍스트 추출 및 저장 완료: texts/Revisiting training strategies and generalization performance in deep metric learning_911.txt
2025-02-09 23:47:47,165 - DEBUG - Starting new HTTPS connection (1): openaccess.thecvf.com:443
2025-02-09 23:47:47,766 - DEBUG - https://openaccess.thecvf.com:443 "GET /content_ICCV_2019/papers/Qian_SoftTriple_Loss_Deep_Metric_Learning_Without_Triplet_Sampling_ICCV_2019_paper.pdf HTTP/1.1" 200 1632707
2025-02-09 23:47:50,202 - DEBUG - 텍스트 추출 및 저장 완료: texts/Softtriple loss Deep metric learning without triplet sampling_912.txt
2025-02-09 23:47:50,203 - DEBUG - Starting new HTTPS connection (1): arxiv.org:443
2025-02-09 23:47:50,236 - DEBUG - https://arxiv.org:443 "GET /pdf/2105.08149 HTTP/1.1" 200 719994
2025-02-09 23:47:50,707 - DEBUG - 텍스트 추출 및 저장 완료: texts/Deep metric learning for few-shot image classification A review of recent developments_913.txt
2025-02-09 23:47:50,709 - DEBUG - Starting new HTTPS connection (1): openaccess.thecvf.com:443
2025-02-09 23:47:51,306 - DEBUG - https://openaccess.thecvf.com:443 "GET /content_CVPR_2019/papers/Wang_Multi-Similarity_Loss_With_General_Pair_Weighting_for_Deep_Metric_Learning_CVPR_2019_paper.pdf HTTP/1.1" 200 898491
2025-02-09 23:47:54,359 - DEBUG - 텍스트 추출 및 저장 완료: texts/Multi-similarity loss with general pair weighting for deep metric learning_914.txt
2025-02-09 23:47:54,361 - DEBUG - Starting new HTTPS connection (1): openaccess.thecvf.com:443
2025-02-09 23:47:54,942 - DEBUG - https://openaccess.thecvf.com:443 "GET /content_CVPR_2019/papers/Wang_Ranked_List_Loss_for_Deep_Metric_Learning_CVPR_2019_paper.pdf HTTP/1.1" 200 744325
2025-02-09 23:47:56,783 - DEBUG - 텍스트 추출 및 저장 완료: texts/Ranked list loss for deep metric learning_915.txt
2025-02-09 23:47:56,784 - DEBUG - Starting new HTTPS connection (1): arxiv.org:443
2025-02-09 23:47:57,254 - DEBUG - https://arxiv.org:443 "GET /pdf/2201.09267 HTTP/1.1" 200 1050067
2025-02-09 23:47:58,902 - DEBUG - 텍스트 추출 및 저장 완료: texts/Spectral, probabilistic, and deep metric learning Tutorial and survey_916.txt
2025-02-09 23:47:58,904 - DEBUG - Starting new HTTP connection (1): openaccess.thecvf.com:80
2025-02-09 23:47:59,281 - DEBUG - http://openaccess.thecvf.com:80 "GET /content_CVPR_2020/papers/Kim_Proxy_Anchor_Loss_for_Deep_Metric_Learning_CVPR_2020_paper.pdf HTTP/1.1" 302 392
2025-02-09 23:47:59,285 - DEBUG - Starting new HTTPS connection (1): openaccess.thecvf.com:443
2025-02-09 23:47:59,869 - DEBUG - https://openaccess.thecvf.com:443 "GET /content_CVPR_2020/papers/Kim_Proxy_Anchor_Loss_for_Deep_Metric_Learning_CVPR_2020_paper.pdf HTTP/1.1" 200 1708282
2025-02-09 23:48:03,799 - DEBUG - 텍스트 추출 및 저장 완료: texts/Proxy anchor loss for deep metric learning_917.txt
2025-02-09 23:48:03,801 - DEBUG - Starting new HTTPS connection (1): arxiv.org:443
2025-02-09 23:48:04,080 - DEBUG - https://arxiv.org:443 "GET /pdf/1912.00385 HTTP/1.1" 200 5457179
2025-02-09 23:48:08,559 - DEBUG - 텍스트 추출 및 저장 완료: texts/The group loss for deep metric learning_918.txt
2025-02-09 23:48:08,561 - DEBUG - Starting new HTTPS connection (1): ieeexplore.ieee.org:443
2025-02-09 23:48:09,136 - DEBUG - https://ieeexplore.ieee.org:443 "GET /ielaam/83/9263394/9527069-aam.pdf HTTP/1.1" 418 245
2025-02-09 23:48:09,137 - DEBUG - Error: HTTP 응답 코드 418 - texts/Visual explanation for deep metric learning_919.txt
2025-02-09 23:48:09,140 - DEBUG - Starting new HTTPS connection (1): openaccess.thecvf.com:443
2025-02-09 23:48:09,768 - DEBUG - https://openaccess.thecvf.com:443 "GET /content_CVPR_2020/papers/Zheng_Deep_Metric_Learning_via_Adaptive_Learnable_Assessment_CVPR_2020_paper.pdf HTTP/1.1" 200 3965117
2025-02-09 23:48:13,784 - DEBUG - 텍스트 추출 및 저장 완료: texts/Deep metric learning via adaptive learnable assessment_920.txt
2025-02-09 23:48:13,787 - DEBUG - Starting new HTTPS connection (1): openaccess.thecvf.com:443
2025-02-09 23:48:14,366 - DEBUG - https://openaccess.thecvf.com:443 "GET /content_CVPR_2019/papers/Suh_Stochastic_Class-Based_Hard_Example_Mining_for_Deep_Metric_Learning_CVPR_2019_paper.pdf HTTP/1.1" 200 799120
2025-02-09 23:48:16,335 - DEBUG - 텍스트 추출 및 저장 완료: texts/Stochastic class-based hard example mining for deep metric learning_921.txt
2025-02-09 23:48:16,338 - DEBUG - Starting new HTTPS connection (1): aaai.org:443
2025-02-09 23:48:18,197 - DEBUG - https://aaai.org:443 "GET /ojs/index.php/AAAI/article/download/6716/6570 HTTP/1.1" 403 146
2025-02-09 23:48:18,202 - DEBUG - Error: HTTP 응답 코드 403 - texts/Symmetrical synthesis for deep metric learning_922.txt
2025-02-09 23:48:18,207 - DEBUG - Starting new HTTP connection (1): openaccess.thecvf.com:80
2025-02-09 23:48:18,595 - DEBUG - http://openaccess.thecvf.com:80 "GET /content_CVPR_2019/papers/Landrieu_Point_Cloud_Oversegmentation_With_Graph-Structured_Deep_Metric_Learning_CVPR_2019_paper.pdf HTTP/1.1" 302 426
2025-02-09 23:48:18,598 - DEBUG - Starting new HTTPS connection (1): openaccess.thecvf.com:443
2025-02-09 23:48:19,190 - DEBUG - https://openaccess.thecvf.com:443 "GET /content_CVPR_2019/papers/Landrieu_Point_Cloud_Oversegmentation_With_Graph-Structured_Deep_Metric_Learning_CVPR_2019_paper.pdf HTTP/1.1" 200 1066046
2025-02-09 23:48:20,974 - DEBUG - 텍스트 추출 및 저장 완료: texts/Point cloud oversegmentation with graph-structured deep metric learning_923.txt
2025-02-09 23:48:20,976 - DEBUG - Starting new HTTPS connection (1): openaccess.thecvf.com:443
2025-02-09 23:48:21,567 - DEBUG - https://openaccess.thecvf.com:443 "GET /content_CVPR_2020/papers/Mohan_Moving_in_the_Right_Direction_A_Regularization_for_Deep_Metric_CVPR_2020_paper.pdf HTTP/1.1" 200 1223810
2025-02-09 23:48:23,044 - DEBUG - 텍스트 추출 및 저장 완료: texts/Moving in the right direction A regularization for deep metric learning_924.txt
2025-02-09 23:48:23,046 - DEBUG - Starting new HTTP connection (1): openaccess.thecvf.com:80
2025-02-09 23:48:23,576 - DEBUG - http://openaccess.thecvf.com:80 "GET /content/CVPR2022/papers/Zhou_Enhancing_Adversarial_Robustness_for_Deep_Metric_Learning_CVPR_2022_paper.pdf HTTP/1.1" 302 407
2025-02-09 23:48:23,582 - DEBUG - Starting new HTTPS connection (1): openaccess.thecvf.com:443
2025-02-09 23:48:24,280 - DEBUG - https://openaccess.thecvf.com:443 "GET /content/CVPR2022/papers/Zhou_Enhancing_Adversarial_Robustness_for_Deep_Metric_Learning_CVPR_2022_paper.pdf HTTP/1.1" 200 1109352
2025-02-09 23:48:27,350 - DEBUG - 텍스트 추출 및 저장 완료: texts/Enhancing adversarial robustness for deep metric learning_925.txt
2025-02-09 23:48:27,351 - DEBUG - Starting new HTTPS connection (1): wires.onlinelibrary.wiley.com:443
2025-02-09 23:48:27,724 - DEBUG - https://wires.onlinelibrary.wiley.com:443 "GET /doi/pdf/10.1002/widm.1312 HTTP/1.1" 403 None
2025-02-09 23:48:27,726 - DEBUG - Error: HTTP 응답 코드 403 - texts/Causability and explainability of artificial intelligence in medicine_926.txt
2025-02-09 23:48:27,729 - DEBUG - Starting new HTTPS connection (1): thuvienso.hoasen.edu.vn:443
2025-02-09 23:48:28,477 - DEBUG - https://thuvienso.hoasen.edu.vn:443 "GET /bitstream/handle/123456789/10507/Contents.pdf?sequence=1&isAllowed=y HTTP/1.1" 200 4247878
2025-02-09 23:48:40,072 - DEBUG - 텍스트 추출 및 저장 완료: texts/Introduction to artificial intelligence_927.txt
2025-02-09 23:48:40,078 - DEBUG - Starting new HTTPS connection (1): journals.lww.com:443
2025-02-09 23:48:40,360 - DEBUG - https://journals.lww.com:443 "GET /jfmpc/_layouts/15/oaks.journals/downloadpdf.aspx?an=01697686-201908070-00027 HTTP/1.1" 403 None
2025-02-09 23:48:40,363 - DEBUG - Error: HTTP 응답 코드 403 - texts/Overview of artificial intelligence in medicine_928.txt
2025-02-09 23:48:40,366 - DEBUG - Starting new HTTPS connection (1): www.academia.edu:443
2025-02-09 23:48:40,645 - DEBUG - https://www.academia.edu:443 "GET /download/75230000/Berente_Gu_Recker_Santhanam_2021_MISQ.pdf HTTP/1.1" 404 16226
2025-02-09 23:48:40,648 - DEBUG - Error: HTTP 응답 코드 404 - texts/Managing artificial intelligence._929.txt
2025-02-09 23:48:40,653 - DEBUG - Starting new HTTPS connection (1): ojs.aaai.org:443
2025-02-09 23:48:41,420 - DEBUG - https://ojs.aaai.org:443 "GET /aimagazine/index.php/aimagazine/article/download/2850/3419 HTTP/1.1" 403 267
2025-02-09 23:48:41,421 - DEBUG - Error: HTTP 응답 코드 403 - texts/DARPA's explainable artificial intelligence (XAI) program_930.txt
2025-02-09 23:48:41,423 - DEBUG - Starting new HTTPS connection (1): gsulawreview.org:443
2025-02-09 23:48:43,578 - DEBUG - https://gsulawreview.org:443 "GET /article/15109.pdf HTTP/1.1" 200 393883
2025-02-09 23:48:44,907 - DEBUG - 텍스트 추출 및 저장 완료: texts/Artificial intelligence and law An overview_931.txt
2025-02-09 23:48:44,909 - DEBUG - Starting new HTTPS connection (1): www.cell.com:443
2025-02-09 23:48:45,227 - DEBUG - https://www.cell.com:443 "GET /the-innovation/pdf/S2666-6758(21)00104-1.pdf HTTP/1.1" 403 None
2025-02-09 23:48:45,237 - DEBUG - Error: HTTP 응답 코드 403 - texts/Artificial intelligence A powerful paradigm for scientific research_932.txt
2025-02-09 23:48:45,241 - DEBUG - Starting new HTTPS connection (1): onlinelibrary.wiley.com:443
2025-02-09 23:48:45,494 - DEBUG - https://onlinelibrary.wiley.com:443 "GET /doi/pdf/10.1155/2021/8812542 HTTP/1.1" 403 None
2025-02-09 23:48:45,497 - DEBUG - Error: HTTP 응답 코드 403 - texts/A Review of Artificial Intelligence (AI) in Education from 2010 to 2020_933.txt
2025-02-09 23:48:45,500 - DEBUG - Starting new HTTPS connection (1): assets.pubpub.org:443
2025-02-09 23:48:45,776 - DEBUG - https://assets.pubpub.org:443 "GET /atiu3k8w/ff85d7c1-5135-4ab0-a3cc-c03bc966dba3.pdf HTTP/1.1" 200 211040
2025-02-09 23:48:46,264 - DEBUG - 텍스트 추출 및 저장 완료: texts/Artificial intelligence—the revolution hasn't happened yet_934.txt
2025-02-09 23:48:46,266 - DEBUG - Starting new HTTPS connection (1): arxiv.org:443
2025-02-09 23:48:46,918 - DEBUG - https://arxiv.org:443 "GET /pdf/2211.06318 HTTP/1.1" 200 864405
2025-02-09 23:48:48,031 - DEBUG - 텍스트 추출 및 저장 완료: texts/Artificial intelligence and life in 2030 the one hundred year study on artificial intelligence_935.txt
2025-02-09 23:48:48,034 - DEBUG - Starting new HTTPS connection (1): www.researchgate.net:443
2025-02-09 23:48:48,315 - DEBUG - https://www.researchgate.net:443 "GET /profile/Batta-Mahesh/publication/344717762_Machine_Learning_Algorithms_-A_Review/links/5f8b2365299bf1b53e2d243a/Machine-Learning-Algorithms-A-Review.pdf?eid=5082902844932096t HTTP/1.1" 403 None
2025-02-09 23:48:48,323 - DEBUG - Error: HTTP 응답 코드 403 - texts/Machine learning algorithms-a review_936.txt
2025-02-09 23:48:48,327 - DEBUG - Starting new HTTPS connection (1): papers.ssrn.com:443
2025-02-09 23:48:50,009 - DEBUG - https://papers.ssrn.com:443 "GET /sol3/Delivery.cfm?abstractid=2417415 HTTP/1.1" 302 None
2025-02-09 23:48:51,401 - DEBUG - https://papers.ssrn.com:443 "GET /sol3/papers.cfm?abstract_id=2417415 HTTP/1.1" 200 None
2025-02-09 23:48:51,412 - DEBUG - PDF 파일 읽기 오류: EOF marker not found
2025-02-09 23:48:51,414 - DEBUG - Starting new HTTPS connection (1): link.aps.org:443
2025-02-09 23:48:52,715 - DEBUG - https://link.aps.org:443 "GET /accepted/10.1103/RevModPhys.91.045002 HTTP/1.1" 200 7774432
2025-02-09 23:49:00,333 - DEBUG - 텍스트 추출 및 저장 완료: texts/Machine learning and the physical sciences_938.txt
2025-02-09 23:49:00,335 - DEBUG - Starting new HTTPS connection (1): sph.umsha.ac.ir:443
2025-02-09 23:49:03,192 - DEBUG - https://sph.umsha.ac.ir:443 "GET /uploads/18/2023/May/22/kwz189.pdf HTTP/1.1" 200 756177
2025-02-09 23:49:07,255 - DEBUG - 텍스트 추출 및 저장 완료: texts/What is machine learning A primer for the epidemiologist_939.txt
2025-02-09 23:49:07,257 - DEBUG - Starting new HTTPS connection (1): par.nsf.gov:443
2025-02-09 23:49:08,066 - DEBUG - https://par.nsf.gov:443 "GET /servlets/purl/10418406 HTTP/1.1" 200 1636177
2025-02-09 23:49:25,014 - DEBUG - 텍스트 추출 및 저장 완료: texts/International conference on machine learning_940.txt
2025-02-09 23:49:25,017 - DEBUG - Starting new HTTPS connection (1): order-papers.com:443
2025-02-09 23:49:25,869 - DEBUG - https://order-papers.com:443 "GET /sites/default/files/tmp/webform/order_download/pdf-the-hundred-page-machine-learning-book-andriy-burkov-pdf-download-free-book-d835289.pdf HTTP/1.1" 200 52946
2025-02-09 23:49:26,215 - DEBUG - 텍스트 추출 및 저장 완료: texts/The hundred-page machine learning book_941.txt
2025-02-09 23:49:26,216 - DEBUG - Starting new HTTPS connection (1): ojs.aaai.org:443
2025-02-09 23:49:27,257 - DEBUG - https://ojs.aaai.org:443 "GET /index.php/AAAI/article/download/17371/17178 HTTP/1.1" 403 252
2025-02-09 23:49:27,258 - DEBUG - Error: HTTP 응답 코드 403 - texts/Amnesiac machine learning_942.txt
2025-02-09 23:49:27,262 - DEBUG - Starting new HTTPS connection (1): discovery.ucl.ac.uk:443
2025-02-09 23:49:30,198 - DEBUG - https://discovery.ucl.ac.uk:443 "GET /id/eprint/10134478/1/NRMCB-review-accepted-forRPS.pdf HTTP/1.1" 200 998876
2025-02-09 23:49:36,042 - DEBUG - 텍스트 추출 및 저장 완료: texts/A guide to machine learning for biologists_943.txt
2025-02-09 23:49:36,044 - DEBUG - Starting new HTTPS connection (1): www.bme.ufl.edu:443
2025-02-09 23:49:37,649 - DEBUG - https://www.bme.ufl.edu:443 "GET /wp-content/uploads/2018/07/Fall-2015-Syllabus-BME6938-Machine-Learning.pdf HTTP/1.1" 200 320859
2025-02-09 23:49:38,703 - DEBUG - 텍스트 추출 및 저장 완료: texts/Introduction to machine learning_944.txt
2025-02-09 23:49:38,704 - DEBUG - Starting new HTTPS connection (1): onlinelibrary.wiley.com:443
2025-02-09 23:49:38,806 - DEBUG - https://onlinelibrary.wiley.com:443 "GET /doi/pdfdirect/10.1002/inf2.12028 HTTP/1.1" 403 None
2025-02-09 23:49:38,812 - DEBUG - Error: HTTP 응답 코드 403 - texts/Machine learning in materials science_945.txt
2025-02-09 23:49:38,815 - DEBUG - Starting new HTTPS connection (1): www.annualreviews.org:443
2025-02-09 23:49:39,090 - DEBUG - https://www.annualreviews.org:443 "GET /content/journals/10.1146/annurev-fluid-010719-060214?crawler=true&mimetype=application/pdf HTTP/1.1" 403 None
2025-02-09 23:49:39,093 - DEBUG - Error: HTTP 응답 코드 403 - texts/Machine learning for fluid mechanics_946.txt
2025-02-09 23:49:39,097 - DEBUG - Starting new HTTPS connection (1): www.nature.com:443
2025-02-09 23:49:39,439 - DEBUG - https://www.nature.com:443 "GET /articles/s41524-022-00734-6.pdf HTTP/1.1" 303 150
2025-02-09 23:49:39,444 - DEBUG - Starting new HTTPS connection (1): idp.nature.com:443
2025-02-09 23:49:39,738 - DEBUG - https://idp.nature.com:443 "GET /authorize?response_type=cookie&client_id=grover&redirect_uri=https%3A%2F%2Fwww.nature.com%2Farticles%2Fs41524-022-00734-6.pdf HTTP/1.1" 302 0
2025-02-09 23:49:40,017 - DEBUG - https://idp.nature.com:443 "GET /transit?redirect_uri=https%3A%2F%2Fwww.nature.com%2Farticles%2Fs41524-022-00734-6.pdf&code=65825086-ed2a-4c48-aeda-27656862159e HTTP/1.1" 302 0
2025-02-09 23:49:40,731 - DEBUG - https://www.nature.com:443 "GET /articles/s41524-022-00734-6.pdf HTTP/1.1" 200 2277282
2025-02-09 23:49:43,530 - DEBUG - 텍스트 추출 및 저장 완료: texts/Recent advances and applications of deep learning methods in materials science_947.txt
2025-02-09 23:49:43,533 - DEBUG - Starting new HTTPS connection (1): www.nature.com:443
2025-02-09 23:49:43,885 - DEBUG - https://www.nature.com:443 "GET /articles/s41467-021-22518-0.pdf HTTP/1.1" 303 150
2025-02-09 23:49:43,887 - DEBUG - Starting new HTTPS connection (1): idp.nature.com:443
2025-02-09 23:49:44,198 - DEBUG - https://idp.nature.com:443 "GET /authorize?response_type=cookie&client_id=grover&redirect_uri=https%3A%2F%2Fwww.nature.com%2Farticles%2Fs41467-021-22518-0.pdf HTTP/1.1" 302 0
2025-02-09 23:49:44,617 - DEBUG - https://idp.nature.com:443 "GET /transit?redirect_uri=https%3A%2F%2Fwww.nature.com%2Farticles%2Fs41467-021-22518-0.pdf&code=67eb069d-a50a-4779-a3a1-f86795516922 HTTP/1.1" 302 0
2025-02-09 23:49:45,484 - DEBUG - https://www.nature.com:443 "GET /articles/s41467-021-22518-0.pdf HTTP/1.1" 200 18624514
2025-02-09 23:50:07,347 - DEBUG - 텍스트 추출 및 저장 완료: texts/Democratising deep learning for microscopy with ZeroCostDL4Mic_948.txt
2025-02-09 23:50:07,350 - DEBUG - Starting new HTTPS connection (1): www.jmlr.org:443
2025-02-09 23:50:07,770 - DEBUG - https://www.jmlr.org:443 "GET /papers/volume20/18-540/18-540.pdf HTTP/1.1" 200 None
2025-02-09 23:50:09,498 - DEBUG - 텍스트 추출 및 저장 완료: texts/iNNvestigate neural networks!_949.txt
2025-02-09 23:50:09,500 - DEBUG - Starting new HTTPS connection (1): www.cell.com:443
2025-02-09 23:50:09,656 - DEBUG - https://www.cell.com:443 "GET /neuron/pdf/S0896-6273(20)30705-4.pdf HTTP/1.1" 403 None
2025-02-09 23:50:09,657 - DEBUG - Error: HTTP 응답 코드 403 - texts/Artificial neural networks for neuroscientists a primer_950.txt
2025-02-09 23:50:09,659 - DEBUG - Starting new HTTPS connection (1): ieeexplore.ieee.org:443
2025-02-09 23:50:09,982 - DEBUG - https://ieeexplore.ieee.org:443 "GET /iel7/5/9369414/09369420.pdf HTTP/1.1" 418 245
2025-02-09 23:50:09,985 - DEBUG - Error: HTTP 응답 코드 418 - texts/Explaining deep neural networks and beyond A review of methods and applications_951.txt
2025-02-09 23:50:09,990 - DEBUG - Starting new HTTPS connection (1): link.springer.com:443
2025-02-09 23:50:10,342 - DEBUG - https://link.springer.com:443 "GET /content/pdf/10.1007/s10462-023-10562-9.pdf HTTP/1.1" 303 0
2025-02-09 23:50:10,345 - DEBUG - Starting new HTTPS connection (1): idp.springer.com:443
2025-02-09 23:50:10,648 - DEBUG - https://idp.springer.com:443 "GET /authorize?response_type=cookie&client_id=springerlink&redirect_uri=https%3A%2F%2Flink.springer.com%2Fcontent%2Fpdf%2F10.1007%2Fs10462-023-10562-9.pdf HTTP/1.1" 302 0
2025-02-09 23:50:11,092 - DEBUG - https://link.springer.com:443 "GET /content/pdf/10.1007/s10462-023-10562-9.pdf HTTP/1.1" 200 4573919
2025-02-09 23:50:20,284 - DEBUG - 텍스트 추출 및 저장 완료: texts/A survey of uncertainty in deep neural networks_952.txt
2025-02-09 23:50:20,286 - DEBUG - Starting new HTTPS connection (1): arxiv.org:443
2025-02-09 23:50:20,562 - DEBUG - https://arxiv.org:443 "GET /pdf/1703.00548/ HTTP/1.1" 404 11083
2025-02-09 23:50:20,563 - DEBUG - Error: HTTP 응답 코드 404 - texts/Evolving deep neural networks_953.txt
2025-02-09 23:50:20,565 - DEBUG - Starting new HTTPS connection (1): proceedings.neurips.cc:443
2025-02-09 23:50:21,149 - DEBUG - https://proceedings.neurips.cc:443 "GET /paper/2021/file/8420d359404024567b5aefda1231af24-Paper.pdf HTTP/1.1" 200 552886
2025-02-09 23:50:22,212 - DEBUG - 텍스트 추출 및 저장 완료: texts/Revisiting the calibration of modern neural networks_954.txt
2025-02-09 23:50:22,214 - DEBUG - Starting new HTTPS connection (1): proceedings.neurips.cc:443
2025-02-09 23:50:22,810 - DEBUG - https://proceedings.neurips.cc:443 "GET /paper/2019/file/26cd8ecadce0d4efd6cc8a8725cbd1f8-Paper.pdf HTTP/1.1" 200 1871904
2025-02-09 23:50:24,643 - DEBUG - 텍스트 추출 및 저장 완료: texts/Hamiltonian neural networks_955.txt
2025-02-09 23:50:24,645 - DEBUG - Starting new HTTPS connection (1): arxiv.org:443
2025-02-09 23:50:26,312 - DEBUG - https://arxiv.org:443 "GET /pdf/1807.10300 HTTP/1.1" 200 1629163
2025-02-09 23:50:29,485 - DEBUG - 텍스트 추출 및 저장 완료: texts/Discovering physical concepts with neural networks_956.txt
2025-02-09 23:50:29,487 - DEBUG - Starting new HTTP connection (1): proceedings.mlr.press:80
2025-02-09 23:50:30,608 - DEBUG - http://proceedings.mlr.press:80 "GET /v97/rahaman19a/rahaman19a.pdf HTTP/1.1" 200 1648942
2025-02-09 23:50:31,309 - DEBUG - 텍스트 추출 및 저장 완료: texts/On the spectral bias of neural networks_957.txt
2025-02-09 23:50:31,311 - DEBUG - Starting new HTTPS connection (1): arxiv.org:443
2025-02-09 23:50:31,347 - DEBUG - https://arxiv.org:443 "GET /pdf/1810.03787 HTTP/1.1" 200 1533152
2025-02-09 23:50:32,269 - DEBUG - 텍스트 추출 및 저장 완료: texts/Quantum convolutional neural networks_958.txt
2025-02-09 23:50:32,271 - DEBUG - Starting new HTTPS connection (1): arxiv.org:443
2025-02-09 23:50:32,997 - DEBUG - https://arxiv.org:443 "GET /pdf/2003.04630.pdf?trk=public_post_comment-text HTTP/1.1" 301 249
2025-02-09 23:50:33,002 - DEBUG - Starting new HTTP connection (1): arxiv.org:80
2025-02-09 23:50:34,025 - DEBUG - http://arxiv.org:80 "GET /pdf/2003.04630 HTTP/1.1" 200 2616562
2025-02-09 23:50:35,778 - DEBUG - 텍스트 추출 및 저장 완료: texts/Lagrangian neural networks_959.txt
2025-02-09 23:50:35,780 - DEBUG - Starting new HTTPS connection (1): link.springer.com:443
2025-02-09 23:50:36,095 - DEBUG - https://link.springer.com:443 "GET /content/pdf/10.1007/978-3-030-25540-4_26.pdf HTTP/1.1" 303 0
2025-02-09 23:50:36,100 - DEBUG - Starting new HTTPS connection (1): idp.springer.com:443
2025-02-09 23:50:36,398 - DEBUG - https://idp.springer.com:443 "GET /authorize?response_type=cookie&client_id=springerlink&redirect_uri=https%3A%2F%2Flink.springer.com%2Fcontent%2Fpdf%2F10.1007%2F978-3-030-25540-4_26.pdf HTTP/1.1" 302 0
2025-02-09 23:50:37,068 - DEBUG - https://link.springer.com:443 "GET /content/pdf/10.1007/978-3-030-25540-4_26.pdf HTTP/1.1" 200 524442
2025-02-09 23:50:38,060 - DEBUG - 텍스트 추출 및 저장 완료: texts/The marabou framework for verification and analysis of deep neural networks_960.txt
2025-02-09 23:50:38,062 - DEBUG - Starting new HTTPS connection (1): arxiv.org:443
2025-02-09 23:50:38,120 - DEBUG - https://arxiv.org:443 "GET /pdf/2102.04906 HTTP/1.1" 200 1685827
2025-02-09 23:50:39,454 - DEBUG - 텍스트 추출 및 저장 완료: texts/Dynamic neural networks A survey_961.txt
2025-02-09 23:50:39,455 - DEBUG - Starting new HTTPS connection (1): ieeexplore.ieee.org:443
2025-02-09 23:50:39,662 - DEBUG - https://ieeexplore.ieee.org:443 "GET /ielaam/9739/8915915/8755300-aam.pdf HTTP/1.1" 418 245
2025-02-09 23:50:39,663 - DEBUG - Error: HTTP 응답 코드 418 - texts/Artificial neural networks-based machine learning for wireless networks A tutorial_962.txt
2025-02-09 23:50:39,665 - DEBUG - Starting new HTTPS connection (1): ieeexplore.ieee.org:443
2025-02-09 23:50:39,902 - DEBUG - https://ieeexplore.ieee.org:443 "GET /iel7/6287639/8600701/08685687.pdf HTTP/1.1" 418 245
2025-02-09 23:50:39,904 - DEBUG - Error: HTTP 응답 코드 418 - texts/Badnets Evaluating backdooring attacks on deep neural networks_963.txt
2025-02-09 23:50:39,907 - DEBUG - Starting new HTTPS connection (1): openaccess.thecvf.com:443
2025-02-09 23:50:40,489 - DEBUG - https://openaccess.thecvf.com:443 "GET /content_CVPR_2019/papers/Zhou_On_the_Continuity_of_Rotation_Representations_in_Neural_Networks_CVPR_2019_paper.pdf HTTP/1.1" 200 986167
2025-02-09 23:50:42,820 - DEBUG - 텍스트 추출 및 저장 완료: texts/On the continuity of rotation representations in neural networks_964.txt
2025-02-09 23:50:42,822 - DEBUG - Starting new HTTPS connection (1): damien-ernst.be:443
2025-02-09 23:50:43,647 - DEBUG - https://damien-ernst.be:443 "GET /wp-content/uploads/2024/03/f90de-introduction_to_reinforcement_learning.pdf HTTP/1.1" 200 936975
2025-02-09 23:50:44,551 - DEBUG - 텍스트 추출 및 저장 완료: texts/Introduction to reinforcement learning_965.txt
2025-02-09 23:50:44,556 - DEBUG - Starting new HTTPS connection (1): www.bookfusion.com:443
2025-02-09 23:50:45,640 - DEBUG - https://www.bookfusion.com:443 "GET /books/101180-algorithms_for_reinforcement_learning/download/Algorithms_for_Reinforcement_Learning.pdf HTTP/1.1" 200 1663644
2025-02-09 23:50:48,571 - DEBUG - 텍스트 추출 및 저장 완료: texts/Algorithms for reinforcement learning_966.txt
2025-02-09 23:50:48,574 - DEBUG - Starting new HTTPS connection (1): www.cell.com:443
2025-02-09 23:50:48,791 - DEBUG - https://www.cell.com:443 "GET /trends/cognitive-sciences/pdf/S1364-6613(19)30061-0.pdf HTTP/1.1" 403 None
2025-02-09 23:50:48,803 - DEBUG - Error: HTTP 응답 코드 403 - texts/Reinforcement learning, fast and slow_967.txt
2025-02-09 23:50:48,807 - DEBUG - Starting new HTTPS connection (1): arxiv.org:443
2025-02-09 23:50:49,196 - DEBUG - https://arxiv.org:443 "GET /pdf/1903.00374 HTTP/1.1" 200 1949715
2025-02-09 23:50:50,551 - DEBUG - 텍스트 추출 및 저장 완료: texts/Model-based reinforcement learning for atari_968.txt
2025-02-09 23:50:50,553 - DEBUG - Starting new HTTPS connection (1): www.nowpublishers.com:443
2025-02-09 23:50:51,684 - DEBUG - https://www.nowpublishers.com:443 "GET /article/DownloadSummary/MAL-086 HTTP/1.1" 200 1164229
2025-02-09 23:50:53,589 - DEBUG - 텍스트 추출 및 저장 완료: texts/Model-based reinforcement learning A survey_969.txt
2025-02-09 23:50:53,591 - DEBUG - Starting new HTTPS connection (1): arxiv.org:443
2025-02-09 23:50:53,887 - DEBUG - https://arxiv.org:443 "GET /pdf/1904.12901 HTTP/1.1" 200 259192
2025-02-09 23:50:54,297 - DEBUG - 텍스트 추출 및 저장 완료: texts/Challenges of real-world reinforcement learning_970.txt
2025-02-09 23:50:54,299 - DEBUG - Starting new HTTPS connection (1): arxiv.org:443
2025-02-09 23:50:54,340 - DEBUG - https://arxiv.org:443 "GET /pdf/2205.10330 HTTP/1.1" 200 14613318
2025-02-09 23:50:59,618 - DEBUG - 텍스트 추출 및 저장 완료: texts/A review of safe reinforcement learning Methods, theory and applications_971.txt
2025-02-09 23:50:59,620 - DEBUG - Starting new HTTPS connection (1): arxiv.org:443
2025-02-09 23:50:59,664 - DEBUG - https://arxiv.org:443 "GET /pdf/1806.09460 HTTP/1.1" 200 887749
2025-02-09 23:51:00,172 - DEBUG - 텍스트 추출 및 저장 완료: texts/A tour of reinforcement learning The view from continuous control_972.txt
2025-02-09 23:51:00,174 - DEBUG - Starting new HTTP connection (1): proceedings.mlr.press:80
2025-02-09 23:51:01,044 - DEBUG - http://proceedings.mlr.press:80 "GET /v97/cobbe19a/cobbe19a.pdf HTTP/1.1" 200 3567185
2025-02-09 23:51:03,980 - DEBUG - 텍스트 추출 및 저장 완료: texts/Quantifying generalization in reinforcement learning_973.txt
2025-02-09 23:51:03,982 - DEBUG - Starting new HTTP connection (1): web.mit.edu:80
2025-02-09 23:51:04,743 - DEBUG - http://web.mit.edu:80 "GET /dimitrib/www/rlpreface.pdf HTTP/1.1" 200 165262
2025-02-09 23:51:05,454 - DEBUG - 텍스트 추출 및 저장 완료: texts/Reinforcement learning and optimal control_974.txt
2025-02-09 23:51:05,455 - DEBUG - Starting new HTTPS connection (1): pureportal.strath.ac.uk:443
2025-02-09 23:51:06,288 - DEBUG - https://pureportal.strath.ac.uk:443 "GET /files/131112/strathprints002611.pdf HTTP/1.1" 403 None
2025-02-09 23:51:06,292 - DEBUG - Error: HTTP 응답 코드 403 - texts/Natural language processing_975.txt
2025-02-09 23:51:06,296 - DEBUG - Starting new HTTPS connection (1): link.springer.com:443
2025-02-09 23:51:06,629 - DEBUG - https://link.springer.com:443 "GET /content/pdf/10.1007/s11042-022-13428-4.pdf HTTP/1.1" 303 0
2025-02-09 23:51:06,632 - DEBUG - Starting new HTTPS connection (1): idp.springer.com:443
2025-02-09 23:51:06,991 - DEBUG - https://idp.springer.com:443 "GET /authorize?response_type=cookie&client_id=springerlink&redirect_uri=https%3A%2F%2Flink.springer.com%2Fcontent%2Fpdf%2F10.1007%2Fs11042-022-13428-4.pdf HTTP/1.1" 302 0
2025-02-09 23:51:07,350 - DEBUG - https://link.springer.com:443 "GET /content/pdf/10.1007/s11042-022-13428-4.pdf HTTP/1.1" 200 821631
2025-02-09 23:51:08,679 - DEBUG - 텍스트 추출 및 저장 완료: texts/Natural language processing state of the art, current trends and challenges_976.txt
2025-02-09 23:51:08,681 - DEBUG - Starting new HTTPS connection (1): ieeexplore.ieee.org:443
2025-02-09 23:51:08,896 - DEBUG - https://ieeexplore.ieee.org:443 "GET /iel7/5962385/9559436/09194070.pdf HTTP/1.1" 418 245
2025-02-09 23:51:08,897 - DEBUG - Error: HTTP 응답 코드 418 - texts/Attention in natural language processing_977.txt
2025-02-09 23:51:08,899 - DEBUG - Starting new HTTPS connection (1): ieeexplore.ieee.org:443
2025-02-09 23:51:09,213 - DEBUG - https://ieeexplore.ieee.org:443 "GET /ielaam/5962385/9346113/9075398-aam.pdf HTTP/1.1" 418 245
2025-02-09 23:51:09,215 - DEBUG - Error: HTTP 응답 코드 418 - texts/A survey of the usages of deep learning for natural language processing_978.txt
2025-02-09 23:51:09,220 - DEBUG - Starting new HTTPS connection (1): research.cbs.dk:443
2025-02-09 23:51:09,906 - DEBUG - https://research.cbs.dk:443 "GET /files/66651656/chee_wee_tan_et_al_natural_language_processing_acceptedversion.pdf HTTP/1.1" 403 None
2025-02-09 23:51:09,910 - DEBUG - Error: HTTP 응답 코드 403 - texts/Natural language processing (NLP) in management research A literature review_979.txt
2025-02-09 23:51:09,914 - DEBUG - Starting new HTTPS connection (1): arxiv.org:443
2025-02-09 23:51:10,071 - DEBUG - https://arxiv.org:443 "GET /pdf/2003.08271 HTTP/1.1" 200 572091
2025-02-09 23:51:10,595 - DEBUG - 텍스트 추출 및 저장 완료: texts/Pre-trained models for natural language processing A survey_980.txt
2025-02-09 23:51:10,597 - DEBUG - Starting new HTTPS connection (1): arxiv.org:443
2025-02-09 23:51:10,867 - DEBUG - https://arxiv.org:443 "GET /pdf/1902.07669.pdf?source=post_page--------------------------- HTTP/1.1" 301 249
2025-02-09 23:51:10,870 - DEBUG - Starting new HTTP connection (1): arxiv.org:80
2025-02-09 23:51:10,901 - DEBUG - http://arxiv.org:80 "GET /pdf/1902.07669 HTTP/1.1" 200 301735
2025-02-09 23:51:11,188 - DEBUG - 텍스트 추출 및 저장 완료: texts/ScispaCy fast and robust models for biomedical natural language processing_981.txt
2025-02-09 23:51:11,190 - DEBUG - Starting new HTTPS connection (1): aclanthology.org:443
2025-02-09 23:51:11,969 - DEBUG - https://aclanthology.org:443 "GET /2023.emnlp-main.85.pdf HTTP/1.1" 200 891439
2025-02-09 23:51:14,918 - DEBUG - 텍스트 추출 및 저장 완료: texts/Is ChatGPT a general-purpose natural language processing task solver_982.txt
2025-02-09 23:51:14,920 - DEBUG - Starting new HTTPS connection (1): arxiv.org:443
2025-02-09 23:51:16,107 - DEBUG - https://arxiv.org:443 "GET /pdf/2003.07082 HTTP/1.1" 200 648442
2025-02-09 23:51:16,492 - DEBUG - 텍스트 추출 및 저장 완료: texts/Stanza A Python natural language processing toolkit for many human languages_983.txt
2025-02-09 23:51:16,494 - DEBUG - Starting new HTTPS connection (1): arxiv.org:443
2025-02-09 23:51:16,531 - DEBUG - https://arxiv.org:443 "GET /pdf/2003.01200 HTTP/1.1" 200 2632448
2025-02-09 23:51:17,677 - DEBUG - 텍스트 추출 및 저장 완료: texts/Natural language processing advancements by deep learning A survey_984.txt
2025-02-09 23:51:17,679 - DEBUG - Starting new HTTPS connection (1): arxiv.org:443
2025-02-09 23:51:18,705 - DEBUG - https://arxiv.org:443 "GET /pdf/2004.13922 HTTP/1.1" 200 308506
2025-02-09 23:51:19,003 - DEBUG - 텍스트 추출 및 저장 완료: texts/Revisiting pre-trained models for Chinese natural language processing_985.txt
2025-02-09 23:51:19,004 - DEBUG - Starting new HTTPS connection (1): arxiv.org:443
2025-02-09 23:51:20,321 - DEBUG - https://arxiv.org:443 "GET /pdf/2007.15779 HTTP/1.1" 200 1110628
2025-02-09 23:51:21,530 - DEBUG - 텍스트 추출 및 저장 완료: texts/Domain-specific language model pretraining for biomedical natural language processing_986.txt
2025-02-09 23:51:21,532 - DEBUG - Starting new HTTPS connection (1): arxiv.org:443
2025-02-09 23:51:22,976 - DEBUG - https://arxiv.org:443 "GET /pdf/2108.05542 HTTP/1.1" 200 5908079
2025-02-09 23:51:27,312 - DEBUG - 텍스트 추출 및 저장 완료: texts/Ammus A survey of transformer-based pretrained models in natural language processing_987.txt
2025-02-09 23:51:27,314 - DEBUG - Starting new HTTPS connection (1): www.academia.edu:443
2025-02-09 23:51:27,589 - DEBUG - https://www.academia.edu:443 "GET /download/54343495/Algorithms_and_ApplicationsSzeliskiBook_20100805_draft.pdf HTTP/1.1" 404 16226
2025-02-09 23:51:27,592 - DEBUG - Error: HTTP 응답 코드 404 - texts/Computer vision algorithms and applications_988.txt
2025-02-09 23:51:27,594 - DEBUG - Starting new HTTPS connection (1): publications.eai.eu:443
2025-02-09 23:51:28,585 - DEBUG - https://publications.eai.eu:443 "GET /index.php/sis/article/download/2055/1763 HTTP/1.1" 200 2596467
2025-02-09 23:51:30,247 - DEBUG - 텍스트 추출 및 저장 완료: texts/Machine learning in computer vision a review_989.txt
2025-02-09 23:51:30,249 - DEBUG - Starting new HTTPS connection (1): www.sciencedirect.com:443
2025-02-09 23:51:30,620 - DEBUG - https://www.sciencedirect.com:443 "GET /science/article/pii/S1877050920308218/pdf?md5=9ced58aea1b17ed22bcb823e29640ebb&pid=1-s2.0-S1877050920308218-main.pdf HTTP/1.1" 403 None
2025-02-09 23:51:30,902 - DEBUG - Error: HTTP 응답 코드 403 - texts/Machine learning in computer vision_990.txt
2025-02-09 23:51:30,907 - DEBUG - Starting new HTTPS connection (1): eprints.soton.ac.uk:443
2025-02-09 23:51:36,278 - DEBUG - https://eprints.soton.ac.uk:443 "GET /349701/1/Extended%2520Contents%2520List.pdf HTTP/1.1" 200 538715
2025-02-09 23:51:49,441 - DEBUG - 텍스트 추출 및 저장 완료: texts/Feature extraction and image processing for computer vision_991.txt
2025-02-09 23:51:49,445 - DEBUG - Starting new HTTPS connection (1): arxiv.org:443
2025-02-09 23:51:49,706 - DEBUG - https://arxiv.org:443 "GET /pdf/1910.13796.pdf?trk=public_post_comment-text HTTP/1.1" 301 259
2025-02-09 23:51:49,717 - DEBUG - https://arxiv.org:443 "GET /pdf/1910.13796 HTTP/1.1" 200 802713
2025-02-09 23:51:50,312 - DEBUG - 텍스트 추출 및 저장 완료: texts/Deep learning vs. traditional computer vision_992.txt
2025-02-09 23:51:50,314 - DEBUG - Starting new HTTPS connection (1): www.sciencedirect.com:443
2025-02-09 23:51:50,563 - DEBUG - https://www.sciencedirect.com:443 "GET /science/article/am/pii/S0926580521003915 HTTP/1.1" 403 None
2025-02-09 23:51:50,726 - DEBUG - Error: HTTP 응답 코드 403 - texts/Computer vision applications in construction Current state, opportunities & challenges_993.txt
2025-02-09 23:51:50,729 - DEBUG - Starting new HTTPS connection (1): www.nature.com:443
2025-02-09 23:51:51,070 - DEBUG - https://www.nature.com:443 "GET /articles/s41746-020-00376-2.pdf HTTP/1.1" 303 150
2025-02-09 23:51:51,071 - DEBUG - Starting new HTTPS connection (1): idp.nature.com:443
2025-02-09 23:51:51,408 - DEBUG - https://idp.nature.com:443 "GET /authorize?response_type=cookie&client_id=grover&redirect_uri=https%3A%2F%2Fwww.nature.com%2Farticles%2Fs41746-020-00376-2.pdf HTTP/1.1" 302 0
2025-02-09 23:51:51,685 - DEBUG - https://idp.nature.com:443 "GET /transit?redirect_uri=https%3A%2F%2Fwww.nature.com%2Farticles%2Fs41746-020-00376-2.pdf&code=995ebe19-bbfe-4037-8155-15049203a8b0 HTTP/1.1" 302 0
2025-02-09 23:51:52,406 - DEBUG - https://www.nature.com:443 "GET /articles/s41746-020-00376-2.pdf HTTP/1.1" 200 2137391
2025-02-09 23:51:56,116 - DEBUG - 텍스트 추출 및 저장 완료: texts/Deep learning-enabled medical computer vision_994.txt
2025-02-09 23:51:56,118 - DEBUG - Starting new HTTPS connection (1): proceedings.neurips.cc:443
2025-02-09 23:51:56,680 - DEBUG - https://proceedings.neurips.cc:443 "GET /paper_files/paper/2019/file/b05b57f6add810d3b7490866d74c0053-Paper.pdf HTTP/1.1" 200 3591074
2025-02-09 23:51:58,889 - DEBUG - 텍스트 추출 및 저장 완료: texts/A fourier perspective on model robustness in computer vision_995.txt
2025-02-09 23:51:58,891 - DEBUG - Starting new HTTPS connection (1): iopscience.iop.org:443
2025-02-09 23:52:00,081 - DEBUG - https://iopscience.iop.org:443 "GET /article/10.1088/1742-6596/1693/1/012173/pdf HTTP/1.1" 302 None
2025-02-09 23:52:00,083 - DEBUG - Starting new HTTPS connection (1): validate.perfdrive.com:443
2025-02-09 23:52:00,794 - DEBUG - https://validate.perfdrive.com:443 "GET /9730847aceed30627ebd520e46ee70b2/?ssa=b0760536-3be3-4c05-9d5b-fb45fae56dd7&ssb=49969229507&ssc=https%3A%2F%2Fiopscience.iop.org%2Farticle%2F10.1088%2F1742-6596%2F1693%2F1%2F012173%2Fpdf&ssi=4ef3c953-cnvj-4194-af8c-d62fc0a8b5a0&ssk=botmanager_support@radware.com&ssm=33623525337028842106408671017096&ssn=9ace2a258603ed50ad140ad2c01d292cd61a1f4d91e5-715f-49c1-bcbdb6&sso=4aa223d0-8c2e8fe63b7629be2caa8e54d7496c8ea32d35da65e85ac2&ssp=77179502701739165040173915263443642&ssq=65419961271953485879312719457176246399234&ssr=MjIwLjY1LjI0MC4yMTY=&sst=python-requests/2.32.3&ssu=&ssv=&ssw=&ssx=eyJyZCI6ImlvcC5vcmciLCJ1em14IjoiN2Y5MDAwODZhMTllYTAtZGIxZC00M2VhLTg5MGUtMWJlMjA5OThlZGY4MS0xNzM5MTEyNzE5OTUyMC00OWRlN2E5ZGVjYzgxYmU3MTAiLCJfX3V6bWYiOiI3ZjYwMDBmOGVmZDYyMi1hYzE1LTQ2ZmEtOGY0Zi1hMDQ5NDYwYzViNDgxNzM5MTEyNzE5OTUyMC1hNTdlNzFkNmQ1MTE1MDA5MTAifQ== HTTP/1.1" 200 5344
2025-02-09 23:52:00,800 - DEBUG - PDF 파일 읽기 오류: EOF marker not found
2025-02-09 23:52:00,805 - DEBUG - Starting new HTTPS connection (1): www.techrxiv.org:443
2025-02-09 23:52:02,013 - DEBUG - https://www.techrxiv.org:443 "GET /doi/pdf/10.36227/techrxiv.17125652.v1 HTTP/1.1" 403 None
2025-02-09 23:52:02,018 - DEBUG - Error: HTTP 응답 코드 403 - texts/Computer vision techniques in manufacturing_997.txt
2025-02-09 23:52:02,019 - DEBUG - Starting new HTTPS connection (1): arxiv.org:443
2025-02-09 23:52:03,475 - DEBUG - https://arxiv.org:443 "GET /pdf/2006.16923 HTTP/1.1" 200 2313165
2025-02-09 23:52:05,090 - DEBUG - 텍스트 추출 및 저장 완료: texts/Large image datasets A pyrrhic win for computer vision_998.txt
2025-02-09 23:52:05,092 - DEBUG - Starting new HTTPS connection (1): thuvienso.hoasen.edu.vn:443
2025-02-09 23:52:05,571 - DEBUG - https://thuvienso.hoasen.edu.vn:443 "GET /bitstream/handle/123456789/8009/Contents.pdf?sequence=4&isAllowed=y HTTP/1.1" 200 15895786
2025-02-09 23:52:26,363 - DEBUG - 텍스트 추출 및 저장 완료: texts/Data mining concepts and techniques_999.txt
2025-02-09 23:52:26,365 - DEBUG - Starting new HTTPS connection (1): onlinelibrary.wiley.com:443
2025-02-09 23:52:26,441 - DEBUG - https://onlinelibrary.wiley.com:443 "GET /doi/pdfdirect/10.1111/jebm.12373 HTTP/1.1" 403 None
2025-02-09 23:52:26,448 - DEBUG - Error: HTTP 응답 코드 403 - texts/Brief introduction of medical database and data mining technology in big data era_1000.txt
2025-02-09 23:52:26,451 - DEBUG - Starting new HTTPS connection (1): www.academia.edu:443
2025-02-09 23:52:27,274 - DEBUG - https://www.academia.edu:443 "GET /download/33262772/Data_Mining_and_Analysis_Fundamental_Concepts_and_Algorithms.pdf HTTP/1.1" 404 16226
2025-02-09 23:52:27,276 - DEBUG - Error: HTTP 응답 코드 404 - texts/Data mining and machine learning Fundamental concepts and algorithms_1001.txt
2025-02-09 23:52:27,281 - DEBUG - Starting new HTTPS connection (1): link.springer.com:443
2025-02-09 23:52:27,606 - DEBUG - https://link.springer.com:443 "GET /content/pdf/10.1186/s40779-021-00338-z.pdf HTTP/1.1" 303 0
2025-02-09 23:52:27,610 - DEBUG - Starting new HTTPS connection (1): idp.springer.com:443
2025-02-09 23:52:27,901 - DEBUG - https://idp.springer.com:443 "GET /authorize?response_type=cookie&client_id=springerlink&redirect_uri=https%3A%2F%2Flink.springer.com%2Fcontent%2Fpdf%2F10.1186%2Fs40779-021-00338-z.pdf HTTP/1.1" 302 0
2025-02-09 23:52:28,569 - DEBUG - https://link.springer.com:443 "GET /content/pdf/10.1186/s40779-021-00338-z.pdf HTTP/1.1" 200 1196933
2025-02-09 23:52:30,567 - DEBUG - 텍스트 추출 및 저장 완료: texts/Data mining in clinical big data the frequently used databases, steps, and methodological models_1002.txt
2025-02-09 23:52:30,570 - DEBUG - Starting new HTTP connection (1): portaldata.org:80
2025-02-09 23:52:31,272 - DEBUG - http://portaldata.org:80 "GET /index.php/portaldata/article/download/107/109 HTTP/1.1" 200 339129
2025-02-09 23:52:32,103 - DEBUG - 텍스트 추출 및 저장 완료: texts/Implementasi Data Mining Sebagai Pengolahan Data_1003.txt
2025-02-09 23:52:32,105 - DEBUG - Starting new HTTPS connection (1): in-academy.uz:443
2025-02-09 23:52:33,729 - DEBUG - https://in-academy.uz:443 "GET /index.php/cajei/article/download/11437/8183 HTTP/1.1" 200 946684
2025-02-09 23:52:35,773 - DEBUG - 텍스트 추출 및 저장 완료: texts/Data Mining Texnalogiyalari Metodlari Va Bosqichlari Hamda Data Science Jarayonlar_1004.txt
2025-02-09 23:52:35,774 - DEBUG - Starting new HTTPS connection (1): www.academia.edu:443
2025-02-09 23:52:35,995 - DEBUG - https://www.academia.edu:443 "GET /download/86855178/I10030789S19.pdf HTTP/1.1" 404 16226
2025-02-09 23:52:35,996 - DEBUG - Error: HTTP 응답 코드 404 - texts/Latest tools for data mining and machine learning_1005.txt
2025-02-09 23:52:35,998 - DEBUG - Starting new HTTPS connection (1): epubs.siam.org:443
2025-02-09 23:52:36,292 - DEBUG - https://epubs.siam.org:443 "GET /doi/pdf/10.1137/1.9781611975864.bm HTTP/1.1" 403 None
2025-02-09 23:52:36,296 - DEBUG - Error: HTTP 응답 코드 403 - texts/Matrix methods in data mining and pattern recognition_1006.txt
2025-02-09 23:52:36,301 - DEBUG - Starting new HTTPS connection (1): www.researchgate.net:443
2025-02-09 23:52:36,546 - DEBUG - https://www.researchgate.net:443 "GET /profile/Vinayakumar-Ravi/publication/354200709_Analysis_of_Sub-feature_for_Classification_in_Data_Mining/links/612b6abf2b40ec7d8bcedd41/Analysis-of-Sub-feature-for-Classification-in-Data-Mining.pdf HTTP/1.1" 403 None
2025-02-09 23:52:36,552 - DEBUG - Error: HTTP 응답 코드 403 - texts/Analysis of subfeature for classification in data mining_1007.txt
2025-02-09 23:52:36,556 - DEBUG - Starting new HTTPS connection (1): arxiv.org:443
2025-02-09 23:52:37,583 - DEBUG - https://arxiv.org:443 "GET /pdf/1906.04928 HTTP/1.1" 200 2100500
2025-02-09 23:52:40,132 - DEBUG - 텍스트 추출 및 저장 완료: texts/Deep learning for spatio-temporal data mining A survey_1008.txt
2025-02-09 23:52:40,135 - DEBUG - Starting new HTTPS connection (1): yadda.icm.edu.pl:443
2025-02-09 23:52:42,621 - DEBUG - https://yadda.icm.edu.pl:443 "GET /baztech/element/bwmeta1.element.baztech-40a08125-efdb-4714-84b1-8f3b0f3c06b0/c/IM_1-2019-a52.pdf HTTP/1.1" 200 1634952
2025-02-09 23:52:51,871 - DEBUG - 텍스트 추출 및 저장 완료: texts/An overview of data mining and process mining applications in underground mining_1009.txt
2025-02-09 23:52:51,874 - DEBUG - Starting new HTTPS connection (1): link.springer.com:443
2025-02-09 23:52:52,274 - DEBUG - https://link.springer.com:443 "GET /content/pdf/10.1186/s12859-022-04926-1.pdf HTTP/1.1" 303 0
2025-02-09 23:52:52,277 - DEBUG - Starting new HTTPS connection (1): idp.springer.com:443
2025-02-09 23:52:52,572 - DEBUG - https://idp.springer.com:443 "GET /authorize?response_type=cookie&client_id=springerlink&redirect_uri=https%3A%2F%2Flink.springer.com%2Fcontent%2Fpdf%2F10.1186%2Fs12859-022-04926-1.pdf HTTP/1.1" 302 0
2025-02-09 23:52:53,265 - DEBUG - https://link.springer.com:443 "GET /content/pdf/10.1186/s12859-022-04926-1.pdf HTTP/1.1" 200 2041544
2025-02-09 23:52:55,563 - DEBUG - 텍스트 추출 및 저장 완료: texts/Clinlabomics leveraging clinical laboratory data by data mining strategies_1010.txt
2025-02-09 23:52:55,565 - DEBUG - Starting new HTTPS connection (1): www.academia.edu:443
2025-02-09 23:52:55,827 - DEBUG - https://www.academia.edu:443 "GET /download/99950055/12240.pdf HTTP/1.1" 404 16226
2025-02-09 23:52:55,828 - DEBUG - Error: HTTP 응답 코드 404 - texts/Imbalance class problems in data mining A review_1011.txt
2025-02-09 23:52:55,831 - DEBUG - Starting new HTTPS connection (1): arxiv.org:443
2025-02-09 23:52:56,823 - DEBUG - https://arxiv.org:443 "GET /pdf/2006.06976 HTTP/1.1" 200 1113849
2025-02-09 23:52:57,715 - DEBUG - 텍스트 추출 및 저장 완료: texts/Towards robust pattern recognition A review_1012.txt
2025-02-09 23:52:57,716 - DEBUG - Starting new HTTPS connection (1): www.nature.com:443
2025-02-09 23:52:58,226 - DEBUG - https://www.nature.com:443 "GET /articles/s41392-021-00687-0.pdf HTTP/1.1" 303 150
2025-02-09 23:52:58,227 - DEBUG - Starting new HTTPS connection (1): idp.nature.com:443
2025-02-09 23:52:58,584 - DEBUG - https://idp.nature.com:443 "GET /authorize?response_type=cookie&client_id=grover&redirect_uri=https%3A%2F%2Fwww.nature.com%2Farticles%2Fs41392-021-00687-0.pdf HTTP/1.1" 302 0
2025-02-09 23:52:58,866 - DEBUG - https://idp.nature.com:443 "GET /transit?redirect_uri=https%3A%2F%2Fwww.nature.com%2Farticles%2Fs41392-021-00687-0.pdf&code=ddec1e61-e220-4849-9de7-420bd4985b95 HTTP/1.1" 302 0
2025-02-09 23:52:59,602 - DEBUG - https://www.nature.com:443 "GET /articles/s41392-021-00687-0.pdf HTTP/1.1" 200 3170917
2025-02-09 23:53:06,035 - DEBUG - 텍스트 추출 및 저장 완료: texts/Pattern recognition receptors in health and diseases_1013.txt
2025-02-09 23:53:06,044 - DEBUG - Starting new HTTPS connection (1): ieeexplore.ieee.org:443
2025-02-09 23:53:06,633 - DEBUG - https://ieeexplore.ieee.org:443 "GET /iel7/6287639/8600701/08859190.pdf HTTP/1.1" 418 245
2025-02-09 23:53:06,635 - DEBUG - Error: HTTP 응답 코드 418 - texts/Comprehensive review of artificial neural network applications to pattern recognition_1014.txt
2025-02-09 23:53:06,640 - DEBUG - Starting new HTTPS connection (1): www.worldscientific.com:443
2025-02-09 23:53:06,814 - DEBUG - https://www.worldscientific.com:443 "GET /doi/pdf/10.1142/9789811284052_0001 HTTP/1.1" 403 None
2025-02-09 23:53:06,819 - DEBUG - Error: HTTP 응답 코드 403 - texts/Wavelet theory approach to pattern recognition_1015.txt
2025-02-09 23:53:06,822 - DEBUG - Starting new HTTPS connection (1): www.researchgate.net:443
2025-02-09 23:53:07,006 - DEBUG - https://www.researchgate.net:443 "GET /profile/Aravind-Rai/publication/345640941_Effect_of_Servicescape_and_Nourishment_Quality_on_Client's_Loyalty_in_Fine_Dining_Restaurants_A_Statistical_Investigation/links/62cd0ec83bbe636e0c56c8ef/Effect-of-Servicescape-and-Nourishment-Quality-on-Clients-Loyalty-in-Fine-Dining-Restaurants-A-Statistical-Investigation.pdf HTTP/1.1" 403 None
2025-02-09 23:53:07,022 - DEBUG - Error: HTTP 응답 코드 403 - texts/Convolutional neural networks an overview and its applications in pattern recognition_1016.txt
2025-02-09 23:53:07,025 - DEBUG - Starting new HTTPS connection (1): openresearch.surrey.ac.uk:443
2025-02-09 23:53:09,363 - DEBUG - https://openresearch.surrey.ac.uk:443 "GET /esploro/fulltext/journalArticle/PANNs-Large-Scale-Pretrained-Audio-Neural-Networks/99520023602346?repId=12141069900002346&mId=13141069890002346&institution=44SUR_INST HTTP/1.1" 302 0
2025-02-09 23:53:09,788 - DEBUG - https://openresearch.surrey.ac.uk:443 "GET /view/delivery/44SUR_INST/12141069900002346/13141069890002346 HTTP/1.1" 302 0
2025-02-09 23:53:09,795 - DEBUG - Starting new HTTPS connection (1): s3.eu-central-1.amazonaws.com:443
2025-02-09 23:53:10,869 - DEBUG - https://s3.eu-central-1.amazonaws.com:443 "GET /eu-st01.ext.exlibrisgroup.com/44SUR_INST/storage/alma/8B/D3/DD/81/D4/A2/1C/46/C2/83/02/BD/2F/5C/BA/D8/KongEtAl20-PANNs_accepted.pdf?response-content-type=application%2Fpdf&X-Amz-Algorithm=AWS4-HMAC-SHA256&X-Amz-Date=20250209T145309Z&X-Amz-SignedHeaders=host&X-Amz-Expires=119&X-Amz-Credential=AKIAJN6NPMNGJALPPWAQ%2F20250209%2Feu-central-1%2Fs3%2Faws4_request&X-Amz-Signature=a12309aeec8b6e093cee15024131ec0eeeaa99926c0090ec43ffd9b013651adb HTTP/1.1" 200 1456454
2025-02-09 23:53:16,409 - DEBUG - 텍스트 추출 및 저장 완료: texts/Panns Large-scale pretrained audio neural networks for audio pattern recognition_1017.txt
2025-02-09 23:53:16,412 - DEBUG - Starting new HTTPS connection (1): publications.aston.ac.uk:443
2025-02-09 23:53:19,648 - DEBUG - https://publications.aston.ac.uk:443 "GET /id/eprint/639/1/NCRG_96_001.pdf HTTP/1.1" 200 388926
2025-02-09 23:53:21,635 - DEBUG - 텍스트 추출 및 저장 완료: texts/Neural networks a pattern recognition perspective_1018.txt
2025-02-09 23:53:21,643 - DEBUG - Starting new HTTPS connection (1): ieeexplore.ieee.org:443
2025-02-09 23:53:21,891 - DEBUG - https://ieeexplore.ieee.org:443 "GET /iel7/6287639/6514899/08630835.pdf HTTP/1.1" 418 245
2025-02-09 23:53:21,892 - DEBUG - Error: HTTP 응답 코드 418 - texts/An improved deng entropy and its application in pattern recognition_1019.txt
2025-02-09 23:53:21,895 - DEBUG - Starting new HTTPS connection (1): academic.oup.com:443
2025-02-09 23:53:22,069 - DEBUG - https://academic.oup.com:443 "GET /database/article-pdf/doi/10.1093/database/baz076/28873707/baz076.pdf HTTP/1.1" 403 None
2025-02-09 23:53:22,083 - DEBUG - Error: HTTP 응답 코드 403 - texts/PRRDB 2.0 a comprehensive database of pattern-recognition receptors and their ligands_1020.txt
2025-02-09 23:53:22,086 - DEBUG - Starting new HTTPS connection (1): www.nature.com:443
2025-02-09 23:53:22,461 - DEBUG - https://www.nature.com:443 "GET /articles/s41467-020-15190-3.pdf HTTP/1.1" 303 150
2025-02-09 23:53:22,463 - DEBUG - Starting new HTTPS connection (1): idp.nature.com:443
2025-02-09 23:53:22,761 - DEBUG - https://idp.nature.com:443 "GET /authorize?response_type=cookie&client_id=grover&redirect_uri=https%3A%2F%2Fwww.nature.com%2Farticles%2Fs41467-020-15190-3.pdf HTTP/1.1" 302 0
2025-02-09 23:53:23,048 - DEBUG - https://idp.nature.com:443 "GET /transit?redirect_uri=https%3A%2F%2Fwww.nature.com%2Farticles%2Fs41467-020-15190-3.pdf&code=c31bc404-c2af-464b-9966-ce341596269a HTTP/1.1" 302 0
2025-02-09 23:53:23,841 - DEBUG - https://www.nature.com:443 "GET /articles/s41467-020-15190-3.pdf HTTP/1.1" 200 1668970
2025-02-09 23:53:33,565 - DEBUG - 텍스트 추출 및 저장 완료: texts/A programmable chemical computer with memory and pattern recognition_1021.txt
2025-02-09 23:53:33,568 - DEBUG - Starting new HTTPS connection (1): arxiv.org:443
2025-02-09 23:53:33,837 - DEBUG - https://arxiv.org:443 "GET /pdf/2106.01621 HTTP/1.1" 200 396678
2025-02-09 23:53:34,024 - DEBUG - 텍스트 추출 및 저장 완료: texts/Eranns Efficient residual audio neural networks for audio pattern recognition_1022.txt
2025-02-09 23:53:34,025 - DEBUG - Starting new HTTPS connection (1): www.nature.com:443
2025-02-09 23:53:34,358 - DEBUG - https://www.nature.com:443 "GET /articles/s41590-021-01114-w.pdf HTTP/1.1" 303 150
2025-02-09 23:53:34,362 - DEBUG - Starting new HTTPS connection (1): idp.nature.com:443
2025-02-09 23:53:34,699 - DEBUG - https://idp.nature.com:443 "GET /authorize?response_type=cookie&client_id=grover&redirect_uri=https%3A%2F%2Fwww.nature.com%2Farticles%2Fs41590-021-01114-w.pdf HTTP/1.1" 302 0
2025-02-09 23:53:34,983 - DEBUG - https://idp.nature.com:443 "GET /transit?redirect_uri=https%3A%2F%2Fwww.nature.com%2Farticles%2Fs41590-021-01114-w.pdf&code=75b8cfbc-2596-4d7e-a5e8-ebea503d3ba8 HTTP/1.1" 302 0
2025-02-09 23:53:35,929 - DEBUG - https://www.nature.com:443 "GET /articles/s41590-021-01114-w.pdf HTTP/1.1" 200 7707082
2025-02-09 23:54:12,550 - DEBUG - 텍스트 추출 및 저장 완료: texts/Recognition and inhibition of SARS-CoV-2 by humoral innate immunity pattern recognition molecules_1023.txt
2025-02-09 23:54:12,553 - DEBUG - Starting new HTTPS connection (1): www.cell.com:443
2025-02-09 23:54:12,752 - DEBUG - https://www.cell.com:443 "GET /cell/pdf/S0092-8674(23)00590-1.pdf HTTP/1.1" 403 None
2025-02-09 23:54:12,754 - DEBUG - Error: HTTP 응답 코드 403 - texts/cGLRs are a diverse family of pattern recognition receptors in innate immunity_1024.txt
2025-02-09 23:54:12,756 - DEBUG - Starting new HTTPS connection (1): www.mdpi.com:443
2025-02-09 23:54:13,653 - DEBUG - https://www.mdpi.com:443 "GET /1424-8220/19/20/4596/pdf HTTP/1.1" 302 None
2025-02-09 23:54:13,656 - DEBUG - Starting new HTTPS connection (1): mdpi-res.com:443
2025-02-09 23:54:13,871 - DEBUG - https://mdpi-res.com:443 "GET /d_attachment/sensors/sensors-19-04596/article_deploy/sensors-19-04596-v2.pdf?version=1571819085 HTTP/1.1" 200 1050403
2025-02-09 23:54:14,332 - DEBUG - 텍스트 추출 및 저장 완료: texts/Real-time EMG based pattern recognition control for hand prostheses A review on existing methods, challenges and future implementation_1025.txt
2025-02-09 23:54:14,334 - DEBUG - Starting new HTTPS connection (1): arxiv.org:443
2025-02-09 23:54:15,212 - DEBUG - https://arxiv.org:443 "GET /pdf/1906.11668 HTTP/1.1" 200 1067114
2025-02-09 23:54:16,425 - DEBUG - 텍스트 추출 및 저장 완료: texts/The global landscape of AI ethics guidelines_1026.txt
2025-02-09 23:54:16,426 - DEBUG - Starting new HTTPS connection (1): link.springer.com:443
2025-02-09 23:54:16,843 - DEBUG - https://link.springer.com:443 "GET /content/pdf/10.1007/s11023-020-09517-8.pdf HTTP/1.1" 303 0
2025-02-09 23:54:16,846 - DEBUG - Starting new HTTPS connection (1): idp.springer.com:443
2025-02-09 23:54:17,155 - DEBUG - https://idp.springer.com:443 "GET /authorize?response_type=cookie&client_id=springerlink&redirect_uri=https%3A%2F%2Flink.springer.com%2Fcontent%2Fpdf%2F10.1007%2Fs11023-020-09517-8.pdf HTTP/1.1" 302 0
2025-02-09 23:54:17,515 - DEBUG - https://link.springer.com:443 "GET /content/pdf/10.1007/s11023-020-09517-8.pdf HTTP/1.1" 200 799635
2025-02-09 23:54:19,411 - DEBUG - 텍스트 추출 및 저장 완료: texts/The ethics of AI ethics An evaluation of guidelines_1027.txt
2025-02-09 23:54:19,414 - DEBUG - Starting new HTTPS connection (1): www.cell.com:443
2025-02-09 23:54:19,561 - DEBUG - https://www.cell.com:443 "GET /patterns/pdf/S2666-3899(21)00157-4.pdf HTTP/1.1" 403 None
2025-02-09 23:54:19,562 - DEBUG - Error: HTTP 응답 코드 403 - texts/A high-level overview of AI ethics_1028.txt
2025-02-09 23:54:19,564 - DEBUG - Starting new HTTPS connection (1): link.springer.com:443
2025-02-09 23:54:19,897 - DEBUG - https://link.springer.com:443 "GET /content/pdf/10.1007/s43681-020-00002-7.pdf HTTP/1.1" 303 0
2025-02-09 23:54:19,900 - DEBUG - Starting new HTTPS connection (1): idp.springer.com:443
2025-02-09 23:54:20,193 - DEBUG - https://idp.springer.com:443 "GET /authorize?response_type=cookie&client_id=springerlink&redirect_uri=https%3A%2F%2Flink.springer.com%2Fcontent%2Fpdf%2F10.1007%2Fs43681-020-00002-7.pdf HTTP/1.1" 302 0
2025-02-09 23:54:20,549 - DEBUG - https://link.springer.com:443 "GET /content/pdf/10.1007/s43681-020-00002-7.pdf HTTP/1.1" 200 391186
2025-02-09 23:54:21,168 - DEBUG - 텍스트 추출 및 저장 완료: texts/Emerging challenges in AI and the need for AI ethics education_1029.txt
2025-02-09 23:54:21,169 - DEBUG - Starting new HTTPS connection (1): www.aies-conference.com:443
2025-02-09 23:54:21,867 - DEBUG - https://www.aies-conference.com:443 "GET /2020/wp-content/papers/030.pdf HTTP/1.1" 200 869174
2025-02-09 23:54:22,851 - DEBUG - 텍스트 추출 및 저장 완료: texts/What's next for ai ethics, policy, and governance a global overview_1030.txt
2025-02-09 23:54:22,852 - DEBUG - Starting new HTTPS connection (1): link.springer.com:443
2025-02-09 23:54:23,174 - DEBUG - https://link.springer.com:443 "GET /content/pdf/10.1007/s11023-021-09563-w.pdf HTTP/1.1" 303 0
2025-02-09 23:54:23,180 - DEBUG - Starting new HTTPS connection (1): idp.springer.com:443
2025-02-09 23:54:23,505 - DEBUG - https://idp.springer.com:443 "GET /authorize?response_type=cookie&client_id=springerlink&redirect_uri=https%3A%2F%2Flink.springer.com%2Fcontent%2Fpdf%2F10.1007%2Fs11023-021-09563-w.pdf HTTP/1.1" 302 0
2025-02-09 23:54:24,182 - DEBUG - https://link.springer.com:443 "GET /content/pdf/10.1007/s11023-021-09563-w.pdf HTTP/1.1" 200 1142412
2025-02-09 23:54:29,194 - DEBUG - 텍스트 추출 및 저장 완료: texts/Ethics as a service a pragmatic operationalisation of AI ethics_1031.txt
2025-02-09 23:54:29,195 - DEBUG - Starting new HTTPS connection (1): scholarsmine.mst.edu:443
2025-02-09 23:54:30,521 - DEBUG - https://scholarsmine.mst.edu:443 "GET /cgi/viewcontent.cgi?article=1356&context=bio_inftec_facwork HTTP/1.1" 200 448944
2025-02-09 23:54:31,998 - DEBUG - 텍스트 추출 및 저장 완료: texts/Artificial intelligence (AI) ethics ethics of AI and ethical AI_1032.txt
2025-02-09 23:54:32,000 - DEBUG - Starting new HTTPS connection (1): link.springer.com:443
2025-02-09 23:54:32,337 - DEBUG - https://link.springer.com:443 "GET /content/pdf/10.1007/s43681-022-00209-w.pdf HTTP/1.1" 303 0
2025-02-09 23:54:32,342 - DEBUG - Starting new HTTPS connection (1): idp.springer.com:443
2025-02-09 23:54:32,639 - DEBUG - https://idp.springer.com:443 "GET /authorize?response_type=cookie&client_id=springerlink&redirect_uri=https%3A%2F%2Flink.springer.com%2Fcontent%2Fpdf%2F10.1007%2Fs43681-022-00209-w.pdf HTTP/1.1" 302 0
2025-02-09 23:54:32,996 - DEBUG - https://link.springer.com:443 "GET /content/pdf/10.1007/s43681-022-00209-w.pdf HTTP/1.1" 200 668243
2025-02-09 23:54:33,859 - DEBUG - 텍스트 추출 및 저장 완료: texts/The uselessness of AI ethics_1033.txt
2025-02-09 23:54:33,861 - DEBUG - Starting new HTTPS connection (1): dl.acm.org:443
2025-02-09 23:54:34,949 - DEBUG - https://dl.acm.org:443 "GET /doi/pdf/10.1145/3306618.3314289 HTTP/1.1" 200 None
2025-02-09 23:54:36,893 - DEBUG - 텍스트 추출 및 저장 완료: texts/The role and limits of principles in AI ethics Towards a focus on tensions_1034.txt
2025-02-09 23:54:36,895 - DEBUG - Starting new HTTPS connection (1): link.springer.com:443
2025-02-09 23:54:37,200 - DEBUG - https://link.springer.com:443 "GET /content/pdf/10.1007/s13347-022-00557-9.pdf HTTP/1.1" 303 0
2025-02-09 23:54:37,203 - DEBUG - Starting new HTTPS connection (1): idp.springer.com:443
2025-02-09 23:54:37,496 - DEBUG - https://idp.springer.com:443 "GET /authorize?response_type=cookie&client_id=springerlink&redirect_uri=https%3A%2F%2Flink.springer.com%2Fcontent%2Fpdf%2F10.1007%2Fs13347-022-00557-9.pdf HTTP/1.1" 302 0
2025-02-09 23:54:38,348 - DEBUG - https://link.springer.com:443 "GET /content/pdf/10.1007/s13347-022-00557-9.pdf HTTP/1.1" 200 716604
2025-02-09 23:54:39,616 - DEBUG - 텍스트 추출 및 저장 완료: texts/The ethics of AI ethics. A constructive critique_1035.txt
2025-02-09 23:54:39,617 - DEBUG - Starting new HTTPS connection (1): journals.sagepub.com:443
2025-02-09 23:54:39,858 - DEBUG - https://journals.sagepub.com:443 "GET /doi/pdf/10.1177/2053951720942541 HTTP/1.1" 403 None
2025-02-09 23:54:39,860 - DEBUG - Error: HTTP 응답 코드 403 - texts/AI ethics should not remain toothless! A call to bring back the teeth of ethics_1036.txt
2025-02-09 23:54:39,863 - DEBUG - Starting new HTTPS connection (1): arxiv.org:443
2025-02-09 23:54:40,123 - DEBUG - https://arxiv.org:443 "GET /pdf/1907.07892 HTTP/1.1" 200 387531
2025-02-09 23:54:40,753 - DEBUG - 텍스트 추출 및 저장 완료: texts/Global AI ethics a review of the social impacts and ethical implications of artificial intelligence_1037.txt
2025-02-09 23:54:40,755 - DEBUG - Starting new HTTPS connection (1): papers.ssrn.com:443
2025-02-09 23:54:42,391 - DEBUG - https://papers.ssrn.com:443 "GET /sol3/Delivery.cfm?abstractid=3830408 HTTP/1.1" 302 None
2025-02-09 23:54:42,476 - DEBUG - https://papers.ssrn.com:443 "GET /sol3/papers.cfm?abstract_id=3830408 HTTP/1.1" 429 8483
2025-02-09 23:54:42,477 - DEBUG - Error: HTTP 응답 코드 429 - texts/The ethics of AI in health care a mapping review_1038.txt
2025-02-09 23:54:42,479 - DEBUG - Starting new HTTPS connection (1): arxiv.org:443
2025-02-09 23:54:43,005 - DEBUG - https://arxiv.org:443 "GET /pdf/2112.07467 HTTP/1.1" 200 274539
2025-02-09 23:54:43,506 - DEBUG - 텍스트 추출 및 저장 완료: texts/AI ethics principles in practice Perspectives of designers and developers_1039.txt
2025-02-09 23:54:43,508 - DEBUG - Starting new HTTPS connection (1): link.springer.com:443
2025-02-09 23:54:43,842 - DEBUG - https://link.springer.com:443 "GET /content/pdf/10.1007/s43681-022-00150-y.pdf HTTP/1.1" 303 0
2025-02-09 23:54:43,846 - DEBUG - Starting new HTTPS connection (1): idp.springer.com:443
2025-02-09 23:54:44,166 - DEBUG - https://idp.springer.com:443 "GET /authorize?response_type=cookie&client_id=springerlink&redirect_uri=https%3A%2F%2Flink.springer.com%2Fcontent%2Fpdf%2F10.1007%2Fs43681-022-00150-y.pdf HTTP/1.1" 302 0
2025-02-09 23:54:44,903 - DEBUG - https://link.springer.com:443 "GET /content/pdf/10.1007/s43681-022-00150-y.pdf HTTP/1.1" 200 787382
2025-02-09 23:54:46,067 - DEBUG - 텍스트 추출 및 저장 완료: texts/Towards AI ethics' institutionalization knowledge bridges from business ethics to advance organizational AI ethics_1040.txt
2025-02-09 23:54:46,070 - DEBUG - Starting new HTTPS connection (1): link.springer.com:443
2025-02-09 23:54:46,420 - DEBUG - https://link.springer.com:443 "GET /content/pdf/10.1007/s44206-022-00013-3.pdf HTTP/1.1" 303 0
2025-02-09 23:54:46,449 - DEBUG - Starting new HTTPS connection (1): idp.springer.com:443
2025-02-09 23:54:46,846 - DEBUG - https://idp.springer.com:443 "GET /authorize?response_type=cookie&client_id=springerlink&redirect_uri=https%3A%2F%2Flink.springer.com%2Fcontent%2Fpdf%2F10.1007%2Fs44206-022-00013-3.pdf HTTP/1.1" 302 0
2025-02-09 23:54:47,562 - DEBUG - https://link.springer.com:443 "GET /content/pdf/10.1007/s44206-022-00013-3.pdf HTTP/1.1" 200 1032110
2025-02-09 23:54:48,913 - DEBUG - 텍스트 추출 및 저장 완료: texts/AI ethics, ethics washing, and the need to politicize data ethics_1041.txt
2025-02-09 23:54:48,916 - DEBUG - Starting new HTTPS connection (1): papers.ssrn.com:443
2025-02-09 23:54:49,079 - DEBUG - https://papers.ssrn.com:443 "GET /sol3/Delivery.cfm?abstractid=3400816 HTTP/1.1" 429 8401
2025-02-09 23:54:49,080 - DEBUG - Error: HTTP 응답 코드 429 - texts/Perspectives and approaches in AI ethics East Asia_1042.txt
2025-02-09 23:54:49,082 - DEBUG - Starting new HTTPS connection (1): link.springer.com:443
2025-02-09 23:54:49,431 - DEBUG - https://link.springer.com:443 "GET /content/pdf/10.1007/978-3-031-04083-2_2.pdf HTTP/1.1" 303 0
2025-02-09 23:54:49,434 - DEBUG - Starting new HTTPS connection (1): idp.springer.com:443
2025-02-09 23:54:49,822 - DEBUG - https://idp.springer.com:443 "GET /authorize?response_type=cookie&client_id=springerlink&redirect_uri=https%3A%2F%2Flink.springer.com%2Fcontent%2Fpdf%2F10.1007%2F978-3-031-04083-2_2.pdf HTTP/1.1" 302 0
2025-02-09 23:54:50,534 - DEBUG - https://link.springer.com:443 "GET /content/pdf/10.1007/978-3-031-04083-2_2.pdf HTTP/1.1" 200 641710
2025-02-09 23:54:52,825 - DEBUG - 텍스트 추출 및 저장 완료: texts/Explainable AI methods-a brief overview_1043.txt
2025-02-09 23:54:52,827 - DEBUG - Starting new HTTPS connection (1): www.researchgate.net:443
2025-02-09 23:54:52,978 - DEBUG - https://www.researchgate.net:443 "GET /profile/Feiyu-Xu/publication/336131051_Explainable_AI_A_Brief_Survey_on_History_Research_Areas_Approaches_and_Challenges/links/5e2b496f92851c3aadd7bf08/Explainable-AI-A-Brief-Survey-on-History-Research-Areas-Approaches-and-Challenges.pdf HTTP/1.1" 403 None
2025-02-09 23:54:53,001 - DEBUG - Error: HTTP 응답 코드 403 - texts/Explainable AI A brief survey on history, research areas, approaches and challenges_1044.txt
2025-02-09 23:54:53,004 - DEBUG - Starting new HTTPS connection (1): orca.cardiff.ac.uk:443
2025-02-09 23:54:53,995 - DEBUG - https://orca.cardiff.ac.uk:443 "GET /id/eprint/152361/1/3561048.pdf HTTP/1.1" 200 2025234
2025-02-09 23:54:59,526 - DEBUG - 텍스트 추출 및 저장 완료: texts/Explainable AI (XAI) Core ideas, techniques, and solutions_1045.txt
2025-02-09 23:54:59,532 - DEBUG - Starting new HTTPS connection (1): wires.onlinelibrary.wiley.com:443
2025-02-09 23:54:59,593 - DEBUG - https://wires.onlinelibrary.wiley.com:443 "GET /doi/pdf/10.1002/widm.1424 HTTP/1.1" 403 None
2025-02-09 23:54:59,594 - DEBUG - Error: HTTP 응답 코드 403 - texts/Explainable artificial intelligence an analytical review_1046.txt
2025-02-09 23:54:59,596 - DEBUG - Starting new HTTPS connection (1): ieeexplore.ieee.org:443
2025-02-09 23:54:59,893 - DEBUG - https://ieeexplore.ieee.org:443 "GET /iel7/6287639/6514899/09852458.pdf HTTP/1.1" 418 245
2025-02-09 23:54:59,894 - DEBUG - Error: HTTP 응답 코드 418 - texts/Explainable AI for healthcare 5.0 opportunities and challenges_1047.txt
2025-02-09 23:54:59,898 - DEBUG - Starting new HTTPS connection (1): www.mdpi.com:443
2025-02-09 23:55:00,573 - DEBUG - https://www.mdpi.com:443 "GET /1424-8220/23/2/634/pdf HTTP/1.1" 302 None
2025-02-09 23:55:00,577 - DEBUG - Starting new HTTPS connection (1): mdpi-res.com:443
2025-02-09 23:55:01,782 - DEBUG - https://mdpi-res.com:443 "GET /d_attachment/sensors/sensors-23-00634/article_deploy/sensors-23-00634-v2.pdf?version=1672988781 HTTP/1.1" 200 2090513
2025-02-09 23:55:03,760 - DEBUG - 텍스트 추출 및 저장 완료: texts/Survey of explainable AI techniques in healthcare_1048.txt
2025-02-09 23:55:03,762 - DEBUG - Starting new HTTPS connection (1): arxiv.org:443
2025-02-09 23:55:03,826 - DEBUG - https://arxiv.org:443 "GET /pdf/2006.11371 HTTP/1.1" 200 6155407
2025-02-09 23:55:07,933 - DEBUG - 텍스트 추출 및 저장 완료: texts/Opportunities and challenges in explainable artificial intelligence (xai) A survey_1049.txt
2025-02-09 23:55:07,937 - DEBUG - Starting new HTTPS connection (1): openaccess.city.ac.uk:443
2025-02-09 23:55:10,808 - DEBUG - https://openaccess.city.ac.uk:443 "GET /id/eprint/23405/8/aay7120_article_nearly%20final.pdf HTTP/1.1" 200 466898
2025-02-09 23:55:13,060 - DEBUG - 텍스트 추출 및 저장 완료: texts/XAI—Explainable artificial intelligence_1050.txt
2025-02-09 23:55:13,062 - DEBUG - Starting new HTTPS connection (1): wires.onlinelibrary.wiley.com:443
2025-02-09 23:55:13,097 - DEBUG - https://wires.onlinelibrary.wiley.com:443 "GET /doi/pdfdirect/10.1002/widm.1391 HTTP/1.1" 403 None
2025-02-09 23:55:13,098 - DEBUG - Error: HTTP 응답 코드 403 - texts/A historical perspective of explainable Artificial Intelligence_1051.txt
2025-02-09 23:55:13,098 - DEBUG - Starting new HTTPS connection (1): arxiv.org:443
2025-02-09 23:55:14,434 - DEBUG - https://arxiv.org:443 "GET /pdf/1910.10045 HTTP/1.1" 200 3828707
2025-02-09 23:55:20,003 - DEBUG - 텍스트 추출 및 저장 완료: texts/Explainable Artificial Intelligence (XAI) Concepts, taxonomies, opportunities and challenges toward responsible AI_1052.txt
2025-02-09 23:55:20,005 - DEBUG - Starting new HTTPS connection (1): arxiv.org:443
2025-02-09 23:55:20,332 - DEBUG - https://arxiv.org:443 "GET /pdf/1909.12072 HTTP/1.1" 200 228608
2025-02-09 23:55:20,727 - DEBUG - 텍스트 추출 및 저장 완료: texts/Towards explainable artificial intelligence_1053.txt
2025-02-09 23:55:20,729 - DEBUG - Starting new HTTPS connection (1): research.monash.edu:443
2025-02-09 23:55:21,273 - DEBUG - https://research.monash.edu:443 "GET /files/326289433/321585627_oa.pdf HTTP/1.1" 403 None
2025-02-09 23:55:21,277 - DEBUG - Error: HTTP 응답 코드 403 - texts/Towards trustable explainable AI_1054.txt
2025-02-09 23:55:21,280 - DEBUG - Starting new HTTPS connection (1): arxiv.org:443
2025-02-09 23:55:21,311 - DEBUG - https://arxiv.org:443 "GET /pdf/2107.07045 HTTP/1.1" 200 4254012
2025-02-09 23:55:23,593 - DEBUG - 텍스트 추출 및 저장 완료: texts/Explainable AI current status and future directions_1055.txt
2025-02-09 23:55:23,594 - DEBUG - Starting new HTTPS connection (1): www.mdpi.com:443
2025-02-09 23:55:24,226 - DEBUG - https://www.mdpi.com:443 "GET /1099-4300/23/1/18/pdf HTTP/1.1" 302 None
2025-02-09 23:55:24,231 - DEBUG - Starting new HTTPS connection (1): mdpi-res.com:443
2025-02-09 23:55:24,836 - DEBUG - https://mdpi-res.com:443 "GET /d_attachment/entropy/entropy-23-00018/article_deploy/entropy-23-00018-v2.pdf?version=1609160444 HTTP/1.1" 200 1112517
2025-02-09 23:55:26,223 - DEBUG - 텍스트 추출 및 저장 완료: texts/Explainable ai A review of machine learning interpretability methods_1056.txt
2025-02-09 23:55:26,226 - DEBUG - Starting new HTTPS connection (1): nvlpubs.nist.gov:443
2025-02-09 23:55:27,778 - DEBUG - https://nvlpubs.nist.gov:443 "GET /nistpubs/ir/2021/NIST.IR.8312.pdf?trk=public_post_comment-text HTTP/1.1" 200 1601942
2025-02-09 23:55:31,844 - DEBUG - 텍스트 추출 및 저장 완료: texts/Four principles of explainable artificial intelligence_1057.txt
2025-02-09 23:55:31,846 - DEBUG - Starting new HTTPS connection (1): arxiv.org:443
2025-02-09 23:55:32,824 - DEBUG - https://arxiv.org:443 "GET /pdf/2010.00711 HTTP/1.1" 200 1450409
2025-02-09 23:55:34,674 - DEBUG - 텍스트 추출 및 저장 완료: texts/A survey of the state of explainable AI for natural language processing_1058.txt
2025-02-09 23:55:34,676 - DEBUG - Starting new HTTPS connection (1): arxiv.org:443
2025-02-09 23:55:35,024 - DEBUG - https://arxiv.org:443 "GET /pdf/1907.07171 HTTP/1.1" 200 11178449
2025-02-09 23:55:47,020 - DEBUG - 텍스트 추출 및 저장 완료: texts/On the steerability of generative adversarial networks_1059.txt
2025-02-09 23:55:47,022 - DEBUG - Starting new HTTPS connection (1): arxiv.org:443
2025-02-09 23:55:47,061 - DEBUG - https://arxiv.org:443 "GET /pdf/1809.07294 HTTP/1.1" 200 1875729
2025-02-09 23:55:48,066 - DEBUG - 텍스트 추출 및 저장 완료: texts/Generative adversarial network in medical imaging A review_1060.txt
2025-02-09 23:55:48,067 - DEBUG - Starting new HTTPS connection (1): www.academia.edu:443
2025-02-09 23:55:48,323 - DEBUG - https://www.academia.edu:443 "GET /download/82447643/1711.pdf HTTP/1.1" 404 16226
2025-02-09 23:55:48,334 - DEBUG - Error: HTTP 응답 코드 404 - texts/How generative adversarial networks and their variants work An overview_1061.txt
2025-02-09 23:55:48,336 - DEBUG - Starting new HTTPS connection (1): proceedings.neurips.cc:443
2025-02-09 23:55:49,228 - DEBUG - https://proceedings.neurips.cc:443 "GET /paper_files/paper/2019/file/c9efe5f26cd17ba6216bbe2a7d26d490-Paper.pdf HTTP/1.1" 200 2830629
2025-02-09 23:55:52,019 - DEBUG - 텍스트 추출 및 저장 완료: texts/Time-series generative adversarial networks_1062.txt
2025-02-09 23:55:52,021 - DEBUG - Starting new HTTPS connection (1): arxiv.org:443
2025-02-09 23:55:52,441 - DEBUG - https://arxiv.org:443 "GET /pdf/1703.05502 HTTP/1.1" 200 1563961
2025-02-09 23:55:53,943 - DEBUG - 텍스트 추출 및 저장 완료: texts/Steganographic generative adversarial networks_1063.txt
2025-02-09 23:55:53,946 - DEBUG - Starting new HTTPS connection (1): proceedings.neurips.cc:443
2025-02-09 23:55:54,635 - DEBUG - https://proceedings.neurips.cc:443 "GET /paper/2021/file/076ccd93ad68be51f23707988e934906-Paper.pdf HTTP/1.1" 200 8921777
2025-02-09 23:56:03,189 - DEBUG - 텍스트 추출 및 저장 완료: texts/Alias-free generative adversarial networks_1064.txt
2025-02-09 23:56:03,191 - DEBUG - Starting new HTTPS connection (1): dl.acm.org:443
2025-02-09 23:56:03,590 - DEBUG - https://dl.acm.org:443 "GET /doi/pdf/10.1145/3459992 HTTP/1.1" 302 0
2025-02-09 23:56:03,672 - DEBUG - https://dl.acm.org:443 "GET /doi/pdf/10.1145/3459992?cookieSet=1 HTTP/1.1" 302 0
2025-02-09 23:56:04,211 - DEBUG - https://dl.acm.org:443 "GET /doi/pdf/10.1145/3459992 HTTP/1.1" 200 None
2025-02-09 23:56:05,674 - DEBUG - 텍스트 추출 및 저장 완료: texts/Generative adversarial networks A survey toward private and secure applications_1065.txt
2025-02-09 23:56:05,676 - DEBUG - Starting new HTTPS connection (1): dl.acm.org:443
2025-02-09 23:56:06,089 - DEBUG - https://dl.acm.org:443 "GET /doi/pdf/10.1145/3439723 HTTP/1.1" 302 0
2025-02-09 23:56:06,181 - DEBUG - https://dl.acm.org:443 "GET /doi/pdf/10.1145/3439723?cookieSet=1 HTTP/1.1" 302 0
2025-02-09 23:56:06,822 - DEBUG - https://dl.acm.org:443 "GET /doi/pdf/10.1145/3439723 HTTP/1.1" 200 None
2025-02-09 23:56:09,366 - DEBUG - 텍스트 추출 및 저장 완료: texts/Generative adversarial networks in computer vision A survey and taxonomy_1066.txt
2025-02-09 23:56:09,368 - DEBUG - Starting new HTTPS connection (1): dl.acm.org:443
2025-02-09 23:56:09,680 - DEBUG - https://dl.acm.org:443 "GET /doi/pdf/10.1145/3487891 HTTP/1.1" 302 0
2025-02-09 23:56:09,744 - DEBUG - https://dl.acm.org:443 "GET /doi/pdf/10.1145/3487891?cookieSet=1 HTTP/1.1" 302 0
2025-02-09 23:56:10,176 - DEBUG - https://dl.acm.org:443 "GET /doi/pdf/10.1145/3487891 HTTP/1.1" 200 None
2025-02-09 23:56:10,915 - DEBUG - 텍스트 추출 및 저장 완료: texts/Video generative adversarial networks a review_1067.txt
2025-02-09 23:56:10,917 - DEBUG - Starting new HTTPS connection (1): ieeexplore.ieee.org:443
2025-02-09 23:56:11,129 - DEBUG - https://ieeexplore.ieee.org:443 "GET /iel7/6287639/8600701/08667290.pdf HTTP/1.1" 418 245
2025-02-09 23:56:11,130 - DEBUG - Error: HTTP 응답 코드 418 - texts/Recent progress on generative adversarial networks (GANs) A survey_1068.txt
2025-02-09 23:56:11,133 - DEBUG - Starting new HTTPS connection (1): www.mdpi.com:443
2025-02-09 23:56:12,158 - DEBUG - https://www.mdpi.com:443 "GET /2073-431X/12/8/151/pdf HTTP/1.1" 302 None
2025-02-09 23:56:12,165 - DEBUG - Starting new HTTPS connection (1): mdpi-res.com:443
2025-02-09 23:56:13,476 - DEBUG - https://mdpi-res.com:443 "GET /d_attachment/computers/computers-12-00151/article_deploy/computers-12-00151.pdf?version=1690537713 HTTP/1.1" 200 1099739
2025-02-09 23:56:14,647 - DEBUG - 텍스트 추출 및 저장 완료: texts/Convolutional neural networks A survey_1069.txt
2025-02-09 23:56:14,651 - DEBUG - Starting new HTTPS connection (1): www.academia.edu:443
2025-02-09 23:56:14,878 - DEBUG - https://www.academia.edu:443 "GET /download/65705615/Kattenborn_et_al._2021_Review_on_Convolutional_Neural_Networks_CNN_in_vegetation_remote_sensing.pdf HTTP/1.1" 404 16226
2025-02-09 23:56:14,894 - DEBUG - Error: HTTP 응답 코드 404 - texts/Review on Convolutional Neural Networks (CNN) in vegetation remote sensing_1070.txt
2025-02-09 23:56:14,899 - DEBUG - Starting new HTTPS connection (1): www.researchgate.net:443
2025-02-09 23:56:15,090 - DEBUG - https://www.researchgate.net:443 "GET /profile/Nitesh-Jindal-2/post/Weight_Sharing_in_Convolution_Neural_Networks/attachment/61fd13c4b3729f0f61a647b0/AS%3A1119729062289408%401643975620231/download/Pre-printCopy.pdf HTTP/1.1" 403 None
2025-02-09 23:56:15,094 - DEBUG - Error: HTTP 응답 코드 403 - texts/Fundamental concepts of convolutional neural network_1071.txt
2025-02-09 23:56:15,099 - DEBUG - Starting new HTTPS connection (1): www.personal.soton.ac.uk:443
2025-02-09 23:56:16,869 - DEBUG - https://www.personal.soton.ac.uk:443 "GET /cz1y20/Reading_Group/mlts-2024s/week1/Theory_of_deep_convolutional_neural_networks_Downsampling.pdf HTTP/1.1" 200 439004
2025-02-09 23:56:19,621 - DEBUG - 텍스트 추출 및 저장 완료: texts/Theory of deep convolutional neural networks Downsampling_1072.txt
2025-02-09 23:56:19,623 - DEBUG - Starting new HTTPS connection (1): arxiv.org:443
2025-02-09 23:56:20,337 - DEBUG - https://arxiv.org:443 "GET /pdf/1909.11015 HTTP/1.1" 200 1952028
2025-02-09 23:56:22,279 - DEBUG - 텍스트 추출 및 저장 완료: texts/diffGrad an optimization method for convolutional neural networks_1073.txt
2025-02-09 23:56:22,282 - DEBUG - Starting new HTTP connection (1): openaccess.thecvf.com:80
2025-02-09 23:56:22,934 - DEBUG - http://openaccess.thecvf.com:80 "GET /content_CVPR_2020/papers/Wang_Orthogonal_Convolutional_Neural_Networks_CVPR_2020_paper.pdf HTTP/1.1" 302 391
2025-02-09 23:56:22,939 - DEBUG - Starting new HTTPS connection (1): openaccess.thecvf.com:443
2025-02-09 23:56:23,519 - DEBUG - https://openaccess.thecvf.com:443 "GET /content_CVPR_2020/papers/Wang_Orthogonal_Convolutional_Neural_Networks_CVPR_2020_paper.pdf HTTP/1.1" 200 6890998
2025-02-09 23:56:32,098 - DEBUG - 텍스트 추출 및 저장 완료: texts/Orthogonal convolutional neural networks_1074.txt
2025-02-09 23:56:32,100 - DEBUG - Starting new HTTPS connection (1): arxiv.org:443
2025-02-09 23:56:33,185 - DEBUG - https://arxiv.org:443 "GET /pdf/1807.08596 HTTP/1.1" 200 443954
2025-02-09 23:56:33,534 - DEBUG - 텍스트 추출 및 저장 완료: texts/Recent advances in convolutional neural network acceleration_1075.txt
2025-02-09 23:56:33,535 - DEBUG - Starting new HTTPS connection (1): www.mdpi.com:443
2025-02-09 23:56:34,060 - DEBUG - https://www.mdpi.com:443 "GET /2079-3197/11/3/52/pdf HTTP/1.1" 302 None
2025-02-09 23:56:34,065 - DEBUG - Starting new HTTPS connection (1): mdpi-res.com:443
2025-02-09 23:56:35,394 - DEBUG - https://mdpi-res.com:443 "GET /d_attachment/computation/computation-11-00052/article_deploy/computation-11-00052.pdf?version=1678088354 HTTP/1.1" 200 4470475
2025-02-09 23:56:37,599 - DEBUG - 텍스트 추출 및 저장 완료: texts/Theoretical understanding of convolutional neural network Concepts, architectures, applications, future directions_1076.txt
2025-02-09 23:56:37,603 - DEBUG - Starting new HTTPS connection (1): openaccess.thecvf.com:443
2025-02-09 23:56:38,216 - DEBUG - https://openaccess.thecvf.com:443 "GET /content_CVPR_2020/papers/Zhu_Towards_Unified_INT8_Training_for_Convolutional_Neural_Network_CVPR_2020_paper.pdf HTTP/1.1" 200 855022
2025-02-09 23:56:40,053 - DEBUG - 텍스트 추출 및 저장 완료: texts/Towards unified int8 training for convolutional neural network_1077.txt
2025-02-09 23:56:40,055 - DEBUG - Starting new HTTPS connection (1): link.springer.com:443
2025-02-09 23:56:40,426 - DEBUG - https://link.springer.com:443 "GET /content/pdf/10.1007/s12065-020-00540-3.pdf HTTP/1.1" 303 0
2025-02-09 23:56:40,429 - DEBUG - Starting new HTTPS connection (1): idp.springer.com:443
2025-02-09 23:56:40,728 - DEBUG - https://idp.springer.com:443 "GET /authorize?response_type=cookie&client_id=springerlink&redirect_uri=https%3A%2F%2Flink.springer.com%2Fcontent%2Fpdf%2F10.1007%2Fs12065-020-00540-3.pdf HTTP/1.1" 302 0
2025-02-09 23:56:41,418 - DEBUG - https://link.springer.com:443 "GET /content/pdf/10.1007/s12065-020-00540-3.pdf HTTP/1.1" 200 1080455
2025-02-09 23:56:42,811 - DEBUG - 텍스트 추출 및 저장 완료: texts/Convolutional neural networks in medical image understanding a survey_1078.txt
2025-02-09 23:56:42,813 - DEBUG - Starting new HTTPS connection (1): arxiv.org:443
2025-02-09 23:56:42,862 - DEBUG - https://arxiv.org:443 "GET /pdf/1912.05911 HTTP/1.1" 200 1080130
2025-02-09 23:56:43,602 - DEBUG - 텍스트 추출 및 저장 완료: texts/Recurrent neural networks (rnns) A gentle introduction and overview_1079.txt
2025-02-09 23:56:43,603 - DEBUG - Starting new HTTPS connection (1): proceedings.mlr.press:443
2025-02-09 23:56:44,357 - DEBUG - https://proceedings.mlr.press:443 "GET /v202/orvieto23a/orvieto23a.pdf HTTP/1.1" 200 2859028
2025-02-09 23:56:46,075 - DEBUG - 텍스트 추출 및 저장 완료: texts/Resurrecting recurrent neural networks for long sequences_1080.txt
2025-02-09 23:56:46,077 - DEBUG - Starting new HTTPS connection (1): arxiv.org:443
2025-02-09 23:56:46,365 - DEBUG - https://arxiv.org:443 "GET /pdf/1902.09689 HTTP/1.1" 200 1782591
2025-02-09 23:56:48,922 - DEBUG - 텍스트 추출 및 저장 완료: texts/AntisymmetricRNN A dynamical system view on recurrent neural networks_1081.txt
2025-02-09 23:56:48,924 - DEBUG - Starting new HTTPS connection (1): arxiv.org:443
2025-02-09 23:56:48,954 - DEBUG - https://arxiv.org:443 "GET /pdf/1808.03314 HTTP/1.1" 200 1310297
2025-02-09 23:56:49,905 - DEBUG - 텍스트 추출 및 저장 완료: texts/Fundamentals of recurrent neural network (RNN) and long short-term memory (LSTM) network_1082.txt
2025-02-09 23:56:49,906 - DEBUG - Starting new HTTPS connection (1): arxiv.org:443
2025-02-09 23:56:50,234 - DEBUG - https://arxiv.org:443 "GET /pdf/1909.13334 HTTP/1.1" 200 1473117
2025-02-09 23:56:51,454 - DEBUG - 텍스트 추출 및 저장 완료: texts/Symplectic recurrent neural networks_1083.txt
2025-02-09 23:56:51,455 - DEBUG - Starting new HTTP connection (1): proceedings.mlr.press:80
2025-02-09 23:56:52,183 - DEBUG - http://proceedings.mlr.press:80 "GET /v97/ko19a/ko19a.pdf HTTP/1.1" 200 2481781
2025-02-09 23:56:53,057 - DEBUG - 텍스트 추출 및 저장 완료: texts/POPQORN Quantifying robustness of recurrent neural networks_1084.txt
2025-02-09 23:56:53,058 - DEBUG - Starting new HTTPS connection (1): proceedings.neurips.cc:443
2025-02-09 23:56:53,653 - DEBUG - https://proceedings.neurips.cc:443 "GET /paper/2019/file/0ee8b85a85a49346fdff9665312a5cc4-Paper.pdf HTTP/1.1" 200 478790
2025-02-09 23:56:54,530 - DEBUG - 텍스트 추출 및 저장 완료: texts/On the convergence rate of training recurrent neural networks_1085.txt
2025-02-09 23:56:54,531 - DEBUG - Starting new HTTPS connection (1): proceedings.neurips.cc:443
2025-02-09 23:56:55,160 - DEBUG - https://proceedings.neurips.cc:443 "GET /paper/2019/file/a6b8deb7798e7532ade2a8934477d3ce-Paper.pdf HTTP/1.1" 200 420662
2025-02-09 23:56:56,137 - DEBUG - 텍스트 추출 및 저장 완료: texts/Variational graph recurrent neural networks_1086.txt
2025-02-09 23:56:56,139 - DEBUG - Starting new HTTPS connection (1): proceedings.neurips.cc:443
2025-02-09 23:56:56,828 - DEBUG - https://proceedings.neurips.cc:443 "GET /paper/2021/file/29301521774ff3cbd26652b2d5c95996-Paper.pdf HTTP/1.1" 200 326830
2025-02-09 23:56:57,623 - DEBUG - 텍스트 추출 및 저장 완료: texts/Noisy recurrent neural networks_1087.txt
2025-02-09 23:56:57,625 - DEBUG - Starting new HTTPS connection (1): www.academia.edu:443
2025-02-09 23:56:57,853 - DEBUG - https://www.academia.edu:443 "GET /download/67506340/04.pdf HTTP/1.1" 404 16226
2025-02-09 23:56:57,862 - DEBUG - Error: HTTP 응답 코드 404 - texts/Recurrent neural networks and nonlinear prediction in support vector machines_1088.txt
2025-02-09 23:56:57,866 - DEBUG - Starting new HTTPS connection (1): www.researchgate.net:443
2025-02-09 23:56:58,028 - DEBUG - https://www.researchgate.net:443 "GET /profile/Qianhui-Wu-3/publication/326018835_Approach_for_fault_prognosis_using_recurrent_neural_network/links/5d8ed5a3a6fdcc2554a10d0d/Approach-for-fault-prognosis-using-recurrent-neural-network.pdf HTTP/1.1" 403 None
2025-02-09 23:56:58,030 - DEBUG - Error: HTTP 응답 코드 403 - texts/Approach for fault prognosis using recurrent neural network_1089.txt
2025-02-09 23:56:58,037 - DEBUG - Starting new HTTPS connection (1): www.jmlr.org:443
2025-02-09 23:56:58,744 - DEBUG - https://www.jmlr.org:443 "GET /papers/volume21/18-141/18-141.pdf HTTP/1.1" 200 None
2025-02-09 23:57:00,047 - DEBUG - 텍스트 추출 및 저장 완료: texts/Target propagation in recurrent neural networks_1090.txt
2025-02-09 23:57:00,049 - DEBUG - Starting new HTTPS connection (1): research.aalto.fi:443
2025-02-09 23:57:00,676 - DEBUG - https://research.aalto.fi:443 "GET /files/36768418/ELEC_Wright_Real_time_black_box_DAFx2019.pdf HTTP/1.1" 403 None
2025-02-09 23:57:00,679 - DEBUG - Error: HTTP 응답 코드 403 - texts/Real-time black-box modelling with recurrent neural networks_1091.txt
2025-02-09 23:57:00,683 - DEBUG - Starting new HTTPS connection (1): ieeexplore.ieee.org:443
2025-02-09 23:57:00,933 - DEBUG - https://ieeexplore.ieee.org:443 "GET /ielaam/9078688/9368888/9336290-aam.pdf HTTP/1.1" 418 245
2025-02-09 23:57:00,934 - DEBUG - Error: HTTP 응답 코드 418 - texts/A decade survey of transfer learning (2010–2020)_1092.txt
2025-02-09 23:57:00,938 - DEBUG - Starting new HTTPS connection (1): www.informatica.si:443
2025-02-09 23:57:04,148 - DEBUG - https://www.informatica.si:443 "GET /index.php/informatica/article/viewFile/2828/1433 HTTP/1.1" 200 485520
2025-02-09 23:57:06,150 - DEBUG - 텍스트 추출 및 저장 완료: texts/Reminder of the first paper on transfer learning in neural networks, 1976_1093.txt
2025-02-09 23:57:06,152 - DEBUG - Starting new HTTPS connection (1): link.springer.com:443
2025-02-09 23:57:06,626 - DEBUG - https://link.springer.com:443 "GET /content/pdf/10.1186/s12880-022-00793-7.pdf HTTP/1.1" 303 0
2025-02-09 23:57:06,629 - DEBUG - Starting new HTTPS connection (1): idp.springer.com:443
2025-02-09 23:57:07,031 - DEBUG - https://idp.springer.com:443 "GET /authorize?response_type=cookie&client_id=springerlink&redirect_uri=https%3A%2F%2Flink.springer.com%2Fcontent%2Fpdf%2F10.1186%2Fs12880-022-00793-7.pdf HTTP/1.1" 302 0
2025-02-09 23:57:07,698 - DEBUG - https://link.springer.com:443 "GET /content/pdf/10.1186/s12880-022-00793-7.pdf HTTP/1.1" 200 2196153
2025-02-09 23:57:12,557 - DEBUG - 텍스트 추출 및 저장 완료: texts/Transfer learning for medical image classification a literature review_1094.txt
2025-02-09 23:57:12,559 - DEBUG - Starting new HTTPS connection (1): arxiv.org:443
2025-02-09 23:57:12,596 - DEBUG - https://arxiv.org:443 "GET /pdf/2110.04366 HTTP/1.1" 200 1890160
2025-02-09 23:57:13,489 - DEBUG - 텍스트 추출 및 저장 완료: texts/Towards a unified view of parameter-efficient transfer learning_1095.txt
2025-02-09 23:57:13,490 - DEBUG - Starting new HTTP connection (1): proceedings.mlr.press:80
2025-02-09 23:57:13,868 - DEBUG - http://proceedings.mlr.press:80 "GET /v97/houlsby19a/houlsby19a.pdf HTTP/1.1" 200 724447
2025-02-09 23:57:14,266 - DEBUG - 텍스트 추출 및 저장 완료: texts/Parameter-efficient transfer learning for NLP_1096.txt
2025-02-09 23:57:14,268 - DEBUG - Starting new HTTPS connection (1): www.jmlr.org:443
2025-02-09 23:57:14,820 - DEBUG - https://www.jmlr.org:443 "GET /papers/volume21/20-074/20-074.pdf HTTP/1.1" 200 None
2025-02-09 23:57:16,433 - DEBUG - 텍스트 추출 및 저장 완료: texts/Exploring the limits of transfer learning with a unified text-to-text transformer_1097.txt
2025-02-09 23:57:16,435 - DEBUG - Starting new HTTP connection (1): openaccess.thecvf.com:80
2025-02-09 23:57:16,808 - DEBUG - http://openaccess.thecvf.com:80 "GET /content_CVPR_2019/papers/Sun_Meta-Transfer_Learning_for_Few-Shot_Learning_CVPR_2019_paper.pdf HTTP/1.1" 302 394
2025-02-09 23:57:16,811 - DEBUG - Starting new HTTPS connection (1): openaccess.thecvf.com:443
2025-02-09 23:57:17,410 - DEBUG - https://openaccess.thecvf.com:443 "GET /content_CVPR_2019/papers/Sun_Meta-Transfer_Learning_for_Few-Shot_Learning_CVPR_2019_paper.pdf HTTP/1.1" 200 1037935
2025-02-09 23:57:19,086 - DEBUG - 텍스트 추출 및 저장 완료: texts/Meta-transfer learning for few-shot learning_1098.txt
2025-02-09 23:57:19,089 - DEBUG - Starting new HTTPS connection (1): arxiv.org:443
2025-02-09 23:57:19,483 - DEBUG - https://arxiv.org:443 "GET /pdf/2005.00247.pdf HTTP/1.1" 301 249
2025-02-09 23:57:19,487 - DEBUG - Starting new HTTP connection (1): arxiv.org:80
2025-02-09 23:57:20,772 - DEBUG - http://arxiv.org:80 "GET /pdf/2005.00247 HTTP/1.1" 200 1623006
2025-02-09 23:57:21,852 - DEBUG - 텍스트 추출 및 저장 완료: texts/Adapterfusion Non-destructive task composition for transfer learning_1099.txt
2025-02-09 23:57:21,853 - DEBUG - Starting new HTTPS connection (1): proceedings.neurips.cc:443
2025-02-09 23:57:22,478 - DEBUG - https://proceedings.neurips.cc:443 "GET /paper_files/paper/2019/file/37f65c068b7723cd7809ee2d31d7861c-Paper.pdf HTTP/1.1" 200 629596
2025-02-09 23:57:23,702 - DEBUG - 텍스트 추출 및 저장 완료: texts/Evaluating protein transfer learning with TAPE_1100.txt
2025-02-09 23:57:23,704 - DEBUG - Starting new HTTPS connection (1): arxiv.org:443
2025-02-09 23:57:24,980 - DEBUG - https://arxiv.org:443 "GET /pdf/1904.00625 HTTP/1.1" 200 1358245
2025-02-09 23:57:25,996 - DEBUG - 텍스트 추출 및 저장 완료: texts/Med3d Transfer learning for 3d medical image analysis_1101.txt
2025-02-09 23:57:25,997 - DEBUG - Starting new HTTPS connection (1): www.researchgate.net:443
2025-02-09 23:57:26,241 - DEBUG - https://www.researchgate.net:443 "GET /profile/Jordan-Bird/publication/325803364_A_Study_on_CNN_Transfer_Learning_for_Image_Classification/links/5bd8874b92851c6b279a23ea/A-Study-on-CNN-Transfer-Learning-for-Image-Classification.pdf HTTP/1.1" 403 None
2025-02-09 23:57:26,243 - DEBUG - Error: HTTP 응답 코드 403 - texts/A study on CNN transfer learning for image classification_1102.txt
2025-02-09 23:57:26,245 - DEBUG - Starting new HTTPS connection (1): academic.oup.com:443
2025-02-09 23:57:26,398 - DEBUG - https://academic.oup.com:443 "GET /ieam/article-pdf/17/1/62/59422794/ieam4332.pdf HTTP/1.1" 403 None
2025-02-09 23:57:26,401 - DEBUG - Error: HTTP 응답 코드 403 - texts/Bayesian networks in environmental risk assessment A review_1103.txt
2025-02-09 23:57:26,404 - DEBUG - Starting new HTTP connection (1): www.plexusowls.com:80
2025-02-09 23:57:27,675 - DEBUG - http://www.plexusowls.com:80 "GET /PDFs/advances_in_Bayesian_network_modelling.pdf HTTP/1.1" 200 868551
2025-02-09 23:57:29,624 - DEBUG - 텍스트 추출 및 저장 완료: texts/Advances in Bayesian network modelling Integration of modelling technologies_1104.txt
2025-02-09 23:57:29,628 - DEBUG - Starting new HTTPS connection (1): dipot.ulb.ac.be:443
2025-02-09 23:57:31,233 - DEBUG - https://dipot.ulb.ac.be:443 "GET /dspace/bitstream/2013/340429/3/tutorial.pdf HTTP/1.1" 200 1521481
2025-02-09 23:57:33,420 - DEBUG - 텍스트 추출 및 저장 완료: texts/A tutorial on bayesian networks for psychopathology researchers._1105.txt
2025-02-09 23:57:33,426 - DEBUG - Starting new HTTPS connection (1): www.jstatsoft.org:443
2025-02-09 23:59:02,942 - DEBUG - https://www.jstatsoft.org:443 "GET /article/view/v091i11/1328 HTTP/1.1" 302 0
2025-02-09 23:59:03,243 - DEBUG - https://www.jstatsoft.org:443 "GET /index.php/jss/article/download/v091i11/1328 HTTP/1.1" 303 262
2025-02-09 23:59:03,642 - DEBUG - https://www.jstatsoft.org:443 "GET /article/download/v091i11/1328 HTTP/1.1" 200 652654
2025-02-09 23:59:06,243 - DEBUG - 텍스트 추출 및 저장 완료: texts/Learning large-scale Bayesian networks with the sparsebn package_1106.txt
2025-02-09 23:59:06,250 - DEBUG - Starting new HTTPS connection (1): bradscholars.brad.ac.uk:443
2025-02-09 23:59:09,409 - DEBUG - https://bradscholars.brad.ac.uk:443 "GET /bitstream/handle/10454/17427/Kabir_S_Accepted_Manuscript.pdf?sequence=5 HTTP/1.1" 200 601071
2025-02-09 23:59:11,278 - DEBUG - 텍스트 추출 및 저장 완료: texts/Applications of Bayesian networks and Petri nets in safety, reliability, and risk assessments A review_1107.txt
2025-02-09 23:59:11,281 - DEBUG - Starting new HTTPS connection (1): pure.tudelft.nl:443
2025-02-09 23:59:15,405 - DEBUG - https://pure.tudelft.nl:443 "GET /ws/files/70261238/Manuscript_Bayesian_postprint.pdf HTTP/1.1" 200 None
2025-02-09 23:59:20,043 - DEBUG - 텍스트 추출 및 저장 완료: texts/Probabilistic framework to evaluate the resilience of engineering systems using Bayesian and dynamic Bayesian networks_1108.txt
2025-02-09 23:59:20,045 - DEBUG - Starting new HTTPS connection (1): boa.unimib.it:443
2025-02-09 23:59:23,763 - DEBUG - https://boa.unimib.it:443 "GET /bitstream/10281/231183/4/survey.pdf HTTP/1.1" 200 366277
2025-02-09 23:59:25,780 - DEBUG - 텍스트 추출 및 저장 완료: texts/A survey on Bayesian network structure learning from data_1109.txt
2025-02-09 23:59:25,786 - DEBUG - Starting new HTTPS connection (1): philarchive.org:443
2025-02-09 23:59:26,081 - DEBUG - https://philarchive.org:443 "GET /archive/LABVLT HTTP/1.1" 530 6197
2025-02-09 23:59:26,083 - DEBUG - Error: HTTP 응답 코드 530 - texts/bayesvl Visually learning the graphical structure of Bayesian networks and performing MCMC with 'Stan'_1110.txt
2025-02-09 23:59:26,087 - DEBUG - Starting new HTTPS connection (1): academic.oup.com:443
2025-02-09 23:59:26,335 - DEBUG - https://academic.oup.com:443 "GET /ieam/article-pdf/17/1/53/59422172/ieam4369.pdf HTTP/1.1" 403 None
2025-02-09 23:59:26,337 - DEBUG - Error: HTTP 응답 코드 403 - texts/Increased use of Bayesian network models has improved environmental risk assessments_1111.txt
2025-02-09 23:59:26,340 - DEBUG - Starting new HTTPS connection (1): www.researchgate.net:443
2025-02-09 23:59:26,537 - DEBUG - https://www.researchgate.net:443 "GET /profile/He-Li-42/publication/344306331_Reliability_Analysis_of_a_Floating_Offshore_Wind_Turbine_using_Bayesian_Networks/links/5f653a48458515b7cf3ec24c/Reliability-Analysis-of-a-Floating-Offshore-Wind-Turbine-using-Bayesian-Networks.pdf HTTP/1.1" 403 None
2025-02-09 23:59:26,544 - DEBUG - Error: HTTP 응답 코드 403 - texts/Reliability analysis of a floating offshore wind turbine using Bayesian Networks_1112.txt
2025-02-09 23:59:26,548 - DEBUG - Starting new HTTPS connection (1): www.jstatsoft.org:443
2025-02-09 23:59:28,450 - DEBUG - https://www.jstatsoft.org:443 "GET /article/view/v105i09/4433 HTTP/1.1" 302 0
2025-02-09 23:59:28,758 - DEBUG - https://www.jstatsoft.org:443 "GET /index.php/jss/article/download/v105i09/4433 HTTP/1.1" 303 262
2025-02-09 23:59:29,087 - DEBUG - https://www.jstatsoft.org:443 "GET /article/download/v105i09/4433 HTTP/1.1" 200 2265437
2025-02-09 23:59:36,028 - DEBUG - 텍스트 추출 및 저장 완료: texts/Bayesian structure learning and sampling of Bayesian networks with the R package BiDAG_1113.txt
2025-02-09 23:59:36,030 - DEBUG - Starting new HTTPS connection (1): c22cepchile.cl:443
2025-02-09 23:59:37,463 - DEBUG - https://c22cepchile.cl:443 "GET /wp-content/uploads/2021/09/AC-Ruz-Henriquez-Mascareno-2020-Sentiment-Analysis.pdf HTTP/1.1" 200 1310438
2025-02-09 23:59:40,885 - DEBUG - 텍스트 추출 및 저장 완료: texts/Sentiment analysis of Twitter data during critical events through Bayesian networks classifiers_1114.txt
2025-02-09 23:59:40,887 - DEBUG - Starting new HTTPS connection (1): journals.plos.org:443
2025-02-09 23:59:41,453 - DEBUG - https://journals.plos.org:443 "GET /plosone/article/file?id=10.1371/journal.pone.0211546&type=printable HTTP/1.1" 200 None
2025-02-09 23:59:42,736 - DEBUG - 텍스트 추출 및 저장 완료: texts/Factors influencing sedentary behaviour a system based analysis using Bayesian networks within DEDIPAC_1115.txt
2025-02-09 23:59:42,738 - DEBUG - Starting new HTTPS connection (1): link.springer.com:443
2025-02-09 23:59:43,197 - DEBUG - https://link.springer.com:443 "GET /content/pdf/10.1007/s00521-020-04832-8.pdf HTTP/1.1" 303 0
2025-02-09 23:59:43,201 - DEBUG - Starting new HTTPS connection (1): idp.springer.com:443
2025-02-09 23:59:43,604 - DEBUG - https://idp.springer.com:443 "GET /authorize?response_type=cookie&client_id=springerlink&redirect_uri=https%3A%2F%2Flink.springer.com%2Fcontent%2Fpdf%2F10.1007%2Fs00521-020-04832-8.pdf HTTP/1.1" 302 0
2025-02-09 23:59:43,967 - DEBUG - https://link.springer.com:443 "GET /content/pdf/10.1007/s00521-020-04832-8.pdf HTTP/1.1" 200 1414288
2025-02-09 23:59:46,508 - DEBUG - 텍스트 추출 및 저장 완료: texts/Evolutionary algorithms and their applications to engineering problems_1116.txt
2025-02-09 23:59:46,510 - DEBUG - Starting new HTTPS connection (1): pure.tudelft.nl:443
2025-02-09 23:59:47,661 - DEBUG - https://pure.tudelft.nl:443 "GET /ws/files/53809960/Kapelan_EMS_Paper.pdf HTTP/1.1" 200 None
2025-02-09 23:59:52,670 - DEBUG - 텍스트 추출 및 저장 완료: texts/Introductory overview Optimization using evolutionary algorithms and other metaheuristics_1117.txt
2025-02-09 23:59:52,671 - DEBUG - Starting new HTTPS connection (1): ink.library.smu.edu.sg:443
2025-02-09 23:59:53,377 - DEBUG - https://ink.library.smu.edu.sg:443 "GET /cgi/viewcontent.cgi?article=9159&context=sis_research HTTP/1.1" 200 212
2025-02-09 23:59:53,388 - DEBUG - PDF 파일 읽기 오류: EOF marker not found
2025-02-09 23:59:53,390 - DEBUG - Starting new HTTPS connection (1): jyx.jyu.fi:443
2025-02-09 23:59:57,363 - DEBUG - https://jyx.jyu.fi:443 "GET /bitstream/handle/123456789/63792/1/asurveyonhandlingcomputationallyexpensive.pdf HTTP/1.1" 200 1786916
2025-02-10 00:00:01,562 - DEBUG - 텍스트 추출 및 저장 완료: texts/A survey on handling computationally expensive multiobjective optimization problems with evolutionary algorithms_1119.txt
2025-02-10 00:00:01,567 - DEBUG - Starting new HTTPS connection (1): openresearch.surrey.ac.uk:443
2025-02-10 00:00:04,342 - DEBUG - https://openresearch.surrey.ac.uk:443 "GET /view/delivery/44SUR_INST/12139776710002346/13140562420002346 HTTP/1.1" 302 0
2025-02-10 00:00:04,349 - DEBUG - Starting new HTTPS connection (1): s3.eu-central-1.amazonaws.com:443
2025-02-10 00:00:05,420 - DEBUG - https://s3.eu-central-1.amazonaws.com:443 "GET /eu-st01.ext.exlibrisgroup.com/44SUR_INST/storage/alma/D4/81/65/4E/CE/08/41/5E/D7/EC/4C/51/91/98/31/35/An%20Evolutionary%20Algorithm%20for%20Large-Scale%20Sparse%20Multi-Objective%20Optimization%20Problems.pdf?response-content-type=application%2Fpdf&X-Amz-Algorithm=AWS4-HMAC-SHA256&X-Amz-Date=20250209T150004Z&X-Amz-SignedHeaders=host&X-Amz-Expires=119&X-Amz-Credential=AKIAJN6NPMNGJALPPWAQ%2F20250209%2Feu-central-1%2Fs3%2Faws4_request&X-Amz-Signature=4da7c6f4e124bb6064de2576c340ed49c58734a3279178cbcbccf8e5ebdc23e9 HTTP/1.1" 200 1492446
2025-02-10 00:00:11,495 - DEBUG - 텍스트 추출 및 저장 완료: texts/An evolutionary algorithm for large-scale sparse multiobjective optimization problems_1120.txt
2025-02-10 00:00:11,497 - DEBUG - Starting new HTTPS connection (1): www.researchgate.net:443
2025-02-10 00:00:11,739 - DEBUG - https://www.researchgate.net:443 "GET /profile/Ali-Wagdy/publication/319159327_Adaptive_guided_differential_evolution_algorithm_with_novel_mutation_for_numerical_optimization/links/5a97a1460f7e9ba42974df00/Adaptive-guided-differential-evolution-algorithm-with-novel-mutation-for-numerical-optimization.pdf HTTP/1.1" 403 None
2025-02-10 00:00:11,755 - DEBUG - Error: HTTP 응답 코드 403 - texts/Adaptive guided differential evolution algorithm with novel mutation for numerical optimization_1121.txt
2025-02-10 00:00:11,760 - DEBUG - Starting new HTTPS connection (1): www.math.ucdavis.edu:443
2025-02-10 00:00:15,619 - DEBUG - https://www.math.ucdavis.edu:443 "GET /~saito/data/PSO-ACO/deng-etal_diff-evol-with-wavelets.pdf HTTP/1.1" 200 3260166
2025-02-10 00:00:19,863 - DEBUG - 텍스트 추출 및 저장 완료: texts/Differential evolution algorithm with wavelet basis function and optimal mutation strategy for complex optimization problem_1122.txt
2025-02-10 00:00:19,866 - DEBUG - Starting new HTTPS connection (1): www.mdpi.com:443
2025-02-10 00:00:20,675 - DEBUG - https://www.mdpi.com:443 "GET /2076-3417/9/9/1730/pdf HTTP/1.1" 302 None
2025-02-10 00:00:20,680 - DEBUG - Starting new HTTPS connection (1): mdpi-res.com:443
2025-02-10 00:00:23,033 - DEBUG - https://mdpi-res.com:443 "GET /d_attachment/applsci/applsci-09-01730/article_deploy/applsci-09-01730.pdf?version=1556272571 HTTP/1.1" 200 1348298
2025-02-10 00:00:24,328 - DEBUG - 텍스트 추출 및 저장 완료: texts/Evolutionary algorithms to optimize task scheduling problem for the IoT based bag-of-tasks application in cloud–fog computing environment_1123.txt
2025-02-10 00:00:24,330 - DEBUG - Starting new HTTPS connection (1): dr.ntu.edu.sg:443
2025-02-10 00:00:27,536 - DEBUG - https://dr.ntu.edu.sg:443 "GET /bitstream/10356/143194/2/Multifactorial%20Evolutionary%20Algorithm%20with%20Online%20Transfer%20Parameter%20Estimation-%20MFEA-II.pdf HTTP/1.1" 200 5582866
2025-02-10 00:00:37,447 - DEBUG - 텍스트 추출 및 저장 완료: texts/Multifactorial evolutionary algorithm with online transfer parameter estimation MFEA-II_1124.txt
2025-02-10 00:00:37,450 - DEBUG - Starting new HTTPS connection (1): dr.ntu.edu.sg:443
2025-02-10 00:00:39,414 - DEBUG - https://dr.ntu.edu.sg:443 "GET /bitstream/10356/139914/2/Parameter%20estimation%20of%20solar%20cells%20using%20datasheet%20information%20with%20the%20application%20of%20an%20adaptive%20differential%20evolution%20algorithm.pdf HTTP/1.1" 200 868675
2025-02-10 00:00:43,029 - DEBUG - 텍스트 추출 및 저장 완료: texts/Parameter estimation of solar cells using datasheet information with the application of an adaptive differential evolution algorithm_1125.txt
2025-02-10 00:00:43,031 - DEBUG - Starting new HTTPS connection (1): ieeexplore.ieee.org:443
2025-02-10 00:00:43,716 - DEBUG - https://ieeexplore.ieee.org:443 "GET /iel7/6570654/9497871/09498989.pdf HTTP/1.1" 418 245
2025-02-10 00:00:43,718 - DEBUG - Error: HTTP 응답 코드 418 - texts/A review on representative swarm intelligence algorithms for solving optimization problems Applications and trends_1126.txt
2025-02-10 00:00:43,722 - DEBUG - Starting new HTTPS connection (1): ieeexplore.ieee.org:443
2025-02-10 00:00:43,933 - DEBUG - https://ieeexplore.ieee.org:443 "GET /iel7/6287639/8948470/09214446.pdf HTTP/1.1" 418 245
2025-02-10 00:00:43,934 - DEBUG - Error: HTTP 응답 코드 418 - texts/UAV swarm intelligence Recent advances and future trends_1127.txt
2025-02-10 00:00:43,937 - DEBUG - Starting new HTTPS connection (1): www.mdpi.com:443
2025-02-10 00:00:44,435 - DEBUG - https://www.mdpi.com:443 "GET /1424-8220/20/5/1420/pdf HTTP/1.1" 302 None
2025-02-10 00:00:44,438 - DEBUG - Starting new HTTPS connection (1): mdpi-res.com:443
2025-02-10 00:00:47,016 - DEBUG - https://mdpi-res.com:443 "GET /d_attachment/sensors/sensors-20-01420/article_deploy/sensors-20-01420.pdf?version=1583412046 HTTP/1.1" 200 3816252
2025-02-10 00:00:49,639 - DEBUG - 텍스트 추출 및 저장 완료: texts/A survey of using swarm intelligence algorithms in IoT_1128.txt
2025-02-10 00:00:49,640 - DEBUG - Starting new HTTPS connection (1): arxiv.org:443
2025-02-10 00:00:51,018 - DEBUG - https://arxiv.org:443 "GET /pdf/2008.04103 HTTP/1.1" 200 1080711
2025-02-10 00:00:52,174 - DEBUG - 텍스트 추출 및 저장 완료: texts/Review of swarm intelligence-based feature selection methods_1129.txt
2025-02-10 00:00:52,176 - DEBUG - Starting new HTTPS connection (1): www.researchgate.net:443
2025-02-10 00:00:52,328 - DEBUG - https://www.researchgate.net:443 "GET /profile/Bach-Nguyen-10/publication/339087761_A_survey_on_swarm_intelligence_approaches_to_feature_selection_in_data_mining/links/6023411c92851c4ed55eb644/A-survey-on-swarm-intelligence-approaches-to-feature-selection-in-data-mining.pdf HTTP/1.1" 403 None
2025-02-10 00:00:52,331 - DEBUG - Error: HTTP 응답 코드 403 - texts/A survey on swarm intelligence approaches to feature selection in data mining_1130.txt
2025-02-10 00:00:52,334 - DEBUG - Starting new HTTP connection (1): mobile.aau.at:80
2025-02-10 00:00:54,977 - DEBUG - http://mobile.aau.at:80 "GET /publications/schranz-2021-Swarm_intelligence_and_cyber-physical_systems.pdf HTTP/1.1" 302 281
2025-02-10 00:00:54,981 - DEBUG - Starting new HTTPS connection (1): mobile.aau.at:443
2025-02-10 00:00:56,842 - DEBUG - https://mobile.aau.at:443 "GET /publications/schranz-2021-Swarm_intelligence_and_cyber-physical_systems.pdf HTTP/1.1" 200 626943
2025-02-10 00:00:58,662 - DEBUG - 텍스트 추출 및 저장 완료: texts/Swarm intelligence and cyber-physical systems concepts, challenges and future trends_1131.txt
2025-02-10 00:00:58,666 - DEBUG - Starting new HTTPS connection (1): cdnx.uobabylon.edu.iq:443
2025-02-10 00:01:01,592 - DEBUG - https://cdnx.uobabylon.edu.iq:443 "GET /research/repository1_publication345_21_266.pdf HTTP/1.1" 200 2240023
2025-02-10 00:01:06,878 - DEBUG - 텍스트 추출 및 저장 완료: texts/Swarm intelligence in anomaly detection systems an overview_1132.txt
2025-02-10 00:01:06,881 - DEBUG - Starting new HTTPS connection (1): www.tandfonline.com:443
2025-02-10 00:01:07,065 - DEBUG - https://www.tandfonline.com:443 "GET /doi/pdf/10.1080/21642583.2019.1708830 HTTP/1.1" 403 None
2025-02-10 00:01:07,066 - DEBUG - Error: HTTP 응답 코드 403 - texts/A novel swarm intelligence optimization approach sparrow search algorithm_1133.txt
2025-02-10 00:01:07,069 - DEBUG - Starting new HTTPS connection (1): jcupt.bupt.edu.cn:443
2025-02-10 00:01:09,348 - DEBUG - https://jcupt.bupt.edu.cn:443 "GET /EN/article/downloadArticleFile.do?attachType=PDF&id=1327 HTTP/1.1" 200 None
2025-02-10 00:01:13,579 - DEBUG - 텍스트 추출 및 저장 완료: texts/Research on swarm intelligence optimization algorithm_1134.txt
2025-02-10 00:01:13,581 - DEBUG - Starting new HTTPS connection (1): www.researchgate.net:443
2025-02-10 00:01:13,806 - DEBUG - https://www.researchgate.net:443 "GET /profile/Jaganathan-Logeshwaran/publication/363534449_The_smart_construction_for_image_preprocessing_of_mobile_robotic_systems_using_neuro_fuzzy_logical_system_approach_NeuroQuantology/links/6321470b873eca0c0086dd6c/The-smart-construction-for-image-preprocessing-of-mobile-robotic-systems-using-neuro-fuzzy-logical-system-approach-NeuroQuantology.pdf HTTP/1.1" 403 None
2025-02-10 00:01:13,822 - DEBUG - Error: HTTP 응답 코드 403 - texts/The smart construction for image pre processing of mobile robotic systems using neuro fuzzy logical system approach_1135.txt
2025-02-10 00:01:13,825 - DEBUG - Starting new HTTPS connection (1): shura.shu.ac.uk:443
2025-02-10 00:01:17,037 - DEBUG - https://shura.shu.ac.uk:443 "GET /34360/2/information-15-00656.pdf HTTP/1.1" 200 1562331
2025-02-10 00:01:21,136 - DEBUG - 텍스트 추출 및 저장 완료: texts/Fuzzy Logic Concepts, Developments and Implementation_1136.txt
2025-02-10 00:01:21,137 - DEBUG - Starting new HTTPS connection (1): www.mdpi.com:443
2025-02-10 00:01:21,632 - DEBUG - https://www.mdpi.com:443 "GET /2076-3417/10/10/3464/pdf HTTP/1.1" 302 None
2025-02-10 00:01:21,636 - DEBUG - Starting new HTTPS connection (1): mdpi-res.com:443
2025-02-10 00:01:22,728 - DEBUG - https://mdpi-res.com:443 "GET /d_attachment/applsci/applsci-10-03464/article_deploy/applsci-10-03464.pdf?version=1589714430 HTTP/1.1" 200 3255121
2025-02-10 00:01:24,521 - DEBUG - 텍스트 추출 및 저장 완료: texts/Fuzzy logic systems for diagnosis of renal cancer_1137.txt
2025-02-10 00:01:24,523 - DEBUG - Starting new HTTPS connection (1): uphf.hal.science:443
2025-02-10 00:01:26,573 - DEBUG - https://uphf.hal.science:443 "GET /hal-03644439/file/IEEE_CIM_FINAL_SimpleColumn.pdf HTTP/1.1" 200 549605
2025-02-10 00:01:28,290 - DEBUG - 텍스트 추출 및 저장 완료: texts/Fuzzy control systems Past, present and future_1138.txt
2025-02-10 00:01:28,293 - DEBUG - Starting new HTTPS connection (1): www.tandfonline.com:443
2025-02-10 00:01:28,449 - DEBUG - https://www.tandfonline.com:443 "GET /doi/pdf/10.1080/21642583.2024.2394429 HTTP/1.1" 403 None
2025-02-10 00:01:28,451 - DEBUG - Error: HTTP 응답 코드 403 - texts/Fuzzy logic approach for controlling uncertain and nonlinear systems a comprehensive review of applications and advances_1139.txt
2025-02-10 00:01:28,453 - DEBUG - Starting new HTTPS connection (1): www.researchgate.net:443
2025-02-10 00:01:28,691 - DEBUG - https://www.researchgate.net:443 "GET /profile/Ahmed-Obaid-5/publication/341916039_Mathematical_modelling_analysis_and_design_of_fuzzy_logic_controller_for_the_control_of_ventilation_systems_using_MATLAB_fuzzy_logic_toolbox/links/5ee85923a6fdcc73be7fbeb0/Mathematical-modelling-analysis-and-design-of-fuzzy-logic-controller-for-the-control-of-ventilation-systems-using-MATLAB-fuzzy-logic-toolbox.pdf HTTP/1.1" 403 None
2025-02-10 00:01:28,700 - DEBUG - Error: HTTP 응답 코드 403 - texts/Mathematical modelling, analysis and design of fuzzy logic controller for the control of ventilation systems using MATLAB fuzzy logic toolbox_1140.txt
2025-02-10 00:01:28,704 - DEBUG - Starting new HTTPS connection (1): arxiv.org:443
2025-02-10 00:01:29,382 - DEBUG - https://arxiv.org:443 "GET /pdf/2404.12800 HTTP/1.1" 200 1829253
2025-02-10 00:01:31,728 - DEBUG - 텍스트 추출 및 저장 완료: texts/Zadeh's Type-2 Fuzzy Logic Systems Precision and High-Quality Prediction Intervals_1141.txt
2025-02-10 00:01:31,730 - DEBUG - Starting new HTTPS connection (1): ascelibrary.org:443
2025-02-10 00:01:31,882 - DEBUG - https://ascelibrary.org:443 "GET /doi/pdf/10.1061/%28ASCE%29CO.1943-7862.0001854?download=true HTTP/1.1" 403 None
2025-02-10 00:01:31,886 - DEBUG - Error: HTTP 응답 코드 403 - texts/Fuzzy logic and fuzzy hybrid techniques for construction engineering and management_1142.txt
2025-02-10 00:01:31,888 - DEBUG - Starting new HTTPS connection (1): e-tarjome.com:443
2025-02-10 00:01:33,503 - DEBUG - https://e-tarjome.com:443 "GET /storage/panel/fileuploads/2019-08-22/1566459139_E12688-e-tarjome.pdf HTTP/1.1" 200 None
2025-02-10 00:01:35,209 - DEBUG - 텍스트 추출 및 저장 완료: texts/Design of type-2 fuzzy logic systems based on improved ant colony optimization_1143.txt
2025-02-10 00:01:35,211 - DEBUG - Starting new HTTPS connection (1): www.mdpi.com:443
2025-02-10 00:01:36,144 - DEBUG - https://www.mdpi.com:443 "GET /1424-8220/20/16/4445/pdf HTTP/1.1" 302 None
2025-02-10 00:01:36,147 - DEBUG - Starting new HTTPS connection (1): mdpi-res.com:443
2025-02-10 00:01:37,128 - DEBUG - https://mdpi-res.com:443 "GET /d_attachment/sensors/sensors-20-04445/article_deploy/sensors-20-04445.pdf?version=1596964383 HTTP/1.1" 200 5598985
2025-02-10 00:01:42,327 - DEBUG - 텍스트 추출 및 저장 완료: texts/Wall-following behavior for a disinfection robot using type 1 and type 2 fuzzy logic systems_1144.txt
2025-02-10 00:01:42,329 - DEBUG - Starting new HTTPS connection (1): arxiv.org:443
2025-02-10 00:01:42,564 - DEBUG - https://arxiv.org:443 "GET /pdf/2010.11034 HTTP/1.1" 200 261497
2025-02-10 00:01:43,124 - DEBUG - 텍스트 추출 및 저장 완료: texts/On explaining decision trees_1145.txt
2025-02-10 00:01:43,125 - DEBUG - Starting new HTTPS connection (1): proceedings.neurips.cc:443
2025-02-10 00:01:43,883 - DEBUG - https://proceedings.neurips.cc:443 "GET /paper_files/paper/2019/file/ac52c626afc10d4075708ac4c778ddfc-Paper.pdf HTTP/1.1" 200 542530
2025-02-10 00:01:44,871 - DEBUG - 텍스트 추출 및 저장 완료: texts/Optimal sparse decision trees_1146.txt
2025-02-10 00:01:44,873 - DEBUG - Starting new HTTPS connection (1): openaccess.thecvf.com:443
2025-02-10 00:01:45,511 - DEBUG - https://openaccess.thecvf.com:443 "GET /content_CVPR_2019/papers/Zhang_Interpreting_CNNs_via_Decision_Trees_CVPR_2019_paper.pdf HTTP/1.1" 200 4282904
2025-02-10 00:01:51,685 - DEBUG - 텍스트 추출 및 저장 완료: texts/Interpreting cnns via decision trees_1147.txt
2025-02-10 00:01:51,687 - DEBUG - Starting new HTTPS connection (1): arxiv.org:443
2025-02-10 00:01:51,735 - DEBUG - https://arxiv.org:443 "GET /pdf/2004.00221 HTTP/1.1" 200 6103256
2025-02-10 00:01:55,701 - DEBUG - 텍스트 추출 및 저장 완료: texts/NBDT Neural-backed decision trees_1148.txt
2025-02-10 00:01:55,703 - DEBUG - Starting new HTTP connection (1): proceedings.mlr.press:80
2025-02-10 00:01:56,960 - DEBUG - http://proceedings.mlr.press:80 "GET /v119/lin20g/lin20g.pdf HTTP/1.1" 200 1230600
2025-02-10 00:01:57,681 - DEBUG - 텍스트 추출 및 저장 완료: texts/Generalized and scalable optimal sparse decision trees_1149.txt
2025-02-10 00:01:57,683 - DEBUG - Starting new HTTPS connection (1): www.sciencedirect.com:443
2025-02-10 00:01:57,934 - DEBUG - https://www.sciencedirect.com:443 "GET /science/article/pii/S235197891930736X/pdf?md5=7baddd2fd43f57f16edf67b80b25efee&pid=1-s2.0-S235197891930736X-main.pdf HTTP/1.1" 403 None
2025-02-10 00:01:58,200 - DEBUG - Error: HTTP 응답 코드 403 - texts/Prediction performance of improved decision tree-based algorithms a review_1150.txt
2025-02-10 00:01:58,206 - DEBUG - Starting new HTTPS connection (1): www.jastt.org:443
2025-02-10 00:02:06,449 - DEBUG - https://www.jastt.org:443 "GET /index.php/jasttpath/article/download/65/24 HTTP/1.1" 200 None
2025-02-10 00:02:08,036 - DEBUG - 텍스트 추출 및 저장 완료: texts/Classification based on decision tree algorithm for machine learning_1151.txt
2025-02-10 00:02:08,039 - DEBUG - Starting new HTTPS connection (1): aaai.org:443
2025-02-10 00:02:09,131 - DEBUG - https://aaai.org:443 "GET /ojs/index.php/AAAI/article/view/3943/3821 HTTP/1.1" 403 146
2025-02-10 00:02:09,131 - DEBUG - Error: HTTP 응답 코드 403 - texts/Learning optimal and fair decision trees for non-discriminative decision-making_1152.txt
2025-02-10 00:02:09,133 - DEBUG - Starting new HTTPS connection (1): aaai.org:443
2025-02-10 00:02:10,343 - DEBUG - https://aaai.org:443 "GET /ojs/index.php/AAAI/article/view/5895/5751 HTTP/1.1" 403 146
2025-02-10 00:02:10,343 - DEBUG - Error: HTTP 응답 코드 403 - texts/Practical federated gradient boosting decision trees_1153.txt
2025-02-10 00:02:10,346 - DEBUG - Starting new HTTPS connection (1): chenjing98.github.io:443
2025-02-10 00:02:10,857 - DEBUG - https://chenjing98.github.io:443 "GET /uploads/pitree-mm19.pdf HTTP/1.1" 200 1071508
2025-02-10 00:02:11,903 - DEBUG - 텍스트 추출 및 저장 완료: texts/PiTree Practical implementation of ABR algorithms using decision trees_1154.txt
2025-02-10 00:02:11,904 - DEBUG - Starting new HTTPS connection (1): iopscience.iop.org:443
2025-02-10 00:02:12,985 - DEBUG - https://iopscience.iop.org:443 "GET /article/10.1088/1742-6596/1651/1/012083/pdf HTTP/1.1" 302 None
2025-02-10 00:02:12,998 - DEBUG - Starting new HTTPS connection (1): validate.perfdrive.com:443
2025-02-10 00:02:13,812 - DEBUG - https://validate.perfdrive.com:443 "GET /9730847aceed30627ebd520e46ee70b2/?ssa=23a3f400-4a37-43fb-9974-8c8459388f99&ssb=01073201754&ssc=https%3A%2F%2Fiopscience.iop.org%2Farticle%2F10.1088%2F1742-6596%2F1651%2F1%2F012083%2Fpdf&ssi=a2b292c7-cnvj-4d63-9b07-09af3e09c889&ssk=botmanager_support@radware.com&ssm=73173737297326146102734220986434&ssn=6d0af1deeecdd5944b21acb17549eaeac703b20c0ed3-f767-49d8-a72959&sso=33e382bc-496afe035294e29859f0ae7b5b83abb19a24fd1c4d6cca96&ssp=86464403451739174976173919624941134&ssq=22820311333200199942613332803412215276811&ssr=MjIwLjY1LjI0MC4yMTY=&sst=python-requests/2.32.3&ssu=&ssv=&ssw=&ssx=eyJyZCI6ImlvcC5vcmciLCJfX3V6bWYiOiI3ZjYwMDA1NTRlOWQzMS02YmFjLTQ5ZDgtOWVkMy0xMzYyZTNiYzE2M2IxNzM5MTEzMzMyOTMwMC05MWE5ZDE1MDQ3NWM0MDhiMTAiLCJ1em14IjoiN2Y5MDAwZTJkYTkwNzEtMWFjMC00ODIxLWEzZjEtNDRkYWNlOGExZTU0MS0xNzM5MTEzMzMyOTMwMC03N2NjODU2ZTljNTM3YmJkMTAifQ== HTTP/1.1" 200 5600
2025-02-10 00:02:13,818 - DEBUG - PDF 파일 읽기 오류: EOF marker not found
2025-02-10 00:02:13,825 - DEBUG - Starting new HTTPS connection (1): iopscience.iop.org:443
2025-02-10 00:02:14,654 - DEBUG - https://iopscience.iop.org:443 "GET /article/10.1088/1748-9326/abbf7b/pdf HTTP/1.1" 302 None
2025-02-10 00:02:14,660 - DEBUG - Starting new HTTPS connection (1): validate.perfdrive.com:443
2025-02-10 00:02:15,270 - DEBUG - https://validate.perfdrive.com:443 "GET /9730847aceed30627ebd520e46ee70b2/?ssa=49053024-b48d-40de-a221-4b4e4ec69d06&ssb=40270233597&ssc=https%3A%2F%2Fiopscience.iop.org%2Farticle%2F10.1088%2F1748-9326%2Fabbf7b%2Fpdf&ssi=48a149f4-cnvj-4715-a138-e68ff5f425e3&ssk=botmanager_support@radware.com&ssm=79713021678707320103142450461520&ssn=18cb5129c04e8874c2cad664f0011f557414d84082c8-d495-4d30-8a491d&sso=3e196f20-7b285e9ab8d9f6a9b4b65327d1b9625425694d6dbeda9f64&ssp=44296157241739105627173917883430806&ssq=86893511333496474082013334269762205612831&ssr=MjIwLjY1LjI0MC4yMTY=&sst=python-requests/2.32.3&ssu=&ssv=&ssw=&ssx=eyJyZCI6ImlvcC5vcmciLCJfX3V6bWYiOiI3ZjYwMDAzZjk4M2RkZi01N2U5LTRjNGMtYmIwZC04YzI0MmQwNDA5ZGMxNzM5MTEzMzM0NjAzMC0zMWQ0ZjU4NDIxZmJkYmM2MTAiLCJ1em14IjoiN2Y5MDAwMTlkMDc1MzktNzRjNy00MGI5LTk5MzItYjdiYWQ2MWE4ZWMwMS0xNzM5MTEzMzM0NjAzMC1iMzVkMGRmMDBjYTk4ZDg0MTAifQ== HTTP/1.1" 200 5343
2025-02-10 00:02:15,274 - DEBUG - PDF 파일 읽기 오류: EOF marker not found
2025-02-10 00:02:15,277 - DEBUG - Starting new HTTPS connection (1): link.springer.com:443
2025-02-10 00:02:15,636 - DEBUG - https://link.springer.com:443 "GET /content/pdf/10.1007/s10462-017-9611-1.pdf HTTP/1.1" 303 0
2025-02-10 00:02:15,641 - DEBUG - Starting new HTTPS connection (1): idp.springer.com:443
2025-02-10 00:02:15,945 - DEBUG - https://idp.springer.com:443 "GET /authorize?response_type=cookie&client_id=springerlink&redirect_uri=https%3A%2F%2Flink.springer.com%2Fcontent%2Fpdf%2F10.1007%2Fs10462-017-9611-1.pdf HTTP/1.1" 302 0
2025-02-10 00:02:18,865 - DEBUG - https://link.springer.com:443 "GET /content/pdf/10.1007/s10462-017-9611-1.pdf HTTP/1.1" 200 1914487
2025-02-10 00:02:22,441 - DEBUG - 텍스트 추출 및 저장 완료: texts/Selecting training sets for support vector machines a review_1157.txt
2025-02-10 00:02:22,443 - DEBUG - Starting new HTTPS connection (1): citeseerx.ist.psu.edu:443
2025-02-10 00:02:24,583 - DEBUG - https://citeseerx.ist.psu.edu:443 "GET /document?repid=rep1&type=pdf&doi=da4db460d6b75baacbec842e8742fc8a028e1715 HTTP/1.1" 200 247272
2025-02-10 00:02:25,719 - DEBUG - 텍스트 추출 및 저장 완료: texts/A study on SMO-type decomposition methods for support vector machines_1158.txt
2025-02-10 00:02:25,720 - DEBUG - Starting new HTTPS connection (1): doiserbia.nb.rs:443
2025-02-10 00:02:28,071 - DEBUG - https://doiserbia.nb.rs:443 "GET /ft.aspx?id=0354-98361900398M HTTP/1.1" 302 162
2025-02-10 00:02:28,472 - DEBUG - https://doiserbia.nb.rs:443 "GET /img/doi/0354-9836/2020/0354-98361900398M.pdf HTTP/1.1" 200 314151
2025-02-10 00:02:30,067 - DEBUG - 텍스트 추출 및 저장 완료: texts/Support vector machine for modelling and simulation of heat exchangers_1159.txt
2025-02-10 00:02:30,070 - DEBUG - Starting new HTTPS connection (1): arxiv.org:443
2025-02-10 00:02:30,347 - DEBUG - https://arxiv.org:443 "GET /pdf/2002.07590 HTTP/1.1" 200 359093
2025-02-10 00:02:30,929 - DEBUG - 텍스트 추출 및 저장 완료: texts/Speech emotion recognition using support vector machine_1160.txt
2025-02-10 00:02:30,931 - DEBUG - Starting new HTTPS connection (1): arxiv.org:443
2025-02-10 00:02:32,354 - DEBUG - https://arxiv.org:443 "GET /pdf/2105.00336 HTTP/1.1" 200 780909
2025-02-10 00:02:32,923 - DEBUG - 텍스트 추출 및 저장 완료: texts/Comprehensive review on twin support vector machines_1161.txt
2025-02-10 00:02:32,925 - DEBUG - Starting new HTTPS connection (1): arxiv.org:443
2025-02-10 00:02:34,507 - DEBUG - https://arxiv.org:443 "GET /pdf/1212.0975 HTTP/1.1" 200 1407467
2025-02-10 00:02:37,955 - DEBUG - 텍스트 추출 및 저장 완료: texts/Cost-sensitive support vector machines_1162.txt
2025-02-10 00:02:37,957 - DEBUG - Starting new HTTPS connection (1): peerj.com:443
2025-02-10 00:02:38,888 - DEBUG - https://peerj.com:443 "GET /articles/6201.pdf HTTP/1.1" 400 1698
2025-02-10 00:02:38,889 - DEBUG - Error: HTTP 응답 코드 400 - texts/Breast cancer detection using deep convolutional neural networks and support vector machines_1163.txt
2025-02-10 00:02:38,891 - DEBUG - Starting new HTTPS connection (1): journals.plos.org:443
2025-02-10 00:02:39,278 - DEBUG - https://journals.plos.org:443 "GET /plosone/article/file?id=10.1371/journal.pone.0210236&type=printable HTTP/1.1" 200 None
2025-02-10 00:02:41,714 - DEBUG - 텍스트 추출 및 저장 완료: texts/Clustering algorithms A comparative approach_1164.txt
2025-02-10 00:02:41,716 - DEBUG - Starting new HTTPS connection (1): www.mdpi.com:443
2025-02-10 00:02:42,206 - DEBUG - https://www.mdpi.com:443 "GET /1424-8220/19/2/322/pdf HTTP/1.1" 302 None
2025-02-10 00:02:42,211 - DEBUG - Starting new HTTPS connection (1): mdpi-res.com:443
2025-02-10 00:02:43,328 - DEBUG - https://mdpi-res.com:443 "GET /d_attachment/sensors/sensors-19-00322/article_deploy/sensors-19-00322-v2.pdf?version=1547604372 HTTP/1.1" 200 1537781
2025-02-10 00:02:44,725 - DEBUG - 텍스트 추출 및 저장 완료: texts/Optimized clustering algorithms for large wireless sensor networks A review_1165.txt
2025-02-10 00:02:44,727 - DEBUG - Starting new HTTPS connection (1): ieeexplore.ieee.org:443
2025-02-10 00:02:45,092 - DEBUG - https://ieeexplore.ieee.org:443 "GET /iel7/6287639/6514899/09072123.pdf HTTP/1.1" 418 245
2025-02-10 00:02:45,094 - DEBUG - Error: HTTP 응답 코드 418 - texts/Unsupervised K-means clustering algorithm_1166.txt
2025-02-10 00:02:45,097 - DEBUG - Starting new HTTPS connection (1): bibbase.org:443
2025-02-10 00:02:46,801 - DEBUG - https://bibbase.org:443 "GET /service/mendeley/bfbbf840-4c42-3914-a463-19024f50b30c/file/3bf7d292-fec6-2dc7-20f4-c81abae91b5e/1_s20_S095219762200046X_main.pdf.pdf HTTP/1.1" 302 None
2025-02-10 00:02:46,807 - DEBUG - Starting new HTTPS connection (1): mendeley-files.s3.amazonaws.com:443
2025-02-10 00:02:47,594 - DEBUG - https://mendeley-files.s3.amazonaws.com:443 "GET /06/bc/06bcc8b5e4b7b4cc75b01479428520c9d7d3b878?response-content-disposition=attachment%3Bfilename%3D%222022-A_comprehensive_survey_of_clustering_algorithms_State-of-the-art_machine_learning_applications_taxonomy_challenges_.pdf%22&response-content-type=application%2Fpdf&X-Amz-Security-Token=IQoJb3JpZ2luX2VjEI7%2F%2F%2F%2F%2F%2F%2F%2F%2F%2FwEaCWV1LXdlc3QtMSJIMEYCIQC9Rk4Mec4nYU1JSZue8ZKm%2FwunRLYHBCTPmDogkdNJnAIhAMd8WLlS%2BRnFqq9CdERdNJMJ9QrI9aZhZAbOFrHdi%2BeeKowECKf%2F%2F%2F%2F%2F%2F%2F%2F%2F%2FwEQBRoMMTA4MTY2MTk0NTA1IgybtO3GDHLYBvYY5gwq4AOsbsAq9SF2X1EaakIyWuopMwXTxsV96kPWdBFa%2BwGPIP4f7JI4mwZ9sTfdgvdE38m%2BC6rMiQjtKCnoGk%2FsC8lixJ7A%2BbACQ71hKzkqIvvD1nnEHcobByon%2FAlJ1AiPZiKtASM60Ak1Q3porxWr99tJrd%2BAMCDGz0hrHoh3%2F1EGBwvLNvQhk3k0cHoGHKxClG9H%2Fj8t7ALhhrl6AgW8YT17RfeiRUngNOnInjYCs7TL9yxTOb6dCAnY47V%2FhzUvi3wMGRKFNFlPydMwjjE7cKfRG59NzM7HLunGRDLBfH1wJ29B%2BVM0zvqHMgCJ0VZJIL83uHTd%2BGq7UtLz1efe0hLDHrzC5srCincLu3sRyvqVXJ66hTU31FykzvBBWF8D5fxWpfcvxtuUF6VQ1XskKXyZQxkqOHvUI4PHDyCSmzrBKXwtA41NhNS4Yw7Rt4CSDJhawpnYVqbxJKQV4nkKYitMXWRp7%2BWL8w9NX%2FyYzwb0ggvRuL%2Bz0KWoBqpCjzTKF30d60DjYY%2BJ1ZeP4fDtZABJPlzUmV6OXHAt7h7RVo8Ud1hsYSscdsbkOicA7o%2FP9eTJlkenWeljEKqBSVQ%2FcId9MMAIiwlj%2Fx5P16ppxNMMebvfJnbrmTTP0LaTihUUI3cwr%2BaivQY6pAHReRtzK82LUqIzdS%2BhwufhucpjE1Ld7qLZkdLiom3D%2FFOtEhiAKRlybUJnISpKn2%2BL8kYOKAZqN5TjwUF2re4ToaghrSj%2Bu0cqkp4kCbyh1Hj6NMyybyyjGZuLJbO3xOnXBYR22hcEepKYklxhNxNwFiWQfuVBzo0QM7bUKUkc4NnPJMs9Y8ZHBPzl3pkhOI8GJ4v18aqZYSr6KXyvxiQaz11GOQ%3D%3D&X-Amz-Algorithm=AWS4-HMAC-SHA256&X-Amz-Date=20250209T150246Z&X-Amz-SignedHeaders=host&X-Amz-Expires=600&X-Amz-Credential=ASIARSLZVEVEQBQYLKXA%2F20250209%2Fus-east-1%2Fs3%2Faws4_request&X-Amz-Signature=0e2ac717042ab7538350ecb8d690ff101148aff2cc9d2e5c454ac2aec25b9fa2 HTTP/1.1" 200 3480552
2025-02-10 00:02:56,598 - DEBUG - 텍스트 추출 및 저장 완료: texts/A comprehensive survey of clustering algorithms State-of-the-art machine learning applications, taxonomy, challenges, and future research prospects_1167.txt
2025-02-10 00:02:56,601 - DEBUG - Starting new HTTPS connection (1): www.mdpi.com:443
2025-02-10 00:02:57,098 - DEBUG - https://www.mdpi.com:443 "GET /2571-8800/2/2/16/pdf HTTP/1.1" 302 None
2025-02-10 00:02:57,102 - DEBUG - Starting new HTTPS connection (1): mdpi-res.com:443
2025-02-10 00:02:58,158 - DEBUG - https://mdpi-res.com:443 "GET /d_attachment/J/J-02-00016/article_deploy/J-02-00016.pdf?version=1560855822 HTTP/1.1" 200 3170438
2025-02-10 00:02:59,956 - DEBUG - 텍스트 추출 및 저장 완료: texts/Research on K-value selection method of K-means clustering algorithm_1168.txt
2025-02-10 00:02:59,958 - DEBUG - Starting new HTTPS connection (1): ieeexplore.ieee.org:443
2025-02-10 00:03:00,513 - DEBUG - https://ieeexplore.ieee.org:443 "GET /iel7/6287639/8600701/08662561.pdf HTTP/1.1" 418 245
2025-02-10 00:03:00,515 - DEBUG - Error: HTTP 응답 코드 418 - texts/Survey of state-of-the-art mixed data clustering algorithms_1169.txt
2025-02-10 00:03:00,518 - DEBUG - Starting new HTTPS connection (1): research.skylineuniversity.ac.ae:443
2025-02-10 00:04:16,193 - DEBUG - request중 오류 발생
2025-02-10 00:04:16,205 - DEBUG - Starting new HTTPS connection (1): www.academia.edu:443
2025-02-10 00:04:16,453 - DEBUG - https://www.academia.edu:443 "GET /download/102569323/admin_2C_ijasre_34050.pdf_filename_UTF-8admin_2C_ijasre_34050.pdf HTTP/1.1" 404 16226
2025-02-10 00:04:16,456 - DEBUG - Error: HTTP 응답 코드 404 - texts/Comprehensive review of K-Means clustering algorithms_1171.txt
2025-02-10 00:04:16,460 - DEBUG - Starting new HTTP connection (1): www.clausiuspress.com:80
2025-02-10 00:04:17,831 - DEBUG - http://www.clausiuspress.com:80 "GET /assets/default/article/2020/10/22/article_1603378206.pdf HTTP/1.1" 200 808290
2025-02-10 00:04:18,438 - DEBUG - 텍스트 추출 및 저장 완료: texts/Introduction to the k-means clustering algorithm based on the elbow method_1172.txt
2025-02-10 00:04:18,440 - DEBUG - Starting new HTTPS connection (1): www.mdpi.com:443
2025-02-10 00:04:18,947 - DEBUG - https://www.mdpi.com:443 "GET /2076-3417/11/23/11202/pdf HTTP/1.1" 302 None
2025-02-10 00:04:18,952 - DEBUG - Starting new HTTPS connection (1): mdpi-res.com:443
2025-02-10 00:04:19,114 - DEBUG - https://mdpi-res.com:443 "GET /d_attachment/applsci/applsci-11-11202/article_deploy/applsci-11-11202-v2.pdf?version=1637922752 HTTP/1.1" 200 5179244
2025-02-10 00:04:21,275 - DEBUG - 텍스트 추출 및 저장 완료: texts/A novel k-means clustering algorithm with a noise algorithm for capturing urban hotspots_1173.txt
2025-02-10 00:04:21,279 - DEBUG - Starting new HTTPS connection (1): proceedings.neurips.cc:443
2025-02-10 00:04:21,877 - DEBUG - https://proceedings.neurips.cc:443 "GET /paper/2019/file/fc192b0c0d270dbf41870a63a8c76c2f-Paper.pdf HTTP/1.1" 200 389207
2025-02-10 00:04:22,695 - DEBUG - 텍스트 추출 및 저장 완료: texts/Fair algorithms for clustering_1174.txt
2025-02-10 00:04:22,697 - DEBUG - Starting new HTTPS connection (1): core.ac.uk:443
2025-02-10 00:04:24,222 - DEBUG - https://core.ac.uk:443 "GET /download/pdf/301379726.pdf HTTP/1.1" 200 2596373
2025-02-10 00:04:28,312 - DEBUG - 텍스트 추출 및 저장 완료: texts/Optimizing data stream representation An extensive survey on stream clustering algorithms_1175.txt
2025-02-10 00:04:28,316 - DEBUG - Starting new HTTPS connection (1): link.springer.com:443
2025-02-10 00:04:28,787 - DEBUG - https://link.springer.com:443 "GET /content/pdf/10.1186/s13638-021-01910-w.pdf HTTP/1.1" 303 0
2025-02-10 00:04:28,791 - DEBUG - Starting new HTTPS connection (1): idp.springer.com:443
2025-02-10 00:04:29,133 - DEBUG - https://idp.springer.com:443 "GET /authorize?response_type=cookie&client_id=springerlink&redirect_uri=https%3A%2F%2Flink.springer.com%2Fcontent%2Fpdf%2F10.1186%2Fs13638-021-01910-w.pdf HTTP/1.1" 302 0
2025-02-10 00:04:29,611 - DEBUG - https://link.springer.com:443 "GET /content/pdf/10.1186/s13638-021-01910-w.pdf HTTP/1.1" 200 2213073
2025-02-10 00:04:34,645 - DEBUG - 텍스트 추출 및 저장 완료: texts/A quantitative discriminant method of elbow point for the optimal number of clusters in clustering algorithm_1176.txt
2025-02-10 00:04:34,647 - DEBUG - Starting new HTTPS connection (1): onlinelibrary.wiley.com:443
2025-02-10 00:04:34,757 - DEBUG - https://onlinelibrary.wiley.com:443 "GET /doi/pdf/10.1155/2022/1200860 HTTP/1.1" 403 None
2025-02-10 00:04:34,759 - DEBUG - Error: HTTP 응답 코드 403 - texts/Unsupervised Hyperspectral Microscopic Image Segmentation Using Deep Embedded Clustering Algorithm_1177.txt
2025-02-10 00:04:34,761 - DEBUG - Starting new HTTP connection (1): openaccess.altinbas.edu.tr:80
2025-02-10 00:04:37,233 - DEBUG - http://openaccess.altinbas.edu.tr:80 "GET /xmlui/bitstream/handle/20.500.12939/1166/Jaaz.pdf?sequence=1 HTTP/1.1" 404 143
2025-02-10 00:04:37,236 - DEBUG - Error: HTTP 응답 코드 404 - texts/Clustering algorithms subjected to K-mean and gaussian mixture model on multidimensional data set_1178.txt
2025-02-10 00:04:37,241 - DEBUG - Starting new HTTPS connection (1): epubs.siam.org:443
2025-02-10 00:04:37,572 - DEBUG - https://epubs.siam.org:443 "GET /doi/pdf/10.1137/1.9781611976335.bm HTTP/1.1" 403 None
2025-02-10 00:04:37,602 - DEBUG - Error: HTTP 응답 코드 403 - texts/Data clustering theory, algorithms, and applications_1179.txt
2025-02-10 00:04:37,607 - DEBUG - Starting new HTTPS connection (1): onlinelibrary.wiley.com:443
2025-02-10 00:04:37,734 - DEBUG - https://onlinelibrary.wiley.com:443 "GET /doi/pdf/10.1155/2020/9602526 HTTP/1.1" 403 None
2025-02-10 00:04:37,737 - DEBUG - Error: HTTP 응답 코드 403 - texts/Decision‐making support for the evaluation of clustering algorithms based on MCDM_1180.txt
2025-02-10 00:04:37,741 - DEBUG - Starting new HTTPS connection (1): link.springer.com:443
2025-02-10 00:04:38,136 - DEBUG - https://link.springer.com:443 "GET /content/pdf/10.1007/s10994-019-05855-6.pdf HTTP/1.1" 303 0
2025-02-10 00:04:38,141 - DEBUG - Starting new HTTPS connection (1): idp.springer.com:443
2025-02-10 00:04:38,436 - DEBUG - https://idp.springer.com:443 "GET /authorize?response_type=cookie&client_id=springerlink&redirect_uri=https%3A%2F%2Flink.springer.com%2Fcontent%2Fpdf%2F10.1007%2Fs10994-019-05855-6.pdf HTTP/1.1" 302 0
2025-02-10 00:04:39,105 - DEBUG - https://link.springer.com:443 "GET /content/pdf/10.1007/s10994-019-05855-6.pdf HTTP/1.1" 200 1021430
2025-02-10 00:04:45,939 - DEBUG - 텍스트 추출 및 저장 완료: texts/A survey on semi-supervised learning_1181.txt
2025-02-10 00:04:45,942 - DEBUG - Starting new HTTPS connection (1): arxiv.org:443
2025-02-10 00:04:46,504 - DEBUG - https://arxiv.org:443 "GET /pdf/2006.05278 HTTP/1.1" 200 3172260
2025-02-10 00:04:50,945 - DEBUG - 텍스트 추출 및 저장 완료: texts/An overview of deep semi-supervised learning_1182.txt
2025-02-10 00:04:50,947 - DEBUG - Starting new HTTPS connection (1): arxiv.org:443
2025-02-10 00:04:51,004 - DEBUG - https://arxiv.org:443 "GET /pdf/2103.00550 HTTP/1.1" 200 2628774
2025-02-10 00:04:52,683 - DEBUG - 텍스트 추출 및 저장 완료: texts/A survey on deep semi-supervised learning_1183.txt
2025-02-10 00:04:52,684 - DEBUG - Starting new HTTP connection (1): www.lamda.nju.edu.cn:80
2025-02-10 00:04:53,365 - DEBUG - http://www.lamda.nju.edu.cn:80 "GET /liyf/paper/FCS19-SafeSSL.pdf HTTP/1.1" 200 415911
2025-02-10 00:04:54,783 - DEBUG - 텍스트 추출 및 저장 완료: texts/Safe semi-supervised learning a brief introduction_1184.txt
2025-02-10 00:04:54,785 - DEBUG - Starting new HTTPS connection (1): proceedings.neurips.cc:443
2025-02-10 00:04:55,443 - DEBUG - https://proceedings.neurips.cc:443 "GET /paper_files/paper/2019/file/1cd138d0499a68f4bb72bee04bbec2d7-Paper.pdf HTTP/1.1" 200 234490
2025-02-10 00:04:56,221 - DEBUG - 텍스트 추출 및 저장 완료: texts/Mixmatch A holistic approach to semi-supervised learning_1185.txt
2025-02-10 00:04:56,222 - DEBUG - Starting new HTTP connection (1): openaccess.thecvf.com:80
2025-02-10 00:04:56,608 - DEBUG - http://openaccess.thecvf.com:80 "GET /content/CVPR2022/papers/Zheng_SimMatch_Semi-Supervised_Learning_With_Similarity_Matching_CVPR_2022_paper.pdf HTTP/1.1" 302 409
2025-02-10 00:04:56,613 - DEBUG - Starting new HTTPS connection (1): openaccess.thecvf.com:443
2025-02-10 00:04:57,210 - DEBUG - https://openaccess.thecvf.com:443 "GET /content/CVPR2022/papers/Zheng_SimMatch_Semi-Supervised_Learning_With_Similarity_Matching_CVPR_2022_paper.pdf HTTP/1.1" 200 605777
2025-02-10 00:04:58,625 - DEBUG - 텍스트 추출 및 저장 완료: texts/Simmatch Semi-supervised learning with similarity matching_1186.txt
2025-02-10 00:04:58,627 - DEBUG - Starting new HTTPS connection (1): arxiv.org:443
2025-02-10 00:05:00,075 - DEBUG - https://arxiv.org:443 "GET /pdf/2102.13303 HTTP/1.1" 200 1067125
2025-02-10 00:05:00,800 - DEBUG - 텍스트 추출 및 저장 완료: texts/Graph-based semi-supervised learning A comprehensive review_1187.txt
2025-02-10 00:05:00,802 - DEBUG - Starting new HTTPS connection (1): proceedings.neurips.cc:443
2025-02-10 00:05:01,432 - DEBUG - https://proceedings.neurips.cc:443 "GET /paper/2020/file/06964dce9addb1c5cb5d6e3d9838f733-Paper.pdf HTTP/1.1" 200 577822
2025-02-10 00:05:02,447 - DEBUG - 텍스트 추출 및 저장 완료: texts/Fixmatch Simplifying semi-supervised learning with consistency and confidence_1188.txt
2025-02-10 00:05:02,449 - DEBUG - Starting new HTTPS connection (1): ojs.aaai.org:443
2025-02-10 00:05:03,724 - DEBUG - https://ojs.aaai.org:443 "GET /index.php/AAAI/article/view/17203/17010 HTTP/1.1" 403 248
2025-02-10 00:05:03,725 - DEBUG - Error: HTTP 응답 코드 403 - texts/Graphmix Improved training of gnns for semi-supervised learning_1189.txt
2025-02-10 00:05:03,727 - DEBUG - Starting new HTTP connection (1): openaccess.thecvf.com:80
2025-02-10 00:05:04,119 - DEBUG - http://openaccess.thecvf.com:80 "GET /content_CVPR_2019/papers/Iscen_Label_Propagation_for_Deep_Semi-Supervised_Learning_CVPR_2019_paper.pdf HTTP/1.1" 302 403
2025-02-10 00:05:04,124 - DEBUG - Starting new HTTPS connection (1): openaccess.thecvf.com:443
2025-02-10 00:05:04,720 - DEBUG - https://openaccess.thecvf.com:443 "GET /content_CVPR_2019/papers/Iscen_Label_Propagation_for_Deep_Semi-Supervised_Learning_CVPR_2019_paper.pdf HTTP/1.1" 200 690213
2025-02-10 00:05:05,988 - DEBUG - 텍스트 추출 및 저장 완료: texts/Label propagation for deep semi-supervised learning_1190.txt
2025-02-10 00:05:05,990 - DEBUG - Starting new HTTP connection (1): openaccess.thecvf.com:80
2025-02-10 00:05:06,400 - DEBUG - http://openaccess.thecvf.com:80 "GET /content/ICCV2021/papers/Li_CoMatch_Semi-Supervised_Learning_With_Contrastive_Graph_Regularization_ICCV_2021_paper.pdf HTTP/1.1" 302 418
2025-02-10 00:05:06,402 - DEBUG - Starting new HTTPS connection (1): openaccess.thecvf.com:443
2025-02-10 00:05:07,002 - DEBUG - https://openaccess.thecvf.com:443 "GET /content/ICCV2021/papers/Li_CoMatch_Semi-Supervised_Learning_With_Contrastive_Graph_Regularization_ICCV_2021_paper.pdf HTTP/1.1" 200 2481642
2025-02-10 00:05:11,173 - DEBUG - 텍스트 추출 및 저장 완료: texts/Comatch Semi-supervised learning with contrastive graph regularization_1191.txt
2025-02-10 00:05:11,174 - DEBUG - Starting new HTTP connection (1): openaccess.thecvf.com:80
2025-02-10 00:05:11,553 - DEBUG - http://openaccess.thecvf.com:80 "GET /content/CVPR2022/papers/Yang_Class-Aware_Contrastive_Semi-Supervised_Learning_CVPR_2022_paper.pdf HTTP/1.1" 302 398
2025-02-10 00:05:11,558 - DEBUG - Starting new HTTPS connection (1): openaccess.thecvf.com:443
2025-02-10 00:05:12,151 - DEBUG - https://openaccess.thecvf.com:443 "GET /content/CVPR2022/papers/Yang_Class-Aware_Contrastive_Semi-Supervised_Learning_CVPR_2022_paper.pdf HTTP/1.1" 200 2169638
2025-02-10 00:05:14,214 - DEBUG - 텍스트 추출 및 저장 완료: texts/Class-aware contrastive semi-supervised learning_1192.txt
2025-02-10 00:05:14,216 - DEBUG - Starting new HTTP connection (1): 180.76.120.163:80
2025-02-10 00:05:14,362 - DEBUG - http://180.76.120.163:80 "GET /media/pdf/2005.04757.pdf HTTP/1.1" 200 4555787
2025-02-10 00:05:35,390 - DEBUG - 텍스트 추출 및 저장 완료: texts/A simple semi-supervised learning framework for object detection_1193.txt
2025-02-10 00:05:35,393 - DEBUG - Starting new HTTPS connection (1): proceedings.neurips.cc:443
2025-02-10 00:05:36,066 - DEBUG - https://proceedings.neurips.cc:443 "GET /paper/2021/file/995693c15f439e3d189b06e89d145dd5-Paper.pdf HTTP/1.1" 200 578800
2025-02-10 00:05:37,707 - DEBUG - 텍스트 추출 및 저장 완료: texts/Flexmatch Boosting semi-supervised learning with curriculum pseudo labeling_1194.txt
2025-02-10 00:05:37,708 - DEBUG - Starting new HTTPS connection (1): arxiv.org:443
2025-02-10 00:05:38,129 - DEBUG - https://arxiv.org:443 "GET /pdf/1911.08460 HTTP/1.1" 200 248822
2025-02-10 00:05:38,574 - DEBUG - 텍스트 추출 및 저장 완료: texts/End-to-end asr from supervised to semi-supervised learning with modern architectures_1195.txt
2025-02-10 00:05:38,575 - DEBUG - Starting new HTTPS connection (1): pubs.acs.org:443
2025-02-10 00:05:38,775 - DEBUG - https://pubs.acs.org:443 "GET /doi/pdf/10.1021/acs.chemrev.0c01195 HTTP/1.1" 403 None
2025-02-10 00:05:38,780 - DEBUG - Error: HTTP 응답 코드 403 - texts/Unsupervised learning methods for molecular simulation data_1196.txt
2025-02-10 00:05:38,783 - DEBUG - Starting new HTTPS connection (1): www.researchgate.net:443
2025-02-10 00:05:39,043 - DEBUG - https://www.researchgate.net:443 "GET /profile/Aqib-Ali-6/publication/368983958_An_Unsupervised_Machine_Learning_Algorithms_Comprehensive_Review/links/643c783f1b8d044c632ba4ab/An-Unsupervised-Machine-Learning-Algorithms-Comprehensive-Review.pdf HTTP/1.1" 403 None
2025-02-10 00:05:39,058 - DEBUG - Error: HTTP 응답 코드 403 - texts/An unsupervised machine learning algorithms Comprehensive review_1197.txt
2025-02-10 00:05:39,062 - DEBUG - Starting new HTTPS connection (1): link.springer.com:443
2025-02-10 00:05:39,374 - DEBUG - https://link.springer.com:443 "GET /content/pdf/10.1007/s13347-023-00635-6.pdf HTTP/1.1" 303 0
2025-02-10 00:05:39,378 - DEBUG - Starting new HTTPS connection (1): idp.springer.com:443
2025-02-10 00:05:39,669 - DEBUG - https://idp.springer.com:443 "GET /authorize?response_type=cookie&client_id=springerlink&redirect_uri=https%3A%2F%2Flink.springer.com%2Fcontent%2Fpdf%2F10.1007%2Fs13347-023-00635-6.pdf HTTP/1.1" 302 0
2025-02-10 00:05:40,383 - DEBUG - https://link.springer.com:443 "GET /content/pdf/10.1007/s13347-023-00635-6.pdf HTTP/1.1" 200 1184187
2025-02-10 00:05:41,736 - DEBUG - 텍스트 추출 및 저장 완료: texts/On the philosophy of unsupervised learning_1198.txt
2025-02-10 00:05:41,739 - DEBUG - Starting new HTTPS connection (1): ieeexplore.ieee.org:443
2025-02-10 00:05:42,004 - DEBUG - https://ieeexplore.ieee.org:443 "GET /iel7/6287639/8600701/08713992.pdf HTTP/1.1" 418 245
2025-02-10 00:05:42,007 - DEBUG - Error: HTTP 응답 코드 418 - texts/Unsupervised machine learning for networking Techniques, applications and research challenges_1199.txt
2025-02-10 00:05:42,011 - DEBUG - Starting new HTTPS connection (1): www.pnas.org:443
2025-02-10 00:05:42,276 - DEBUG - https://www.pnas.org:443 "GET /doi/pdf/10.1073/pnas.1820458116 HTTP/1.1" 403 None
2025-02-10 00:05:42,279 - DEBUG - Error: HTTP 응답 코드 403 - texts/Unsupervised learning by competing hidden units_1200.txt
2025-02-10 00:05:42,283 - DEBUG - Starting new HTTPS connection (1): arxiv.org:443
2025-02-10 00:05:42,933 - DEBUG - https://arxiv.org:443 "GET /pdf/1810.10525.pdf?fbclid=IwAR1TW51oc-tuahcHniftmXQGQoWw8xh949-_unBnqxrMH0kwjoQoIcBRmP4 HTTP/1.1" 301 249
2025-02-10 00:05:42,938 - DEBUG - Starting new HTTP connection (1): arxiv.org:80
2025-02-10 00:05:42,962 - DEBUG - http://arxiv.org:80 "GET /pdf/1810.10525 HTTP/1.1" 200 4576323
2025-02-10 00:05:45,378 - DEBUG - 텍스트 추출 및 저장 완료: texts/Toward an artificial intelligence physicist for unsupervised learning_1201.txt
2025-02-10 00:05:45,379 - DEBUG - Starting new HTTPS connection (1): proceedings.neurips.cc:443
2025-02-10 00:05:45,987 - DEBUG - https://proceedings.neurips.cc:443 "GET /paper/2020/file/3000311ca56a1cb93397bc676c0b7fff-Paper.pdf HTTP/1.1" 200 9121567
2025-02-10 00:05:52,422 - DEBUG - 텍스트 추출 및 저장 완료: texts/Unsupervised learning of dense visual representations_1202.txt
2025-02-10 00:05:52,425 - DEBUG - Starting new HTTPS connection (1): proceedings.neurips.cc:443
2025-02-10 00:05:53,048 - DEBUG - https://proceedings.neurips.cc:443 "GET /paper_files/paper/2021/file/838aac83e00e8c5ca0f839c96d6cb3be-Paper.pdf HTTP/1.1" 200 1318874
2025-02-10 00:05:55,510 - DEBUG - 텍스트 추출 및 저장 완료: texts/Unsupervised learning of compositional energy concepts_1203.txt
2025-02-10 00:05:55,515 - DEBUG - Starting new HTTPS connection (1): proceedings.neurips.cc:443
2025-02-10 00:05:56,182 - DEBUG - https://proceedings.neurips.cc:443 "GET /paper_files/paper/2020/file/70feb62b69f16e0238f741fab228fec2-Paper.pdf HTTP/1.1" 200 382271
2025-02-10 00:05:57,242 - DEBUG - 텍스트 추출 및 저장 완료: texts/Unsupervised learning of visual features by contrasting cluster assignments_1204.txt
2025-02-10 00:05:57,244 - DEBUG - Starting new HTTPS connection (1): arxiv.org:443
2025-02-10 00:05:58,644 - DEBUG - https://arxiv.org:443 "GET /pdf/1905.05667 HTTP/1.1" 200 827648
2025-02-10 00:05:59,140 - DEBUG - 텍스트 추출 및 저장 완료: texts/Evaluation metrics for unsupervised learning algorithms_1205.txt
2025-02-10 00:05:59,142 - DEBUG - Starting new HTTPS connection (1): proceedings.neurips.cc:443
2025-02-10 00:05:59,809 - DEBUG - https://proceedings.neurips.cc:443 "GET /paper_files/paper/2019/file/dae3312c4c6c7000a37ecfb7b0aeb0e4-Paper.pdf HTTP/1.1" 200 1055145
2025-02-10 00:06:01,432 - DEBUG - 텍스트 추출 및 저장 완료: texts/Unsupervised learning of object keypoints for perception and control_1206.txt
2025-02-10 00:06:01,434 - DEBUG - Starting new HTTP connection (1): proceedings.mlr.press:80
2025-02-10 00:06:02,178 - DEBUG - http://proceedings.mlr.press:80 "GET /v97/locatello19a/locatello19a.pdf HTTP/1.1" 200 1143382
2025-02-10 00:06:03,014 - DEBUG - 텍스트 추출 및 저장 완료: texts/Challenging common assumptions in the unsupervised learning of disentangled representations_1207.txt
2025-02-10 00:06:03,016 - DEBUG - Starting new HTTPS connection (1): arxiv.org:443
2025-02-10 00:06:03,268 - DEBUG - https://arxiv.org:443 "GET /pdf/2001.02348 HTTP/1.1" 200 252476
2025-02-10 00:06:03,533 - DEBUG - 텍스트 추출 및 저장 완료: texts/Unsupervised learning for passive beamforming_1208.txt
2025-02-10 00:06:03,534 - DEBUG - Starting new HTTP connection (1): openaccess.thecvf.com:80
2025-02-10 00:06:03,911 - DEBUG - http://openaccess.thecvf.com:80 "GET /content_ICCV_2019/papers/Zhuang_Local_Aggregation_for_Unsupervised_Learning_of_Visual_Embeddings_ICCV_2019_paper.pdf HTTP/1.1" 302 417
2025-02-10 00:06:03,913 - DEBUG - Starting new HTTPS connection (1): openaccess.thecvf.com:443
2025-02-10 00:06:04,532 - DEBUG - https://openaccess.thecvf.com:443 "GET /content_ICCV_2019/papers/Zhuang_Local_Aggregation_for_Unsupervised_Learning_of_Visual_Embeddings_ICCV_2019_paper.pdf HTTP/1.1" 200 2496949
2025-02-10 00:06:08,870 - DEBUG - 텍스트 추출 및 저장 완료: texts/Local aggregation for unsupervised learning of visual embeddings_1209.txt
2025-02-10 00:06:08,872 - DEBUG - Starting new HTTPS connection (1): arxiv.org:443
2025-02-10 00:06:09,200 - DEBUG - https://arxiv.org:443 "GET /pdf/1909.09629 HTTP/1.1" 200 10694788
2025-02-10 00:06:19,814 - DEBUG - 텍스트 추출 및 저장 완료: texts/Unsupervised learning for real-world super-resolution_1210.txt
2025-02-10 00:06:19,818 - DEBUG - Starting new HTTPS connection (1): link.springer.com:443
2025-02-10 00:06:20,172 - DEBUG - https://link.springer.com:443 "GET /content/pdf/10.1007/978-3-031-04083-2_7.pdf HTTP/1.1" 303 0
2025-02-10 00:06:20,175 - DEBUG - Starting new HTTPS connection (1): idp.springer.com:443
2025-02-10 00:06:20,479 - DEBUG - https://idp.springer.com:443 "GET /authorize?response_type=cookie&client_id=springerlink&redirect_uri=https%3A%2F%2Flink.springer.com%2Fcontent%2Fpdf%2F10.1007%2F978-3-031-04083-2_7.pdf HTTP/1.1" 302 0
2025-02-10 00:06:21,168 - DEBUG - https://link.springer.com:443 "GET /content/pdf/10.1007/978-3-031-04083-2_7.pdf HTTP/1.1" 200 1453823
2025-02-10 00:06:23,406 - DEBUG - 텍스트 추출 및 저장 완료: texts/Explaining the predictions of unsupervised learning models_1211.txt
2025-02-10 00:06:23,407 - DEBUG - Starting new HTTP connection (1): openaccess.thecvf.com:80
2025-02-10 00:06:23,798 - DEBUG - http://openaccess.thecvf.com:80 "GET /content/CVPR2022/papers/Seo_Unsupervised_Learning_of_Debiased_Representations_With_Pseudo-Attributes_CVPR_2022_paper.pdf HTTP/1.1" 302 421
2025-02-10 00:06:23,801 - DEBUG - Starting new HTTPS connection (1): openaccess.thecvf.com:443
2025-02-10 00:06:24,420 - DEBUG - https://openaccess.thecvf.com:443 "GET /content/CVPR2022/papers/Seo_Unsupervised_Learning_of_Debiased_Representations_With_Pseudo-Attributes_CVPR_2022_paper.pdf HTTP/1.1" 200 1301314
2025-02-10 00:06:26,641 - DEBUG - 텍스트 추출 및 저장 완료: texts/Unsupervised learning of debiased representations with pseudo-attributes_1212.txt
2025-02-10 00:06:26,643 - DEBUG - Starting new HTTP connection (1): openaccess.thecvf.com:80
2025-02-10 00:06:27,115 - DEBUG - http://openaccess.thecvf.com:80 "GET /content_ICCV_2019/papers/Nguyen-Phuoc_HoloGAN_Unsupervised_Learning_of_3D_Representations_From_Natural_Images_ICCV_2019_paper.pdf HTTP/1.1" 302 430
2025-02-10 00:06:27,120 - DEBUG - Starting new HTTPS connection (1): openaccess.thecvf.com:443
2025-02-10 00:06:27,699 - DEBUG - https://openaccess.thecvf.com:443 "GET /content_ICCV_2019/papers/Nguyen-Phuoc_HoloGAN_Unsupervised_Learning_of_3D_Representations_From_Natural_Images_ICCV_2019_paper.pdf HTTP/1.1" 200 4349379
2025-02-10 00:06:31,308 - DEBUG - 텍스트 추출 및 저장 완료: texts/Hologan Unsupervised learning of 3d representations from natural images_1213.txt
2025-02-10 00:06:31,310 - DEBUG - Starting new HTTPS connection (1): files.osf.io:443
2025-02-10 00:06:32,167 - DEBUG - https://files.osf.io:443 "GET /v1/resources/tysr4/providers/osfstorage/624a442a7a7d9e04500608ce?action=download&direct&version=3 HTTP/1.1" 410 250
2025-02-10 00:06:32,169 - DEBUG - Error: HTTP 응답 코드 410 - texts/Supervised learning-a systematic literature review_1214.txt
2025-02-10 00:06:32,174 - DEBUG - Starting new HTTPS connection (1): www.ajodo.org:443
2025-02-10 00:06:32,690 - DEBUG - https://www.ajodo.org:443 "GET /article/S0889-5406(23)00224-X/pdf HTTP/1.1" 403 None
2025-02-10 00:06:32,692 - DEBUG - Error: HTTP 응답 코드 403 - texts/Supervised learning_1215.txt
2025-02-10 00:06:32,695 - DEBUG - Starting new HTTPS connection (1): ebooks.iospress.nl:443
2025-02-10 00:06:35,636 - DEBUG - https://ebooks.iospress.nl:443 "GET /pdf/doi/10.3233/FAIA230559 HTTP/1.1" 200 513345
2025-02-10 00:06:37,078 - DEBUG - 텍스트 추출 및 저장 완료: texts/Investigating the learning behaviour of in-context learning a comparison with supervised learning_1216.txt
2025-02-10 00:06:37,081 - DEBUG - Starting new HTTP connection (1): sutlib2.sut.ac.th:80
2025-02-10 00:06:39,387 - DEBUG - http://sutlib2.sut.ac.th:80 "GET /sut_contents/H133678.pdf HTTP/1.1" 200 913440
2025-02-10 00:06:41,167 - DEBUG - 텍스트 추출 및 저장 완료: texts/Introduction to linear regression analysis_1217.txt
2025-02-10 00:06:41,170 - DEBUG - Starting new HTTPS connection (1): www.researchgate.net:443
2025-02-10 00:06:41,406 - DEBUG - https://www.researchgate.net:443 "GET /profile/Noora-Shrestha/publication/342413955_Detecting_Multicollinearity_in_Regression_Analysis/links/5eff2033458515505087a949/Detecting-Multicollinearity-in-Regression-Analysis.pdf HTTP/1.1" 403 None
2025-02-10 00:06:41,408 - DEBUG - Error: HTTP 응답 코드 403 - texts/Detecting multicollinearity in regression analysis_1218.txt
2025-02-10 00:06:41,411 - DEBUG - Starting new HTTPS connection (1): research.utwente.nl:443
2025-02-10 00:06:41,920 - DEBUG - https://research.utwente.nl:443 "GET /files/226558467/1_s2.0_S0264837719320290_main.pdf HTTP/1.1" 403 None
2025-02-10 00:06:41,923 - DEBUG - Error: HTTP 응답 코드 403 - texts/Urbanization's effects on the urban-rural income gap in China A meta-regression analysis_1219.txt
2025-02-10 00:06:41,926 - DEBUG - Starting new HTTPS connection (1): kultobraz.ru:443
2025-02-10 00:06:43,649 - DEBUG - https://kultobraz.ru:443 "GET /wp-content/uploads/2022/11/Issledovanie-po-sperme-2022.pdf HTTP/1.1" 200 1236109
2025-02-10 00:06:47,225 - DEBUG - 텍스트 추출 및 저장 완료: texts/Temporal trends in sperm count a systematic review and meta-regression analysis of samples collected globally in the 20th and 21st centuries_1220.txt
2025-02-10 00:06:47,227 - DEBUG - Starting new HTTPS connection (1): arxiv.org:443
2025-02-10 00:06:47,470 - DEBUG - https://arxiv.org:443 "GET /pdf/2005.10314 HTTP/1.1" 200 281469
2025-02-10 00:06:47,929 - DEBUG - 텍스트 추출 및 저장 완료: texts/On the nuisance of control variables in regression analysis_1221.txt
2025-02-10 00:06:47,932 - DEBUG - Starting new HTTPS connection (1): journals.lww.com:443
2025-02-10 00:06:48,179 - DEBUG - https://journals.lww.com:443 "GET /jpcs/_layouts/15/oaks.journals/downloadpdf.aspx?an=01881846-202006020-00006 HTTP/1.1" 403 None
2025-02-10 00:06:48,181 - DEBUG - Error: HTTP 응답 코드 403 - texts/F-test of overall significance in regression analysis simplified_1222.txt
2025-02-10 00:06:48,184 - DEBUG - Starting new HTTPS connection (1): arxiv.org:443
2025-02-10 00:06:49,060 - DEBUG - https://arxiv.org:443 "GET /pdf/2402.05342 HTTP/1.1" 200 678200
2025-02-10 00:06:49,441 - DEBUG - 텍스트 추출 및 저장 완료: texts/Nonlinear regression analysis_1223.txt
2025-02-10 00:06:49,443 - DEBUG - Starting new HTTPS connection (1): journal.oxfordcollege.edu.np:443
2025-02-10 00:06:50,381 - DEBUG - https://journal.oxfordcollege.edu.np:443 "GET /file/1681898552journal-1.pdf HTTP/1.1" 200 4731712
2025-02-10 00:06:57,129 - DEBUG - 텍스트 추출 및 저장 완료: texts/Correlation and regression analysis using SPSS_1224.txt
2025-02-10 00:06:57,131 - DEBUG - Starting new HTTPS connection (1): peerj.com:443
2025-02-10 00:06:58,109 - DEBUG - https://peerj.com:443 "GET /articles/cs-623.pdf HTTP/1.1" 400 1706
2025-02-10 00:06:58,109 - DEBUG - Error: HTTP 응답 코드 400 - texts/The coefficient of determination R-squared is more informative than SMAPE, MAE, MAPE, MSE and RMSE in regression analysis evaluation_1225.txt
2025-02-10 00:06:58,111 - DEBUG - Starting new HTTPS connection (1): www.unirepository.svkri.uniri.hr:443
2025-02-10 00:07:21,994 - DEBUG - https://www.unirepository.svkri.uniri.hr:443 "GET /islandora/object/medri:7355/datastream/FILE0/download HTTP/1.1" 200 1763549
2025-02-10 00:07:25,107 - DEBUG - 텍스트 추출 및 저장 완료: texts/The ABC of linear regression analysis What every author and editor should know_1226.txt
2025-02-10 00:07:25,115 - DEBUG - Starting new HTTPS connection (1): www.nature.com:443
2025-02-10 00:07:25,463 - DEBUG - https://www.nature.com:443 "GET /articles/s41433-022-01949-z.pdf HTTP/1.1" 303 150
2025-02-10 00:07:25,467 - DEBUG - Starting new HTTPS connection (1): idp.nature.com:443
2025-02-10 00:07:25,766 - DEBUG - https://idp.nature.com:443 "GET /authorize?response_type=cookie&client_id=grover&redirect_uri=https%3A%2F%2Fwww.nature.com%2Farticles%2Fs41433-022-01949-z.pdf HTTP/1.1" 302 0
2025-02-10 00:07:26,041 - DEBUG - https://idp.nature.com:443 "GET /transit?redirect_uri=https%3A%2F%2Fwww.nature.com%2Farticles%2Fs41433-022-01949-z.pdf&code=81143d8c-771a-4033-bb75-a42059d4420a HTTP/1.1" 302 0
2025-02-10 00:07:26,745 - DEBUG - https://www.nature.com:443 "GET /articles/s41433-022-01949-z.pdf HTTP/1.1" 200 544117
2025-02-10 00:07:27,920 - DEBUG - 텍스트 추출 및 저장 완료: texts/The clinician's guide to interpreting a regression analysis_1227.txt
2025-02-10 00:07:27,949 - DEBUG - Starting new HTTPS connection (1): arxiv.org:443
2025-02-10 00:07:28,331 - DEBUG - https://arxiv.org:443 "GET /pdf/1706.01778 HTTP/1.1" 200 377472
2025-02-10 00:07:28,916 - DEBUG - 텍스트 추출 및 저장 완료: texts/Sampling‐based versus design‐based uncertainty in regression analysis_1228.txt
2025-02-10 00:07:28,918 - DEBUG - Starting new HTTPS connection (1): www.robingomila.com:443
2025-02-10 00:07:30,160 - DEBUG - https://www.robingomila.com:443 "GET /files/publications_pdfs/Gomila_2020_Logistic_vs_Linear.pdf HTTP/1.1" 200 None
2025-02-10 00:07:31,110 - DEBUG - 텍스트 추출 및 저장 완료: texts/Logistic or linear Estimating causal effects of experimental treatments on binary outcomes using regression analysis._1229.txt
2025-02-10 00:07:31,112 - DEBUG - Starting new HTTPS connection (1): www.researchgate.net:443
2025-02-10 00:07:31,350 - DEBUG - https://www.researchgate.net:443 "GET /profile/Rajesh-Sharma-Rajendran/publication/343233568_A_Novel_CapsNet_based_Image_Reconstruction_and_Regression_Analysis/links/5f3eea42a6fdcccc43ddb514/A-Novel-CapsNet-based-Image-Reconstruction-and-Regression-Analysis.pdf?_sg%5B0%5D=started_experiment_milestone&origin=journalDetail HTTP/1.1" 403 None
2025-02-10 00:07:31,362 - DEBUG - Error: HTTP 응답 코드 403 - texts/A novel CapsNet based image reconstruction and regression analysis_1230.txt
2025-02-10 00:07:31,364 - DEBUG - Starting new HTTPS connection (1): arxiv.org:443
2025-02-10 00:07:32,060 - DEBUG - https://arxiv.org:443 "GET /pdf/1804.03515 HTTP/1.1" 200 670021
2025-02-10 00:07:32,547 - DEBUG - 텍스트 추출 및 저장 완료: texts/Hyperparameters and tuning strategies for random forest_1231.txt
2025-02-10 00:07:32,549 - DEBUG - Starting new HTTPS connection (1): mathematics.foi.hr:443
2025-02-10 00:07:34,883 - DEBUG - https://mathematics.foi.hr:443 "GET /Rprojekti/knjige/random-forests-with-r.pdf HTTP/1.1" 200 2289092
2025-02-10 00:07:40,373 - DEBUG - 텍스트 추출 및 저장 완료: texts/Random forests_1232.txt
2025-02-10 00:07:40,374 - DEBUG - Starting new HTTPS connection (1): journals.sagepub.com:443
2025-02-10 00:07:41,458 - DEBUG - https://journals.sagepub.com:443 "GET /doi/pdf/10.1177/1536867X20909688 HTTP/1.1" 403 None
2025-02-10 00:07:41,459 - DEBUG - Error: HTTP 응답 코드 403 - texts/The random forest algorithm for statistical learning_1233.txt
2025-02-10 00:07:41,461 - DEBUG - Starting new HTTPS connection (1): projecteuclid.org:443
2025-02-10 00:07:42,481 - DEBUG - https://projecteuclid.org:443 "GET /journals/annals-of-statistics/volume-47/issue-2/Generalized-random-forests/10.1214/18-AOS1709.pdf HTTP/1.1" 200 471426
2025-02-10 00:07:43,495 - DEBUG - 텍스트 추출 및 저장 완료: texts/Generalized random forests_1234.txt
2025-02-10 00:07:43,497 - DEBUG - Starting new HTTPS connection (1): www.mdpi.com:443
2025-02-10 00:07:44,064 - DEBUG - https://www.mdpi.com:443 "GET /2072-4292/12/10/1687/pdf HTTP/1.1" 302 None
2025-02-10 00:07:44,069 - DEBUG - Starting new HTTPS connection (1): mdpi-res.com:443
2025-02-10 00:07:45,119 - DEBUG - https://mdpi-res.com:443 "GET /d_attachment/remotesensing/remotesensing-12-01687/article_deploy/remotesensing-12-01687-v2.pdf?version=1590483202 HTTP/1.1" 200 8727417
2025-02-10 00:07:48,603 - DEBUG - 텍스트 추출 및 저장 완료: texts/Random forest spatial interpolation_1235.txt
2025-02-10 00:07:48,605 - DEBUG - Starting new HTTPS connection (1): arxiv.org:443
2025-02-10 00:07:49,184 - DEBUG - https://arxiv.org:443 "GET /pdf/2201.12682 HTTP/1.1" 200 4736375
2025-02-10 00:07:56,442 - DEBUG - 텍스트 추출 및 저장 완료: texts/Geometry-and accuracy-preserving random forest proximities_1236.txt
2025-02-10 00:07:56,443 - DEBUG - Starting new HTTPS connection (1): www.tandfonline.com:443
2025-02-10 00:07:56,635 - DEBUG - https://www.tandfonline.com:443 "GET /doi/pdf/10.1080/10106049.2019.1595177 HTTP/1.1" 403 None
2025-02-10 00:07:56,637 - DEBUG - Error: HTTP 응답 코드 403 - texts/Geographical random forests a spatial extension of the random forest algorithm to address spatial heterogeneity in remote sensing and population modelling_1237.txt
2025-02-10 00:07:56,640 - DEBUG - Starting new HTTPS connection (1): arxiv.org:443
2025-02-10 00:07:58,402 - DEBUG - https://arxiv.org:443 "GET /pdf/2111.02010 HTTP/1.1" 200 1714864
2025-02-10 00:08:00,199 - DEBUG - 텍스트 추출 및 저장 완료: texts/Oblique and rotation double random forest_1238.txt
2025-02-10 00:08:00,201 - DEBUG - Starting new HTTPS connection (1): www.sciencedirect.com:443
2025-02-10 00:08:00,455 - DEBUG - https://www.sciencedirect.com:443 "GET /science/article/pii/S1877050919320277/pdf?md5=44e3f651df391f55b66542e2859326f7&pid=1-s2.0-S1877050919320277-main.pdf HTTP/1.1" 403 None
2025-02-10 00:08:00,674 - DEBUG - Error: HTTP 응답 코드 403 - texts/A study on predicting loan default based on the random forest algorithm_1239.txt
2025-02-10 00:08:00,679 - DEBUG - Starting new HTTPS connection (1): www.academia.edu:443
2025-02-10 00:08:01,079 - DEBUG - https://www.academia.edu:443 "GET /download/93718412/j.petrol.2018.11.06720221105-1-1rcu0px.pdf HTTP/1.1" 404 16226
2025-02-10 00:08:01,082 - DEBUG - Error: HTTP 응답 코드 404 - texts/The linear random forest algorithm and its advantages in machine learning assisted logging regression modeling_1240.txt
2025-02-10 00:08:01,087 - DEBUG - Starting new HTTPS connection (1): drive.google.com:443
2025-02-10 00:08:01,643 - DEBUG - https://drive.google.com:443 "GET /file/d/13a8iTaXqyK-OKx4_rUl1Z_T3sJ38yp5g/view HTTP/1.1" 200 None
2025-02-10 00:08:01,681 - DEBUG - PDF 파일 읽기 오류: EOF marker not found
2025-02-10 00:08:01,685 - DEBUG - Starting new HTTPS connection (1): haozhestat.github.io:443
2025-02-10 00:08:02,519 - DEBUG - https://haozhestat.github.io:443 "GET /files/manuscript_RFIntervals_FinalVersion.pdf HTTP/1.1" 200 1469123
2025-02-10 00:08:04,168 - DEBUG - 텍스트 추출 및 저장 완료: texts/Random forest prediction intervals_1242.txt
2025-02-10 00:08:04,170 - DEBUG - Starting new HTTPS connection (1): www.mdpi.com:443
2025-02-10 00:08:04,754 - DEBUG - https://www.mdpi.com:443 "GET /2073-4433/10/7/373/pdf HTTP/1.1" 302 None
2025-02-10 00:08:04,759 - DEBUG - Starting new HTTPS connection (1): mdpi-res.com:443
2025-02-10 00:08:05,851 - DEBUG - https://mdpi-res.com:443 "GET /d_attachment/atmosphere/atmosphere-10-00373/article_deploy/atmosphere-10-00373.pdf?version=1562234760 HTTP/1.1" 200 5866589
2025-02-10 00:08:08,581 - DEBUG - 텍스트 추출 및 저장 완료: texts/PM2.5 Prediction Based on Random Forest, XGBoost, and Deep Learning Using Multisource Remote Sensing Data_1243.txt
2025-02-10 00:08:08,583 - DEBUG - Starting new HTTPS connection (1): www.frontiersin.org:443
2025-02-10 00:08:09,459 - DEBUG - https://www.frontiersin.org:443 "GET /articles/10.3389/fpubh.2020.00357/pdf HTTP/1.1" 301 None
2025-02-10 00:08:11,209 - DEBUG - https://www.frontiersin.org:443 "GET /journals/public-health/articles/10.3389/fpubh.2020.00357/pdf HTTP/1.1" 200 1911561
2025-02-10 00:08:12,772 - DEBUG - 텍스트 추출 및 저장 완료: texts/COVID-19 patient health prediction using boosted random forest algorithm_1244.txt
2025-02-10 00:08:12,775 - DEBUG - Starting new HTTPS connection (1): arxiv.org:443
2025-02-10 00:08:12,844 - DEBUG - https://arxiv.org:443 "GET /pdf/1911.01914 HTTP/1.1" 200 217517
2025-02-10 00:08:13,198 - DEBUG - 텍스트 추출 및 저장 완료: texts/A comparative analysis of gradient boosting algorithms_1245.txt
2025-02-10 00:08:13,199 - DEBUG - Starting new HTTPS connection (1): link.springer.com:443
2025-02-10 00:08:13,519 - DEBUG - https://link.springer.com:443 "GET /content/pdf/10.1007/s10994-019-05787-1.pdf HTTP/1.1" 303 0
2025-02-10 00:08:13,524 - DEBUG - Starting new HTTPS connection (1): idp.springer.com:443
2025-02-10 00:08:14,276 - DEBUG - https://idp.springer.com:443 "GET /authorize?response_type=cookie&client_id=springerlink&redirect_uri=https%3A%2F%2Flink.springer.com%2Fcontent%2Fpdf%2F10.1007%2Fs10994-019-05787-1.pdf HTTP/1.1" 302 0
2025-02-10 00:08:14,680 - DEBUG - https://link.springer.com:443 "GET /content/pdf/10.1007/s10994-019-05787-1.pdf HTTP/1.1" 200 863410
2025-02-10 00:08:21,229 - DEBUG - 텍스트 추출 및 저장 완료: texts/Accelerated gradient boosting_1246.txt
2025-02-10 00:08:21,232 - DEBUG - Starting new HTTP connection (1): proceedings.mlr.press:80
2025-02-10 00:08:21,908 - DEBUG - http://proceedings.mlr.press:80 "GET /v119/duan20a/duan20a.pdf HTTP/1.1" 200 643689
2025-02-10 00:08:22,681 - DEBUG - 텍스트 추출 및 저장 완료: texts/Ngboost Natural gradient boosting for probabilistic prediction_1247.txt
2025-02-10 00:08:22,683 - DEBUG - Starting new HTTPS connection (1): roderic.uv.es:443
2025-02-10 00:08:24,966 - DEBUG - https://roderic.uv.es:443 "GET /bitstreams/399b9d89-df45-4b03-9bbf-c01c823b50d6/download HTTP/1.1" 302 113
2025-02-10 00:08:25,434 - DEBUG - https://roderic.uv.es:443 "GET /rest/api/core/bitstreams/399b9d89-df45-4b03-9bbf-c01c823b50d6/content HTTP/1.1" 200 1001592
2025-02-10 00:08:30,502 - DEBUG - 텍스트 추출 및 저장 완료: texts/Predicting failure in the US banking sector An extreme gradient boosting approach_1248.txt
2025-02-10 00:08:30,504 - DEBUG - Starting new HTTPS connection (1): www.mdpi.com:443
2025-02-10 00:08:30,990 - DEBUG - https://www.mdpi.com:443 "GET /2075-4418/11/9/1714/pdf HTTP/1.1" 302 None
2025-02-10 00:08:30,996 - DEBUG - Starting new HTTPS connection (1): mdpi-res.com:443
2025-02-10 00:08:31,986 - DEBUG - https://mdpi-res.com:443 "GET /d_attachment/diagnostics/diagnostics-11-01714/article_deploy/diagnostics-11-01714-v2.pdf?version=1632306973 HTTP/1.1" 200 684166
2025-02-10 00:08:32,711 - DEBUG - 텍스트 추출 및 저장 완료: texts/Diagnosis of diabetes mellitus using gradient boosting machine (LightGBM)_1249.txt
2025-02-10 00:08:32,713 - DEBUG - Starting new HTTPS connection (1): arxiv.org:443
2025-02-10 00:08:32,958 - DEBUG - https://arxiv.org:443 "GET /pdf/1909.04373 HTTP/1.1" 200 582773
2025-02-10 00:08:33,369 - DEBUG - 텍스트 추출 및 저장 완료: texts/GBDT-MO gradient-boosted decision trees for multiple outputs_1250.txt
2025-02-10 00:08:33,370 - DEBUG - Starting new HTTPS connection (1): www.researchgate.net:443
2025-02-10 00:08:33,528 - DEBUG - https://www.researchgate.net:443 "GET /profile/Rui-Sun-15/publication/337555481_A_gradient_boosting_decision_tree_based_GPS_signal_reception_classification_algorithm/links/5de25df092851c8364552dfc/A-gradient-boosting-decision-tree-based-GPS-signal-reception-classification-algorithm.pdf HTTP/1.1" 403 None
2025-02-10 00:08:33,537 - DEBUG - Error: HTTP 응답 코드 403 - texts/A gradient boosting decision tree based GPS signal reception classification algorithm_1251.txt
2025-02-10 00:08:33,539 - DEBUG - Starting new HTTPS connection (1): dl.futuretechsci.org:443
2025-02-10 00:08:38,407 - DEBUG - https://dl.futuretechsci.org:443 "GET /id/eprint/43/1/10057-Article%20Text-32219-3-10-20240615.pdf HTTP/1.1" 200 910629
2025-02-10 00:08:40,832 - DEBUG - 텍스트 추출 및 저장 완료: texts/Dataset analysis and feature characteristics to predict rice production based on eXtreme gradient boosting_1252.txt
2025-02-10 00:08:40,833 - DEBUG - Starting new HTTPS connection (1): ieeexplore.ieee.org:443
2025-02-10 00:08:41,052 - DEBUG - https://ieeexplore.ieee.org:443 "GET /iel7/6287639/8948470/08979331.pdf HTTP/1.1" 418 245
2025-02-10 00:08:41,053 - DEBUG - Error: HTTP 응답 코드 418 - texts/An intelligent approach to credit card fraud detection using an optimized light gradient boosting machine_1253.txt
2025-02-10 00:08:41,057 - DEBUG - Starting new HTTPS connection (1): www.mdpi.com:443
2025-02-10 00:08:41,627 - DEBUG - https://www.mdpi.com:443 "GET /2071-1050/14/11/6651/pdf HTTP/1.1" 302 None
2025-02-10 00:08:41,632 - DEBUG - Starting new HTTPS connection (1): mdpi-res.com:443
2025-02-10 00:08:42,808 - DEBUG - https://mdpi-res.com:443 "GET /d_attachment/sustainability/sustainability-14-06651/article_deploy/sustainability-14-06651-v3.pdf?version=1654496113 HTTP/1.1" 200 5108482
2025-02-10 00:08:45,602 - DEBUG - 텍스트 추출 및 저장 완료: texts/Extreme gradient boosting-based machine learning approach for green building cost prediction_1254.txt
2025-02-10 00:08:45,603 - DEBUG - Starting new HTTPS connection (1): www.academia.edu:443
2025-02-10 00:08:45,866 - DEBUG - https://www.academia.edu:443 "GET /download/97745034/j.aei.2020.10120120230124-1-1uj4j1g.pdf HTTP/1.1" 404 16226
2025-02-10 00:08:45,868 - DEBUG - Error: HTTP 응답 코드 404 - texts/A novel construction cost prediction model using hybrid natural and light gradient boosting_1255.txt
2025-02-10 00:08:45,872 - DEBUG - Starting new HTTPS connection (1): www.lamda.nju.edu.cn:443
2025-02-10 00:08:46,842 - DEBUG - https://www.lamda.nju.edu.cn:443 "GET /publication/springerEBR09.pdf HTTP/1.1" 200 96372
2025-02-10 00:08:47,150 - DEBUG - 텍스트 추출 및 저장 완료: texts/Ensemble learning_1256.txt
2025-02-10 00:08:47,151 - DEBUG - Starting new HTTPS connection (1): ieeexplore.ieee.org:443
2025-02-10 00:08:47,371 - DEBUG - https://ieeexplore.ieee.org:443 "GET /iel7/6287639/9668973/09893798.pdf HTTP/1.1" 418 245
2025-02-10 00:08:47,372 - DEBUG - Error: HTTP 응답 코드 418 - texts/A survey of ensemble learning Concepts, algorithms, applications, and prospects_1257.txt
2025-02-10 00:08:47,376 - DEBUG - Starting new HTTPS connection (1): www.mdpi.com:443
2025-02-10 00:08:47,996 - DEBUG - https://www.mdpi.com:443 "GET /2076-3417/12/17/8654/pdf HTTP/1.1" 302 None
2025-02-10 00:08:47,998 - DEBUG - Starting new HTTPS connection (1): mdpi-res.com:443
2025-02-10 00:08:49,238 - DEBUG - https://mdpi-res.com:443 "GET /d_attachment/applsci/applsci-12-08654/article_deploy/applsci-12-08654-v2.pdf?version=1661910503 HTTP/1.1" 200 1101221
2025-02-10 00:08:50,065 - DEBUG - 텍스트 추출 및 저장 완료: texts/A review of ensemble learning algorithms used in remote sensing applications_1258.txt
2025-02-10 00:08:50,067 - DEBUG - Starting new HTTPS connection (1): arxiv.org:443
2025-02-10 00:08:50,625 - DEBUG - https://arxiv.org:443 "GET /pdf/2003.07325 HTTP/1.1" 200 16303660
2025-02-10 00:09:13,241 - DEBUG - 텍스트 추출 및 저장 완료: texts/Domain adaptive ensemble learning_1259.txt
2025-02-10 00:09:13,243 - DEBUG - Starting new HTTPS connection (1): arxiv.org:443
2025-02-10 00:09:13,882 - DEBUG - https://arxiv.org:443 "GET /pdf/2104.02395' HTTP/1.1" 404 10565
2025-02-10 00:09:13,883 - DEBUG - Error: HTTP 응답 코드 404 - texts/Ensemble deep learning A review_1260.txt
2025-02-10 00:09:13,886 - DEBUG - Starting new HTTPS connection (1): www.mdpi.com:443
2025-02-10 00:09:14,406 - DEBUG - https://www.mdpi.com:443 "GET /2227-9032/11/12/1808/pdf HTTP/1.1" 302 None
2025-02-10 00:09:14,407 - DEBUG - Starting new HTTPS connection (1): mdpi-res.com:443
2025-02-10 00:09:15,702 - DEBUG - https://mdpi-res.com:443 "GET /d_attachment/healthcare/healthcare-11-01808/article_deploy/healthcare-11-01808.pdf?version=1687263462 HTTP/1.1" 200 2205926
2025-02-10 00:09:16,915 - DEBUG - 텍스트 추출 및 저장 완료: texts/Ensemble learning for disease prediction A review_1261.txt
2025-02-10 00:09:16,916 - DEBUG - Starting new HTTPS connection (1): link.springer.com:443
2025-02-10 00:09:17,396 - DEBUG - https://link.springer.com:443 "GET /content/pdf/10.1007/s00521-019-04359-7.pdf HTTP/1.1" 303 0
2025-02-10 00:09:17,400 - DEBUG - Starting new HTTPS connection (1): idp.springer.com:443
2025-02-10 00:09:17,920 - DEBUG - https://idp.springer.com:443 "GET /authorize?response_type=cookie&client_id=springerlink&redirect_uri=https%3A%2F%2Flink.springer.com%2Fcontent%2Fpdf%2F10.1007%2Fs00521-019-04359-7.pdf HTTP/1.1" 302 0
2025-02-10 00:09:20,381 - DEBUG - https://link.springer.com:443 "GET /content/pdf/10.1007/s00521-019-04359-7.pdf HTTP/1.1" 200 837682
2025-02-10 00:09:22,961 - DEBUG - 텍스트 추출 및 저장 완료: texts/A dynamic ensemble learning algorithm for neural networks_1262.txt
2025-02-10 00:09:22,963 - DEBUG - Starting new HTTPS connection (1): arxiv.org:443
2025-02-10 00:09:24,215 - DEBUG - https://arxiv.org:443 "GET /pdf/2103.12521 HTTP/1.1" 200 676111
2025-02-10 00:09:25,110 - DEBUG - 텍스트 추출 및 저장 완료: texts/On ensemble learning_1263.txt
2025-02-10 00:09:25,112 - DEBUG - Starting new HTTPS connection (1): www.worldscientific.com:443
2025-02-10 00:09:25,361 - DEBUG - https://www.worldscientific.com:443 "GET /doi/pdf/10.1142/9789811201967_0001 HTTP/1.1" 403 None
2025-02-10 00:09:25,365 - DEBUG - Error: HTTP 응답 코드 403 - texts/Ensemble learning pattern classification using ensemble methods_1264.txt
2025-02-10 00:09:25,369 - DEBUG - Starting new HTTPS connection (1): scholar.archive.org:443
2025-02-10 00:09:26,056 - DEBUG - https://scholar.archive.org:443 "GET /work/papbtxnhbfe4lgxrkrog3ok3xi/access/wayback/https://assets.researchsquare.com/files/rs-144757/v1_stamped.pdf HTTP/1.1" 302 0
2025-02-10 00:09:26,060 - DEBUG - Starting new HTTPS connection (1): web.archive.org:443
2025-02-10 00:09:27,126 - DEBUG - https://web.archive.org:443 "GET /web/20210224120256id_/https://assets.researchsquare.com/files/rs-144757/v1_stamped.pdf HTTP/1.1" 200 645692
2025-02-10 00:09:28,535 - DEBUG - 텍스트 추출 및 저장 완료: texts/BoostTree and BoostForest for ensemble learning_1265.txt
2025-02-10 00:09:28,537 - DEBUG - Starting new HTTPS connection (1): www.mdpi.com:443
2025-02-10 00:09:29,188 - DEBUG - https://www.mdpi.com:443 "GET /1999-4907/12/2/217/pdf HTTP/1.1" 302 None
2025-02-10 00:09:29,193 - DEBUG - Starting new HTTPS connection (1): mdpi-res.com:443
2025-02-10 00:09:30,054 - DEBUG - https://mdpi-res.com:443 "GET /d_attachment/forests/forests-12-00217/article_deploy/forests-12-00217-v2.pdf?version=1614146364 HTTP/1.1" 200 14369907
2025-02-10 00:09:36,739 - DEBUG - 텍스트 추출 및 저장 완료: texts/A forest fire detection system based on ensemble learning_1266.txt
2025-02-10 00:09:36,741 - DEBUG - Starting new HTTPS connection (1): ieeexplore.ieee.org:443
2025-02-10 00:09:36,952 - DEBUG - https://ieeexplore.ieee.org:443 "GET /iel7/6287639/6514899/09477596.pdf HTTP/1.1" 418 245
2025-02-10 00:09:36,953 - DEBUG - Error: HTTP 응답 코드 418 - texts/Software defect prediction using ensemble learning A systematic literature review_1267.txt
2025-02-10 00:09:36,957 - DEBUG - Starting new HTTPS connection (1): proceedings.mlsys.org:443
2025-02-10 00:09:37,955 - DEBUG - https://proceedings.mlsys.org:443 "GET /paper_files/paper/2020/file/4a420924d20bc025ebb37849169e6ebd-Paper.pdf HTTP/1.1" 200 607778
2025-02-10 00:09:39,434 - DEBUG - 텍스트 추출 및 저장 완료: texts/Mothernets Rapid deep ensemble learning_1268.txt
2025-02-10 00:09:39,435 - DEBUG - Starting new HTTP connection (1): proceedings.mlr.press:80
2025-02-10 00:09:39,879 - DEBUG - http://proceedings.mlr.press:80 "GET /v139/lee21g/lee21g.pdf HTTP/1.1" 200 1021629
2025-02-10 00:09:40,475 - DEBUG - 텍스트 추출 및 저장 완료: texts/Sunrise A simple unified framework for ensemble learning in deep reinforcement learning_1269.txt
2025-02-10 00:09:40,477 - DEBUG - Starting new HTTP connection (1): www.vuuren.co.za:80
2025-02-10 00:09:44,916 - DEBUG - http://www.vuuren.co.za:80 "GET /papers/SentiEnsembles.pdf HTTP/1.1" 200 820593
2025-02-10 00:09:47,529 - DEBUG - 텍스트 추출 및 저장 완료: texts/The power of ensemble learning in sentiment analysis_1270.txt
2025-02-10 00:09:47,531 - DEBUG - Starting new HTTPS connection (1): ieeexplore.ieee.org:443
2025-02-10 00:09:47,763 - DEBUG - https://ieeexplore.ieee.org:443 "GET /iel7/6287639/8948470/09036908.pdf HTTP/1.1" 418 245
2025-02-10 00:09:47,764 - DEBUG - Error: HTTP 응답 코드 418 - texts/Analysis of dimensionality reduction techniques on big data_1271.txt
2025-02-10 00:09:47,767 - DEBUG - Starting new HTTPS connection (1): www.academia.edu:443
2025-02-10 00:09:48,014 - DEBUG - https://www.academia.edu:443 "GET /download/95417338/j.inffus.2020.01.00520221208-1-eqc22m.pdf HTTP/1.1" 404 16226
2025-02-10 00:09:48,018 - DEBUG - Error: HTTP 응답 코드 404 - texts/Overview and comparative study of dimensionality reduction techniques for high dimensional data_1272.txt
2025-02-10 00:09:48,023 - DEBUG - Starting new HTTPS connection (1): repositorio.usp.br:443
2025-02-10 00:09:51,061 - DEBUG - https://repositorio.usp.br:443 "GET /directbitstream/3daac604-21ab-45dd-93a8-a4ff8fd4c64d/2969745.pdf HTTP/1.1" 200 20757933
2025-02-10 00:10:09,076 - DEBUG - 텍스트 추출 및 저장 완료: texts/Toward a quantitative survey of dimension reduction techniques_1273.txt
2025-02-10 00:10:09,079 - DEBUG - Starting new HTTPS connection (1): link.springer.com:443
2025-02-10 00:10:09,420 - DEBUG - https://link.springer.com:443 "GET /content/pdf/10.1186/s13059-019-1861-6.pdf HTTP/1.1" 303 0
2025-02-10 00:10:09,425 - DEBUG - Starting new HTTPS connection (1): idp.springer.com:443
2025-02-10 00:10:09,780 - DEBUG - https://idp.springer.com:443 "GET /authorize?response_type=cookie&client_id=springerlink&redirect_uri=https%3A%2F%2Flink.springer.com%2Fcontent%2Fpdf%2F10.1186%2Fs13059-019-1861-6.pdf HTTP/1.1" 302 0
2025-02-10 00:10:10,709 - DEBUG - https://link.springer.com:443 "GET /content/pdf/10.1186/s13059-019-1861-6.pdf HTTP/1.1" 200 3811035
2025-02-10 00:10:31,412 - DEBUG - 텍스트 추출 및 저장 완료: texts/Feature selection and dimension reduction for single-cell RNA-Seq based on a multinomial model_1274.txt
2025-02-10 00:10:31,414 - DEBUG - Starting new HTTPS connection (1): ieeexplore.ieee.org:443
2025-02-10 00:10:31,679 - DEBUG - https://ieeexplore.ieee.org:443 "GET /iel7/6287639/6514899/08666014.pdf HTTP/1.1" 418 245
2025-02-10 00:10:31,681 - DEBUG - Error: HTTP 응답 코드 418 - texts/An intrusion detection model based on feature reduction and convolutional neural networks_1275.txt
2025-02-10 00:10:31,686 - DEBUG - Starting new HTTP connection (1): openaccess.thecvf.com:80
2025-02-10 00:10:32,286 - DEBUG - http://openaccess.thecvf.com:80 "GET /content_CVPR_2020/papers/Wang_ECA-Net_Efficient_Channel_Attention_for_Deep_Convolutional_Neural_Networks_CVPR_2020_paper.pdf HTTP/1.1" 302 425
2025-02-10 00:10:32,289 - DEBUG - Starting new HTTPS connection (1): openaccess.thecvf.com:443
2025-02-10 00:10:32,922 - DEBUG - https://openaccess.thecvf.com:443 "GET /content_CVPR_2020/papers/Wang_ECA-Net_Efficient_Channel_Attention_for_Deep_Convolutional_Neural_Networks_CVPR_2020_paper.pdf HTTP/1.1" 200 638786
2025-02-10 00:10:35,459 - DEBUG - 텍스트 추출 및 저장 완료: texts/ECA-Net Efficient channel attention for deep convolutional neural networks_1276.txt
2025-02-10 00:10:35,460 - DEBUG - Starting new HTTPS connection (1): www.mdpi.com:443
2025-02-10 00:10:35,937 - DEBUG - https://www.mdpi.com:443 "GET /2079-9292/9/2/274/pdf HTTP/1.1" 302 None
2025-02-10 00:10:35,942 - DEBUG - Starting new HTTPS connection (1): mdpi-res.com:443
2025-02-10 00:10:37,073 - DEBUG - https://mdpi-res.com:443 "GET /d_attachment/electronics/electronics-09-00274/article_deploy/electronics-09-00274-v3.pdf?version=1582896884 HTTP/1.1" 200 7898101
2025-02-10 00:10:41,344 - DEBUG - 텍스트 추출 및 저장 완료: texts/Early detection of diabetic retinopathy using PCA-firefly based deep learning model_1277.txt
2025-02-10 00:10:41,346 - DEBUG - Starting new HTTPS connection (1): www.researchgate.net:443
2025-02-10 00:10:41,505 - DEBUG - https://www.researchgate.net:443 "GET /profile/Jiangning-Song/publication/331702618_iLearn_an_integrated_platform_and_meta-learner_for_feature_engineering_machine_learning_analysis_and_modeling_of_DNA_RNA_and_protein_sequence_data/links/6049d8d5299bf1f5d83dadb6/iLearn-an-integrated-platform-and-meta-learner-for-feature-engineering-machine-learning-analysis-and-modeling-of-DNA-RNA-and-protein-sequence-data.pdf HTTP/1.1" 403 None
2025-02-10 00:10:41,524 - DEBUG - Error: HTTP 응답 코드 403 - texts/iLearn an integrated platform and meta-learner for feature engineering, machine-learning analysis and modeling of DNA, RNA and protein sequence data_1278.txt
2025-02-10 00:10:41,527 - DEBUG - Starting new HTTPS connection (1): openaccess.thecvf.com:443
2025-02-10 00:10:42,139 - DEBUG - https://openaccess.thecvf.com:443 "GET /content/ICCV2021/papers/Heo_Rethinking_Spatial_Dimensions_of_Vision_Transformers_ICCV_2021_paper.pdf HTTP/1.1" 200 673584
2025-02-10 00:10:43,583 - DEBUG - 텍스트 추출 및 저장 완료: texts/Rethinking spatial dimensions of vision transformers_1279.txt
2025-02-10 00:10:43,585 - DEBUG - Starting new HTTPS connection (1): proceedings.neurips.cc:443
2025-02-10 00:10:44,195 - DEBUG - https://proceedings.neurips.cc:443 "GET /paper/2019/file/846c260d715e5b854ffad5f70a516c88-Paper.pdf HTTP/1.1" 200 776415
2025-02-10 00:10:45,813 - DEBUG - 텍스트 추출 및 저장 완료: texts/Failing loudly An empirical study of methods for detecting dataset shift_1280.txt
2025-02-10 00:10:45,815 - DEBUG - Starting new HTTPS connection (1): link.springer.com:443
2025-02-10 00:10:46,146 - DEBUG - https://link.springer.com:443 "GET /content/pdf/10.1186/s13059-019-1874-1.pdf HTTP/1.1" 303 0
2025-02-10 00:10:46,151 - DEBUG - Starting new HTTPS connection (1): idp.springer.com:443
2025-02-10 00:10:46,464 - DEBUG - https://idp.springer.com:443 "GET /authorize?response_type=cookie&client_id=springerlink&redirect_uri=https%3A%2F%2Flink.springer.com%2Fcontent%2Fpdf%2F10.1186%2Fs13059-019-1874-1.pdf HTTP/1.1" 302 0
2025-02-10 00:10:47,173 - DEBUG - https://link.springer.com:443 "GET /content/pdf/10.1186/s13059-019-1874-1.pdf HTTP/1.1" 200 5378176
2025-02-10 00:10:53,735 - DEBUG - 텍스트 추출 및 저장 완료: texts/Normalization and variance stabilization of single-cell RNA-seq data using regularized negative binomial regression_1281.txt
2025-02-10 00:10:53,737 - DEBUG - Starting new HTTP connection (1): www.numdam.org:80
2025-02-10 00:10:57,738 - DEBUG - http://www.numdam.org:80 "GET /item/10.5802/smai-jcm.74.pdf HTTP/1.1" 200 2381531
2025-02-10 00:11:04,151 - DEBUG - 텍스트 추출 및 저장 완료: texts/Model reduction and neural networks for parametric PDEs_1282.txt
2025-02-10 00:11:04,153 - DEBUG - Starting new HTTPS connection (1): sciendo.com:443
2025-02-10 00:11:05,709 - DEBUG - https://sciendo.com:443 "GET /pdf/10.2478/cait-2019-0001 HTTP/1.1" 302 110
2025-02-10 00:11:05,713 - DEBUG - Starting new HTTPS connection (1): intapi.sciendo.com:443
2025-02-10 00:11:07,414 - DEBUG - https://intapi.sciendo.com:443 "GET /pdf/10.2478/cait-2019-0001 HTTP/1.1" 200 None
2025-02-10 00:11:12,327 - DEBUG - 텍스트 추출 및 저장 완료: texts/A review of feature selection and its methods_1283.txt
2025-02-10 00:11:12,330 - DEBUG - Starting new HTTPS connection (1): www.sciencedirect.com:443
2025-02-10 00:11:12,602 - DEBUG - https://www.sciencedirect.com:443 "GET /science/article/am/pii/S0021999119306783 HTTP/1.1" 403 None
2025-02-10 00:11:12,805 - DEBUG - Error: HTTP 응답 코드 403 - texts/Model reduction of dynamical systems on nonlinear manifolds using deep convolutional autoencoders_1284.txt
2025-02-10 00:11:12,826 - DEBUG - Starting new HTTP connection (1): proceedings.mlr.press:80
2025-02-10 00:11:13,779 - DEBUG - http://proceedings.mlr.press:80 "GET /v115/patrini20a/patrini20a.pdf HTTP/1.1" 200 6887025
2025-02-10 00:11:16,483 - DEBUG - 텍스트 추출 및 저장 완료: texts/Sinkhorn autoencoders_1285.txt
2025-02-10 00:11:16,485 - DEBUG - Starting new HTTPS connection (1): www.nowpublishers.com:443
2025-02-10 00:11:18,181 - DEBUG - https://www.nowpublishers.com:443 "GET /article/DownloadSummary/MAL-056 HTTP/1.1" 200 1149690
2025-02-10 00:11:20,253 - DEBUG - 텍스트 추출 및 저장 완료: texts/An introduction to variational autoencoders_1286.txt
2025-02-10 00:11:20,255 - DEBUG - Starting new HTTPS connection (1): www.sciencedirect.com:443
2025-02-10 00:11:20,516 - DEBUG - https://www.sciencedirect.com:443 "GET /science/article/am/pii/S0893608019301352 HTTP/1.1" 403 None
2025-02-10 00:11:20,756 - DEBUG - Error: HTTP 응답 코드 403 - texts/Understanding autoencoders with information theoretic concepts_1287.txt
2025-02-10 00:11:20,762 - DEBUG - Starting new HTTPS connection (1): www.mdpi.com:443
2025-02-10 00:11:21,359 - DEBUG - https://www.mdpi.com:443 "GET /2227-7390/11/8/1777/pdf HTTP/1.1" 302 None
2025-02-10 00:11:21,365 - DEBUG - Starting new HTTPS connection (1): mdpi-res.com:443
2025-02-10 00:11:24,741 - DEBUG - https://mdpi-res.com:443 "GET /d_attachment/mathematics/mathematics-11-01777/article_deploy/mathematics-11-01777-v3.pdf?version=1681094465 HTTP/1.1" 200 3592567
2025-02-10 00:11:27,633 - DEBUG - 텍스트 추출 및 저장 완료: texts/Auto-encoders in deep learning—a review with new perspectives_1288.txt
2025-02-10 00:11:27,635 - DEBUG - Starting new HTTP connection (1): proceedings.mlr.press:80
2025-02-10 00:11:28,752 - DEBUG - http://proceedings.mlr.press:80 "GET /v119/moor20a/moor20a.pdf HTTP/1.1" 200 6447244
2025-02-10 00:11:31,213 - DEBUG - 텍스트 추출 및 저장 완료: texts/Topological autoencoders_1289.txt
2025-02-10 00:11:31,215 - DEBUG - Starting new HTTPS connection (1): link.aps.org:443
2025-02-10 00:11:31,974 - DEBUG - https://link.aps.org:443 "GET /pdf/10.1103/PhysRevD.101.075021 HTTP/1.1" 302 0
2025-02-10 00:11:31,978 - DEBUG - Starting new HTTPS connection (1): journals.aps.org:443
2025-02-10 00:11:32,352 - DEBUG - https://journals.aps.org:443 "GET /prd/pdf/10.1103/PhysRevD.101.075021 HTTP/1.1" 403 None
2025-02-10 00:11:32,355 - DEBUG - Error: HTTP 응답 코드 403 - texts/Searching for new physics with deep autoencoders_1290.txt
2025-02-10 00:11:32,360 - DEBUG - Starting new HTTPS connection (1): proceedings.neurips.cc:443
2025-02-10 00:11:33,003 - DEBUG - https://proceedings.neurips.cc:443 "GET /paper/2020/file/e33d974aae13e4d877477d51d8bafdc4-Paper.pdf HTTP/1.1" 200 1482055
2025-02-10 00:11:34,445 - DEBUG - 텍스트 추출 및 저장 완료: texts/Autoencoders that don't overfit towards the identity_1291.txt
2025-02-10 00:11:34,448 - DEBUG - Starting new HTTPS connection (1): openreview.net:443
2025-02-10 00:11:35,318 - DEBUG - https://openreview.net:443 "GET /pdf?id=S1g7tpEYDS HTTP/1.1" 200 30306500
2025-02-10 00:11:59,653 - DEBUG - 텍스트 추출 및 저장 완료: texts/From variational to deterministic autoencoders_1292.txt
2025-02-10 00:11:59,655 - DEBUG - Starting new HTTPS connection (1): openaccess.thecvf.com:443
2025-02-10 00:12:00,293 - DEBUG - https://openaccess.thecvf.com:443 "GET /content_CVPR_2020/papers/Pidhorskyi_Adversarial_Latent_Autoencoders_CVPR_2020_paper.pdf HTTP/1.1" 200 9460859
2025-02-10 00:12:09,611 - DEBUG - 텍스트 추출 및 저장 완료: texts/Adversarial latent autoencoders_1293.txt
2025-02-10 00:12:09,613 - DEBUG - Starting new HTTPS connection (1): proceedings.neurips.cc:443
2025-02-10 00:12:10,240 - DEBUG - https://proceedings.neurips.cc:443 "GET /paper_files/paper/2022/file/b89d5e209990b19e33b418e14f323998-Paper-Conference.pdf HTTP/1.1" 200 3103264
2025-02-10 00:12:13,518 - DEBUG - 텍스트 추출 및 저장 완료: texts/Masked autoencoders that listen_1294.txt
2025-02-10 00:12:13,521 - DEBUG - Starting new HTTP connection (1): openaccess.thecvf.com:80
2025-02-10 00:12:13,905 - DEBUG - http://openaccess.thecvf.com:80 "GET /content/CVPR2022/papers/He_Masked_Autoencoders_Are_Scalable_Vision_Learners_CVPR_2022_paper.pdf HTTP/1.1" 302 396
2025-02-10 00:12:13,907 - DEBUG - Starting new HTTPS connection (1): openaccess.thecvf.com:443
2025-02-10 00:12:14,652 - DEBUG - https://openaccess.thecvf.com:443 "GET /content/CVPR2022/papers/He_Masked_Autoencoders_Are_Scalable_Vision_Learners_CVPR_2022_paper.pdf HTTP/1.1" 200 1737112
2025-02-10 00:12:17,846 - DEBUG - 텍스트 추출 및 저장 완료: texts/Masked autoencoders are scalable vision learners_1295.txt
2025-02-10 00:12:17,849 - DEBUG - Starting new HTTPS connection (1): proceedings.neurips.cc:443
2025-02-10 00:12:18,503 - DEBUG - https://proceedings.neurips.cc:443 "GET /paper_files/paper/2022/file/e97d1081481a4017df96b51be31001d3-Paper-Conference.pdf HTTP/1.1" 200 5093652
2025-02-10 00:12:21,837 - DEBUG - 텍스트 추출 및 저장 완료: texts/Masked autoencoders as spatiotemporal learners_1296.txt
2025-02-10 00:12:21,838 - DEBUG - Starting new HTTPS connection (1): arxiv.org:443
2025-02-10 00:12:22,801 - DEBUG - https://arxiv.org:443 "GET /pdf/1905.03375 HTTP/1.1" 200 1488690
2025-02-10 00:12:23,685 - DEBUG - 텍스트 추출 및 저장 완료: texts/Embarrassingly shallow autoencoders for sparse data_1297.txt
2025-02-10 00:12:23,687 - DEBUG - Starting new HTTPS connection (1): proceedings.neurips.cc:443
2025-02-10 00:12:24,340 - DEBUG - https://proceedings.neurips.cc:443 "GET /paper/2021/file/f490d0af974fedf90cb0f1edce8e3dd5-Paper.pdf HTTP/1.1" 200 1737929
2025-02-10 00:12:26,626 - DEBUG - 텍스트 추출 및 저장 완료: texts/Clockwork variational autoencoders_1298.txt
2025-02-10 00:12:26,627 - DEBUG - Starting new HTTPS connection (1): www.mdpi.com:443
2025-02-10 00:12:27,172 - DEBUG - https://www.mdpi.com:443 "GET /2076-3417/10/16/5510/pdf HTTP/1.1" 302 None
2025-02-10 00:12:27,177 - DEBUG - Starting new HTTPS connection (1): mdpi-res.com:443
2025-02-10 00:12:28,020 - DEBUG - https://mdpi-res.com:443 "GET /d_attachment/applsci/applsci-10-05510/article_deploy/applsci-10-05510.pdf?version=1597026680 HTTP/1.1" 200 1319558
2025-02-10 00:12:28,792 - DEBUG - 텍스트 추출 및 저장 완료: texts/Recommendation system using autoencoders_1299.txt
2025-02-10 00:12:28,794 - DEBUG - Starting new HTTPS connection (1): www.mdpi.com:443
2025-02-10 00:12:29,783 - DEBUG - https://www.mdpi.com:443 "GET /1424-8220/21/13/4294/pdf HTTP/1.1" 302 None
2025-02-10 00:12:29,788 - DEBUG - Starting new HTTPS connection (1): mdpi-res.com:443
2025-02-10 00:12:30,512 - DEBUG - https://mdpi-res.com:443 "GET /d_attachment/sensors/sensors-21-04294/article_deploy/sensors-21-04294-v2.pdf?version=1624602109 HTTP/1.1" 200 1990458
2025-02-10 00:12:31,829 - DEBUG - 텍스트 추출 및 저장 완료: texts/Analysis of autoencoders for network intrusion detection_1300.txt
2025-02-10 00:12:31,831 - DEBUG - Starting new HTTPS connection (1): arxiv.org:443
2025-02-10 00:12:33,262 - DEBUG - https://arxiv.org:443 "GET /pdf/2001.04086 HTTP/1.1" 200 1851712
2025-02-10 00:12:35,073 - DEBUG - 텍스트 추출 및 저장 완료: texts/Gridmask data augmentation_1301.txt
2025-02-10 00:12:35,074 - DEBUG - Starting new HTTPS connection (1): ojs.aaai.org:443
2025-02-10 00:12:36,244 - DEBUG - https://ojs.aaai.org:443 "GET /index.php/AAAI/article/view/7000/6854.._random HTTP/1.1" 403 255
2025-02-10 00:12:36,245 - DEBUG - Error: HTTP 응답 코드 403 - texts/Random erasing data augmentation_1302.txt
2025-02-10 00:12:36,247 - DEBUG - Starting new HTTPS connection (1): arxiv.org:443
2025-02-10 00:12:36,294 - DEBUG - https://arxiv.org:443 "GET /pdf/2105.03075 HTTP/1.1" 200 855975
2025-02-10 00:12:36,859 - DEBUG - 텍스트 추출 및 저장 완료: texts/A survey of data augmentation approaches for NLP_1303.txt
2025-02-10 00:12:36,861 - DEBUG - Starting new HTTPS connection (1): proceedings.neurips.cc:443
2025-02-10 00:12:37,547 - DEBUG - https://proceedings.neurips.cc:443 "GET /paper/2021/file/fb4c48608ce8825b558ccf07169a3421-Paper.pdf HTTP/1.1" 200 491463
2025-02-10 00:12:38,589 - DEBUG - 텍스트 추출 및 저장 완료: texts/Data augmentation can improve robustness_1304.txt
2025-02-10 00:12:38,590 - DEBUG - Starting new HTTPS connection (1): arxiv.org:443
2025-02-10 00:12:39,493 - DEBUG - https://arxiv.org:443 "GET /pdf/1805.11272 HTTP/1.1" 200 994940
2025-02-10 00:12:40,149 - DEBUG - 텍스트 추출 및 저장 완료: texts/Improved mixed-example data augmentation_1305.txt
2025-02-10 00:12:40,150 - DEBUG - Starting new HTTPS connection (1): arxiv.org:443
2025-02-10 00:12:40,178 - DEBUG - https://arxiv.org:443 "GET /pdf/2107.03158 HTTP/1.1" 200 1023075
2025-02-10 00:12:41,659 - DEBUG - 텍스트 추출 및 저장 완료: texts/A survey on data augmentation for text classification_1306.txt
2025-02-10 00:12:41,661 - DEBUG - Starting new HTTPS connection (1): arxiv.org:443
2025-02-10 00:12:41,947 - DEBUG - https://arxiv.org:443 "GET /pdf/2302.13007.pdf?trk=public_post_comment-text HTTP/1.1" 301 249
2025-02-10 00:12:41,951 - DEBUG - Starting new HTTP connection (1): arxiv.org:80
2025-02-10 00:12:42,665 - DEBUG - http://arxiv.org:80 "GET /pdf/2302.13007 HTTP/1.1" 200 1068294
2025-02-10 00:12:43,891 - DEBUG - 텍스트 추출 및 저장 완료: texts/Auggpt Leveraging chatgpt for text data augmentation_1307.txt
2025-02-10 00:12:43,892 - DEBUG - Starting new HTTP connection (1): proceedings.mlr.press:80
2025-02-10 00:12:45,024 - DEBUG - http://proceedings.mlr.press:80 "GET /v97/dao19b/dao19b.pdf HTTP/1.1" 200 1438866
2025-02-10 00:12:45,973 - DEBUG - 텍스트 추출 및 저장 완료: texts/A kernel theory of modern data augmentation_1308.txt
2025-02-10 00:12:45,975 - DEBUG - Starting new HTTPS connection (1): proceedings.neurips.cc:443
2025-02-10 00:12:46,657 - DEBUG - https://proceedings.neurips.cc:443 "GET /paper_files/paper/2020/file/44feb0096faa8326192570788b38c1d1-Paper.pdf HTTP/1.1" 200 1603360
2025-02-10 00:12:48,824 - DEBUG - 텍스트 추출 및 저장 완료: texts/Unsupervised data augmentation for consistency training_1309.txt
2025-02-10 00:12:48,825 - DEBUG - Starting new HTTP connection (1): openaccess.thecvf.com:80
2025-02-10 00:12:49,218 - DEBUG - http://openaccess.thecvf.com:80 "GET /content_CVPRW_2020/papers/w40/Cubuk_Randaugment_Practical_Automated_Data_Augmentation_With_a_Reduced_Search_Space_CVPRW_2020_paper.pdf HTTP/1.1" 302 435
2025-02-10 00:12:49,220 - DEBUG - Starting new HTTPS connection (1): openaccess.thecvf.com:443
2025-02-10 00:12:49,907 - DEBUG - https://openaccess.thecvf.com:443 "GET /content_CVPRW_2020/papers/w40/Cubuk_Randaugment_Practical_Automated_Data_Augmentation_With_a_Reduced_Search_Space_CVPRW_2020_paper.pdf HTTP/1.1" 200 476748
2025-02-10 00:12:51,324 - DEBUG - 텍스트 추출 및 저장 완료: texts/Randaugment Practical automated data augmentation with a reduced search space_1310.txt
2025-02-10 00:12:51,326 - DEBUG - Starting new HTTPS connection (1): arxiv.org:443
2025-02-10 00:12:51,365 - DEBUG - https://arxiv.org:443 "GET /pdf/1906.11172 HTTP/1.1" 200 3353881
2025-02-10 00:12:52,849 - DEBUG - 텍스트 추출 및 저장 완료: texts/Learning data augmentation strategies for object detection_1311.txt
2025-02-10 00:12:52,851 - DEBUG - Starting new HTTPS connection (1): arxiv.org:443
2025-02-10 00:12:53,620 - DEBUG - https://arxiv.org:443 "GET /pdf/1904.08779.pdf?source=post_page--------------------------- HTTP/1.1" 301 249
2025-02-10 00:12:53,624 - DEBUG - Starting new HTTP connection (1): arxiv.org:80
2025-02-10 00:12:53,658 - DEBUG - http://arxiv.org:80 "GET /pdf/1904.08779 HTTP/1.1" 200 3733556
2025-02-10 00:12:55,471 - DEBUG - 텍스트 추출 및 저장 완료: texts/Specaugment A simple data augmentation method for automatic speech recognition_1312.txt
2025-02-10 00:12:55,473 - DEBUG - Starting new HTTPS connection (1): fardapaper.ir:443
2025-02-10 00:12:58,171 - DEBUG - https://fardapaper.ir:443 "GET /mohavaha/uploads/2019/12/Fardapaper-Cognitive-computing-and-wireless-communications-on-the-edge-for-healthcare-service-robots.pdf HTTP/1.1" 200 1714207
2025-02-10 00:13:05,813 - DEBUG - 텍스트 추출 및 저장 완료: texts/Cognitive computing and wireless communications on the edge for healthcare service robots_1313.txt
2025-02-10 00:13:05,815 - DEBUG - Starting new HTTPS connection (1): arxiv.org:443
2025-02-10 00:13:07,096 - DEBUG - https://arxiv.org:443 "GET /pdf/1808.07198 HTTP/1.1" 200 1055581
2025-02-10 00:13:08,559 - DEBUG - 텍스트 추출 및 저장 완료: texts/A dynamic service migration mechanism in edge cognitive computing_1314.txt
2025-02-10 00:13:08,561 - DEBUG - Starting new HTTPS connection (1): ieeexplore.ieee.org:443
2025-02-10 00:13:08,859 - DEBUG - https://ieeexplore.ieee.org:443 "GET /iel7/2/8713810/08713837.pdf HTTP/1.1" 418 245
2025-02-10 00:13:08,861 - DEBUG - Error: HTTP 응답 코드 418 - texts/Cognitive computing systems Their potential and the future_1315.txt
2025-02-10 00:13:08,865 - DEBUG - Starting new HTTPS connection (1): papers.ssrn.com:443
2025-02-10 00:13:10,525 - DEBUG - https://papers.ssrn.com:443 "GET /sol3/Delivery.cfm?abstractid=3680306 HTTP/1.1" 302 None
2025-02-10 00:13:12,041 - DEBUG - https://papers.ssrn.com:443 "GET /sol3/papers.cfm?abstract_id=3680306 HTTP/1.1" 200 None
2025-02-10 00:13:12,060 - DEBUG - PDF 파일 읽기 오류: EOF marker not found
2025-02-10 00:13:12,064 - DEBUG - Starting new HTTPS connection (1): www.capuano.cloud:443
2025-02-10 00:13:15,994 - DEBUG - https://www.capuano.cloud:443 "GET /papers/CHB_2019_P1.pdf HTTP/1.1" 200 1659988
2025-02-10 00:13:22,356 - DEBUG - 텍스트 추출 및 저장 완료: texts/Experimentation of a smart learning system for law based on knowledge discovery and cognitive computing_1317.txt
2025-02-10 00:13:22,358 - DEBUG - Starting new HTTPS connection (1): link.springer.com:443
2025-02-10 00:13:22,788 - DEBUG - https://link.springer.com:443 "GET /content/pdf/10.1007/s12559-018-9619-0.pdf HTTP/1.1" 303 0
2025-02-10 00:13:22,793 - DEBUG - Starting new HTTPS connection (1): idp.springer.com:443
2025-02-10 00:13:23,210 - DEBUG - https://idp.springer.com:443 "GET /authorize?response_type=cookie&client_id=springerlink&redirect_uri=https%3A%2F%2Flink.springer.com%2Fcontent%2Fpdf%2F10.1007%2Fs12559-018-9619-0.pdf HTTP/1.1" 302 0
2025-02-10 00:13:23,574 - DEBUG - https://link.springer.com:443 "GET /content/pdf/10.1007/s12559-018-9619-0.pdf HTTP/1.1" 200 860278
2025-02-10 00:13:24,754 - DEBUG - 텍스트 추출 및 저장 완료: texts/Social integration of artificial intelligence functions, automation allocation logic and human-autonomy trust_1318.txt
2025-02-10 00:13:24,757 - DEBUG - Starting new HTTPS connection (1): link.springer.com:443
2025-02-10 00:13:25,126 - DEBUG - https://link.springer.com:443 "GET /content/pdf/10.1007/s12559-020-09773-x.pdf HTTP/1.1" 303 0
2025-02-10 00:13:25,131 - DEBUG - Starting new HTTPS connection (1): idp.springer.com:443
2025-02-10 00:13:25,552 - DEBUG - https://idp.springer.com:443 "GET /authorize?response_type=cookie&client_id=springerlink&redirect_uri=https%3A%2F%2Flink.springer.com%2Fcontent%2Fpdf%2F10.1007%2Fs12559-020-09773-x.pdf HTTP/1.1" 302 0
2025-02-10 00:13:26,240 - DEBUG - https://link.springer.com:443 "GET /content/pdf/10.1007/s12559-020-09773-x.pdf HTTP/1.1" 200 2905920
2025-02-10 00:13:40,486 - DEBUG - 텍스트 추출 및 저장 완료: texts/Deep learning in mining biological data_1319.txt
2025-02-10 00:13:40,488 - DEBUG - Starting new HTTPS connection (1): ora.ox.ac.uk:443
2025-02-10 00:13:43,175 - DEBUG - https://ora.ox.ac.uk:443 "GET /objects/uuid:73db8bd2-1c28-4a9f-b36f-04855ee20f5e/files/m67682ad49a8b3324e74e9fa6214b52ea HTTP/1.1" 200 None
2025-02-10 00:13:45,541 - DEBUG - 텍스트 추출 및 저장 완료: texts/Abstract intelligence Embodying and enabling cognitive systems by mathematical engineering_1320.txt
2025-02-10 00:13:45,548 - DEBUG - Starting new HTTPS connection (1): link.springer.com:443
2025-02-10 00:13:45,901 - DEBUG - https://link.springer.com:443 "GET /content/pdf/10.1007/s12559-020-09787-5.pdf HTTP/1.1" 303 0
2025-02-10 00:13:45,904 - DEBUG - Starting new HTTPS connection (1): idp.springer.com:443
2025-02-10 00:13:46,207 - DEBUG - https://idp.springer.com:443 "GET /authorize?response_type=cookie&client_id=springerlink&redirect_uri=https%3A%2F%2Flink.springer.com%2Fcontent%2Fpdf%2F10.1007%2Fs12559-020-09787-5.pdf HTTP/1.1" 302 0
2025-02-10 00:13:48,899 - DEBUG - https://link.springer.com:443 "GET /content/pdf/10.1007/s12559-020-09787-5.pdf HTTP/1.1" 200 1022759
2025-02-10 00:13:50,149 - DEBUG - 텍스트 추출 및 저장 완료: texts/Pneumonia classification using deep learning from chest X-ray images during COVID-19_1321.txt
2025-02-10 00:13:50,150 - DEBUG - Starting new HTTPS connection (1): arxiv.org:443
2025-02-10 00:13:51,531 - DEBUG - https://arxiv.org:443 "GET /pdf/2002.08136 HTTP/1.1" 200 4982129
2025-02-10 00:13:58,541 - DEBUG - 텍스트 추출 및 저장 완료: texts/Comprehensive taxonomies of nature-and bio-inspired optimization Inspiration versus algorithmic behavior, critical analysis recommendations_1322.txt
2025-02-10 00:13:58,542 - DEBUG - Starting new HTTPS connection (1): link.springer.com:443
2025-02-10 00:13:58,935 - DEBUG - https://link.springer.com:443 "GET /content/pdf/10.1007/s12559-021-09848-3.pdf HTTP/1.1" 303 0
2025-02-10 00:13:58,939 - DEBUG - Starting new HTTPS connection (1): idp.springer.com:443
2025-02-10 00:13:59,233 - DEBUG - https://idp.springer.com:443 "GET /authorize?response_type=cookie&client_id=springerlink&redirect_uri=https%3A%2F%2Flink.springer.com%2Fcontent%2Fpdf%2F10.1007%2Fs12559-021-09848-3.pdf HTTP/1.1" 302 0
2025-02-10 00:14:00,162 - DEBUG - https://link.springer.com:443 "GET /content/pdf/10.1007/s12559-021-09848-3.pdf HTTP/1.1" 200 2192452
2025-02-10 00:14:03,689 - DEBUG - 텍스트 추출 및 저장 완료: texts/COVID-19 infection detection from chest X-ray images using hybrid social group optimization and support vector classifier_1323.txt
2025-02-10 00:14:03,691 - DEBUG - Starting new HTTP connection (1): memetic-computing.org:80
2025-02-10 00:14:04,291 - DEBUG - http://memetic-computing.org:80 "GET /publication/journal/Non-Linear-DA-TEO.pdf HTTP/1.1" 406 226
2025-02-10 00:14:04,294 - DEBUG - Error: HTTP 응답 코드 406 - texts/Non-linear domain adaptation in transfer evolutionary optimization_1324.txt
2025-02-10 00:14:04,298 - DEBUG - Starting new HTTPS connection (1): link.springer.com:443
2025-02-10 00:14:04,635 - DEBUG - https://link.springer.com:443 "GET /content/pdf/10.1007/s12559-020-09733-5.pdf HTTP/1.1" 303 0
2025-02-10 00:14:04,638 - DEBUG - Starting new HTTPS connection (1): idp.springer.com:443
2025-02-10 00:14:04,948 - DEBUG - https://idp.springer.com:443 "GET /authorize?response_type=cookie&client_id=springerlink&redirect_uri=https%3A%2F%2Flink.springer.com%2Fcontent%2Fpdf%2F10.1007%2Fs12559-020-09733-5.pdf HTTP/1.1" 302 0
2025-02-10 00:14:05,639 - DEBUG - https://link.springer.com:443 "GET /content/pdf/10.1007/s12559-020-09733-5.pdf HTTP/1.1" 200 1077426
2025-02-10 00:14:07,598 - DEBUG - 텍스트 추출 및 저장 완료: texts/Limitations of the recall capabilities in delay-based reservoir computing systems_1325.txt
2025-02-10 00:14:07,599 - DEBUG - Starting new HTTPS connection (1): link.springer.com:443
2025-02-10 00:14:07,948 - DEBUG - https://link.springer.com:443 "GET /content/pdf/10.1007/s12559-019-09667-7.pdf HTTP/1.1" 303 0
2025-02-10 00:14:07,951 - DEBUG - Starting new HTTPS connection (1): idp.springer.com:443
2025-02-10 00:14:08,281 - DEBUG - https://idp.springer.com:443 "GET /authorize?response_type=cookie&client_id=springerlink&redirect_uri=https%3A%2F%2Flink.springer.com%2Fcontent%2Fpdf%2F10.1007%2Fs12559-019-09667-7.pdf HTTP/1.1" 302 0
2025-02-10 00:14:08,662 - DEBUG - https://link.springer.com:443 "GET /content/pdf/10.1007/s12559-019-09667-7.pdf HTTP/1.1" 200 512710
2025-02-10 00:14:09,353 - DEBUG - 텍스트 추출 및 저장 완료: texts/How deep should be the depth of convolutional neural networks a backyard dog case study_1326.txt
2025-02-10 00:14:09,355 - DEBUG - Starting new HTTPS connection (1): sci-hub.gg:443
2025-02-10 00:14:11,357 - DEBUG - https://sci-hub.gg:443 "GET /downloads/2020-04-30/6f/10.1016@j.dental.2020.03.021.pdf HTTP/1.1" 200 2632332
2025-02-10 00:14:13,779 - DEBUG - 텍스트 추출 및 저장 완료: texts/Dentronics Towards robotics and artificial intelligence in dentistry_1327.txt
2025-02-10 00:14:13,781 - DEBUG - Starting new HTTPS connection (1): paca.ime.usp.br:443
2025-02-10 00:14:17,469 - DEBUG - https://paca.ime.usp.br:443 "GET /pluginfile.php/39271/mod_resource/content/2/AIRobotics-1.pdf HTTP/1.1" 200 153117
2025-02-10 00:14:18,266 - DEBUG - 텍스트 추출 및 저장 완료: texts/Introduction to AI robotics_1328.txt
2025-02-10 00:14:18,268 - DEBUG - Starting new HTTP connection (1): www.dspace.cus.ac.in:80
2025-02-10 00:14:21,279 - DEBUG - http://www.dspace.cus.ac.in:80 "GET /jspui/bitstream/1/7359/1/An%20Introduction%20to%20Ethics%20in%20Robotics%20and%20AI.pdf HTTP/1.1" 200 3360915
2025-02-10 00:14:25,706 - DEBUG - 텍스트 추출 및 저장 완료: texts/An Introduction to Ethics in Robotics and AI_1329.txt
2025-02-10 00:14:25,708 - DEBUG - Starting new HTTPS connection (1): uwe-repository.worktribe.com:443
2025-02-10 00:14:27,471 - DEBUG - https://uwe-repository.worktribe.com:443 "GET /OutputFile/852279 HTTP/1.1" 200 253940
2025-02-10 00:14:28,551 - DEBUG - 텍스트 추출 및 저장 완료: texts/Ethical standards in robotics and AI_1330.txt
2025-02-10 00:14:28,552 - DEBUG - Starting new HTTPS connection (1): link.springer.com:443
2025-02-10 00:14:28,936 - DEBUG - https://link.springer.com:443 "GET /content/pdf/10.1186/s41469-019-0050-0.pdf HTTP/1.1" 303 0
2025-02-10 00:14:28,940 - DEBUG - Starting new HTTPS connection (1): idp.springer.com:443
2025-02-10 00:14:29,257 - DEBUG - https://idp.springer.com:443 "GET /authorize?response_type=cookie&client_id=springerlink&redirect_uri=https%3A%2F%2Flink.springer.com%2Fcontent%2Fpdf%2F10.1186%2Fs41469-019-0050-0.pdf HTTP/1.1" 302 0
2025-02-10 00:14:29,991 - DEBUG - https://link.springer.com:443 "GET /content/pdf/10.1186/s41469-019-0050-0.pdf HTTP/1.1" 200 541337
2025-02-10 00:14:30,683 - DEBUG - 텍스트 추출 및 저장 완료: texts/Primer on artificial intelligence and robotics_1331.txt
2025-02-10 00:14:30,684 - DEBUG - Starting new HTTPS connection (1): www.researchgate.net:443
2025-02-10 00:14:30,969 - DEBUG - https://www.researchgate.net:443 "GET /profile/Sudeep-Tanwar/publication/334836077_Additive_Manufacturing-_Concepts_and_Technologies/links/5e834ee44585150839b1334a/Additive-Manufacturing-Concepts-and-Technologies.pdf HTTP/1.1" 403 None
2025-02-10 00:14:30,985 - DEBUG - Error: HTTP 응답 코드 403 - texts/Robotics and industry 4.0_1332.txt
2025-02-10 00:14:30,989 - DEBUG - Starting new HTTPS connection (1): www.frontiersin.org:443
2025-02-10 00:14:31,972 - DEBUG - https://www.frontiersin.org:443 "GET /journals/robotics-and-ai/articles/10.3389/frobt.2021.789327/pdf HTTP/1.1" 200 622283
2025-02-10 00:14:33,297 - DEBUG - 텍스트 추출 및 저장 완료: texts/Robot as legal person Electronic personhood in robotics and artificial intelligence_1333.txt
2025-02-10 00:14:33,299 - DEBUG - Starting new HTTPS connection (1): link.springer.com:443
2025-02-10 00:14:33,604 - DEBUG - https://link.springer.com:443 "GET /content/pdf/10.1007/s12369-023-00982-6.pdf HTTP/1.1" 303 0
2025-02-10 00:14:33,607 - DEBUG - Starting new HTTPS connection (1): idp.springer.com:443
2025-02-10 00:14:33,906 - DEBUG - https://idp.springer.com:443 "GET /authorize?response_type=cookie&client_id=springerlink&redirect_uri=https%3A%2F%2Flink.springer.com%2Fcontent%2Fpdf%2F10.1007%2Fs12369-023-00982-6.pdf HTTP/1.1" 302 0
2025-02-10 00:14:34,578 - DEBUG - https://link.springer.com:443 "GET /content/pdf/10.1007/s12369-023-00982-6.pdf HTTP/1.1" 200 919425
2025-02-10 00:14:35,979 - DEBUG - 텍스트 추출 및 저장 완료: texts/From EU robotics and AI governance to HRI research Implementing the ethics narrative_1334.txt
2025-02-10 00:14:35,981 - DEBUG - Starting new HTTPS connection (1): papers.ssrn.com:443
2025-02-10 00:14:37,745 - DEBUG - https://papers.ssrn.com:443 "GET /sol3/Delivery.cfm?abstractid=3336104 HTTP/1.1" 302 None
2025-02-10 00:14:37,807 - DEBUG - https://papers.ssrn.com:443 "GET /sol3/papers.cfm?abstract_id=3336104 HTTP/1.1" 429 8483
2025-02-10 00:14:37,810 - DEBUG - Error: HTTP 응답 코드 429 - texts/Robotics, artificial intelligence, and the evolving nature of work_1335.txt
2025-02-10 00:14:37,814 - DEBUG - Starting new HTTPS connection (1): www.durnell.co.uk:443
2025-02-10 00:14:39,999 - DEBUG - https://www.durnell.co.uk:443 "GET /uploads/newsletters/Popular-Science-new-and-recent-highlights.pdf HTTP/1.1" 200 630720
2025-02-10 00:14:43,342 - DEBUG - 텍스트 추출 및 저장 완료: texts/New laws of robotics_1336.txt
2025-02-10 00:14:43,344 - DEBUG - Starting new HTTPS connection (1): www.mdpi.com:443
2025-02-10 00:14:44,197 - DEBUG - https://www.mdpi.com:443 "GET /1424-8220/21/19/6340/pdf HTTP/1.1" 302 None
2025-02-10 00:14:44,202 - DEBUG - Starting new HTTPS connection (1): mdpi-res.com:443
2025-02-10 00:14:45,264 - DEBUG - https://mdpi-res.com:443 "GET /d_attachment/sensors/sensors-21-06340/article_deploy/sensors-21-06340-v3.pdf?version=1632809060 HTTP/1.1" 200 8252957
2025-02-10 00:14:49,416 - DEBUG - 텍스트 추출 및 저장 완료: texts/A survey on AI-driven digital twins in industry 4.0 Smart manufacturing and advanced robotics_1337.txt
2025-02-10 00:14:49,418 - DEBUG - Starting new HTTPS connection (1): www.researchgate.net:443
2025-02-10 00:14:49,651 - DEBUG - https://www.researchgate.net:443 "GET /profile/Demetris-Vrontis/publication/349383945_Artificial_intelligence_robotics_advanced_technologies_and_human_resource_management_a_systematic_review/links/6094db5e92851c490fbfbb49/Artificial-intelligence-robotics-advanced-technologies-and-human-resource-management-a-systematic-review.pdf HTTP/1.1" 403 None
2025-02-10 00:14:49,657 - DEBUG - Error: HTTP 응답 코드 403 - texts/Artificial intelligence, robotics, advanced technologies and human resource management a systematic review_1338.txt
2025-02-10 00:14:49,660 - DEBUG - Starting new HTTPS connection (1): link.springer.com:443
2025-02-10 00:14:49,996 - DEBUG - https://link.springer.com:443 "GET /content/pdf/10.1007/s00146-021-01330-w.pdf HTTP/1.1" 303 0
2025-02-10 00:14:50,001 - DEBUG - Starting new HTTPS connection (1): idp.springer.com:443
2025-02-10 00:14:50,306 - DEBUG - https://idp.springer.com:443 "GET /authorize?response_type=cookie&client_id=springerlink&redirect_uri=https%3A%2F%2Flink.springer.com%2Fcontent%2Fpdf%2F10.1007%2Fs00146-021-01330-w.pdf HTTP/1.1" 302 0
2025-02-10 00:14:50,987 - DEBUG - https://link.springer.com:443 "GET /content/pdf/10.1007/s00146-021-01330-w.pdf HTTP/1.1" 200 617891
2025-02-10 00:14:52,404 - DEBUG - 텍스트 추출 및 저장 완료: texts/Caring in the in-between a proposal to introduce responsible AI and robotics to healthcare_1339.txt
2025-02-10 00:14:52,406 - DEBUG - Starting new HTTP connection (1): old-eclass.uop.gr:80
2025-02-10 00:14:54,414 - DEBUG - http://old-eclass.uop.gr:80 "GET /modules/document/file.php/DIT209/%CF%80%CF%81%CE%BF%CF%84%CE%B5%CE%B9%CE%BD%CF%8C%CE%BC%CE%B5%CE%BD%CE%B7%20%CE%B8%CE%B5%CE%BC%CE%B1%CF%84%CE%BF%CE%BB%CE%BF%CE%B3%CE%AF%CE%B1%202019-2020/Security%20Modeling%20of%20Autonomous%20Systems%2C%20A%20Survey.pdf HTTP/1.1" 200 4222764
2025-02-10 00:15:00,530 - DEBUG - 텍스트 추출 및 저장 완료: texts/Security modeling of autonomous systems A survey_1340.txt
2025-02-10 00:15:00,534 - DEBUG - Starting new HTTPS connection (1): sifakis.net:443
2025-02-10 00:15:03,138 - DEBUG - https://sifakis.net:443 "GET /wp-content/uploads/2024/12/33-AutonomousSystemsDeNicola.pdf HTTP/1.1" 403 146
2025-02-10 00:15:03,141 - DEBUG - Error: HTTP 응답 코드 403 - texts/Autonomous systems–an architectural characterization_1341.txt
2025-02-10 00:15:03,146 - DEBUG - Starting new HTTPS connection (1): www.ias.uni-stuttgart.de:443
2025-02-10 00:15:05,599 - DEBUG - https://www.ias.uni-stuttgart.de:443 "GET /dokumente/publikationen/2019-Validation_of_Autonomous_Systems.pdf HTTP/1.1" 200 1645371
2025-02-10 00:15:13,152 - DEBUG - 텍스트 추출 및 저장 완료: texts/Validation of autonomous systems_1342.txt
2025-02-10 00:15:13,154 - DEBUG - Starting new HTTPS connection (1): www.pnas.org:443
2025-02-10 00:15:13,430 - DEBUG - https://www.pnas.org:443 "GET /doi/pdf/10.1073/pnas.2003162117 HTTP/1.1" 403 None
2025-02-10 00:15:13,434 - DEBUG - Error: HTTP 응답 코드 403 - texts/Autonomics In search of a foundation for next-generation autonomous systems_1343.txt
2025-02-10 00:15:13,437 - DEBUG - Starting new HTTPS connection (1): www.researchgate.net:443
2025-02-10 00:15:13,757 - DEBUG - https://www.researchgate.net:443 "GET /profile/Yingxu-Wang-3/publication/345715249_Towards_a_Theoretical_Framework_of_Autonomous_Systems_Underpinned_by_Intelligence_and_Systems_Sciences/links/5fe5927a299bf140883f577e/Towards-a-Theoretical-Framework-of-Autonomous-Systems-Underpinned-by-Intelligence-and-Systems-Sciences.pdf HTTP/1.1" 403 None
2025-02-10 00:15:13,775 - DEBUG - Error: HTTP 응답 코드 403 - texts/Towards a theoretical framework of autonomous systems underpinned by intelligence and systems sciences_1344.txt
2025-02-10 00:15:13,778 - DEBUG - Starting new HTTPS connection (1): faculty.eng.fau.edu:443
2025-02-10 00:15:15,384 - DEBUG - https://faculty.eng.fau.edu:443 "GET /nojoumian/Files/Publication/STruAut.pdf HTTP/1.1" 200 245833
2025-02-10 00:15:16,406 - DEBUG - 텍스트 추출 및 저장 완료: texts/A survey on trust in autonomous systems_1345.txt
2025-02-10 00:15:16,408 - DEBUG - Starting new HTTPS connection (1): www.wisdom.weizmann.ac.il:443
2025-02-10 00:15:19,476 - DEBUG - https://www.wisdom.weizmann.ac.il:443 "GET /~/dharel/papers/trustworthy%20autonomous%20systems.pdf HTTP/1.1" 301 246
2025-02-10 00:15:19,479 - DEBUG - Starting new HTTPS connection (1): www.weizmann.ac.il:443
2025-02-10 00:15:20,798 - DEBUG - https://www.weizmann.ac.il:443 "GET /math/harel/ HTTP/1.1" 200 11688
2025-02-10 00:15:20,803 - DEBUG - PDF 파일 읽기 오류: EOF marker not found
2025-02-10 00:15:20,806 - DEBUG - Starting new HTTPS connection (1): www.researchgate.net:443
2025-02-10 00:15:21,057 - DEBUG - https://www.researchgate.net:443 "GET /profile/Mohammadreza-Torkjazi/publication/361939952_A_Taxonomy_for_System_of_Autonomous_Systems/links/6343530e76e39959d6afa439/A-Taxonomy-for-System-of-Autonomous-Systems.pdf HTTP/1.1" 403 None
2025-02-10 00:15:21,062 - DEBUG - Error: HTTP 응답 코드 403 - texts/A taxonomy for system of autonomous systems_1347.txt
2025-02-10 00:15:21,067 - DEBUG - Starting new HTTPS connection (1): link.springer.com:443
2025-02-10 00:15:21,401 - DEBUG - https://link.springer.com:443 "GET /content/pdf/10.1007/s43154-022-00077-6.pdf HTTP/1.1" 303 0
2025-02-10 00:15:21,407 - DEBUG - Starting new HTTPS connection (1): idp.springer.com:443
2025-02-10 00:15:21,707 - DEBUG - https://idp.springer.com:443 "GET /authorize?response_type=cookie&client_id=springerlink&redirect_uri=https%3A%2F%2Flink.springer.com%2Fcontent%2Fpdf%2F10.1007%2Fs43154-022-00077-6.pdf HTTP/1.1" 302 0
2025-02-10 00:15:22,385 - DEBUG - https://link.springer.com:443 "GET /content/pdf/10.1007/s43154-022-00077-6.pdf HTTP/1.1" 200 1319783
2025-02-10 00:15:24,023 - DEBUG - 텍스트 추출 및 저장 완료: texts/Robotics and autonomous systems for net zero agriculture_1348.txt
2025-02-10 00:15:24,025 - DEBUG - Starting new HTTPS connection (1): dl.acm.org:443
2025-02-10 00:15:24,578 - DEBUG - https://dl.acm.org:443 "GET /doi/pdf/10.1145/3574133 HTTP/1.1" 302 0
2025-02-10 00:15:24,676 - DEBUG - https://dl.acm.org:443 "GET /doi/pdf/10.1145/3574133?cookieSet=1 HTTP/1.1" 302 0
2025-02-10 00:15:25,156 - DEBUG - https://dl.acm.org:443 "GET /doi/pdf/10.1145/3574133 HTTP/1.1" 200 None
2025-02-10 00:15:28,824 - DEBUG - 텍스트 추출 및 저장 완료: texts/Dynamic certification for autonomous systems_1349.txt
2025-02-10 00:15:28,826 - DEBUG - Starting new HTTPS connection (1): aiia.csd.auth.gr:443
2025-02-10 00:15:30,919 - DEBUG - https://aiia.csd.auth.gr:443 "GET /wp-content/uploads/2023/09/On_Future_Development_of_Autonomous_Systems_A_Report_of_the_Plenary_Panel_at_IEEE_ICAS21.pdf HTTP/1.1" 403 146
2025-02-10 00:15:30,921 - DEBUG - Error: HTTP 응답 코드 403 - texts/On future development of autonomous systems A report of the plenary panel at IEEE ICAS'21_1350.txt
2025-02-10 00:15:30,925 - DEBUG - Starting new HTTPS connection (1): www.eurecom.edu:443
2025-02-10 00:15:33,250 - DEBUG - https://www.eurecom.edu:443 "GET /publication/6615/download/comsys-publi-6615.pdf HTTP/1.1" 200 519262
2025-02-10 00:15:35,175 - DEBUG - 텍스트 추출 및 저장 완료: texts/Goal-oriented communication for real-time tracking in autonomous systems_1351.txt
2025-02-10 00:15:35,179 - DEBUG - Starting new HTTPS connection (1): pure.york.ac.uk:443
2025-02-10 00:15:36,078 - DEBUG - https://pure.york.ac.uk:443 "GET /portal/files/61977412/paper_2.pdf HTTP/1.1" 403 None
2025-02-10 00:15:36,085 - DEBUG - Error: HTTP 응답 코드 403 - texts/Towards a framework for safety assurance of autonomous systems_1352.txt
2025-02-10 00:15:36,089 - DEBUG - Starting new HTTPS connection (1): dspace.mit.edu:443
2025-02-10 00:15:37,705 - DEBUG - https://dspace.mit.edu:443 "GET /bitstream/handle/1721.1/134330/IEEE-TEMS-08743548.pdf?sequence=2 HTTP/1.1" 200 634181
2025-02-10 00:15:39,224 - DEBUG - 텍스트 추출 및 저장 완료: texts/Toward an interoperability architecture for blockchain autonomous systems_1353.txt
2025-02-10 00:15:39,225 - DEBUG - Starting new HTTPS connection (1): par.nsf.gov:443
2025-02-10 00:15:41,354 - DEBUG - https://par.nsf.gov:443 "GET /servlets/purl/10181035 HTTP/1.1" 200 154973
2025-02-10 00:15:43,016 - DEBUG - 텍스트 추출 및 저장 완료: texts/Model-centered assurance for autonomous systems_1354.txt
2025-02-10 00:15:43,018 - DEBUG - Starting new HTTPS connection (1): openaccess.thecvf.com:443
2025-02-10 00:15:43,611 - DEBUG - https://openaccess.thecvf.com:443 "GET /content/WACV2024W/LLVM-AD/papers/Yang_Human-Centric_Autonomous_Systems_With_LLMs_for_User_Command_Reasoning_WACVW_2024_paper.pdf HTTP/1.1" 200 256995
2025-02-10 00:15:44,567 - DEBUG - 텍스트 추출 및 저장 완료: texts/Human-centric autonomous systems with llms for user command reasoning_1355.txt
2025-02-10 00:15:44,569 - DEBUG - Starting new HTTPS connection (1): link.springer.com:443
2025-02-10 00:15:45,031 - DEBUG - https://link.springer.com:443 "GET /content/pdf/10.1007/s43154-020-00026-1.pdf HTTP/1.1" 303 0
2025-02-10 00:15:45,036 - DEBUG - Starting new HTTPS connection (1): idp.springer.com:443
2025-02-10 00:15:45,342 - DEBUG - https://idp.springer.com:443 "GET /authorize?response_type=cookie&client_id=springerlink&redirect_uri=https%3A%2F%2Flink.springer.com%2Fcontent%2Fpdf%2F10.1007%2Fs43154-020-00026-1.pdf HTTP/1.1" 302 0
2025-02-10 00:15:45,758 - DEBUG - https://link.springer.com:443 "GET /content/pdf/10.1007/s43154-020-00026-1.pdf HTTP/1.1" 200 295652
2025-02-10 00:15:46,298 - DEBUG - 텍스트 추출 및 저장 완료: texts/Communication in human-robot interaction_1356.txt
2025-02-10 00:15:46,299 - DEBUG - Starting new HTTPS connection (1): www.researchgate.net:443
2025-02-10 00:15:46,609 - DEBUG - https://www.researchgate.net:443 "GET /profile/Fernando-Auat-Cheein-2/publication/331443506_Human-robot_interaction_in_agriculture_A_survey_and_current_challenges/links/5c86a224299bf16918f8563b/Human-robot-interaction-in-agriculture-A-survey-and-current-challenges.pdf HTTP/1.1" 403 None
2025-02-10 00:15:46,619 - DEBUG - Error: HTTP 응답 코드 403 - texts/Human–robot interaction in agriculture A survey and current challenges_1357.txt
2025-02-10 00:15:46,620 - DEBUG - Starting new HTTPS connection (1): journals.gaftim.com:443
2025-02-10 00:15:47,401 - DEBUG - https://journals.gaftim.com:443 "GET /index.php/ijcim/article/download/73/34 HTTP/1.1" 406 226
2025-02-10 00:15:47,405 - DEBUG - Error: HTTP 응답 코드 406 - texts/Studying human robot interaction and its characteristics_1358.txt
2025-02-10 00:15:47,409 - DEBUG - Starting new HTTPS connection (1): ir.canterbury.ac.nz:443
2025-02-10 00:15:49,791 - DEBUG - https://ir.canterbury.ac.nz:443 "GET /bitstream/10092/17049/15/human-robot-interaction-an-introduction-13-references-and-index.pdf HTTP/1.1" 302 121
2025-02-10 00:15:51,593 - DEBUG - https://ir.canterbury.ac.nz:443 "GET /server/api/core/bitstreams/c3aec292-b32e-4ac1-95ed-d9baf7d8097a/content HTTP/1.1" 200 622570
2025-02-10 00:15:56,917 - DEBUG - 텍스트 추출 및 저장 완료: texts/Human-robot interaction An introduction_1359.txt
2025-02-10 00:15:56,919 - DEBUG - Starting new HTTPS connection (1): www.researchgate.net:443
2025-02-10 00:15:57,106 - DEBUG - https://www.researchgate.net:443 "GET /profile/Rinat-Galin/publication/338416335_Human-Robot_Interaction_Efficiency_and_Human-Robot_Collaboration/links/5ebc2314a6fdcc90d674e98a/Human-Robot-Interaction-Efficiency-and-Human-Robot-Collaboration.pdf HTTP/1.1" 403 None
2025-02-10 00:15:57,111 - DEBUG - Error: HTTP 응답 코드 403 - texts/Human-robot interaction efficiency and human-robot collaboration_1360.txt
2025-02-10 00:15:57,114 - DEBUG - Starting new HTTPS connection (1): link.springer.com:443
2025-02-10 00:15:57,423 - DEBUG - https://link.springer.com:443 "GET /content/pdf/10.1007/s12369-020-00666-5.pdf HTTP/1.1" 303 0
2025-02-10 00:15:57,425 - DEBUG - Starting new HTTPS connection (1): idp.springer.com:443
2025-02-10 00:15:57,739 - DEBUG - https://idp.springer.com:443 "GET /authorize?response_type=cookie&client_id=springerlink&redirect_uri=https%3A%2F%2Flink.springer.com%2Fcontent%2Fpdf%2F10.1007%2Fs12369-020-00666-5.pdf HTTP/1.1" 302 0
2025-02-10 00:15:58,450 - DEBUG - https://link.springer.com:443 "GET /content/pdf/10.1007/s12369-020-00666-5.pdf HTTP/1.1" 200 1187549
2025-02-10 00:16:03,361 - DEBUG - 텍스트 추출 및 저장 완료: texts/A taxonomy to structure and analyze human–robot interaction_1361.txt
2025-02-10 00:16:03,363 - DEBUG - Starting new HTTPS connection (1): arxiv.org:443
2025-02-10 00:16:03,615 - DEBUG - https://arxiv.org:443 "GET /pdf/2102.00928 HTTP/1.1" 200 337701
2025-02-10 00:16:04,009 - DEBUG - 텍스트 추출 및 저장 완료: texts/Human-robot interaction Applications_1362.txt
2025-02-10 00:16:04,011 - DEBUG - Starting new HTTPS connection (1): ieeexplore.ieee.org:443
2025-02-10 00:16:04,330 - DEBUG - https://ieeexplore.ieee.org:443 "GET /iel7/6287639/6514899/09493209.pdf HTTP/1.1" 418 245
2025-02-10 00:16:04,332 - DEBUG - Error: HTTP 응답 코드 418 - texts/Human-robot interaction review Challenges and solutions for modern industrial environments_1363.txt
2025-02-10 00:16:04,335 - DEBUG - Starting new HTTPS connection (1): hal.science:443
2025-02-10 00:16:05,623 - DEBUG - https://hal.science:443 "GET /hal-03413654/document HTTP/1.1" 200 992395
2025-02-10 00:16:08,988 - DEBUG - 텍스트 추출 및 저장 완료: texts/Autonomy in physical human-robot interaction A brief survey_1364.txt
2025-02-10 00:16:08,989 - DEBUG - Starting new HTTPS connection (1): arxiv.org:443
2025-02-10 00:16:10,283 - DEBUG - https://arxiv.org:443 "GET /pdf/2011.04796 HTTP/1.1" 200 180729
2025-02-10 00:16:10,513 - DEBUG - 텍스트 추출 및 저장 완료: texts/Modeling trust in human-robot interaction A survey_1365.txt
2025-02-10 00:16:10,515 - DEBUG - Starting new HTTPS connection (1): cris.unibo.it:443
2025-02-10 00:16:15,403 - DEBUG - https://cris.unibo.it:443 "GET /bitstream/11585/949558/5/HOW%20TO%20%20INCLUDE%20USER%20EXPERIENCE%20postprint.pdf HTTP/1.1" 200 5509496
2025-02-10 00:16:46,590 - DEBUG - 텍스트 추출 및 저장 완료: texts/How to include User eXperience in the design of Human-Robot Interaction_1366.txt
2025-02-10 00:16:46,593 - DEBUG - Starting new HTTPS connection (1): dl.acm.org:443
2025-02-10 00:16:46,920 - DEBUG - https://dl.acm.org:443 "GET /doi/pdf/10.1145/3442677 HTTP/1.1" 302 0
2025-02-10 00:16:46,980 - DEBUG - https://dl.acm.org:443 "GET /doi/pdf/10.1145/3442677?cookieSet=1 HTTP/1.1" 302 0
2025-02-10 00:16:47,450 - DEBUG - https://dl.acm.org:443 "GET /doi/pdf/10.1145/3442677 HTTP/1.1" 200 None
2025-02-10 00:16:49,028 - DEBUG - 텍스트 추출 및 저장 완료: texts/Tracking anthropomorphizing behavior in human-robot interaction_1367.txt
2025-02-10 00:16:49,030 - DEBUG - Starting new HTTPS connection (1): arxiv.org:443
2025-02-10 00:16:50,115 - DEBUG - https://arxiv.org:443 "GET /pdf/2212.05286 HTTP/1.1" 200 20375218
2025-02-10 00:17:12,565 - DEBUG - 텍스트 추출 및 저장 완료: texts/A survey of multi-agent Human–Robot Interaction systems_1368.txt
2025-02-10 00:17:12,569 - DEBUG - Starting new HTTPS connection (1): www.nowpublishers.com:443
2025-02-10 00:17:13,644 - DEBUG - https://www.nowpublishers.com:443 "GET /article/DownloadSummary/ISY-018 HTTP/1.1" 200 995393
2025-02-10 00:17:15,518 - DEBUG - 텍스트 추출 및 저장 완료: texts/A review of personality in human–robot interactions_1369.txt
2025-02-10 00:17:15,520 - DEBUG - Starting new HTTPS connection (1): www.nowpublishers.com:443
2025-02-10 00:17:16,502 - DEBUG - https://www.nowpublishers.com:443 "GET /article/DownloadSummary/SYS-019 HTTP/1.1" 200 1256820
2025-02-10 00:17:18,702 - DEBUG - 텍스트 추출 및 저장 완료: texts/On the control of multi-agent systems A survey_1370.txt
2025-02-10 00:17:18,704 - DEBUG - Starting new HTTPS connection (1): www.tandfonline.com:443
2025-02-10 00:17:18,873 - DEBUG - https://www.tandfonline.com:443 "GET /doi/pdf/10.1080/21642583.2019.1695689 HTTP/1.1" 403 None
2025-02-10 00:17:18,880 - DEBUG - Error: HTTP 응답 코드 403 - texts/A survey of the consensus for multi-agent systems_1371.txt
2025-02-10 00:17:18,881 - DEBUG - Starting new HTTPS connection (1): www.mdpi.com:443
2025-02-10 00:17:19,349 - DEBUG - https://www.mdpi.com:443 "GET /2076-3417/9/7/1402/pdf HTTP/1.1" 302 None
2025-02-10 00:17:19,354 - DEBUG - Starting new HTTPS connection (1): mdpi-res.com:443
2025-02-10 00:17:19,986 - DEBUG - https://mdpi-res.com:443 "GET /d_attachment/applsci/applsci-09-01402/article_deploy/applsci-09-01402.pdf?version=1554284537 HTTP/1.1" 200 217416
2025-02-10 00:17:20,291 - DEBUG - 텍스트 추출 및 저장 완료: texts/Multi-agent systems_1372.txt
2025-02-10 00:17:20,292 - DEBUG - Starting new HTTPS connection (1): www.mdpi.com:443
2025-02-10 00:17:21,505 - DEBUG - https://www.mdpi.com:443 "GET /2073-431X/10/2/16/pdf HTTP/1.1" 302 None
2025-02-10 00:17:21,507 - DEBUG - Starting new HTTPS connection (1): mdpi-res.com:443
2025-02-10 00:17:22,811 - DEBUG - https://mdpi-res.com:443 "GET /d_attachment/computers/computers-10-00016/article_deploy/computers-10-00016.pdf?version=1611742801 HTTP/1.1" 200 296423
2025-02-10 00:17:23,098 - DEBUG - 텍스트 추출 및 저장 완료: texts/A review of agent-based programming for multi-agent systems_1373.txt
2025-02-10 00:17:23,100 - DEBUG - Starting new HTTPS connection (1): ieeexplore.ieee.org:443
2025-02-10 00:17:23,740 - DEBUG - https://ieeexplore.ieee.org:443 "GET /iel7/6287639/8948470/09207929.pdf HTTP/1.1" 418 245
2025-02-10 00:17:23,742 - DEBUG - Error: HTTP 응답 코드 418 - texts/Spade 3 Supporting the new generation of multi-agent systems_1374.txt
2025-02-10 00:17:23,746 - DEBUG - Starting new HTTPS connection (1): link.springer.com:443
2025-02-10 00:17:24,099 - DEBUG - https://link.springer.com:443 "GET /content/pdf/10.1007/s10458-020-09478-3.pdf HTTP/1.1" 303 0
2025-02-10 00:17:24,100 - DEBUG - Starting new HTTPS connection (1): idp.springer.com:443
2025-02-10 00:17:24,439 - DEBUG - https://idp.springer.com:443 "GET /authorize?response_type=cookie&client_id=springerlink&redirect_uri=https%3A%2F%2Flink.springer.com%2Fcontent%2Fpdf%2F10.1007%2Fs10458-020-09478-3.pdf HTTP/1.1" 302 0
2025-02-10 00:17:25,181 - DEBUG - https://link.springer.com:443 "GET /content/pdf/10.1007/s10458-020-09478-3.pdf HTTP/1.1" 200 1796127
2025-02-10 00:17:27,502 - DEBUG - 텍스트 추출 및 저장 완료: texts/Logic-based technologies for multi-agent systems a systematic literature review_1375.txt
2025-02-10 00:17:27,503 - DEBUG - Starting new HTTPS connection (1): www.mdpi.com:443
2025-02-10 00:17:28,370 - DEBUG - https://www.mdpi.com:443 "GET /2227-9717/8/3/312/pdf HTTP/1.1" 302 None
2025-02-10 00:17:28,375 - DEBUG - Starting new HTTPS connection (1): mdpi-res.com:443
2025-02-10 00:17:29,474 - DEBUG - https://mdpi-res.com:443 "GET /d_attachment/processes/processes-08-00312/article_deploy/processes-08-00312-v2.pdf?version=1584955988 HTTP/1.1" 200 952274
2025-02-10 00:17:30,752 - DEBUG - 텍스트 추출 및 저장 완료: texts/Multi-agent systems and complex networks Review and applications in systems engineering_1376.txt
2025-02-10 00:17:30,754 - DEBUG - Starting new HTTPS connection (1): ieeexplore.ieee.org:443
2025-02-10 00:17:30,956 - DEBUG - https://ieeexplore.ieee.org:443 "GET /iel7/7054730/9691304/09299490.pdf HTTP/1.1" 418 245
2025-02-10 00:17:30,957 - DEBUG - Error: HTTP 응답 코드 418 - texts/Comprehensive overview of multi-agent systems for controlling smart grids_1377.txt
2025-02-10 00:17:30,960 - DEBUG - Starting new HTTP connection (1): web.xidian.edu.cn:80
2025-02-10 00:17:32,920 - DEBUG - http://web.xidian.edu.cn:80 "GET /yszheng/files/20190222_213951.pdf HTTP/1.1" 302 243
2025-02-10 00:17:32,925 - DEBUG - Starting new HTTPS connection (1): web.xidian.edu.cn:443
2025-02-10 00:17:34,180 - DEBUG - https://web.xidian.edu.cn:443 "GET /yszheng/files/20190222_213951.pdf HTTP/1.1" 200 495123
2025-02-10 00:17:37,234 - DEBUG - 텍스트 추출 및 저장 완료: texts/Second-order consensus of hybrid multi-agent systems_1378.txt
2025-02-10 00:17:37,235 - DEBUG - Starting new HTTPS connection (1): drl.ece.utah.edu:443
2025-02-10 00:17:39,021 - DEBUG - https://drl.ece.utah.edu:443 "GET /wp-content/uploads/sites/155/2021/07/drew-reports2021.pdf HTTP/1.1" 200 None
2025-02-10 00:17:42,533 - DEBUG - 텍스트 추출 및 저장 완료: texts/Multi-agent systems for search and rescue applications_1379.txt
2025-02-10 00:17:42,535 - DEBUG - Starting new HTTPS connection (1): proceedings.neurips.cc:443
2025-02-10 00:17:43,686 - DEBUG - https://proceedings.neurips.cc:443 "GET /paper_files/paper/2019/file/10493aa88605cad5ab4752b04a63d172-Paper.pdf HTTP/1.1" 200 1505692
2025-02-10 00:17:45,793 - DEBUG - 텍스트 추출 및 저장 완료: texts/Learning fairness in multi-agent systems_1380.txt
2025-02-10 00:17:45,795 - DEBUG - Starting new HTTPS connection (1): discovery.ucl.ac.uk:443
2025-02-10 00:17:49,728 - DEBUG - https://discovery.ucl.ac.uk:443 "GET /id/eprint/10177764/1/Kovalchuk_ElsevierComputerScienceReview_Accepted.pdf HTTP/1.1" 200 215987
2025-02-10 00:17:51,336 - DEBUG - 텍스트 추출 및 저장 완료: texts/Machine learning and multi-agent systems in oil and gas industry applications A survey_1381.txt
2025-02-10 00:17:51,337 - DEBUG - Starting new HTTPS connection (1): arxiv.org:443
2025-02-10 00:17:51,603 - DEBUG - https://arxiv.org:443 "GET /pdf/1910.07655 HTTP/1.1" 200 2968538
2025-02-10 00:17:53,654 - DEBUG - 텍스트 추출 및 저장 완료: texts/Deep semantic segmentation of natural and medical images a review_1382.txt
2025-02-10 00:17:53,655 - DEBUG - Starting new HTTPS connection (1): openaccess.thecvf.com:443
2025-02-10 00:17:54,518 - DEBUG - https://openaccess.thecvf.com:443 "GET /content/CVPR2022/papers/Zhou_Rethinking_Semantic_Segmentation_A_Prototype_View_CVPR_2022_paper.pdf HTTP/1.1" 200 5551944
2025-02-10 00:18:01,048 - DEBUG - 텍스트 추출 및 저장 완료: texts/Rethinking semantic segmentation A prototype view_1383.txt
2025-02-10 00:18:01,058 - DEBUG - Starting new HTTPS connection (1): openaccess.thecvf.com:443
2025-02-10 00:18:02,095 - DEBUG - https://openaccess.thecvf.com:443 "GET /content/ICCV2021/papers/Strudel_Segmenter_Transformer_for_Semantic_Segmentation_ICCV_2021_paper.pdf HTTP/1.1" 200 2849619
2025-02-10 00:18:06,553 - DEBUG - 텍스트 추출 및 저장 완료: texts/Segmenter Transformer for semantic segmentation_1384.txt
2025-02-10 00:18:06,555 - DEBUG - Starting new HTTPS connection (1): www.sciencedirect.com:443
2025-02-10 00:18:06,853 - DEBUG - https://www.sciencedirect.com:443 "GET /science/article/am/pii/S092523121930181X HTTP/1.1" 403 None
2025-02-10 00:18:07,097 - DEBUG - Error: HTTP 응답 코드 403 - texts/Survey on semantic segmentation using deep learning techniques_1385.txt
2025-02-10 00:18:07,103 - DEBUG - Starting new HTTP connection (1): openaccess.thecvf.com:80
2025-02-10 00:18:07,495 - DEBUG - http://openaccess.thecvf.com:80 "GET /content/CVPR2021/papers/Fan_Rethinking_BiSeNet_for_Real-Time_Semantic_Segmentation_CVPR_2021_paper.pdf HTTP/1.1" 302 403
2025-02-10 00:18:07,499 - DEBUG - Starting new HTTPS connection (1): openaccess.thecvf.com:443
2025-02-10 00:18:08,110 - DEBUG - https://openaccess.thecvf.com:443 "GET /content/CVPR2021/papers/Fan_Rethinking_BiSeNet_for_Real-Time_Semantic_Segmentation_CVPR_2021_paper.pdf HTTP/1.1" 200 3909817
2025-02-10 00:18:11,436 - DEBUG - 텍스트 추출 및 저장 완료: texts/Rethinking bisenet for real-time semantic segmentation_1386.txt
2025-02-10 00:18:11,438 - DEBUG - Starting new HTTPS connection (1): arxiv.org:443
2025-02-10 00:18:11,765 - DEBUG - https://arxiv.org:443 "GET /pdf/2201.03546.pdf?trk=public_post_comment-text HTTP/1.1" 301 249
2025-02-10 00:18:11,769 - DEBUG - Starting new HTTP connection (1): arxiv.org:80
2025-02-10 00:18:12,691 - DEBUG - http://arxiv.org:80 "GET /pdf/2201.03546 HTTP/1.1" 200 3841437
2025-02-10 00:18:15,696 - DEBUG - 텍스트 추출 및 저장 완료: texts/Language-driven semantic segmentation_1387.txt
2025-02-10 00:18:15,704 - DEBUG - Starting new HTTPS connection (1): arxiv.org:443
2025-02-10 00:18:17,604 - DEBUG - https://arxiv.org:443 "GET /pdf/1902.04502/pdf HTTP/1.1" 200 5020472
2025-02-10 00:18:23,744 - DEBUG - 텍스트 추출 및 저장 완료: texts/Fast-scnn Fast semantic segmentation network_1388.txt
2025-02-10 00:18:23,746 - DEBUG - Starting new HTTP connection (1): openaccess.thecvf.com:80
2025-02-10 00:18:24,133 - DEBUG - http://openaccess.thecvf.com:80 "GET /content_ICCVW_2019/papers/CVRSUAD/Zhuang_ShelfNet_for_Fast_Semantic_Segmentation_ICCVW_2019_paper.pdf HTTP/1.1" 302 402
2025-02-10 00:18:24,137 - DEBUG - Starting new HTTPS connection (1): openaccess.thecvf.com:443
2025-02-10 00:18:24,771 - DEBUG - https://openaccess.thecvf.com:443 "GET /content_ICCVW_2019/papers/CVRSUAD/Zhuang_ShelfNet_for_Fast_Semantic_Segmentation_ICCVW_2019_paper.pdf HTTP/1.1" 200 1093069
2025-02-10 00:18:27,378 - DEBUG - 텍스트 추출 및 저장 완료: texts/Shelfnet for fast semantic segmentation_1389.txt
2025-02-10 00:18:27,380 - DEBUG - Starting new HTTP connection (1): openaccess.thecvf.com:80
2025-02-10 00:18:27,775 - DEBUG - http://openaccess.thecvf.com:80 "GET /content_ICCV_2019/papers/Huang_CCNet_Criss-Cross_Attention_for_Semantic_Segmentation_ICCV_2019_paper.pdf HTTP/1.1" 302 405
2025-02-10 00:18:27,779 - DEBUG - Starting new HTTPS connection (1): openaccess.thecvf.com:443
2025-02-10 00:18:28,399 - DEBUG - https://openaccess.thecvf.com:443 "GET /content_ICCV_2019/papers/Huang_CCNet_Criss-Cross_Attention_for_Semantic_Segmentation_ICCV_2019_paper.pdf HTTP/1.1" 200 853404
2025-02-10 00:18:30,525 - DEBUG - 텍스트 추출 및 저장 완료: texts/Ccnet Criss-cross attention for semantic segmentation_1390.txt
2025-02-10 00:18:30,527 - DEBUG - Starting new HTTP connection (1): openaccess.thecvf.com:80
2025-02-10 00:18:30,916 - DEBUG - http://openaccess.thecvf.com:80 "GET /content/CVPR2022/papers/Li_Deep_Hierarchical_Semantic_Segmentation_CVPR_2022_paper.pdf HTTP/1.1" 302 387
2025-02-10 00:18:30,920 - DEBUG - Starting new HTTPS connection (1): openaccess.thecvf.com:443
2025-02-10 00:18:31,510 - DEBUG - https://openaccess.thecvf.com:443 "GET /content/CVPR2022/papers/Li_Deep_Hierarchical_Semantic_Segmentation_CVPR_2022_paper.pdf HTTP/1.1" 200 6199974
2025-02-10 00:18:39,120 - DEBUG - 텍스트 추출 및 저장 완료: texts/Deep hierarchical semantic segmentation_1391.txt
2025-02-10 00:18:39,123 - DEBUG - Starting new HTTP connection (1): openaccess.thecvf.com:80
2025-02-10 00:18:39,520 - DEBUG - http://openaccess.thecvf.com:80 "GET /content_CVPR_2019/papers/Zhang_Co-Occurrent_Features_in_Semantic_Segmentation_CVPR_2019_paper.pdf HTTP/1.1" 302 398
2025-02-10 00:18:39,522 - DEBUG - Starting new HTTPS connection (1): openaccess.thecvf.com:443
2025-02-10 00:18:40,244 - DEBUG - https://openaccess.thecvf.com:443 "GET /content_CVPR_2019/papers/Zhang_Co-Occurrent_Features_in_Semantic_Segmentation_CVPR_2019_paper.pdf HTTP/1.1" 200 836936
2025-02-10 00:18:43,374 - DEBUG - 텍스트 추출 및 저장 완료: texts/Co-occurrent features in semantic segmentation_1392.txt
2025-02-10 00:18:43,377 - DEBUG - Starting new HTTPS connection (1): openaccess.thecvf.com:443
2025-02-10 00:18:43,986 - DEBUG - https://openaccess.thecvf.com:443 "GET /content/CVPR2022/papers/Xu_GroupViT_Semantic_Segmentation_Emerges_From_Text_Supervision_CVPR_2022_paper.pdf HTTP/1.1" 200 2663130
2025-02-10 00:20:39,478 - DEBUG - 텍스트 추출 및 저장 완료: texts/Groupvit Semantic segmentation emerges from text supervision_1393.txt
2025-02-10 00:20:39,481 - DEBUG - Starting new HTTPS connection (1): arxiv.org:443
2025-02-10 00:20:40,081 - DEBUG - https://arxiv.org:443 "GET /pdf/2006.14822.pdf?fbclid=IwAR19Qprs3SfPnLKYn_1Vbo0qVXZlGih9KVZHAm6OKHfXlUFb6DqbqM-qx1Y HTTP/1.1" 301 249
2025-02-10 00:20:40,083 - DEBUG - Starting new HTTP connection (1): arxiv.org:80
2025-02-10 00:20:40,105 - DEBUG - http://arxiv.org:80 "GET /pdf/2006.14822 HTTP/1.1" 200 683667
2025-02-10 00:20:40,514 - DEBUG - 텍스트 추출 및 저장 완료: texts/A survey of loss functions for semantic segmentation_1394.txt
2025-02-10 00:20:40,516 - DEBUG - Starting new HTTPS connection (1): arxiv.org:443
2025-02-10 00:20:40,838 - DEBUG - https://arxiv.org:443 "GET /pdf/2204.02681 HTTP/1.1" 200 855739
2025-02-10 00:20:41,396 - DEBUG - 텍스트 추출 및 저장 완료: texts/Pp-liteseg A superior real-time semantic segmentation model_1395.txt
2025-02-10 00:20:41,400 - DEBUG - Starting new HTTPS connection (1): proceedings.neurips.cc:443
2025-02-10 00:20:42,382 - DEBUG - https://proceedings.neurips.cc:443 "GET /paper/2021/file/64f1f27bf1b4ec22924fd0acb550c235-Paper.pdf HTTP/1.1" 200 3108703
2025-02-10 00:20:44,991 - DEBUG - 텍스트 추출 및 저장 완료: texts/SegFormer Simple and efficient design for semantic segmentation with transformers_1396.txt
2025-02-10 00:20:44,993 - DEBUG - Starting new HTTPS connection (1): arxiv.org:443
2025-02-10 00:20:46,223 - DEBUG - https://arxiv.org:443 "GET /pdf/1909.11065 HTTP/1.1" 200 628421
2025-02-10 00:20:46,957 - DEBUG - 텍스트 추출 및 저장 완료: texts/Object-contextual representations for semantic segmentation_1397.txt
2025-02-10 00:20:46,959 - DEBUG - Starting new HTTPS connection (1): www.academia.edu:443
2025-02-10 00:20:47,367 - DEBUG - https://www.academia.edu:443 "GET /download/115305483/Object_Detection_in_20_Years_A_Survey.pdf HTTP/1.1" 404 16226
2025-02-10 00:20:47,369 - DEBUG - Error: HTTP 응답 코드 404 - texts/Object detection in 20 years A survey_1398.txt
2025-02-10 00:20:47,372 - DEBUG - Starting new HTTPS connection (1): arxiv.org:443
2025-02-10 00:20:47,629 - DEBUG - https://arxiv.org:443 "GET /pdf/1807.05511.pdf&usg=ALkJrhhpApwNJOmg83O8p2Ua76PNh6tR8A HTTP/1.1" 404 10607
2025-02-10 00:20:47,631 - DEBUG - Error: HTTP 응답 코드 404 - texts/Object detection with deep learning A review_1399.txt
2025-02-10 00:20:47,634 - DEBUG - Starting new HTTPS connection (1): arxiv.org:443
2025-02-10 00:20:48,103 - DEBUG - https://arxiv.org:443 "GET /pdf/1908.03673 HTTP/1.1" 200 2562313
2025-02-10 00:20:51,647 - DEBUG - 텍스트 추출 및 저장 완료: texts/Recent advances in deep learning for object detection_1400.txt
2025-02-10 00:20:51,649 - DEBUG - Starting new HTTPS connection (1): openaccess.thecvf.com:443
2025-02-10 00:20:52,435 - DEBUG - https://openaccess.thecvf.com:443 "GET /content/CVPR2021/papers/Joseph_Towards_Open_World_Object_Detection_CVPR_2021_paper.pdf HTTP/1.1" 200 2112673
2025-02-10 00:20:58,761 - DEBUG - 텍스트 추출 및 저장 완료: texts/Towards open world object detection_1401.txt
2025-02-10 00:20:58,763 - DEBUG - Starting new HTTPS connection (1): openaccess.thecvf.com:443
2025-02-10 00:20:59,415 - DEBUG - https://openaccess.thecvf.com:443 "GET /content_CVPR_2020/papers/Tan_EfficientDet_Scalable_and_Efficient_Object_Detection_CVPR_2020_paper.pdf HTTP/1.1" 200 773540
2025-02-10 00:21:01,079 - DEBUG - 텍스트 추출 및 저장 완료: texts/Efficientdet Scalable and efficient object detection_1402.txt
2025-02-10 00:21:01,082 - DEBUG - Starting new HTTPS connection (1): arxiv.org:443
2025-02-10 00:21:01,407 - DEBUG - https://arxiv.org:443 "GET /pdf/1904.03797 HTTP/1.1" 200 2601429
2025-02-10 00:21:05,419 - DEBUG - 텍스트 추출 및 저장 완료: texts/Foveabox Beyound anchor-based object detection_1403.txt
2025-02-10 00:21:05,421 - DEBUG - Starting new HTTPS connection (1): link.springer.com:443
2025-02-10 00:21:05,854 - DEBUG - https://link.springer.com:443 "GET /content/pdf/10.1007/s11263-019-01247-4.pdf HTTP/1.1" 303 0
2025-02-10 00:21:05,859 - DEBUG - Starting new HTTPS connection (1): idp.springer.com:443
2025-02-10 00:21:06,165 - DEBUG - https://idp.springer.com:443 "GET /authorize?response_type=cookie&client_id=springerlink&redirect_uri=https%3A%2F%2Flink.springer.com%2Fcontent%2Fpdf%2F10.1007%2Fs11263-019-01247-4.pdf HTTP/1.1" 302 0
2025-02-10 00:21:06,846 - DEBUG - https://link.springer.com:443 "GET /content/pdf/10.1007/s11263-019-01247-4.pdf HTTP/1.1" 200 8304209
2025-02-10 00:21:20,925 - DEBUG - 텍스트 추출 및 저장 완료: texts/Deep learning for generic object detection A survey_1404.txt
2025-02-10 00:21:20,927 - DEBUG - Starting new HTTPS connection (1): www.researchgate.net:443
2025-02-10 00:21:21,249 - DEBUG - https://www.researchgate.net:443 "GET /profile/Rafael-Padilla/publication/343194514_A_Survey_on_Performance_Metrics_for_Object-Detection_Algorithms/links/5f1b5a5e45851515ef478268/A-Survey-on-Performance-Metrics-for-Object-Detection-Algorithms.pdf HTTP/1.1" 403 None
2025-02-10 00:21:21,262 - DEBUG - Error: HTTP 응답 코드 403 - texts/A survey on performance metrics for object-detection algorithms_1405.txt
2025-02-10 00:21:21,267 - DEBUG - Starting new HTTP connection (1): openaccess.thecvf.com:80
2025-02-10 00:21:21,673 - DEBUG - http://openaccess.thecvf.com:80 "GET /content/CVPR2024/papers/Zhao_DETRs_Beat_YOLOs_on_Real-time_Object_Detection_CVPR_2024_paper.pdf HTTP/1.1" 302 396
2025-02-10 00:21:21,674 - DEBUG - Starting new HTTPS connection (1): openaccess.thecvf.com:443
2025-02-10 00:21:23,059 - DEBUG - https://openaccess.thecvf.com:443 "GET /content/CVPR2024/papers/Zhao_DETRs_Beat_YOLOs_on_Real-time_Object_Detection_CVPR_2024_paper.pdf HTTP/1.1" 200 1479002
2025-02-10 00:21:26,116 - DEBUG - 텍스트 추출 및 저장 완료: texts/Detrs beat yolos on real-time object detection_1406.txt
2025-02-10 00:21:26,117 - DEBUG - Starting new HTTPS connection (1): openaccess.thecvf.com:443
2025-02-10 00:21:26,704 - DEBUG - https://openaccess.thecvf.com:443 "GET /content_ICCV_2019/papers/Shao_Objects365_A_Large-Scale_High-Quality_Dataset_for_Object_Detection_ICCV_2019_paper.pdf HTTP/1.1" 200 794578
2025-02-10 00:21:28,892 - DEBUG - 텍스트 추출 및 저장 완료: texts/Objects365 A large-scale, high-quality dataset for object detection_1407.txt
2025-02-10 00:21:28,895 - DEBUG - Starting new HTTPS connection (1): arxiv.org:443
2025-02-10 00:21:29,212 - DEBUG - https://arxiv.org:443 "GET /pdf/1909.00169 HTTP/1.1" 200 6766575
2025-02-10 00:21:36,176 - DEBUG - 텍스트 추출 및 저장 완료: texts/Imbalance problems in object detection A review_1408.txt
2025-02-10 00:21:36,177 - DEBUG - Starting new HTTP connection (1): openaccess.thecvf.com:80
2025-02-10 00:21:36,583 - DEBUG - http://openaccess.thecvf.com:80 "GET /content/ICCV2023/papers/Chen_DiffusionDet_Diffusion_Model_for_Object_Detection_ICCV_2023_paper.pdf HTTP/1.1" 302 399
2025-02-10 00:21:36,586 - DEBUG - Starting new HTTPS connection (1): openaccess.thecvf.com:443
2025-02-10 00:21:37,189 - DEBUG - https://openaccess.thecvf.com:443 "GET /content/ICCV2023/papers/Chen_DiffusionDet_Diffusion_Model_for_Object_Detection_ICCV_2023_paper.pdf HTTP/1.1" 200 1876875
2025-02-10 00:21:40,466 - DEBUG - 텍스트 추출 및 저장 완료: texts/Diffusiondet Diffusion model for object detection_1409.txt
2025-02-10 00:21:40,467 - DEBUG - Starting new HTTPS connection (1): arxiv.org:443
2025-02-10 00:21:41,778 - DEBUG - https://arxiv.org:443 "GET /pdf/2104.11892 HTTP/1.1" 200 13194506
2025-02-10 00:21:52,024 - DEBUG - 텍스트 추출 및 저장 완료: texts/A survey of modern deep learning based object detection models_1410.txt
2025-02-10 00:21:52,026 - DEBUG - Starting new HTTPS connection (1): arxiv.org:443
2025-02-10 00:21:52,304 - DEBUG - https://arxiv.org:443 "GET /pdf/2011.04244 HTTP/1.1" 200 1591600
2025-02-10 00:21:54,456 - DEBUG - 텍스트 추출 및 저장 완료: texts/Real-time object detection method based on improved YOLOv4-tiny_1411.txt
2025-02-10 00:21:54,458 - DEBUG - Starting new HTTP connection (1): openaccess.thecvf.com:80
2025-02-10 00:21:54,843 - DEBUG - http://openaccess.thecvf.com:80 "GET /content/CVPR2021/papers/Dai_Dynamic_Head_Unifying_Object_Detection_Heads_With_Attentions_CVPR_2021_paper.pdf HTTP/1.1" 302 409
2025-02-10 00:21:54,846 - DEBUG - Starting new HTTPS connection (1): openaccess.thecvf.com:443
2025-02-10 00:21:55,439 - DEBUG - https://openaccess.thecvf.com:443 "GET /content/CVPR2021/papers/Dai_Dynamic_Head_Unifying_Object_Detection_Heads_With_Attentions_CVPR_2021_paper.pdf HTTP/1.1" 200 1139278
2025-02-10 00:21:57,157 - DEBUG - 텍스트 추출 및 저장 완료: texts/Dynamic head Unifying object detection heads with attentions_1412.txt
2025-02-10 00:21:57,159 - DEBUG - Starting new HTTPS connection (1): ieeexplore.ieee.org:443
2025-02-10 00:21:57,393 - DEBUG - https://ieeexplore.ieee.org:443 "GET /iel7/6287639/8600701/08825470.pdf HTTP/1.1" 418 245
2025-02-10 00:21:57,394 - DEBUG - Error: HTTP 응답 코드 418 - texts/A survey of deep learning-based object detection_1413.txt
2025-02-10 00:21:57,398 - DEBUG - Starting new HTTPS connection (1): peerj.com:443
2025-02-10 00:21:58,814 - DEBUG - https://peerj.com:443 "GET /articles/cs-1400.pdf HTTP/1.1" 400 1710
2025-02-10 00:21:58,828 - DEBUG - Error: HTTP 응답 코드 400 - texts/The multi-modal fusion in visual question answering a review of attention mechanisms_1414.txt
2025-02-10 00:21:58,861 - DEBUG - Starting new HTTPS connection (1): aaai.org:443
2025-02-10 00:22:01,620 - DEBUG - https://aaai.org:443 "GET /ojs/index.php/AAAI/article/view/4915/4788 HTTP/1.1" 403 146
2025-02-10 00:22:01,623 - DEBUG - Error: HTTP 응답 코드 403 - texts/Kvqa Knowledge-aware visual question answering_1415.txt
2025-02-10 00:22:01,628 - DEBUG - Starting new HTTPS connection (1): arxiv.org:443
2025-02-10 00:22:01,692 - DEBUG - https://arxiv.org:443 "GET /pdf/2003.07333 HTTP/1.1" 200 5409151
2025-02-10 00:22:04,105 - DEBUG - 텍스트 추출 및 저장 완료: texts/RSVQA Visual question answering for remote sensing data_1416.txt
2025-02-10 00:22:04,106 - DEBUG - Starting new HTTPS connection (1): arxiv.org:443
2025-02-10 00:22:04,151 - DEBUG - https://arxiv.org:443 "GET /pdf/2312.14150 HTTP/1.1" 200 8944587
2025-02-10 00:22:08,475 - DEBUG - 텍스트 추출 및 저장 완료: texts/Drivelm Driving with graph visual question answering_1417.txt
2025-02-10 00:22:08,476 - DEBUG - Starting new HTTPS connection (1): openaccess.thecvf.com:443
2025-02-10 00:22:09,083 - DEBUG - https://openaccess.thecvf.com:443 "GET /content_CVPR_2019/papers/Marino_OK-VQA_A_Visual_Question_Answering_Benchmark_Requiring_External_Knowledge_CVPR_2019_paper.pdf HTTP/1.1" 200 2999472
2025-02-10 00:22:12,918 - DEBUG - 텍스트 추출 및 저장 완료: texts/Ok-vqa A visual question answering benchmark requiring external knowledge_1418.txt
2025-02-10 00:22:12,920 - DEBUG - Starting new HTTPS connection (1): arodes.hes-so.ch:443
2025-02-10 00:22:15,229 - DEBUG - https://arodes.hes-so.ch:443 "GET /record/4214/files/Published%20version.pdf HTTP/1.1" 302 None
2025-02-10 00:22:16,791 - DEBUG - https://arodes.hes-so.ch:443 "GET /nanna/record/4214/files/Published%20version.pdf?withWatermark=0&withMetadata=0&registerDownload=1&version=1 HTTP/1.1" 200 996109
2025-02-10 00:22:20,587 - DEBUG - 텍스트 추출 및 저장 완료: texts/Vqa-med Overview of the medical visual question answering task at imageclef 2019_1419.txt
2025-02-10 00:22:20,589 - DEBUG - Starting new HTTPS connection (1): aclanthology.org:443
2025-02-10 00:22:21,361 - DEBUG - https://aclanthology.org:443 "GET /2020.findings-emnlp.44.pdf HTTP/1.1" 200 2828262
2025-02-10 00:22:23,265 - DEBUG - 텍스트 추출 및 저장 완료: texts/Conceptbert Concept-aware representation for visual question answering_1420.txt
2025-02-10 00:22:23,268 - DEBUG - Starting new HTTP connection (1): openaccess.thecvf.com:80
2025-02-10 00:22:23,660 - DEBUG - http://openaccess.thecvf.com:80 "GET /content_CVPR_2020/papers/Jiang_In_Defense_of_Grid_Features_for_Visual_Question_Answering_CVPR_2020_paper.pdf HTTP/1.1" 302 409
2025-02-10 00:22:23,662 - DEBUG - Starting new HTTPS connection (1): openaccess.thecvf.com:443
2025-02-10 00:22:24,253 - DEBUG - https://openaccess.thecvf.com:443 "GET /content_CVPR_2020/papers/Jiang_In_Defense_of_Grid_Features_for_Visual_Question_Answering_CVPR_2020_paper.pdf HTTP/1.1" 200 2557759
2025-02-10 00:22:27,323 - DEBUG - 텍스트 추출 및 저장 완료: texts/In defense of grid features for visual question answering_1421.txt
2025-02-10 00:22:27,325 - DEBUG - Starting new HTTPS connection (1): arxiv.org:443
2025-02-10 00:22:29,005 - DEBUG - https://arxiv.org:443 "GET /pdf/2002.08325 HTTP/1.1" 200 6656173
2025-02-10 00:22:35,382 - DEBUG - 텍스트 추출 및 저장 완료: texts/Vqa-lol Visual question answering under the lens of logic_1422.txt
2025-02-10 00:22:35,385 - DEBUG - Starting new HTTPS connection (1): arxiv.org:443
2025-02-10 00:22:36,281 - DEBUG - https://arxiv.org:443 "GET /pdf/2206.01718 HTTP/1.1" 200 7946471
2025-02-10 00:22:43,165 - DEBUG - 텍스트 추출 및 저장 완료: texts/A-okvqa A benchmark for visual question answering using world knowledge_1423.txt
2025-02-10 00:22:43,169 - DEBUG - Starting new HTTP connection (1): openaccess.thecvf.com:80
2025-02-10 00:22:43,565 - DEBUG - http://openaccess.thecvf.com:80 "GET /content_CVPR_2019/papers/Shah_Cycle-Consistency_for_Robust_Visual_Question_Answering_CVPR_2019_paper.pdf HTTP/1.1" 302 405
2025-02-10 00:22:43,566 - DEBUG - Starting new HTTPS connection (1): openaccess.thecvf.com:443
2025-02-10 00:22:44,174 - DEBUG - https://openaccess.thecvf.com:443 "GET /content_CVPR_2019/papers/Shah_Cycle-Consistency_for_Robust_Visual_Question_Answering_CVPR_2019_paper.pdf HTTP/1.1" 200 1741335
2025-02-10 00:22:47,578 - DEBUG - 텍스트 추출 및 저장 완료: texts/Cycle-consistency for robust visual question answering_1424.txt
2025-02-10 00:22:47,580 - DEBUG - Starting new HTTPS connection (1): anandmishra22.github.io:443
2025-02-10 00:22:48,986 - DEBUG - https://anandmishra22.github.io:443 "GET /files/mishra-OCR-VQA.pdf HTTP/1.1" 200 2311973
2025-02-10 00:22:49,852 - DEBUG - 텍스트 추출 및 저장 완료: texts/Ocr-vqa Visual question answering by reading text in images_1425.txt
2025-02-10 00:22:49,854 - DEBUG - Starting new HTTP connection (1): openaccess.thecvf.com:80
2025-02-10 00:22:50,249 - DEBUG - http://openaccess.thecvf.com:80 "GET /content_ICCV_2019/papers/Li_Relation-Aware_Graph_Attention_Network_for_Visual_Question_Answering_ICCV_2019_paper.pdf HTTP/1.1" 302 417
2025-02-10 00:22:50,251 - DEBUG - Starting new HTTPS connection (1): openaccess.thecvf.com:443
2025-02-10 00:22:50,821 - DEBUG - https://openaccess.thecvf.com:443 "GET /content_ICCV_2019/papers/Li_Relation-Aware_Graph_Attention_Network_for_Visual_Question_Answering_ICCV_2019_paper.pdf HTTP/1.1" 200 5576220
2025-02-10 00:22:56,957 - DEBUG - 텍스트 추출 및 저장 완료: texts/Relation-aware graph attention network for visual question answering_1426.txt
2025-02-10 00:22:56,959 - DEBUG - Starting new HTTPS connection (1): arxiv.org:443
2025-02-10 00:22:58,982 - DEBUG - https://arxiv.org:443 "GET /pdf/1908.05054 HTTP/1.1" 200 4139465
2025-02-10 00:23:02,531 - WARNING - FloatObject (b'0.00-50') invalid; use 0.0 instead
2025-02-10 00:23:02,532 - WARNING - FloatObject (b'0.00-50') invalid; use 0.0 instead
2025-02-10 00:23:02,532 - WARNING - FloatObject (b'0.0000-13123359') invalid; use 0.0 instead
2025-02-10 00:23:02,608 - DEBUG - 텍스트 추출 및 저장 완료: texts/Fusion of detected objects in text for visual question answering_1427.txt
2025-02-10 00:23:02,611 - DEBUG - Starting new HTTPS connection (1): proceedings.neurips.cc:443
2025-02-10 00:23:03,282 - DEBUG - https://proceedings.neurips.cc:443 "GET /paper_files/paper/2019/file/33b879e7ab79f56af1e88359f9314a10-Paper.pdf HTTP/1.1" 200 8343253
2025-02-10 00:23:11,085 - DEBUG - 텍스트 추출 및 저장 완료: texts/Self-critical reasoning for robust visual question answering_1428.txt
2025-02-10 00:23:11,087 - DEBUG - Starting new HTTP connection (1): openaccess.thecvf.com:80
2025-02-10 00:23:11,487 - DEBUG - http://openaccess.thecvf.com:80 "GET /content_ICCV_2019/papers/Biten_Scene_Text_Visual_Question_Answering_ICCV_2019_paper.pdf HTTP/1.1" 302 388
2025-02-10 00:23:11,489 - DEBUG - Starting new HTTPS connection (1): openaccess.thecvf.com:443
2025-02-10 00:23:12,095 - DEBUG - https://openaccess.thecvf.com:443 "GET /content_ICCV_2019/papers/Biten_Scene_Text_Visual_Question_Answering_ICCV_2019_paper.pdf HTTP/1.1" 200 2014838
2025-02-10 00:23:14,765 - DEBUG - 텍스트 추출 및 저장 완료: texts/Scene text visual question answering_1429.txt
2025-02-10 00:23:14,767 - DEBUG - Starting new HTTPS connection (1): openaccess.thecvf.com:443
2025-02-10 00:23:15,390 - DEBUG - https://openaccess.thecvf.com:443 "GET /content_CVPR_2019/papers/Cadene_MUREL_Multimodal_Relational_Reasoning_for_Visual_Question_Answering_CVPR_2019_paper.pdf HTTP/1.1" 200 1300249
2025-02-10 00:23:17,610 - DEBUG - 텍스트 추출 및 저장 완료: texts/Murel Multimodal relational reasoning for visual question answering_1430.txt
2025-02-10 00:23:17,611 - DEBUG - Starting new HTTPS connection (1): openaccess.thecvf.com:443
2025-02-10 00:23:18,190 - DEBUG - https://openaccess.thecvf.com:443 "GET /content_CVPR_2019/papers/Yu_Deep_Modular_Co-Attention_Networks_for_Visual_Question_Answering_CVPR_2019_paper.pdf HTTP/1.1" 200 3556241
2025-02-10 00:23:25,157 - DEBUG - 텍스트 추출 및 저장 완료: texts/Deep modular co-attention networks for visual question answering_1431.txt
2025-02-10 00:23:25,163 - DEBUG - Starting new HTTPS connection (1): proceedings.neurips.cc:443
2025-02-10 00:23:25,798 - DEBUG - https://proceedings.neurips.cc:443 "GET /paper_files/paper/2019/file/51d92be1c60d1db1d2e5e7a07da55b26-Paper.pdf HTTP/1.1" 200 6458051
2025-02-10 00:23:32,594 - DEBUG - 텍스트 추출 및 저장 완료: texts/Rubi Reducing unimodal biases for visual question answering_1432.txt
2025-02-10 00:23:32,598 - DEBUG - Starting new HTTPS connection (1): www.mdpi.com:443
2025-02-10 00:23:33,144 - DEBUG - https://www.mdpi.com:443 "GET /2073-8994/11/8/1018/pdf HTTP/1.1" 302 None
2025-02-10 00:23:33,146 - DEBUG - Starting new HTTPS connection (1): mdpi-res.com:443
2025-02-10 00:23:34,199 - DEBUG - https://mdpi-res.com:443 "GET /d_attachment/symmetry/symmetry-11-01018/article_deploy/symmetry-11-01018-v2.pdf?version=1566214558 HTTP/1.1" 200 574323
2025-02-10 00:23:35,009 - DEBUG - 텍스트 추출 및 저장 완료: texts/An overview of end-to-end automatic speech recognition_1433.txt
2025-02-10 00:23:35,011 - DEBUG - Starting new HTTPS connection (1): ieeexplore.ieee.org:443
2025-02-10 00:23:35,256 - DEBUG - https://ieeexplore.ieee.org:443 "GET /iel7/6287639/6514899/08632885.pdf HTTP/1.1" 418 245
2025-02-10 00:23:35,258 - DEBUG - Error: HTTP 응답 코드 418 - texts/Speech recognition using deep neural networks A systematic review_1434.txt
2025-02-10 00:23:35,262 - DEBUG - Starting new HTTP connection (1): ccc.inaoep.mx:80
2025-02-10 00:23:36,140 - DEBUG - http://ccc.inaoep.mx:80 "GET /~esucar/Clases-ia/Articulos/ASR-survey-2021.pdf HTTP/1.1" 200 1149752
2025-02-10 00:23:40,564 - DEBUG - 텍스트 추출 및 저장 완료: texts/Automatic speech recognition a survey_1435.txt
2025-02-10 00:23:40,566 - DEBUG - Starting new HTTPS connection (1): www.nowpublishers.com:443
2025-02-10 00:23:44,290 - DEBUG - https://www.nowpublishers.com:443 "GET /article/OpenAccessDownload/SIP-2021-0050 HTTP/1.1" 200 6057053
2025-02-10 00:23:49,151 - DEBUG - 텍스트 추출 및 저장 완료: texts/Recent advances in end-to-end automatic speech recognition_1436.txt
2025-02-10 00:23:49,153 - DEBUG - Starting new HTTPS connection (1): arxiv.org:443
2025-02-10 00:23:50,321 - DEBUG - https://arxiv.org:443 "GET /pdf/1811.07453 HTTP/1.1" 200 563762
2025-02-10 00:23:50,671 - DEBUG - 텍스트 추출 및 저장 완료: texts/The pytorch-kaldi speech recognition toolkit_1437.txt
2025-02-10 00:23:50,673 - DEBUG - Starting new HTTPS connection (1): proceedings.neurips.cc:443
2025-02-10 00:23:51,312 - DEBUG - https://proceedings.neurips.cc:443 "GET /paper_files/paper/2021/file/ea159dc9788ffac311592613b7f71fbb-Paper.pdf HTTP/1.1" 200 762030
2025-02-10 00:23:52,691 - DEBUG - 텍스트 추출 및 저장 완료: texts/Unsupervised speech recognition_1438.txt
2025-02-10 00:23:52,693 - DEBUG - Starting new HTTPS connection (1): arxiv.org:443
2025-02-10 00:23:52,980 - DEBUG - https://arxiv.org:443 "GET /pdf/1812.07625&ved=2ahUKEwj8wpnF8o7pAhWEmHIEHagZBA8QFjANegQIAxAB&usg=AOvVaw31lEtWMzIMj6acvVN9UrSH HTTP/1.1" 404 10651
2025-02-10 00:23:52,983 - DEBUG - Error: HTTP 응답 코드 404 - texts/Wav2letter++ A fast open-source speech recognition system_1439.txt
2025-02-10 00:23:52,987 - DEBUG - Starting new HTTPS connection (1): arxiv.org:443
2025-02-10 00:23:53,251 - DEBUG - https://arxiv.org:443 "GET /pdf/1903.00739 HTTP/1.1" 200 375595
2025-02-10 00:23:53,453 - DEBUG - 텍스트 추출 및 저장 완료: texts/Speech recognition with no speech or with noisy speech_1440.txt
2025-02-10 00:23:53,455 - DEBUG - Starting new HTTPS connection (1): www.academia.edu:443
2025-02-10 00:23:53,777 - DEBUG - https://www.academia.edu:443 "GET /download/64087454/JITR%20August%20V10%20N3_1%20Pdf.pdf HTTP/1.1" 404 16226
2025-02-10 00:23:53,779 - DEBUG - Error: HTTP 응답 코드 404 - texts/A study on automatic speech recognition_1441.txt
2025-02-10 00:23:53,783 - DEBUG - Starting new HTTPS connection (1): arxiv.org:443
2025-02-10 00:23:54,870 - DEBUG - https://arxiv.org:443 "GET /pdf/1909.11699 HTTP/1.1" 200 164254
2025-02-10 00:23:55,019 - DEBUG - 텍스트 추출 및 저장 완료: texts/Speech recognition with augmented synthesized speech_1442.txt
2025-02-10 00:23:55,020 - DEBUG - Starting new HTTPS connection (1): www.researchgate.net:443
2025-02-10 00:23:55,195 - DEBUG - https://www.researchgate.net:443 "GET /profile/Satya-Yadav-5/publication/352850495_Speech_Recognition_using_Machine_Learning/links/60efb1270859317dbde2e565/Speech-Recognition-using-Machine-Learning.pdf HTTP/1.1" 403 None
2025-02-10 00:23:55,198 - DEBUG - Error: HTTP 응답 코드 403 - texts/Speech recognition using machine learning_1443.txt
2025-02-10 00:23:55,200 - DEBUG - Starting new HTTPS connection (1): arxiv.org:443
2025-02-10 00:23:56,030 - DEBUG - https://arxiv.org:443 "GET /pdf/2005.03191 HTTP/1.1" 200 694691
2025-02-10 00:23:56,406 - DEBUG - 텍스트 추출 및 저장 완료: texts/Contextnet Improving convolutional neural networks for automatic speech recognition with global context_1444.txt
2025-02-10 00:23:56,407 - DEBUG - Starting new HTTPS connection (1): arxiv.org:443
2025-02-10 00:23:56,663 - DEBUG - https://arxiv.org:443 "GET /pdf/2005.09629 HTTP/1.1" 200 346016
2025-02-10 00:23:56,829 - DEBUG - 텍스트 추출 및 저장 완료: texts/Improved noisy student training for automatic speech recognition_1445.txt
2025-02-10 00:23:56,831 - DEBUG - Starting new HTTPS connection (1): ieeexplore.ieee.org:443
2025-02-10 00:23:57,037 - DEBUG - https://ieeexplore.ieee.org:443 "GET /iel7/8782710/9336068/09296327.pdf HTTP/1.1" 418 245
2025-02-10 00:23:57,038 - DEBUG - Error: HTTP 응답 코드 418 - texts/Adaptation algorithms for neural network-based speech recognition An overview_1446.txt
2025-02-10 00:23:57,039 - DEBUG - Starting new HTTPS connection (1): arxiv.org:443
2025-02-10 00:23:57,082 - DEBUG - https://arxiv.org:443 "GET /pdf/2303.01037 HTTP/1.1" 200 1238631
2025-02-10 00:23:57,848 - WARNING - FloatObject (b'0.00-19876764') invalid; use 0.0 instead
2025-02-10 00:23:57,948 - DEBUG - 텍스트 추출 및 저장 완료: texts/Google usm Scaling automatic speech recognition beyond 100 languages_1447.txt
2025-02-10 00:23:57,949 - DEBUG - Starting new HTTPS connection (1): proceedings.neurips.cc:443
2025-02-10 00:23:58,562 - DEBUG - https://proceedings.neurips.cc:443 "GET /paper_files/paper/2022/file/3ccf6da39eeb8fefc8bbb1b0124adbd1-Paper-Conference.pdf HTTP/1.1" 200 479335
2025-02-10 00:23:59,915 - DEBUG - 텍스트 추출 및 저장 완료: texts/Squeezeformer An efficient transformer for automatic speech recognition_1448.txt
2025-02-10 00:23:59,917 - DEBUG - Starting new HTTPS connection (1): arxiv.org:443
2025-02-10 00:23:59,957 - DEBUG - https://arxiv.org:443 "GET /pdf/1904.05862 HTTP/1.1" 200 300151
2025-02-10 00:24:00,307 - DEBUG - 텍스트 추출 및 저장 완료: texts/wav2vec Unsupervised pre-training for speech recognition_1449.txt
2025-02-10 00:24:00,308 - DEBUG - Starting new HTTPS connection (1): ieeexplore.ieee.org:443
2025-02-10 00:24:00,725 - DEBUG - https://ieeexplore.ieee.org:443 "GET /iel7/6570655/6633080/10301513.pdf HTTP/1.1" 418 245
2025-02-10 00:24:00,726 - DEBUG - Error: HTTP 응답 코드 418 - texts/End-to-end speech recognition A survey_1450.txt
2025-02-10 00:24:00,729 - DEBUG - Starting new HTTPS connection (1): proceedings.neurips.cc:443
2025-02-10 00:24:01,370 - DEBUG - https://proceedings.neurips.cc:443 "GET /paper_files/paper/2019/file/c20bb2d9a50d5ac1f713f8b34d9aac5a-Paper.pdf HTTP/1.1" 200 212182
2025-02-10 00:24:02,172 - DEBUG - 텍스트 추출 및 저장 완료: texts/Unified language model pre-training for natural language understanding and generation_1451.txt
2025-02-10 00:24:02,174 - DEBUG - Starting new HTTPS connection (1): arxiv.org:443
2025-02-10 00:24:03,333 - DEBUG - https://arxiv.org:443 "GET /pdf/1901.11504 HTTP/1.1" 200 483541
2025-02-10 00:24:03,862 - DEBUG - 텍스트 추출 및 저장 완료: texts/Multi-task deep neural networks for natural language understanding_1452.txt
2025-02-10 00:24:03,863 - DEBUG - Starting new HTTPS connection (1): arxiv.org:443
2025-02-10 00:24:04,089 - DEBUG - https://arxiv.org:443 "GET /pdf/1909.10351.pdf?trk=public_post_comment-text HTTP/1.1" 301 249
2025-02-10 00:24:04,093 - DEBUG - Starting new HTTP connection (1): arxiv.org:80
2025-02-10 00:24:04,114 - DEBUG - http://arxiv.org:80 "GET /pdf/1909.10351 HTTP/1.1" 200 1262616
2025-02-10 00:24:04,746 - DEBUG - 텍스트 추출 및 저장 완료: texts/Tinybert Distilling bert for natural language understanding_1453.txt
2025-02-10 00:24:04,748 - DEBUG - Starting new HTTPS connection (1): arxiv.org:443
2025-02-10 00:24:05,027 - DEBUG - https://arxiv.org:443 "GET /pdf/1910.14599 HTTP/1.1" 200 1428177
2025-02-10 00:24:05,802 - DEBUG - 텍스트 추출 및 저장 완료: texts/Adversarial NLI A new benchmark for natural language understanding_1454.txt
2025-02-10 00:24:05,803 - DEBUG - Starting new HTTPS connection (1): arxiv.org:443
2025-02-10 00:24:06,031 - DEBUG - https://arxiv.org:443 "GET /pdf/1909.11764 HTTP/1.1" 200 257462
2025-02-10 00:24:06,409 - DEBUG - 텍스트 추출 및 저장 완료: texts/Freelb Enhanced adversarial training for natural language understanding_1455.txt
2025-02-10 00:24:06,411 - DEBUG - Starting new HTTPS connection (1): arxiv.org:443
2025-02-10 00:24:06,795 - DEBUG - https://arxiv.org:443 "GET /pdf/2011.03023.pdf&quot;&gt;Language HTTP/1.1" 404 10590
2025-02-10 00:24:06,798 - DEBUG - Error: HTTP 응답 코드 404 - texts/Language model is all you need Natural language understanding as question answering_1456.txt
2025-02-10 00:24:06,801 - DEBUG - Starting new HTTPS connection (1): arxiv.org:443
2025-02-10 00:24:08,128 - DEBUG - https://arxiv.org:443 "GET /pdf/2005.00628 HTTP/1.1" 200 1526509
2025-02-10 00:24:08,948 - DEBUG - 텍스트 추출 및 저장 완료: texts/Intermediate-task transfer learning with pretrained models for natural language understanding When and why does it work_1457.txt
2025-02-10 00:24:08,950 - DEBUG - Starting new HTTPS connection (1): arxiv.org:443
2025-02-10 00:24:09,567 - DEBUG - https://arxiv.org:443 "GET /pdf/1908.07898 HTTP/1.1" 200 282022
2025-02-10 00:24:09,755 - DEBUG - 텍스트 추출 및 저장 완료: texts/Are we modeling the task or the annotator an investigation of annotator bias in natural language understanding datasets_1458.txt
2025-02-10 00:24:09,757 - DEBUG - Starting new HTTPS connection (1): arxiv.org:443
2025-02-10 00:24:10,018 - DEBUG - https://arxiv.org:443 "GET /pdf/2012.02640 HTTP/1.1" 200 609651
2025-02-10 00:24:10,370 - DEBUG - 텍스트 추출 및 저장 완료: texts/A comparison of natural language understanding platforms for chatbots in software engineering_1459.txt
2025-02-10 00:24:10,372 - DEBUG - Starting new HTTPS connection (1): arxiv.org:443
2025-02-10 00:24:10,439 - DEBUG - https://arxiv.org:443 "GET /pdf/2004.06871 HTTP/1.1" 200 6164513
2025-02-10 00:24:11,959 - DEBUG - 텍스트 추출 및 저장 완료: texts/TOD-BERT Pre-trained natural language understanding for task-oriented dialogue_1460.txt
2025-02-10 00:24:11,961 - DEBUG - Starting new HTTPS connection (1): ojs.aaai.org:443
2025-02-10 00:24:12,910 - DEBUG - https://ojs.aaai.org:443 "GET /index.php/AAAI/article/view/6510/6366 HTTP/1.1" 403 246
2025-02-10 00:24:12,912 - DEBUG - Error: HTTP 응답 코드 403 - texts/Semantics-aware BERT for language understanding_1461.txt
2025-02-10 00:24:12,915 - DEBUG - Starting new HTTPS connection (1): arxiv.org:443
2025-02-10 00:24:14,173 - DEBUG - https://arxiv.org:443 "GET /pdf/2004.05986 HTTP/1.1" 200 540578
2025-02-10 00:24:14,522 - DEBUG - 텍스트 추출 및 저장 완료: texts/CLUE A Chinese language understanding evaluation benchmark_1462.txt
2025-02-10 00:24:14,524 - DEBUG - Starting new HTTPS connection (1): proceedings.neurips.cc:443
2025-02-10 00:24:15,130 - DEBUG - https://proceedings.neurips.cc:443 "GET /paper/2019/file/dc6a7e655d7e5840e66733e9ee67cc69-Paper.pdf HTTP/1.1" 200 387113
2025-02-10 00:24:16,056 - DEBUG - 텍스트 추출 및 저장 완료: texts/Xlnet Generalized autoregressive pretraining for language understanding_1463.txt
2025-02-10 00:24:16,057 - DEBUG - Starting new HTTPS connection (1): arxiv.org:443
2025-02-10 00:24:16,918 - DEBUG - https://arxiv.org:443 "GET /pdf/2003.00104 HTTP/1.1" 200 150350
2025-02-10 00:24:17,221 - DEBUG - 텍스트 추출 및 저장 완료: texts/Arabert Transformer-based model for arabic language understanding_1464.txt
2025-02-10 00:24:17,222 - DEBUG - Starting new HTTPS connection (1): arxiv.org:443
2025-02-10 00:24:17,258 - DEBUG - https://arxiv.org:443 "GET /pdf/2005.12766 HTTP/1.1" 200 412104
2025-02-10 00:24:17,532 - DEBUG - 텍스트 추출 및 저장 완료: texts/Cert Contrastive self-supervised learning for language understanding_1465.txt
2025-02-10 00:24:17,534 - DEBUG - Starting new HTTPS connection (1): arxiv.org:443
2025-02-10 00:24:18,595 - DEBUG - https://arxiv.org:443 "GET /pdf/2102.06283 HTTP/1.1" 200 340777
2025-02-10 00:24:18,821 - DEBUG - 텍스트 추출 및 저장 완료: texts/Speech-language pre-training for end-to-end spoken language understanding_1466.txt
2025-02-10 00:24:18,823 - DEBUG - Starting new HTTPS connection (1): proceedings.neurips.cc:443
2025-02-10 00:24:19,506 - DEBUG - https://proceedings.neurips.cc:443 "GET /paper_files/paper/2020/file/c3a690be93aa602ee2dc0ccab5b7b67e-Paper.pdf HTTP/1.1" 200 1569842
2025-02-10 00:24:21,164 - DEBUG - 텍스트 추출 및 저장 완료: texts/Mpnet Masked and permuted pre-training for language understanding_1467.txt
2025-02-10 00:24:21,166 - DEBUG - Starting new HTTPS connection (1): eva.fing.edu.uy:443
2025-02-10 00:24:25,191 - DEBUG - https://eva.fing.edu.uy:443 "GET /pluginfile.php/524749/mod_folder/content/0/BERT%20Pre-training%20of%20Deep%20Bidirectional%20Transformers%20for%20Language%20Understanding.pdf HTTP/1.1" 200 786279
2025-02-10 00:24:27,670 - DEBUG - 텍스트 추출 및 저장 완료: texts/Bert Pre-training of deep bidirectional transformers for language understanding_1468.txt
2025-02-10 00:24:27,672 - DEBUG - Starting new HTTPS connection (1): link.springer.com:443
2025-02-10 00:24:28,108 - DEBUG - https://link.springer.com:443 "GET /content/pdf/10.1007/s10462-022-10144-1.pdf HTTP/1.1" 303 0
2025-02-10 00:24:28,112 - DEBUG - Starting new HTTPS connection (1): idp.springer.com:443
2025-02-10 00:24:28,609 - DEBUG - https://idp.springer.com:443 "GET /authorize?response_type=cookie&client_id=springerlink&redirect_uri=https%3A%2F%2Flink.springer.com%2Fcontent%2Fpdf%2F10.1007%2Fs10462-022-10144-1.pdf HTTP/1.1" 302 0
2025-02-10 00:24:29,031 - DEBUG - https://link.springer.com:443 "GET /content/pdf/10.1007/s10462-022-10144-1.pdf HTTP/1.1" 200 1543459
2025-02-10 00:24:31,801 - DEBUG - 텍스트 추출 및 저장 완료: texts/A survey on sentiment analysis methods, applications, and challenges_1469.txt
2025-02-10 00:24:31,803 - DEBUG - Starting new HTTPS connection (1): cse.iitkgp.ac.in:443
2025-02-10 00:24:35,636 - DEBUG - https://cse.iitkgp.ac.in:443 "GET /~mainack/courses/2021-autumn/socialcomp/pdf/sentiment-analysis-survey-yue2019.pdf HTTP/1.1" 200 1199306
2025-02-10 00:24:37,577 - DEBUG - 텍스트 추출 및 저장 완료: texts/A survey of sentiment analysis in social media_1470.txt
2025-02-10 00:24:37,578 - DEBUG - Starting new HTTPS connection (1): www.cs.uic.edu:443
2025-02-10 00:24:39,069 - DEBUG - https://www.cs.uic.edu:443 "GET /~liub/FBS/liub-SA-and-OM-book.pdf HTTP/1.1" 200 839377
2025-02-10 00:24:41,551 - DEBUG - 텍스트 추출 및 저장 완료: texts/Sentiment analysis and opinion mining_1471.txt
2025-02-10 00:24:41,553 - DEBUG - Starting new HTTP connection (1): tcci.ccf.org.cn:80
2025-02-10 00:24:42,088 - DEBUG - http://tcci.ccf.org.cn:80 "GET /conference/2014/ppts/adl/adl52-l3.pdf HTTP/1.1" 200 655717
2025-02-10 00:24:43,123 - DEBUG - 텍스트 추출 및 저장 완료: texts/Sentiment analysis Mining opinions, sentiments, and emotions_1472.txt
2025-02-10 00:24:43,125 - DEBUG - Starting new HTTPS connection (1): ieeexplore.ieee.org:443
2025-02-10 00:24:43,352 - DEBUG - https://ieeexplore.ieee.org:443 "GET /iel7/6287639/8600701/08684825.pdf HTTP/1.1" 418 245
2025-02-10 00:24:43,353 - DEBUG - Error: HTTP 응답 코드 418 - texts/Sentiment analysis of comment texts based on BiLSTM_1473.txt
2025-02-10 00:24:43,355 - DEBUG - Starting new HTTPS connection (1): www.researchgate.net:443
2025-02-10 00:24:43,527 - DEBUG - https://www.researchgate.net:443 "GET /profile/Pooja-Mehta-26/publication/344487215_A_Review_On_Sentiment_Analysis_Methodologies_Practices_And_Applications/links/5f7bfb2992851c14bcb16528/A-Review-On-Sentiment-Analysis-Methodologies-Practices-And-Applications.pdf HTTP/1.1" 403 None
2025-02-10 00:24:43,530 - DEBUG - Error: HTTP 응답 코드 403 - texts/A review on sentiment analysis methodologies, practices and applications_1474.txt
2025-02-10 00:24:43,533 - DEBUG - Starting new HTTPS connection (1): www.sciencedirect.com:443
2025-02-10 00:24:43,797 - DEBUG - https://www.sciencedirect.com:443 "GET /science/article/pii/S1877050919306593/pdf?md5=19d697cdb9444e2236259d26568a9a60&pid=1-s2.0-S1877050919306593-main.pdf HTTP/1.1" 403 None
2025-02-10 00:24:43,979 - DEBUG - Error: HTTP 응답 코드 403 - texts/The impact of features extraction on the sentiment analysis_1475.txt
2025-02-10 00:24:43,982 - DEBUG - Starting new HTTPS connection (1): www.mdpi.com:443
2025-02-10 00:24:44,504 - DEBUG - https://www.mdpi.com:443 "GET /2079-9292/9/3/483/pdf HTTP/1.1" 302 None
2025-02-10 00:24:44,510 - DEBUG - Starting new HTTPS connection (1): mdpi-res.com:443
2025-02-10 00:24:45,504 - DEBUG - https://mdpi-res.com:443 "GET /d_attachment/electronics/electronics-09-00483/article_deploy/electronics-09-00483.pdf?version=1584184774 HTTP/1.1" 200 11179971
2025-02-10 00:24:50,296 - DEBUG - 텍스트 추출 및 저장 완료: texts/Sentiment analysis based on deep learning A comparative study_1476.txt
2025-02-10 00:24:50,298 - DEBUG - Starting new HTTPS connection (1): www.hackveda.in:443
2025-02-10 00:24:51,518 - DEBUG - https://www.hackveda.in:443 "GET /docs/research-paper-writing-services-s10462-019-09794-5.pdf HTTP/1.1" 406 226
2025-02-10 00:24:51,520 - DEBUG - Error: HTTP 응답 코드 406 - texts/Sentiment analysis using deep learning architectures a review_1477.txt
2025-02-10 00:24:51,537 - DEBUG - Starting new HTTPS connection (1): www.academia.edu:443
2025-02-10 00:24:51,767 - DEBUG - https://www.academia.edu:443 "GET /download/100291477/s12652-018-0862-820230326-1-p9uy44.pdf HTTP/1.1" 404 16226
2025-02-10 00:24:51,768 - DEBUG - Error: HTTP 응답 코드 404 - texts/Sentiment analysis a review and comparative analysis over social media_1478.txt
2025-02-10 00:24:51,770 - DEBUG - Starting new HTTPS connection (1): www.researchgate.net:443
2025-02-10 00:24:51,940 - DEBUG - https://www.researchgate.net:443 "GET /profile/Laith-Abualigah/publication/337653541_Sentiment_Analysis_in_Healthcare_A_Brief_Review/links/5df518624585159aa47e9404/Sentiment-Analysis-in-Healthcare-A-Brief-Review.pdf HTTP/1.1" 403 None
2025-02-10 00:24:51,959 - DEBUG - Error: HTTP 응답 코드 403 - texts/Sentiment analysis in healthcare a brief review_1479.txt
2025-02-10 00:24:51,963 - DEBUG - Starting new HTTPS connection (1): www.sciencedirect.com:443
2025-02-10 00:24:52,214 - DEBUG - https://www.sciencedirect.com:443 "GET /science/article/pii/S187705091931885X/pdf?md5=60896fce3c81e47fc47d83d0dcd82da2&pid=1-s2.0-S187705091931885X-main.pdf HTTP/1.1" 403 None
2025-02-10 00:24:52,426 - DEBUG - Error: HTTP 응답 코드 403 - texts/Sentiment analysis in social media and its application Systematic literature review_1480.txt
2025-02-10 00:24:52,431 - DEBUG - Starting new HTTP connection (1): cssclab.cn:80
2025-02-10 00:24:52,762 - DEBUG - http://cssclab.cn:80 "GET /downloadfile/2023/Multimodal%C2%A0sentiment%20analysis%C2%A0based%C2%A0on%C2%A0fusion%C2%A0methods.pdf HTTP/1.1" 200 1266696
2025-02-10 00:24:54,014 - DEBUG - 텍스트 추출 및 저장 완료: texts/Multimodal sentiment analysis based on fusion methods A survey_1481.txt
2025-02-10 00:24:54,016 - DEBUG - Starting new HTTPS connection (1): arxiv.org:443
2025-02-10 00:24:55,334 - DEBUG - https://arxiv.org:443 "GET /pdf/2203.01054 HTTP/1.1" 200 1553485
2025-02-10 00:24:56,365 - DEBUG - 텍스트 추출 및 저장 완료: texts/A survey on aspect-based sentiment analysis Tasks, methods, and challenges_1482.txt
2025-02-10 00:24:56,367 - DEBUG - Starting new HTTPS connection (1): www.tandfonline.com:443
2025-02-10 00:24:56,589 - DEBUG - https://www.tandfonline.com:443 "GET /doi/pdf/10.1080/24751839.2020.1790793 HTTP/1.1" 403 None
2025-02-10 00:24:56,594 - DEBUG - Error: HTTP 응답 코드 403 - texts/Social media sentiment analysis based on COVID-19_1483.txt
2025-02-10 00:24:56,595 - DEBUG - Starting new HTTPS connection (1): www.academia.edu:443
2025-02-10 00:24:56,831 - DEBUG - https://www.academia.edu:443 "GET /download/80297516/AlaeiPUB2798.pdf HTTP/1.1" 404 16226
2025-02-10 00:24:56,845 - DEBUG - Error: HTTP 응답 코드 404 - texts/Sentiment analysis in tourism capitalizing on big data_1484.txt
2025-02-10 00:24:56,847 - DEBUG - Starting new HTTPS connection (1): www.mdpi.com:443
2025-02-10 00:24:58,376 - DEBUG - https://www.mdpi.com:443 "GET /2504-2289/4/1/1/pdf HTTP/1.1" 302 None
2025-02-10 00:24:58,382 - DEBUG - Starting new HTTPS connection (1): mdpi-res.com:443
2025-02-10 00:24:58,666 - DEBUG - https://mdpi-res.com:443 "GET /d_attachment/BDCC/BDCC-04-00001/article_deploy/BDCC-04-00001-v2.pdf?version=1584533390 HTTP/1.1" 200 652112
2025-02-10 00:24:59,403 - DEBUG - 텍스트 추출 및 저장 완료: texts/Text mining in big data analytics_1485.txt
2025-02-10 00:24:59,405 - DEBUG - Starting new HTTPS connection (1): www.researchgate.net:443
2025-02-10 00:24:59,599 - DEBUG - https://www.researchgate.net:443 "GET /profile/Sayali-Tandel-2/publication/331905215_A_Survey_on_Text_Mining_Techniques/links/5ca88fc94585157bd325aa72/A-Survey-on-Text-Mining-Techniques.pdf HTTP/1.1" 403 None
2025-02-10 00:24:59,602 - DEBUG - Error: HTTP 응답 코드 403 - texts/A survey on text mining techniques_1486.txt
2025-02-10 00:24:59,605 - DEBUG - Starting new HTTPS connection (1): technoaretepublication.org:443
2025-02-10 00:25:00,571 - DEBUG - https://technoaretepublication.org:443 "GET /intelligent-data-mining/article/importance-text-mining.pdf HTTP/1.1" 200 287149
2025-02-10 00:25:01,402 - DEBUG - 텍스트 추출 및 저장 완료: texts/The Importance of Text Mining for Services Management_1487.txt
2025-02-10 00:25:01,404 - DEBUG - Starting new HTTPS connection (1): www.academia.edu:443
2025-02-10 00:25:01,637 - DEBUG - https://www.academia.edu:443 "GET /download/105756516/j.ijinfomgt.2019.07.01420230916-1-7rv0rk.pdf HTTP/1.1" 404 16226
2025-02-10 00:25:01,638 - DEBUG - Error: HTTP 응답 코드 404 - texts/Text mining of industry 4.0 job advertisements_1488.txt
2025-02-10 00:25:01,639 - DEBUG - Starting new HTTPS connection (1): academic.oup.com:443
2025-02-10 00:25:01,948 - DEBUG - https://academic.oup.com:443 "GET /bioinformatics/article-pdf/36/4/1234/48983216/bioinformatics_36_4_1234.pdf HTTP/1.1" 403 None
2025-02-10 00:25:01,952 - DEBUG - Error: HTTP 응답 코드 403 - texts/BioBERT a pre-trained biomedical language representation model for biomedical text mining_1489.txt
2025-02-10 00:25:01,955 - DEBUG - Starting new HTTPS connection (1): repositorio.iscte-iul.pt:443
2025-02-10 00:25:05,020 - DEBUG - https://repositorio.iscte-iul.pt:443 "GET /bitstream/10071/16949/3/Understanding%20the%20use%20of%20VR.pdf HTTP/1.1" 200 1110741
2025-02-10 00:25:09,793 - DEBUG - 텍스트 추출 및 저장 완료: texts/Understanding the use of Virtual Reality in Marketing A text mining-based review_1490.txt
2025-02-10 00:25:09,795 - DEBUG - Starting new HTTPS connection (1): www.researchgate.net:443
2025-02-10 00:25:09,956 - DEBUG - https://www.researchgate.net:443 "GET /profile/Denis-Dumas-3/publication/343797742_Four_Text-Mining_Methods_for_Measuring_Elaboration/links/5f4031c3a6fdcccc43e3cb71/Four-Text-Mining-Methods-for-Measuring-Elaboration.pdf HTTP/1.1" 403 None
2025-02-10 00:25:09,979 - DEBUG - Error: HTTP 응답 코드 403 - texts/Four text‐mining methods for measuring elaboration_1491.txt
2025-02-10 00:25:09,982 - DEBUG - Starting new HTTPS connection (1): link.springer.com:443
2025-02-10 00:25:10,327 - DEBUG - https://link.springer.com:443 "GET /content/pdf/10.1186/s13326-019-0211-7.pdf HTTP/1.1" 303 0
2025-02-10 00:25:10,332 - DEBUG - Starting new HTTPS connection (1): idp.springer.com:443
2025-02-10 00:25:11,719 - DEBUG - https://idp.springer.com:443 "GET /authorize?response_type=cookie&client_id=springerlink&redirect_uri=https%3A%2F%2Flink.springer.com%2Fcontent%2Fpdf%2F10.1186%2Fs13326-019-0211-7.pdf HTTP/1.1" 302 0
2025-02-10 00:25:14,815 - DEBUG - https://link.springer.com:443 "GET /content/pdf/10.1186/s13326-019-0211-7.pdf HTTP/1.1" 200 2162722
2025-02-10 00:25:19,731 - DEBUG - 텍스트 추출 및 저장 완료: texts/Text mining brain imaging reports_1492.txt
2025-02-10 00:25:19,733 - DEBUG - Starting new HTTPS connection (1): www.researchgate.net:443
2025-02-10 00:25:20,204 - DEBUG - https://www.researchgate.net:443 "GET /profile/Heshani-Rupasinghe/post/Why_do_we_use_Natural_language_processing_and_text_mining_for_construction_site_accident_analysis_without_using_Nvivo_software/attachment/5c8e28d4cfe4a72994966384/AS%3A737396509380609%401552820436494/download/Construction+site+accident+analysis+using+text+mining+and+natural+language+processing+techniques.pdf HTTP/1.1" 403 None
2025-02-10 00:25:20,217 - DEBUG - Error: HTTP 응답 코드 403 - texts/Construction site accident analysis using text mining and natural language processing techniques_1493.txt
2025-02-10 00:25:20,221 - DEBUG - Starting new HTTPS connection (1): dl.acm.org:443
2025-02-10 00:25:20,552 - DEBUG - https://dl.acm.org:443 "GET /doi/pdf/10.1145/3447772 HTTP/1.1" 302 0
2025-02-10 00:25:20,626 - DEBUG - https://dl.acm.org:443 "GET /doi/pdf/10.1145/3447772?cookieSet=1 HTTP/1.1" 302 0
2025-02-10 00:25:21,281 - DEBUG - https://dl.acm.org:443 "GET /doi/pdf/10.1145/3447772 HTTP/1.1" 200 None
2025-02-10 00:25:25,394 - DEBUG - 텍스트 추출 및 저장 완료: texts/Knowledge graphs_1494.txt
2025-02-10 00:25:25,395 - DEBUG - Starting new HTTPS connection (1): ieeexplore.ieee.org:443
2025-02-10 00:25:25,645 - DEBUG - https://ieeexplore.ieee.org:443 "GET /ielaam/5962385/9702897/9416312-aam.pdf HTTP/1.1" 418 245
2025-02-10 00:25:25,647 - DEBUG - Error: HTTP 응답 코드 418 - texts/A survey on knowledge graphs Representation, acquisition, and applications_1495.txt
2025-02-10 00:25:25,651 - DEBUG - Starting new HTTPS connection (1): arxiv.org:443
2025-02-10 00:25:26,959 - DEBUG - https://arxiv.org:443 "GET /pdf/2011.00235 HTTP/1.1" 200 1012577
2025-02-10 00:25:28,178 - DEBUG - 텍스트 추출 및 저장 완료: texts/Domain-specific knowledge graphs A survey_1496.txt
2025-02-10 00:25:28,179 - DEBUG - Starting new HTTPS connection (1): arxiv.org:443
2025-02-10 00:25:29,368 - DEBUG - https://arxiv.org:443 "GET /pdf/1903.05485 HTTP/1.1" 200 1539140
2025-02-10 00:25:30,619 - DEBUG - 텍스트 추출 및 저장 완료: texts/MMKG multi-modal knowledge graphs_1497.txt
2025-02-10 00:25:30,621 - DEBUG - Starting new HTTPS connection (1): dl.acm.org:443
2025-02-10 00:25:30,939 - DEBUG - https://dl.acm.org:443 "GET /doi/pdf/10.1145/3329781.3332266 HTTP/1.1" 302 0
2025-02-10 00:25:31,006 - DEBUG - https://dl.acm.org:443 "GET /doi/pdf/10.1145/3329781.3332266?cookieSet=1 HTTP/1.1" 302 0
2025-02-10 00:25:31,484 - DEBUG - https://dl.acm.org:443 "GET /doi/pdf/10.1145/3329781.3332266 HTTP/1.1" 200 None
2025-02-10 00:25:32,175 - DEBUG - 텍스트 추출 및 저장 완료: texts/Industry-scale Knowledge Graphs Lessons and Challenges Five diverse technology companies show how it's done_1498.txt
2025-02-10 00:25:32,177 - DEBUG - Starting new HTTPS connection (1): iopscience.iop.org:443
2025-02-10 00:25:33,407 - DEBUG - https://iopscience.iop.org:443 "GET /article/10.1088/1742-6596/1487/1/012016/pdf HTTP/1.1" 302 None
2025-02-10 00:25:33,409 - DEBUG - Starting new HTTPS connection (1): validate.perfdrive.com:443
2025-02-10 00:25:34,372 - DEBUG - https://validate.perfdrive.com:443 "GET /9730847aceed30627ebd520e46ee70b2/?ssa=0856066a-86c3-4dce-a8b9-a87bda1e600c&ssb=16174282773&ssc=https%3A%2F%2Fiopscience.iop.org%2Farticle%2F10.1088%2F1742-6596%2F1487%2F1%2F012016%2Fpdf&ssi=b9b1b1d4-cnvj-4c7f-a627-07e7b741f574&ssk=botmanager_support@radware.com&ssm=37807952815656356101326256756407&ssn=1933dfb1585741cb6521b31b0f96bcec1d742a0d8488-0fac-4175-a06f02&sso=45864eec-1b201514952adb4ce5404a0b4e99cc51106429cb412c754a&ssp=62020078141739183974173913396127030&ssq=85374151473399389852814733632532129110033&ssr=MjIwLjY1LjI0MC4yMTY=&sst=python-requests/2.32.3&ssu=&ssv=&ssw=&ssx=eyJfX3V6bWYiOiI3ZjYwMDAwNDljZTBkMS00MTQ3LTQzZTktOWQ2MC0wMDg0YmUzMzVjNmQxNzM5MTE0NzMzMjY1MC1jNjdlNzE5MGNjMTE0NzZjMTAiLCJ1em14IjoiN2Y5MDAwNmUzYmRkNDctMTFmYy00ZjkwLWIwMGQtZjI4NTZkNDA4ZjgxMS0xNzM5MTE0NzMzMjY1MC0zZWVmY2JhN2I2YzYxMTY0MTAiLCJyZCI6ImlvcC5vcmcifQ== HTTP/1.1" 200 5341
2025-02-10 00:25:34,378 - DEBUG - PDF 파일 읽기 오류: EOF marker not found
2025-02-10 00:25:34,383 - DEBUG - Starting new HTTPS connection (1): drops.dagstuhl.de:443
2025-02-10 00:25:36,108 - DEBUG - https://drops.dagstuhl.de:443 "GET /opus/volltexte/2019/10328/pdf/dagrep_v008_i009_p029_18371.pdf HTTP/1.1" 301 None
2025-02-10 00:25:36,418 - DEBUG - https://drops.dagstuhl.de:443 "GET /storage/04dagstuhl-reports/volume08/issue09/18371/DagRep.8.9.29/DagRep.8.9.29.pdf HTTP/1.1" 200 5326322
2025-02-10 00:25:47,270 - DEBUG - 텍스트 추출 및 저장 완료: texts/Knowledge graphs New directions for knowledge representation on the semantic web (dagstuhl seminar 18371)_1500.txt
2025-02-10 00:25:47,273 - DEBUG - Starting new HTTPS connection (1): arxiv.org:443
2025-02-10 00:25:47,519 - DEBUG - https://arxiv.org:443 "GET /pdf/2306.08302.pdf?trk=article-ssr-frontend-pulse_x-social-details_comments-action_comment-text HTTP/1.1" 301 259
2025-02-10 00:25:47,541 - DEBUG - https://arxiv.org:443 "GET /pdf/2306.08302 HTTP/1.1" 200 3347785
2025-02-10 00:25:49,315 - DEBUG - 텍스트 추출 및 저장 완료: texts/Unifying large language models and knowledge graphs A roadmap_1501.txt
2025-02-10 00:25:49,317 - DEBUG - Starting new HTTPS connection (1): arxiv.org:443
2025-02-10 00:25:50,697 - DEBUG - https://arxiv.org:443 "GET /pdf/2001.02314 HTTP/1.1" 200 9475048
2025-02-10 00:25:58,177 - DEBUG - 텍스트 추출 및 저장 완료: texts/Bridging knowledge graphs to generate scene graphs_1502.txt
2025-02-10 00:25:58,179 - DEBUG - Starting new HTTPS connection (1): arxiv.org:443
2025-02-10 00:25:59,308 - DEBUG - https://arxiv.org:443 "GET /pdf/2010.04029 HTTP/1.1" 200 593538
2025-02-10 00:25:59,640 - DEBUG - 텍스트 추출 및 저장 완료: texts/Rnnlogic Learning logic rules for reasoning on knowledge graphs_1503.txt
2025-02-10 00:25:59,643 - DEBUG - Starting new HTTPS connection (1): direct.mit.edu:443
2025-02-10 00:25:59,911 - DEBUG - https://direct.mit.edu:443 "GET /dint/article-pdf/1/3/201/683759/dint_a_00011.pdf HTTP/1.1" 403 None
2025-02-10 00:25:59,915 - DEBUG - Error: HTTP 응답 코드 403 - texts/Virtual knowledge graphs An overview of systems and use cases_1504.txt
2025-02-10 00:25:59,918 - DEBUG - Starting new HTTPS connection (1): arxiv.org:443
2025-02-10 00:26:00,767 - DEBUG - https://arxiv.org:443 "GET /pdf/1903.04750 HTTP/1.1" 200 1077188
2025-02-10 00:26:01,504 - DEBUG - 텍스트 추출 및 저장 완료: texts/Interaction embeddings for prediction and explanation in knowledge graphs_1505.txt
2025-02-10 00:26:01,505 - DEBUG - Starting new HTTPS connection (1): ieeexplore.ieee.org:443
2025-02-10 00:26:01,712 - DEBUG - https://ieeexplore.ieee.org:443 "GET /iel7/6287639/8948470/09220143.pdf HTTP/1.1" 418 245
2025-02-10 00:26:01,713 - DEBUG - Error: HTTP 응답 코드 418 - texts/Knowledge graph completion A review_1506.txt
2025-02-10 00:26:01,716 - DEBUG - Starting new HTTPS connection (1): ojs.aaai.org:443
2025-02-10 00:26:02,410 - DEBUG - https://ojs.aaai.org:443 "GET /index.php/AAAI/article/view/16604/16411 HTTP/1.1" 403 248
2025-02-10 00:26:02,412 - DEBUG - Error: HTTP 응답 코드 403 - texts/Learning from history Modeling temporal knowledge graphs with sequential copy-generation networks_1507.txt
2025-02-10 00:26:02,416 - DEBUG - Starting new HTTPS connection (1): arxiv.org:443
2025-02-10 00:26:03,023 - DEBUG - https://arxiv.org:443 "GET /pdf/1906.01195 HTTP/1.1" 200 959490
2025-02-10 00:26:03,650 - DEBUG - 텍스트 추출 및 저장 완료: texts/Learning attention-based embeddings for relation prediction in knowledge graphs_1508.txt
2025-02-10 00:26:03,651 - DEBUG - Starting new HTTPS connection (1): ieeexplore.ieee.org:443
2025-02-10 00:26:04,269 - DEBUG - https://ieeexplore.ieee.org:443 "GET /ielaam/5962385/9312808/9046288-aam.pdf HTTP/1.1" 418 245
2025-02-10 00:26:04,271 - DEBUG - Error: HTTP 응답 코드 418 - texts/A comprehensive survey on graph neural networks_1509.txt
2025-02-10 00:26:04,273 - DEBUG - Starting new HTTPS connection (1): arxiv.org:443
2025-02-10 00:26:05,620 - DEBUG - https://arxiv.org:443 "GET /pdf/2202.07082 HTTP/1.1" 200 6014980
2025-02-10 00:26:10,094 - DEBUG - 텍스트 추출 및 저장 완료: texts/Graph neural networks for graphs with heterophily A survey_1510.txt
2025-02-10 00:26:10,095 - DEBUG - Starting new HTTPS connection (1): graph-neural-networks.github.io:443
2025-02-10 00:26:10,934 - DEBUG - https://graph-neural-networks.github.io:443 "GET /static/file/chapter3.pdf HTTP/1.1" 200 589448
2025-02-10 00:26:11,310 - DEBUG - 텍스트 추출 및 저장 완료: texts/Graph neural networks foundation, frontiers and applications_1511.txt
2025-02-10 00:26:11,312 - DEBUG - Starting new HTTPS connection (1): dl.acm.org:443
2025-02-10 00:26:11,646 - DEBUG - https://dl.acm.org:443 "GET /doi/pdf/10.1145/3394486.3403076 HTTP/1.1" 302 0
2025-02-10 00:26:11,711 - DEBUG - https://dl.acm.org:443 "GET /doi/pdf/10.1145/3394486.3403076?cookieSet=1 HTTP/1.1" 302 0
2025-02-10 00:26:12,445 - DEBUG - https://dl.acm.org:443 "GET /doi/pdf/10.1145/3394486.3403076 HTTP/1.1" 200 None
2025-02-10 00:26:16,035 - DEBUG - 텍스트 추출 및 저장 완료: texts/Towards deeper graph neural networks_1512.txt
2025-02-10 00:26:16,037 - DEBUG - Starting new HTTPS connection (1): www.jmlr.org:443
2025-02-10 00:26:16,724 - DEBUG - https://www.jmlr.org:443 "GET /papers/volume24/22-0567/22-0567.pdf HTTP/1.1" 200 None
2025-02-10 00:26:19,138 - DEBUG - 텍스트 추출 및 저장 완료: texts/Benchmarking graph neural networks_1513.txt
2025-02-10 00:26:19,140 - DEBUG - Starting new HTTPS connection (1): proceedings.neurips.cc:443
2025-02-10 00:26:19,801 - DEBUG - https://proceedings.neurips.cc:443 "GET /paper_files/paper/2019/file/d80b7040b773199015de6d3b4293c8ff-Paper.pdf HTTP/1.1" 200 2263617
2025-02-10 00:26:22,165 - DEBUG - 텍스트 추출 및 저장 완료: texts/Gnnexplainer Generating explanations for graph neural networks_1514.txt
2025-02-10 00:26:22,166 - DEBUG - Starting new HTTPS connection (1): proceedings.neurips.cc:443
2025-02-10 00:26:22,786 - DEBUG - https://proceedings.neurips.cc:443 "GET /paper_files/paper/2022/file/092359ce5cf60a80e882378944bf1be4-Paper-Conference.pdf HTTP/1.1" 200 2104930
2025-02-10 00:26:29,327 - DEBUG - 텍스트 추출 및 저장 완료: texts/Revisiting heterophily for graph neural networks_1515.txt
2025-02-10 00:26:29,329 - DEBUG - Starting new HTTPS connection (1): ojs.aaai.org:443
2025-02-10 00:26:29,977 - DEBUG - https://ojs.aaai.org:443 "GET /index.php/AAAI/article/download/17332/17139 HTTP/1.1" 403 252
2025-02-10 00:26:29,978 - DEBUG - Error: HTTP 응답 코드 403 - texts/Graph neural networks with heterophily_1516.txt
2025-02-10 00:26:29,979 - DEBUG - Starting new HTTPS connection (1): dl.acm.org:443
2025-02-10 00:26:30,328 - DEBUG - https://dl.acm.org:443 "GET /doi/pdf/10.1145/3292500.3330961 HTTP/1.1" 302 0
2025-02-10 00:26:30,388 - DEBUG - https://dl.acm.org:443 "GET /doi/pdf/10.1145/3292500.3330961?cookieSet=1 HTTP/1.1" 302 0
2025-02-10 00:26:30,747 - DEBUG - https://dl.acm.org:443 "GET /doi/pdf/10.1145/3292500.3330961 HTTP/1.1" 200 None
2025-02-10 00:26:32,007 - DEBUG - 텍스트 추출 및 저장 완료: texts/Heterogeneous graph neural network_1517.txt
2025-02-10 00:26:32,009 - DEBUG - Starting new HTTPS connection (1): proceedings.neurips.cc:443
2025-02-10 00:26:32,653 - DEBUG - https://proceedings.neurips.cc:443 "GET /paper/2021/file/8462a7c229aea03dde69da754c3bbcc4-Paper.pdf HTTP/1.1" 200 478935
2025-02-10 00:26:33,621 - DEBUG - 텍스트 추출 및 저장 완료: texts/Nested graph neural networks_1518.txt
2025-02-10 00:26:33,622 - DEBUG - Starting new HTTPS connection (1): www.nature.com:443
2025-02-10 00:26:33,989 - DEBUG - https://www.nature.com:443 "GET /articles/s43246-022-00315-6.pdf HTTP/1.1" 303 150
2025-02-10 00:26:33,992 - DEBUG - Starting new HTTPS connection (1): idp.nature.com:443
2025-02-10 00:26:34,359 - DEBUG - https://idp.nature.com:443 "GET /authorize?response_type=cookie&client_id=grover&redirect_uri=https%3A%2F%2Fwww.nature.com%2Farticles%2Fs43246-022-00315-6.pdf HTTP/1.1" 302 0
2025-02-10 00:26:34,630 - DEBUG - https://idp.nature.com:443 "GET /transit?redirect_uri=https%3A%2F%2Fwww.nature.com%2Farticles%2Fs43246-022-00315-6.pdf&code=ccb74293-dad1-46de-ae41-19ea05ef4c59 HTTP/1.1" 302 0
2025-02-10 00:26:35,384 - DEBUG - https://www.nature.com:443 "GET /articles/s43246-022-00315-6.pdf HTTP/1.1" 200 1731364
2025-02-10 00:26:37,765 - DEBUG - 텍스트 추출 및 저장 완료: texts/Graph neural networks for materials science and chemistry_1519.txt
2025-02-10 00:26:37,767 - DEBUG - Starting new HTTPS connection (1): proceedings.mlr.press:443
2025-02-10 00:26:38,856 - DEBUG - https://proceedings.mlr.press:443 "GET /v162/wang22am/wang22am.pdf HTTP/1.1" 200 679921
2025-02-10 00:26:39,458 - DEBUG - 텍스트 추출 및 저장 완료: texts/How powerful are spectral graph neural networks_1520.txt
2025-02-10 00:26:39,460 - DEBUG - Starting new HTTPS connection (1): arxiv.org:443
2025-02-10 00:26:40,947 - DEBUG - https://arxiv.org:443 "GET /pdf/1902.08730 HTTP/1.1" 200 3647844
2025-02-10 00:26:43,589 - DEBUG - 텍스트 추출 및 저장 완료: texts/Aligraph A comprehensive graph neural network platform_1521.txt
2025-02-10 00:26:43,591 - DEBUG - Starting new HTTP connection (1): proceedings.mlr.press:80
2025-02-10 00:26:44,136 - DEBUG - http://proceedings.mlr.press:80 "GET /v139/li21o/li21o.pdf HTTP/1.1" 200 4263477
2025-02-10 00:26:45,335 - DEBUG - 텍스트 추출 및 저장 완료: texts/Training graph neural networks with 1000 layers_1522.txt
2025-02-10 00:26:45,336 - DEBUG - Starting new HTTPS connection (1): arxiv.org:443
2025-02-10 00:26:45,370 - DEBUG - https://arxiv.org:443 "GET /pdf/1902.07243 HTTP/1.1" 200 1340889
2025-02-10 00:26:46,098 - DEBUG - 텍스트 추출 및 저장 완료: texts/Graph neural networks for social recommendation_1523.txt
2025-02-10 00:26:46,100 - DEBUG - Starting new HTTPS connection (1): arxiv.org:443
2025-02-10 00:26:46,459 - DEBUG - https://arxiv.org:443 "GET /pdf/2012.15445.pdf?trk=public_post_comment-text HTTP/1.1" 301 249
2025-02-10 00:26:46,461 - DEBUG - Starting new HTTP connection (1): arxiv.org:80
2025-02-10 00:26:47,713 - DEBUG - http://arxiv.org:80 "GET /pdf/2012.15445 HTTP/1.1" 200 9433939
2025-02-10 00:26:57,497 - DEBUG - 텍스트 추출 및 저장 완료: texts/Explainability in graph neural networks A taxonomic survey_1524.txt
2025-02-10 00:26:57,500 - DEBUG - Starting new HTTPS connection (1): arxiv.org:443
2025-02-10 00:26:58,039 - DEBUG - https://arxiv.org:443 "GET /pdf/2009.11848 HTTP/1.1" 200 5298535
2025-02-10 00:27:03,248 - DEBUG - 텍스트 추출 및 저장 완료: texts/How neural networks extrapolate From feedforward to graph neural networks_1525.txt
2025-02-10 00:27:03,250 - DEBUG - Starting new HTTPS connection (1): iopscience.iop.org:443
2025-02-10 00:27:04,163 - DEBUG - https://iopscience.iop.org:443 "GET /article/10.1088/2632-2153/abbf9a/pdf HTTP/1.1" 302 None
2025-02-10 00:27:04,170 - DEBUG - Starting new HTTPS connection (1): validate.perfdrive.com:443
2025-02-10 00:27:04,852 - DEBUG - https://validate.perfdrive.com:443 "GET /9730847aceed30627ebd520e46ee70b2/?ssa=4a135b9d-ed6a-4bbb-b8a5-a6eba3cb04df&ssb=50497262230&ssc=https%3A%2F%2Fiopscience.iop.org%2Farticle%2F10.1088%2F2632-2153%2Fabbf9a%2Fpdf&ssi=5f4eb3c8-cnvj-41e8-ad61-0cb509154c86&ssk=botmanager_support@radware.com&ssm=57320065120318476102420294418927&ssn=6da3d7f68f55794972bbcf695bbd03e7ad7bba907b16-7699-4efb-89d7bb&sso=b8ca6d62-0e0ac401b65062536cda485695305e17d86d4a4526c72ba4&ssp=41850126031739124052173916236923078&ssq=90306611482383393786914823040498882898410&ssr=MjIwLjY1LjI0MC4yMTY=&sst=python-requests/2.32.3&ssu=&ssv=&ssw=&ssx=eyJfX3V6bWYiOiI3ZjYwMDA0MDc2M2YyMy04M2U1LTRkNzEtYWNlYS0zOWIzMDE0MzhiMGQxNzM5MTE0ODI0MDAxMC1jNzQ4MjBlZjEyZWU4NjllMTAiLCJ1em14IjoiN2Y5MDAwNjI4ZWQzMjItOWVlMy00NmMzLWIzNTMtMmJhZTkxZWJjNTIyMS0xNzM5MTE0ODI0MDAxMC1lZDNmMGEzYjA4NWJlMzYzMTAiLCJyZCI6ImlvcC5vcmcifQ== HTTP/1.1" 200 5342
2025-02-10 00:27:04,854 - DEBUG - PDF 파일 읽기 오류: EOF marker not found
2025-02-10 00:27:04,856 - DEBUG - Starting new HTTPS connection (1): www.aitskadapa.ac.in:443
2025-02-10 00:27:05,569 - DEBUG - https://www.aitskadapa.ac.in:443 "GET /e-books/AI&ML/MACHINE%20LEARNING/Machine%20Learning%20and%20AI%20for%20Healthcare_%20Big%20Data%20for%20Improved%20Health%20Outcomes%20(%20PDFDrive%20).pdf HTTP/1.1" 200 4643741
2025-02-10 00:27:09,687 - DEBUG - 텍스트 추출 및 저장 완료: texts/Machine learning and AI for healthcare_1527.txt
2025-02-10 00:27:09,689 - DEBUG - Starting new HTTPS connection (1): link.springer.com:443
2025-02-10 00:27:10,007 - DEBUG - https://link.springer.com:443 "GET /content/pdf/10.1186/s12911-020-01332-6.pdf HTTP/1.1" 303 0
2025-02-10 00:27:10,012 - DEBUG - Starting new HTTPS connection (1): idp.springer.com:443
2025-02-10 00:27:10,510 - DEBUG - https://idp.springer.com:443 "GET /authorize?response_type=cookie&client_id=springerlink&redirect_uri=https%3A%2F%2Flink.springer.com%2Fcontent%2Fpdf%2F10.1186%2Fs12911-020-01332-6.pdf HTTP/1.1" 302 0
2025-02-10 00:27:10,916 - DEBUG - https://link.springer.com:443 "GET /content/pdf/10.1186/s12911-020-01332-6.pdf HTTP/1.1" 200 726721
2025-02-10 00:27:12,312 - DEBUG - 텍스트 추출 및 저장 완료: texts/Explainability for artificial intelligence in healthcare a multidisciplinary perspective_1528.txt
2025-02-10 00:27:12,314 - DEBUG - Starting new HTTPS connection (1): link.springer.com:443
2025-02-10 00:27:12,656 - DEBUG - https://link.springer.com:443 "GET /content/pdf/10.1186/s12911-021-01488-9.pdf HTTP/1.1" 303 0
2025-02-10 00:27:12,661 - DEBUG - Starting new HTTPS connection (1): idp.springer.com:443
2025-02-10 00:27:13,066 - DEBUG - https://idp.springer.com:443 "GET /authorize?response_type=cookie&client_id=springerlink&redirect_uri=https%3A%2F%2Flink.springer.com%2Fcontent%2Fpdf%2F10.1186%2Fs12911-021-01488-9.pdf HTTP/1.1" 302 0
2025-02-10 00:27:13,763 - DEBUG - https://link.springer.com:443 "GET /content/pdf/10.1186/s12911-021-01488-9.pdf HTTP/1.1" 400 220
2025-02-10 00:27:13,765 - DEBUG - Error: HTTP 응답 코드 400 - texts/The role of artificial intelligence in healthcare a structured literature review_1529.txt
2025-02-10 00:27:13,769 - DEBUG - Starting new HTTPS connection (1): journals.sagepub.com:443
2025-02-10 00:27:14,090 - DEBUG - https://journals.sagepub.com:443 "GET /doi/pdf/10.1177/0141076818815510 HTTP/1.1" 403 None
2025-02-10 00:27:14,093 - DEBUG - Error: HTTP 응답 코드 403 - texts/Artificial intelligence-enabled healthcare delivery_1530.txt
2025-02-10 00:27:14,096 - DEBUG - Starting new HTTPS connection (1): academic.oup.com:443
2025-02-10 00:27:14,313 - DEBUG - https://academic.oup.com:443 "GET /bmb/advance-article-pdf/doi/10.1093/bmb/ldab016/40343944/ldab016.pdf HTTP/1.1" 403 None
2025-02-10 00:27:14,316 - DEBUG - Error: HTTP 응답 코드 403 - texts/The promise of artificial intelligence a review of the opportunities and challenges of artificial intelligence in healthcare_1531.txt
2025-02-10 00:27:14,319 - DEBUG - Starting new HTTPS connection (1): www.nature.com:443
2025-02-10 00:27:14,763 - DEBUG - https://www.nature.com:443 "GET /articles/s41746-021-00509-1.pdf HTTP/1.1" 303 150
2025-02-10 00:27:14,766 - DEBUG - Starting new HTTPS connection (1): idp.nature.com:443
2025-02-10 00:27:15,113 - DEBUG - https://idp.nature.com:443 "GET /authorize?response_type=cookie&client_id=grover&redirect_uri=https%3A%2F%2Fwww.nature.com%2Farticles%2Fs41746-021-00509-1.pdf HTTP/1.1" 302 0
2025-02-10 00:27:15,529 - DEBUG - https://idp.nature.com:443 "GET /transit?redirect_uri=https%3A%2F%2Fwww.nature.com%2Farticles%2Fs41746-021-00509-1.pdf&code=e2e0435f-9ccd-4c7e-af96-7220000c6323 HTTP/1.1" 302 0
2025-02-10 00:27:16,305 - DEBUG - https://www.nature.com:443 "GET /articles/s41746-021-00509-1.pdf HTTP/1.1" 200 618908
2025-02-10 00:27:18,383 - DEBUG - 텍스트 추출 및 저장 완료: texts/Patient apprehensions about the use of artificial intelligence in healthcare_1532.txt
2025-02-10 00:27:18,385 - DEBUG - Starting new HTTPS connection (1): papers.ssrn.com:443
2025-02-10 00:27:19,966 - DEBUG - https://papers.ssrn.com:443 "GET /sol3/Delivery.cfm?abstractid=4393347 HTTP/1.1" 302 None
2025-02-10 00:27:20,031 - DEBUG - https://papers.ssrn.com:443 "GET /sol3/papers.cfm?abstract_id=4393347 HTTP/1.1" 429 8462
2025-02-10 00:27:20,034 - DEBUG - Error: HTTP 응답 코드 429 - texts/Application of artificial intelligence in healthcare chances and challenges_1533.txt
2025-02-10 00:27:20,039 - DEBUG - Starting new HTTPS connection (1): www.frontiersin.org:443
2025-02-10 00:27:21,018 - DEBUG - https://www.frontiersin.org:443 "GET /journals/surgery/articles/10.3389/fsurg.2022.862322/pdf HTTP/1.1" 200 397943
2025-02-10 00:27:22,145 - DEBUG - 텍스트 추출 및 저장 완료: texts/Legal and ethical consideration in artificial intelligence in healthcare who takes responsibility_1534.txt
2025-02-10 00:27:22,147 - DEBUG - Starting new HTTPS connection (1): onlinelibrary.wiley.com:443
2025-02-10 00:27:22,383 - DEBUG - https://onlinelibrary.wiley.com:443 "GET /doi/pdfdirect/10.1111/ejed.12533 HTTP/1.1" 403 None
2025-02-10 00:27:22,386 - DEBUG - Error: HTTP 응답 코드 403 - texts/State of the art and practice in AI in education_1535.txt
2025-02-10 00:27:22,389 - DEBUG - Starting new HTTPS connection (1): onlinelibrary.wiley.com:443
2025-02-10 00:27:22,440 - DEBUG - https://onlinelibrary.wiley.com:443 "GET /doi/pdf/10.1155/2021/8812542 HTTP/1.1" 403 None
2025-02-10 00:27:22,442 - DEBUG - Error: HTTP 응답 코드 403 - texts/A Review of Artificial Intelligence (AI) in Education from 2010 to 2020_1536.txt
2025-02-10 00:27:22,444 - DEBUG - Starting new HTTPS connection (1): ieeexplore.ieee.org:443
2025-02-10 00:27:23,760 - DEBUG - https://ieeexplore.ieee.org:443 "GET /iel7/6287639/6514899/09069875.pdf HTTP/1.1" 418 245
2025-02-10 00:27:23,761 - DEBUG - Error: HTTP 응답 코드 418 - texts/Artificial intelligence in education A review_1537.txt
2025-02-10 00:27:23,764 - DEBUG - Starting new HTTPS connection (1): discovery.ucl.ac.uk:443
2025-02-10 00:27:26,396 - DEBUG - https://discovery.ucl.ac.uk:443 "GET /id/eprint/10130180/1/Miao%20and%20Holmes%20-%202021%20-%20AI%20and%20education%20guidance%20for%20policy-makers.pdf HTTP/1.1" 200 1431129
2025-02-10 00:27:34,071 - DEBUG - 텍스트 추출 및 저장 완료: texts/AI and education A guidance for policymakers_1538.txt
2025-02-10 00:27:34,073 - DEBUG - Starting new HTTPS connection (1): www.tandfonline.com:443
2025-02-10 00:27:34,217 - DEBUG - https://www.tandfonline.com:443 "GET /doi/pdf/10.1080/17439884.2020.1798995 HTTP/1.1" 403 None
2025-02-10 00:27:34,222 - DEBUG - Error: HTTP 응답 코드 403 - texts/Historical threads, missing links, and future directions in AI in education_1539.txt
2025-02-10 00:27:34,224 - DEBUG - Starting new HTTP connection (1): repositorio.minedu.gob.pe:80
2025-02-10 00:27:35,940 - DEBUG - http://repositorio.minedu.gob.pe:80 "GET /bitstream/handle/20.500.12799/6533/Artificial%20intelligence%20in%20education%20challenges%20and%20opportunities%20for%20sustainable%20development.pdf HTTP/1.1" 200 982573
2025-02-10 00:27:38,364 - DEBUG - 텍스트 추출 및 저장 완료: texts/Artificial intelligence in education Challenges and opportunities for sustainable development_1540.txt
2025-02-10 00:27:38,366 - DEBUG - Starting new HTTPS connection (1): link.springer.com:443
2025-02-10 00:27:38,952 - DEBUG - https://link.springer.com:443 "GET /content/pdf/10.1186/s41239-023-00408-3.pdf HTTP/1.1" 303 0
2025-02-10 00:27:38,955 - DEBUG - Starting new HTTPS connection (1): idp.springer.com:443
2025-02-10 00:27:39,259 - DEBUG - https://idp.springer.com:443 "GET /authorize?response_type=cookie&client_id=springerlink&redirect_uri=https%3A%2F%2Flink.springer.com%2Fcontent%2Fpdf%2F10.1186%2Fs41239-023-00408-3.pdf HTTP/1.1" 302 0
2025-02-10 00:27:39,935 - DEBUG - https://link.springer.com:443 "GET /content/pdf/10.1186/s41239-023-00408-3.pdf HTTP/1.1" 200 1327978
2025-02-10 00:27:44,446 - DEBUG - 텍스트 추출 및 저장 완료: texts/A comprehensive AI policy education framework for university teaching and learning_1541.txt
2025-02-10 00:27:44,448 - DEBUG - Starting new HTTPS connection (1): arxiv.org:443
2025-02-10 00:27:45,512 - DEBUG - https://arxiv.org:443 "GET /pdf/2301.01602 HTTP/1.1" 200 345171
2025-02-10 00:27:45,937 - DEBUG - 텍스트 추출 및 저장 완료: texts/Unpacking the “Black Box” of AI in education_1542.txt
2025-02-10 00:27:45,939 - DEBUG - Starting new HTTPS connection (1): osf.io:443
2025-02-10 00:27:46,941 - DEBUG - https://osf.io:443 "GET /preprints/socarxiv/48t7e/download HTTP/1.1" 302 445
2025-02-10 00:27:46,944 - DEBUG - Starting new HTTPS connection (1): files.osf.io:443
2025-02-10 00:27:48,881 - DEBUG - https://files.osf.io:443 "GET /v1/resources/48t7e_v1/providers/osfstorage/5dca33588f0e5e000cd2af68?action=download&direct&version=1 HTTP/1.1" 200 1166736
2025-02-10 00:27:50,526 - DEBUG - 텍스트 추출 및 저장 완료: texts/Deep learning goes to school Toward a relational understanding of AI in education_1543.txt
2025-02-10 00:27:50,527 - DEBUG - Starting new HTTPS connection (1): link.springer.com:443
2025-02-10 00:27:50,846 - DEBUG - https://link.springer.com:443 "GET /content/pdf/10.1007/s40593-021-00239-1.pdf HTTP/1.1" 303 0
2025-02-10 00:27:50,847 - DEBUG - Starting new HTTPS connection (1): idp.springer.com:443
2025-02-10 00:27:51,167 - DEBUG - https://idp.springer.com:443 "GET /authorize?response_type=cookie&client_id=springerlink&redirect_uri=https%3A%2F%2Flink.springer.com%2Fcontent%2Fpdf%2F10.1007%2Fs40593-021-00239-1.pdf HTTP/1.1" 302 0
2025-02-10 00:27:53,621 - DEBUG - https://link.springer.com:443 "GET /content/pdf/10.1007/s40593-021-00239-1.pdf HTTP/1.1" 200 505204
2025-02-10 00:27:54,530 - DEBUG - 텍스트 추출 및 저장 완료: texts/Ethics of AI in education Towards a community-wide framework_1544.txt
2025-02-10 00:27:54,532 - DEBUG - Starting new HTTPS connection (1): www.oecd.org:443
2025-02-10 00:27:56,163 - DEBUG - https://www.oecd.org:443 "GET /content/dam/oecd/en/publications/reports/2020/04/trustworthy-artificial-intelligence-ai-in-education_f1a7c415/a6c90fa9-en.pdf HTTP/1.1" 200 1078532
2025-02-10 00:27:59,392 - DEBUG - 텍스트 추출 및 저장 완료: texts/Trustworthy artificial intelligence (AI) in education Promises and challenges_1545.txt
2025-02-10 00:27:59,394 - DEBUG - Starting new HTTPS connection (1): www.techrxiv.org:443
2025-02-10 00:27:59,904 - DEBUG - https://www.techrxiv.org:443 "GET /doi/pdf/10.36227/techrxiv.21789434.v1 HTTP/1.1" 403 None
2025-02-10 00:27:59,907 - DEBUG - Error: HTTP 응답 코드 403 - texts/Engineering education in the era of ChatGPT Promise and pitfalls of generative AI for education_1546.txt
2025-02-10 00:27:59,910 - DEBUG - Starting new HTTPS connection (1): journals.sagepub.com:443
2025-02-10 00:28:00,069 - DEBUG - https://journals.sagepub.com:443 "GET /doi/pdf/10.1177/0038038520967888 HTTP/1.1" 403 None
2025-02-10 00:28:00,072 - DEBUG - Error: HTTP 응답 코드 403 - texts/The mobilisation of AI in education A Bourdieusean field analysis_1547.txt
2025-02-10 00:28:00,074 - DEBUG - Starting new HTTPS connection (1): scholars.ln.edu.hk:443
2025-02-10 00:28:00,580 - DEBUG - https://scholars.ln.edu.hk:443 "GET /files/41220986/25_1_03.pdf HTTP/1.1" 403 None
2025-02-10 00:28:00,582 - DEBUG - Error: HTTP 응답 코드 403 - texts/Two decades of artificial intelligence in education_1548.txt
2025-02-10 00:28:00,584 - DEBUG - Starting new HTTPS connection (1): papers.ssrn.com:443
2025-02-10 00:28:02,003 - DEBUG - https://papers.ssrn.com:443 "GET /sol3/Delivery.cfm?abstractid=4073985 HTTP/1.1" 302 None
2025-02-10 00:28:02,078 - DEBUG - https://papers.ssrn.com:443 "GET /sol3/papers.cfm?abstract_id=4073985 HTTP/1.1" 429 8505
2025-02-10 00:28:02,081 - DEBUG - Error: HTTP 응답 코드 429 - texts/Possibilities and apprehensions in the landscape of artificial intelligence in education_1549.txt
2025-02-10 00:28:02,084 - DEBUG - Starting new HTTPS connection (1): papers.ssrn.com:443
2025-02-10 00:28:02,265 - DEBUG - https://papers.ssrn.com:443 "GET /sol3/Delivery.cfm?abstractid=4354422 HTTP/1.1" 429 8401
2025-02-10 00:28:02,269 - DEBUG - Error: HTTP 응답 코드 429 - texts/Open AI in education, the responsible and ethical use of ChatGPT towards lifelong learning_1550.txt
2025-02-10 00:28:02,273 - DEBUG - Starting new HTTPS connection (1): www.linlinliedu.com:443
2025-02-10 00:28:02,758 - DEBUG - https://www.linlinliedu.com:443 "GET /uploads/AIreadiness.pdf HTTP/1.1" 200 1725792
2025-02-10 00:28:04,314 - DEBUG - 텍스트 추출 및 저장 완료: texts/Preparing for AI-enhanced education Conceptualizing and empirically examining teachers' AI readiness_1551.txt
2025-02-10 00:28:04,316 - DEBUG - Starting new HTTPS connection (1): www.mdpi.com:443
2025-02-10 00:28:04,752 - DEBUG - https://www.mdpi.com:443 "GET /2227-7072/8/3/45/pdf HTTP/1.1" 302 None
2025-02-10 00:28:04,757 - DEBUG - Starting new HTTPS connection (1): mdpi-res.com:443
2025-02-10 00:28:05,861 - DEBUG - https://mdpi-res.com:443 "GET /d_attachment/ijfs/ijfs-08-00045/article_deploy/ijfs-08-00045-v2.pdf?version=1596098027 HTTP/1.1" 200 347043
2025-02-10 00:28:06,340 - DEBUG - 텍스트 추출 및 저장 완료: texts/Industry 4.0 in finance the impact of artificial intelligence (ai) on digital financial inclusion_1552.txt
2025-02-10 00:28:06,341 - DEBUG - Starting new HTTPS connection (1): www.preprints.org:443
2025-02-10 00:28:06,977 - DEBUG - https://www.preprints.org:443 "GET /frontend/manuscript/94a2e968515c65b958b23c36a1292c39/download_pub HTTP/1.1" 200 1052559
2025-02-10 00:28:08,843 - DEBUG - 텍스트 추출 및 저장 완료: texts/AI-based financial transaction monitoring and fraud prevention with behaviour prediction_1553.txt
2025-02-10 00:28:08,844 - DEBUG - Starting new HTTPS connection (1): farapaper.com:443
2025-02-10 00:28:10,444 - DEBUG - https://farapaper.com:443 "GET /wp-content/uploads/2023/11/Fardapaper-Applications-of-artificial-intelligence-in-business-management-ecommerce-and-finance.pdf HTTP/1.1" 200 395667
2025-02-10 00:28:12,433 - DEBUG - 텍스트 추출 및 저장 완료: texts/Applications of artificial intelligence in business management, e-commerce and finance_1554.txt
2025-02-10 00:28:12,436 - DEBUG - Starting new HTTPS connection (1): pmc.ncbi.nlm.nih.gov:443
2025-02-10 00:28:12,879 - DEBUG - https://pmc.ncbi.nlm.nih.gov:443 "GET /articles/PMC9366789/pdf/41264_2022_Article_176.pdf HTTP/1.1" 403 134
2025-02-10 00:28:12,881 - DEBUG - Error: HTTP 응답 코드 403 - texts/Utilization of artificial intelligence in the banking sector A systematic literature review_1555.txt
2025-02-10 00:28:12,885 - DEBUG - Starting new HTTPS connection (1): arxiv.org:443
2025-02-10 00:28:13,777 - DEBUG - https://arxiv.org:443 "GET /pdf/1803.06917 HTTP/1.1" 200 1284778
2025-02-10 00:28:15,278 - DEBUG - 텍스트 추출 및 저장 완료: texts/Universal features of price formation in financial markets perspectives from deep learning_1556.txt
2025-02-10 00:28:15,280 - DEBUG - Starting new HTTPS connection (1): www.academia.edu:443
2025-02-10 00:28:15,537 - DEBUG - https://www.academia.edu:443 "GET /download/61518279/2019_IMDS_B-C-F_Artificial_Intelligence_in_FinTech._understanding_robo-advisors_adoption_among20191215-101339-1387kty.pdf HTTP/1.1" 404 16226
2025-02-10 00:28:15,538 - DEBUG - Error: HTTP 응답 코드 404 - texts/Artificial Intelligence in FinTech understanding robo-advisors adoption among customers_1557.txt
2025-02-10 00:28:15,542 - DEBUG - Starting new HTTPS connection (1): www.mdpi.com:443
2025-02-10 00:28:15,996 - DEBUG - https://www.mdpi.com:443 "GET /2071-1050/13/11/5788/pdf HTTP/1.1" 302 None
2025-02-10 00:28:15,998 - DEBUG - Starting new HTTPS connection (1): mdpi-res.com:443
2025-02-10 00:28:17,581 - DEBUG - https://mdpi-res.com:443 "GET /d_attachment/sustainability/sustainability-13-05788/article_deploy/sustainability-13-05788.pdf?version=1621590783 HTTP/1.1" 200 462494
2025-02-10 00:28:18,428 - DEBUG - 텍스트 추출 및 저장 완료: texts/Artificial intelligence in the industry 4.0, and its impact on poverty, innovation, infrastructure development, and the sustainable development goals Lessons from …_1558.txt
2025-02-10 00:28:18,430 - DEBUG - Starting new HTTPS connection (1): www.nber.org:443
2025-02-10 00:28:19,330 - DEBUG - https://www.nber.org:443 "GET /system/files/working_papers/w28800/w28800.pdf HTTP/1.1" 200 582097
2025-02-10 00:28:19,965 - DEBUG - 텍스트 추출 및 저장 완료: texts/From man vs. machine to man+ machine The art and AI of stock analyses_1559.txt
2025-02-10 00:28:19,966 - DEBUG - Starting new HTTPS connection (1): pureportal.coventry.ac.uk:443
2025-02-10 00:28:21,306 - DEBUG - https://pureportal.coventry.ac.uk:443 "GET /files/30597575/Binder3_1_.pdf HTTP/1.1" 403 None
2025-02-10 00:28:21,307 - DEBUG - Error: HTTP 응답 코드 403 - texts/Digital systems and new challenges of financial management–FinTech, XBRL, blockchain and cryptocurrencies_1560.txt
2025-02-10 00:28:21,309 - DEBUG - Starting new HTTPS connection (1): conference-w.com:443
2025-02-10 00:28:24,118 - DEBUG - https://conference-w.com:443 "GET /wp-content/uploads/2024/10/USA.P-0304102024.pdf HTTP/1.1" 403 146
2025-02-10 00:28:24,119 - DEBUG - Error: HTTP 응답 코드 403 - texts/THE FUTURE OF MONEY-EXPLORING AI'S ROLE IN FINANCE AND PAYMENTS_1561.txt
2025-02-10 00:28:24,122 - DEBUG - Starting new HTTPS connection (1): academic.oup.com:443
2025-02-10 00:28:24,282 - DEBUG - https://academic.oup.com:443 "GET /jfr/advance-article-pdf/doi/10.1093/jfr/fjaa010/37064506/fjaa010.pdf HTTP/1.1" 403 None
2025-02-10 00:28:24,285 - DEBUG - Error: HTTP 응답 코드 403 - texts/Decentralized finance_1562.txt
2025-02-10 00:28:24,289 - DEBUG - Starting new HTTPS connection (1): library.oapen.org:443
2025-02-10 00:28:25,399 - DEBUG - https://library.oapen.org:443 "GET /bitstream/handle/20.500.12657/23126/1007030.pdf?sequence=1 HTTP/1.1" 200 2644165
2025-02-10 00:28:30,261 - DEBUG - 텍스트 추출 및 저장 완료: texts/Machine learning and AI for risk management_1563.txt
2025-02-10 00:28:30,263 - DEBUG - Starting new HTTPS connection (1): papers.ssrn.com:443
2025-02-10 00:28:32,218 - DEBUG - https://papers.ssrn.com:443 "GET /sol3/Delivery.cfm?abstractid=4323317 HTTP/1.1" 302 None
2025-02-10 00:28:32,282 - DEBUG - https://papers.ssrn.com:443 "GET /sol3/papers.cfm?abstract_id=4323317 HTTP/1.1" 429 8483
2025-02-10 00:28:32,284 - DEBUG - Error: HTTP 응답 코드 429 - texts/The impact and limitations of artificial intelligence in cybersecurity a literature review_1564.txt
2025-02-10 00:28:32,287 - DEBUG - Starting new HTTPS connection (1): www.preprints.org:443
2025-02-10 00:28:32,737 - DEBUG - https://www.preprints.org:443 "GET /manuscript/202101.0457/download/final_file HTTP/1.1" 302 510
2025-02-10 00:28:33,080 - DEBUG - https://www.preprints.org:443 "GET /frontend/manuscript/6a99f4534b893915386a85d2a032e3e6/download_pub HTTP/1.1" 200 2942314
2025-02-10 00:28:36,263 - DEBUG - 텍스트 추출 및 저장 완료: texts/Ai-driven cybersecurity an overview, security intelligence modeling and research directions_1565.txt
2025-02-10 00:28:36,265 - DEBUG - Starting new HTTPS connection (1): ojs.boulibrary.com:443
2025-02-10 00:28:37,801 - DEBUG - request중 오류 발생
2025-02-10 00:28:37,807 - DEBUG - Starting new HTTPS connection (1): ieeexplore.ieee.org:443
2025-02-10 00:28:38,038 - DEBUG - https://ieeexplore.ieee.org:443 "GET /iel7/6287639/6514899/09152956.pdf HTTP/1.1" 418 245
2025-02-10 00:28:38,039 - DEBUG - Error: HTTP 응답 코드 418 - texts/Artificial intelligence for cybersecurity a systematic mapping of literature_1567.txt
2025-02-10 00:28:38,043 - DEBUG - Starting new HTTPS connection (1): papers.ssrn.com:443
2025-02-10 00:28:38,228 - DEBUG - https://papers.ssrn.com:443 "GET /sol3/Delivery.cfm?abstractid=4619204 HTTP/1.1" 429 8401
2025-02-10 00:28:38,235 - DEBUG - Error: HTTP 응답 코드 429 - texts/Advantages, disadvantages and risks associated with chatgpt and ai on cybersecurity_1568.txt
2025-02-10 00:28:38,238 - DEBUG - Starting new HTTPS connection (1): papers.ssrn.com:443
2025-02-10 00:28:38,414 - DEBUG - https://papers.ssrn.com:443 "GET /sol3/Delivery.cfm?abstractid=3831285 HTTP/1.1" 429 8401
2025-02-10 00:28:38,422 - DEBUG - Error: HTTP 응답 코드 429 - texts/Trusting artificial intelligence in cybersecurity is a double-edged sword_1569.txt
2025-02-10 00:28:38,426 - DEBUG - Starting new HTTPS connection (1): ieeexplore.ieee.org:443
2025-02-10 00:28:38,639 - DEBUG - https://ieeexplore.ieee.org:443 "GET /iel7/6287639/10005208/10198233.pdf HTTP/1.1" 418 245
2025-02-10 00:28:38,641 - DEBUG - Error: HTTP 응답 코드 418 - texts/From chatgpt to threatgpt Impact of generative ai in cybersecurity and privacy_1570.txt
2025-02-10 00:28:38,646 - DEBUG - Starting new HTTPS connection (1): link.springer.com:443
2025-02-10 00:28:38,970 - DEBUG - https://link.springer.com:443 "GET /content/pdf/10.1186/s40537-024-00957-y.pdf HTTP/1.1" 303 0
2025-02-10 00:28:38,975 - DEBUG - Starting new HTTPS connection (1): idp.springer.com:443
2025-02-10 00:28:39,397 - DEBUG - https://idp.springer.com:443 "GET /authorize?response_type=cookie&client_id=springerlink&redirect_uri=https%3A%2F%2Flink.springer.com%2Fcontent%2Fpdf%2F10.1186%2Fs40537-024-00957-y.pdf HTTP/1.1" 302 0
2025-02-10 00:28:40,315 - DEBUG - https://link.springer.com:443 "GET /content/pdf/10.1186/s40537-024-00957-y.pdf HTTP/1.1" 200 2359390
2025-02-10 00:28:43,284 - DEBUG - 텍스트 추출 및 저장 완료: texts/Advancing cybersecurity a comprehensive review of AI-driven detection techniques_1571.txt
2025-02-10 00:28:43,286 - DEBUG - Starting new HTTPS connection (1): ieeexplore.ieee.org:443
2025-02-10 00:28:43,655 - DEBUG - https://ieeexplore.ieee.org:443 "GET /iel7/6287639/9668973/09877919.pdf HTTP/1.1" 418 245
2025-02-10 00:28:43,657 - DEBUG - Error: HTTP 응답 코드 418 - texts/Explainable artificial intelligence in cybersecurity A survey_1572.txt
2025-02-10 00:28:43,662 - DEBUG - Starting new HTTPS connection (1): papers.ssrn.com:443
2025-02-10 00:28:45,435 - DEBUG - https://papers.ssrn.com:443 "GET /sol3/Delivery.cfm?abstractid=3624487 HTTP/1.1" 302 None
2025-02-10 00:28:45,491 - DEBUG - https://papers.ssrn.com:443 "GET /sol3/papers.cfm?abstract_id=3624487 HTTP/1.1" 429 8505
2025-02-10 00:28:45,493 - DEBUG - Error: HTTP 응답 코드 429 - texts/Challenges and Solution for Artificial Intelligence in Cybersecurity of the USA_1573.txt
2025-02-10 00:28:45,498 - DEBUG - Starting new HTTPS connection (1): www.researchgate.net:443
2025-02-10 00:28:45,676 - DEBUG - https://www.researchgate.net:443 "GET /profile/Srinivasan-Rajendran/publication/342638144_Book_Series_springerfeb_2020/links/5efde532458515505084b739/Book-Series-springerfeb-2020.pdf HTTP/1.1" 403 None
2025-02-10 00:28:45,679 - DEBUG - Error: HTTP 응답 코드 403 - texts/Artificial intelligence and cybersecurity Past, presence, and future_1574.txt
2025-02-10 00:28:45,683 - DEBUG - Starting new HTTPS connection (1): www.academia.edu:443
2025-02-10 00:28:45,948 - DEBUG - https://www.academia.edu:443 "GET /download/104950055/viewcontent.pdf HTTP/1.1" 404 16226
2025-02-10 00:28:45,951 - DEBUG - Error: HTTP 응답 코드 404 - texts/The benefits of artificial intelligence in cybersecurity_1575.txt
2025-02-10 00:28:45,955 - DEBUG - Starting new HTTPS connection (1): link.springer.com:443
2025-02-10 00:28:46,348 - DEBUG - https://link.springer.com:443 "GET /content/pdf/10.1057/s42984-020-00007-w.pdf HTTP/1.1" 303 0
2025-02-10 00:28:46,352 - DEBUG - Starting new HTTPS connection (1): idp.springer.com:443
2025-02-10 00:28:46,819 - DEBUG - https://idp.springer.com:443 "GET /authorize?response_type=cookie&client_id=springerlink&redirect_uri=https%3A%2F%2Flink.springer.com%2Fcontent%2Fpdf%2F10.1057%2Fs42984-020-00007-w.pdf HTTP/1.1" 302 0
2025-02-10 00:28:49,206 - DEBUG - https://link.springer.com:443 "GET /content/pdf/10.1057/s42984-020-00007-w.pdf HTTP/1.1" 200 539947
2025-02-10 00:28:49,850 - DEBUG - 텍스트 추출 및 저장 완료: texts/Knowledge in the grey zone AI and cybersecurity_1576.txt
2025-02-10 00:28:49,852 - DEBUG - Starting new HTTPS connection (1): link.springer.com:443
2025-02-10 00:28:50,190 - DEBUG - https://link.springer.com:443 "GET /content/pdf/10.1007/s12243-022-00926-7.pdf HTTP/1.1" 303 0
2025-02-10 00:28:50,194 - DEBUG - Starting new HTTPS connection (1): idp.springer.com:443
2025-02-10 00:28:50,523 - DEBUG - https://idp.springer.com:443 "GET /authorize?response_type=cookie&client_id=springerlink&redirect_uri=https%3A%2F%2Flink.springer.com%2Fcontent%2Fpdf%2F10.1007%2Fs12243-022-00926-7.pdf HTTP/1.1" 302 0
2025-02-10 00:28:51,199 - DEBUG - https://link.springer.com:443 "GET /content/pdf/10.1007/s12243-022-00926-7.pdf HTTP/1.1" 200 1586567
2025-02-10 00:29:01,755 - DEBUG - 텍스트 추출 및 저장 완료: texts/Explainable artificial intelligence for cybersecurity a literature survey_1577.txt
2025-02-10 00:29:01,758 - DEBUG - Starting new HTTPS connection (1): papers.ssrn.com:443
2025-02-10 00:29:05,147 - DEBUG - https://papers.ssrn.com:443 "GET /sol3/Delivery.cfm?abstractid=4323258 HTTP/1.1" 302 None
2025-02-10 00:29:05,210 - DEBUG - https://papers.ssrn.com:443 "GET /sol3/papers.cfm?abstract_id=4323258 HTTP/1.1" 429 8505
2025-02-10 00:29:05,213 - DEBUG - Error: HTTP 응답 코드 429 - texts/Threats and opportunities with AI-based cyber security intrusion detection a review_1578.txt
2025-02-10 00:29:05,217 - DEBUG - Starting new HTTPS connection (1): www.tandfonline.com:443
2025-02-10 00:29:05,365 - DEBUG - https://www.tandfonline.com:443 "GET /doi/pdf/10.1080/08839514.2022.2037254 HTTP/1.1" 403 None
2025-02-10 00:29:05,368 - DEBUG - Error: HTTP 응답 코드 403 - texts/The emerging threat of ai-driven cyber attacks A review_1579.txt
2025-02-10 00:29:05,371 - DEBUG - Starting new HTTPS connection (1): www.academia.edu:443
2025-02-10 00:29:05,609 - DEBUG - https://www.academia.edu:443 "GET /download/87293333/j.cities.2019.01.03220220610-1-fwr47d.pdf HTTP/1.1" 404 16226
2025-02-10 00:29:05,612 - DEBUG - Error: HTTP 응답 코드 404 - texts/On big data, artificial intelligence and smart cities_1580.txt
2025-02-10 00:29:05,616 - DEBUG - Starting new HTTPS connection (1): ieeexplore.ieee.org:443
2025-02-10 00:29:05,842 - DEBUG - https://ieeexplore.ieee.org:443 "GET /iel7/6287639/6514899/09141265.pdf HTTP/1.1" 418 245
2025-02-10 00:29:05,844 - DEBUG - Error: HTTP 응답 코드 418 - texts/Artificial intelligence (AI) and big data for coronavirus (COVID-19) pandemic a survey on the state-of-the-arts_1581.txt
2025-02-10 00:29:05,847 - DEBUG - Starting new HTTPS connection (1): www.mdpi.com:443
2025-02-10 00:29:06,315 - DEBUG - https://www.mdpi.com:443 "GET /1660-4601/17/9/3176/pdf HTTP/1.1" 302 None
2025-02-10 00:29:06,319 - DEBUG - Starting new HTTPS connection (1): mdpi-res.com:443
2025-02-10 00:29:07,350 - DEBUG - https://mdpi-res.com:443 "GET /d_attachment/ijerph/ijerph-17-03176/article_deploy/ijerph-17-03176-v2.pdf?version=1588862508 HTTP/1.1" 200 310210
2025-02-10 00:29:07,815 - DEBUG - 텍스트 추출 및 저장 완료: texts/How big data and artificial intelligence can help better manage the COVID-19 pandemic_1582.txt
2025-02-10 00:29:07,817 - DEBUG - Starting new HTTPS connection (1): arxiv.org:443
2025-02-10 00:29:08,885 - DEBUG - https://arxiv.org:443 "GET /pdf/1906.00553 HTTP/1.1" 200 356614
2025-02-10 00:29:09,278 - DEBUG - 텍스트 추출 및 저장 완료: texts/Artificial intelligence and big data in entrepreneurship a new era has begun_1583.txt
2025-02-10 00:29:09,279 - DEBUG - Starting new HTTPS connection (1): link.springer.com:443
2025-02-10 00:29:09,608 - DEBUG - https://link.springer.com:443 "GET /content/pdf/10.1007/s11036-021-01777-7.pdf HTTP/1.1" 303 0
2025-02-10 00:29:09,612 - DEBUG - Starting new HTTPS connection (1): idp.springer.com:443
2025-02-10 00:29:09,906 - DEBUG - https://idp.springer.com:443 "GET /authorize?response_type=cookie&client_id=springerlink&redirect_uri=https%3A%2F%2Flink.springer.com%2Fcontent%2Fpdf%2F10.1007%2Fs11036-021-01777-7.pdf HTTP/1.1" 302 0
2025-02-10 00:29:11,917 - DEBUG - https://link.springer.com:443 "GET /content/pdf/10.1007/s11036-021-01777-7.pdf HTTP/1.1" 200 206121
2025-02-10 00:29:12,972 - DEBUG - 텍스트 추출 및 저장 완료: texts/An introduction to key technology in artificial intelligence and big data driven e-learning and e-education_1584.txt
2025-02-10 00:29:12,974 - DEBUG - Starting new HTTPS connection (1): journals.sagepub.com:443
2025-02-10 00:29:13,184 - DEBUG - https://journals.sagepub.com:443 "GET /doi/pdf/10.1177/0952076718780537 HTTP/1.1" 403 None
2025-02-10 00:29:13,186 - DEBUG - Error: HTTP 응답 코드 403 - texts/Big Data and AI–A transformational shift for government So, what next for research_1585.txt
2025-02-10 00:29:13,187 - DEBUG - Starting new HTTPS connection (1): ieeexplore.ieee.org:443
2025-02-10 00:29:13,397 - DEBUG - https://ieeexplore.ieee.org:443 "GET /iel7/6287639/6514899/09505674.pdf HTTP/1.1" 418 245
2025-02-10 00:29:13,399 - DEBUG - Error: HTTP 응답 코드 418 - texts/Big data and ai revolution in precision agriculture Survey and challenges_1586.txt
2025-02-10 00:29:13,404 - DEBUG - Starting new HTTPS connection (1): onlinelibrary.wiley.com:443
2025-02-10 00:29:13,442 - DEBUG - https://onlinelibrary.wiley.com:443 "GET /doi/pdf/10.1155/2020/8894694 HTTP/1.1" 403 None
2025-02-10 00:29:13,445 - DEBUG - Error: HTTP 응답 코드 403 - texts/Applications of artificial intelligence and big data analytics in m‐health A healthcare system perspective_1587.txt
2025-02-10 00:29:13,447 - DEBUG - Starting new HTTPS connection (1): onlinelibrary.wiley.com:443
2025-02-10 00:29:13,503 - DEBUG - https://onlinelibrary.wiley.com:443 "GET /doi/pdfdirect/10.1002/hbe2.140 HTTP/1.1" 403 None
2025-02-10 00:29:13,505 - DEBUG - Error: HTTP 응답 코드 403 - texts/Digital inequalities in the age of artificial intelligence and big data_1588.txt
2025-02-10 00:29:13,508 - DEBUG - Starting new HTTPS connection (1): uobrep.openrepository.com:443
2025-02-10 00:29:15,700 - DEBUG - https://uobrep.openrepository.com:443 "GET /bitstream/handle/10547/623124/Artificial%20Intelligence%20in%20the%20era%20of%20Big%20Data%20revised%20final%20%281%29.pdf?sequence=2&isAllowed=n HTTP/1.1" 200 427424
2025-02-10 00:29:18,175 - DEBUG - 텍스트 추출 및 저장 완료: texts/Artificial intelligence for decision making in the era of Big Data–evolution, challenges and research agenda_1589.txt
2025-02-10 00:29:18,177 - DEBUG - Starting new HTTPS connection (1): www.researchgate.net:443
2025-02-10 00:29:18,406 - DEBUG - https://www.researchgate.net:443 "GET /profile/Jasmin-Bharadiya-4/publication/371988416_A_Comparative_Study_of_Business_Intelligence_and_Artificial_Intelligence_with_Big_Data_Analytics/links/64b58091b9ed6874a52688d7/A-Comparative-Study-of-Business-Intelligence-and-Artificial-Intelligence-with-Big-Data-Analytics.pdf HTTP/1.1" 403 None
2025-02-10 00:29:18,410 - DEBUG - Error: HTTP 응답 코드 403 - texts/A comparative study of business intelligence and artificial intelligence with big data analytics_1590.txt
2025-02-10 00:29:18,414 - DEBUG - Starting new HTTPS connection (1): arxiv.org:443
2025-02-10 00:29:18,692 - DEBUG - https://arxiv.org:443 "GET /pdf/1811.03402 HTTP/1.1" 200 733368
2025-02-10 00:29:19,251 - WARNING - FloatObject (b'0.00-10') invalid; use 0.0 instead
2025-02-10 00:29:19,251 - WARNING - FloatObject (b'0.00-10') invalid; use 0.0 instead
2025-02-10 00:29:19,251 - WARNING - FloatObject (b'0.00000-26246718') invalid; use 0.0 instead
2025-02-10 00:29:19,329 - DEBUG - 텍스트 추출 및 저장 완료: texts/A survey on data collection for machine learning a big data-ai integration perspective_1591.txt
2025-02-10 00:29:19,330 - DEBUG - Starting new HTTPS connection (1): www.sciencedirect.com:443
2025-02-10 00:29:19,556 - DEBUG - https://www.sciencedirect.com:443 "GET /science/article/pii/S2515856220300122/pdf?md5=f1761b375e601ac6c194c6740c4c736e&pid=1-s2.0-S2515856220300122-main.pdf HTTP/1.1" 403 None
2025-02-10 00:29:19,802 - DEBUG - Error: HTTP 응답 코드 403 - texts/Ethics of using smart city AI and big data The case of four large European cities_1592.txt
2025-02-10 00:29:19,808 - DEBUG - Starting new HTTPS connection (1): ieeexplore.ieee.org:443
2025-02-10 00:29:20,025 - DEBUG - https://ieeexplore.ieee.org:443 "GET /iel7/6287639/9312710/09359733.pdf HTTP/1.1" 418 245
2025-02-10 00:29:20,026 - DEBUG - Error: HTTP 응답 코드 418 - texts/The role of ai, machine learning, and big data in digital twinning A systematic literature review, challenges, and opportunities_1593.txt
2025-02-10 00:29:20,029 - DEBUG - Starting new HTTPS connection (1): papers.ssrn.com:443
2025-02-10 00:29:23,427 - DEBUG - https://papers.ssrn.com:443 "GET /sol3/Delivery.cfm?abstractid=3347959 HTTP/1.1" 302 None
2025-02-10 00:29:23,496 - DEBUG - https://papers.ssrn.com:443 "GET /sol3/papers.cfm?abstract_id=3347959 HTTP/1.1" 429 8505
2025-02-10 00:29:23,499 - DEBUG - Error: HTTP 응답 코드 429 - texts/Proxy discrimination in the age of artificial intelligence and big data_1594.txt
2025-02-10 00:29:23,503 - DEBUG - Starting new HTTPS connection (1): www.academia.edu:443
2025-02-10 00:29:23,741 - DEBUG - https://www.academia.edu:443 "GET /download/117949967/jhtt-12-2018-011820240904-1-vuhn6m.pdf HTTP/1.1" 404 16226
2025-02-10 00:29:23,744 - DEBUG - Error: HTTP 응답 코드 404 - texts/Artificial intelligence and big data in tourism a systematic literature review_1595.txt
2025-02-10 00:29:23,749 - DEBUG - Starting new HTTPS connection (1): link.springer.com:443
2025-02-10 00:29:24,090 - DEBUG - https://link.springer.com:443 "GET /content/pdf/10.1007/s40747-021-00557-w.pdf HTTP/1.1" 303 0
2025-02-10 00:29:24,094 - DEBUG - Starting new HTTPS connection (1): idp.springer.com:443
2025-02-10 00:29:24,419 - DEBUG - https://idp.springer.com:443 "GET /authorize?response_type=cookie&client_id=springerlink&redirect_uri=https%3A%2F%2Flink.springer.com%2Fcontent%2Fpdf%2F10.1007%2Fs40747-021-00557-w.pdf HTTP/1.1" 302 0
2025-02-10 00:29:25,194 - DEBUG - https://link.springer.com:443 "GET /content/pdf/10.1007/s40747-021-00557-w.pdf HTTP/1.1" 200 2731190
2025-02-10 00:29:33,165 - DEBUG - 텍스트 추출 및 저장 완료: texts/Hybrid design for sports data visualization using AI and big data analytics_1596.txt
2025-02-10 00:29:33,176 - DEBUG - Starting new HTTPS connection (1): www.nature.com:443
2025-02-10 00:29:33,767 - DEBUG - https://www.nature.com:443 "GET /articles/s41467-020-15871-z.pdf HTTP/1.1" 303 150
2025-02-10 00:29:33,770 - DEBUG - Starting new HTTPS connection (1): idp.nature.com:443
2025-02-10 00:29:34,067 - DEBUG - https://idp.nature.com:443 "GET /authorize?response_type=cookie&client_id=grover&redirect_uri=https%3A%2F%2Fwww.nature.com%2Farticles%2Fs41467-020-15871-z.pdf HTTP/1.1" 302 0
2025-02-10 00:29:34,413 - DEBUG - https://idp.nature.com:443 "GET /transit?redirect_uri=https%3A%2F%2Fwww.nature.com%2Farticles%2Fs41467-020-15871-z.pdf&code=7a7611b6-696d-4c9d-b725-4f9b1c539068 HTTP/1.1" 302 0
2025-02-10 00:29:34,865 - DEBUG - https://www.nature.com:443 "GET /articles/s41467-020-15871-z.pdf HTTP/1.1" 200 543825
2025-02-10 00:29:36,135 - DEBUG - 텍스트 추출 및 저장 완료: texts/AI for social good unlocking the opportunity for positive impact_1597.txt
2025-02-10 00:29:36,139 - DEBUG - Starting new HTTPS connection (1): link.springer.com:443
2025-02-10 00:29:36,452 - DEBUG - https://link.springer.com:443 "GET /content/pdf/10.1007/s11948-020-00213-5.pdf HTTP/1.1" 303 0
2025-02-10 00:29:36,455 - DEBUG - Starting new HTTPS connection (1): idp.springer.com:443
2025-02-10 00:29:36,843 - DEBUG - https://idp.springer.com:443 "GET /authorize?response_type=cookie&client_id=springerlink&redirect_uri=https%3A%2F%2Flink.springer.com%2Fcontent%2Fpdf%2F10.1007%2Fs11948-020-00213-5.pdf HTTP/1.1" 302 0
2025-02-10 00:29:37,250 - DEBUG - https://link.springer.com:443 "GET /content/pdf/10.1007/s11948-020-00213-5.pdf HTTP/1.1" 200 745406
2025-02-10 00:29:39,923 - DEBUG - 텍스트 추출 및 저장 완료: texts/How to design AI for social good Seven essential factors_1598.txt
2025-02-10 00:29:39,925 - DEBUG - Starting new HTTPS connection (1): arxiv.org:443
2025-02-10 00:29:40,614 - DEBUG - https://arxiv.org:443 "GET /pdf/2105.01774 HTTP/1.1" 200 972304
2025-02-10 00:29:41,163 - DEBUG - 텍스트 추출 및 저장 완료: texts/Envisioning communities a participatory approach towards AI for social good_1599.txt
2025-02-10 00:29:41,164 - DEBUG - Starting new HTTPS connection (1): link.springer.com:443
2025-02-10 00:29:41,756 - DEBUG - https://link.springer.com:443 "GET /content/pdf/10.1007/s00146-022-01445-8.pdf HTTP/1.1" 303 0
2025-02-10 00:29:41,760 - DEBUG - Starting new HTTPS connection (1): idp.springer.com:443
2025-02-10 00:29:42,061 - DEBUG - https://idp.springer.com:443 "GET /authorize?response_type=cookie&client_id=springerlink&redirect_uri=https%3A%2F%2Flink.springer.com%2Fcontent%2Fpdf%2F10.1007%2Fs00146-022-01445-8.pdf HTTP/1.1" 302 0
2025-02-10 00:29:42,780 - DEBUG - https://link.springer.com:443 "GET /content/pdf/10.1007/s00146-022-01445-8.pdf HTTP/1.1" 200 1521463
2025-02-10 00:29:44,423 - DEBUG - 텍스트 추출 및 저장 완료: texts/Investing in AI for social good an analysis of European national strategies_1600.txt
2025-02-10 00:29:44,424 - DEBUG - Starting new HTTPS connection (1): link.springer.com:443
2025-02-10 00:29:44,763 - DEBUG - https://link.springer.com:443 "GET /content/pdf/10.1007/s43681-021-00038-3.pdf HTTP/1.1" 303 0
2025-02-10 00:29:44,768 - DEBUG - Starting new HTTPS connection (1): idp.springer.com:443
2025-02-10 00:29:45,095 - DEBUG - https://idp.springer.com:443 "GET /authorize?response_type=cookie&client_id=springerlink&redirect_uri=https%3A%2F%2Flink.springer.com%2Fcontent%2Fpdf%2F10.1007%2Fs43681-021-00038-3.pdf HTTP/1.1" 302 0
2025-02-10 00:29:45,791 - DEBUG - https://link.springer.com:443 "GET /content/pdf/10.1007/s43681-021-00038-3.pdf HTTP/1.1" 200 1309548
2025-02-10 00:29:47,252 - DEBUG - 텍스트 추출 및 저장 완료: texts/Mapping value sensitive design onto AI for social good principles_1601.txt
2025-02-10 00:29:47,254 - DEBUG - Starting new HTTPS connection (1): link.springer.com:443
2025-02-10 00:29:47,591 - DEBUG - https://link.springer.com:443 "GET /content/pdf/10.1007/s10551-021-04843-y.pdf HTTP/1.1" 303 0
2025-02-10 00:29:47,594 - DEBUG - Starting new HTTPS connection (1): idp.springer.com:443
2025-02-10 00:29:47,908 - DEBUG - https://idp.springer.com:443 "GET /authorize?response_type=cookie&client_id=springerlink&redirect_uri=https%3A%2F%2Flink.springer.com%2Fcontent%2Fpdf%2F10.1007%2Fs10551-021-04843-y.pdf HTTP/1.1" 302 0
2025-02-10 00:29:48,565 - DEBUG - https://link.springer.com:443 "GET /content/pdf/10.1007/s10551-021-04843-y.pdf HTTP/1.1" 200 1458193
2025-02-10 00:29:51,970 - DEBUG - 텍스트 추출 및 저장 완료: texts/Leveraging artificial intelligence in marketing for social good—An ethical perspective_1602.txt
2025-02-10 00:29:51,972 - DEBUG - Starting new HTTPS connection (1): etica.uazuay.edu.ec:443
2025-02-10 00:29:55,070 - DEBUG - https://etica.uazuay.edu.ec:443 "GET /sites/etica.uazuay.edu.ec/files/public/AI%20for%20the%20Good%20Artificial%20Intelligence%20and%20Ethics%20%28Management%20for%20Professionals%29%20by%20Stefan%20Vieweg%20%28z-lib.org%29.pdf HTTP/1.1" 200 6994969
2025-02-10 00:30:07,852 - DEBUG - 텍스트 추출 및 저장 완료: texts/AI for the Good_1603.txt
2025-02-10 00:30:07,855 - DEBUG - Starting new HTTPS connection (1): papers.ssrn.com:443
2025-02-10 00:30:09,415 - DEBUG - https://papers.ssrn.com:443 "GET /sol3/Delivery.cfm?abstractid=3735322 HTTP/1.1" 302 None
2025-02-10 00:30:09,473 - DEBUG - https://papers.ssrn.com:443 "GET /sol3/papers.cfm?abstract_id=3735322 HTTP/1.1" 429 8483
2025-02-10 00:30:09,476 - DEBUG - Error: HTTP 응답 코드 429 - texts/Are we preparing for a good AI society A bibliometric review and research agenda_1604.txt
2025-02-10 00:30:09,481 - DEBUG - Starting new HTTPS connection (1): link.springer.com:443
2025-02-10 00:30:09,799 - DEBUG - https://link.springer.com:443 "GET /content/pdf/10.1007/s11019-021-10062-z.pdf HTTP/1.1" 303 0
2025-02-10 00:30:09,803 - DEBUG - Starting new HTTPS connection (1): idp.springer.com:443
2025-02-10 00:30:10,096 - DEBUG - https://idp.springer.com:443 "GET /authorize?response_type=cookie&client_id=springerlink&redirect_uri=https%3A%2F%2Flink.springer.com%2Fcontent%2Fpdf%2F10.1007%2Fs11019-021-10062-z.pdf HTTP/1.1" 302 0
2025-02-10 00:30:10,459 - DEBUG - https://link.springer.com:443 "GET /content/pdf/10.1007/s11019-021-10062-z.pdf HTTP/1.1" 200 917124
2025-02-10 00:30:11,516 - DEBUG - 텍스트 추출 및 저장 완료: texts/Responsible nudging for social good new healthcare skills for AI-driven digital personal assistants_1605.txt
2025-02-10 00:30:11,518 - DEBUG - Starting new HTTPS connection (1): arxiv.org:443
2025-02-10 00:30:12,444 - DEBUG - https://arxiv.org:443 "GET /pdf/2104.11757 HTTP/1.1" 200 232976
2025-02-10 00:30:12,902 - DEBUG - 텍스트 추출 및 저장 완료: texts/Becoming good at AI for good_1606.txt
2025-02-10 00:30:12,904 - DEBUG - Starting new HTTPS connection (1): www.frontiersin.org:443
2025-02-10 00:30:13,806 - DEBUG - https://www.frontiersin.org:443 "GET /articles/10.3389/fdata.2019.00032/pdf HTTP/1.1" 301 None
2025-02-10 00:30:15,221 - DEBUG - https://www.frontiersin.org:443 "GET /journals/big-data/articles/10.3389/fdata.2019.00032/pdf HTTP/1.1" 200 365937
2025-02-10 00:30:16,028 - WARNING - Multiple definitions in dictionary at byte 0x1aec6 for key /MediaBox
2025-02-10 00:30:16,030 - WARNING - Multiple definitions in dictionary at byte 0x1b1c0 for key /MediaBox
2025-02-10 00:30:16,031 - WARNING - Multiple definitions in dictionary at byte 0x1b482 for key /MediaBox
2025-02-10 00:30:16,032 - WARNING - Multiple definitions in dictionary at byte 0x1b6a4 for key /MediaBox
2025-02-10 00:30:16,033 - WARNING - Multiple definitions in dictionary at byte 0x1b8be for key /MediaBox
2025-02-10 00:30:16,034 - WARNING - Multiple definitions in dictionary at byte 0x1bb20 for key /MediaBox
2025-02-10 00:30:16,034 - WARNING - Multiple definitions in dictionary at byte 0x1bd32 for key /MediaBox
2025-02-10 00:30:16,233 - DEBUG - 텍스트 추출 및 저장 완료: texts/AI for not bad_1607.txt
2025-02-10 00:30:16,234 - DEBUG - Starting new HTTPS connection (1): aiforgood2020.github.io:443
2025-02-10 00:30:16,781 - DEBUG - https://aiforgood2020.github.io:443 "GET /papers/AI4SG_paper_38.pdf HTTP/1.1" 200 131656
2025-02-10 00:30:16,992 - DEBUG - 텍스트 추출 및 저장 완료: texts/The neglected dualism of artificial moral agency and artificial legal reasoning in ai for social good_1608.txt
2025-02-10 00:30:16,993 - DEBUG - Starting new HTTPS connection (1): www.tandfonline.com:443
2025-02-10 00:30:18,046 - DEBUG - https://www.tandfonline.com:443 "GET /doi/pdf/10.1080/1369118X.2021.1909100 HTTP/1.1" 403 None
2025-02-10 00:30:18,049 - DEBUG - Error: HTTP 응답 코드 403 - texts/Nonhuman humanitarianism when'AI for good'can be harmful_1609.txt
2025-02-10 00:30:18,050 - DEBUG - Starting new HTTPS connection (1): arxiv.org:443
2025-02-10 00:30:18,119 - DEBUG - https://arxiv.org:443 "GET /pdf/2108.08985 HTTP/1.1" 200 2900883
2025-02-10 00:30:19,198 - DEBUG - 텍스트 추출 및 저장 완료: texts/Metaverse for social good A university campus prototype_1610.txt
2025-02-10 00:30:19,200 - DEBUG - Starting new HTTPS connection (1): www.jair.org:443
2025-02-10 00:30:20,215 - DEBUG - https://www.jair.org:443 "GET /index.php/jair/article/download/12814/26713/ HTTP/1.1" 403 253
2025-02-10 00:30:20,217 - DEBUG - Error: HTTP 응답 코드 403 - texts/Socially responsible ai algorithms Issues, purposes, and challenges_1611.txt
2025-02-10 00:30:20,222 - DEBUG - Starting new HTTPS connection (1): www.nber.org:443
2025-02-10 00:30:20,910 - DEBUG - https://www.nber.org:443 "GET /system/files/working_papers/w30017/w30017.pdf HTTP/1.1" 200 135548
2025-02-10 00:30:21,091 - DEBUG - 텍스트 추출 및 저장 완료: texts/Aligned with whom Direct and social goals for AI systems_1612.txt
2025-02-10 00:30:21,093 - DEBUG - Starting new HTTPS connection (1): papers.ssrn.com:443
2025-02-10 00:30:23,334 - DEBUG - https://papers.ssrn.com:443 "GET /sol3/Delivery.cfm?abstractid=3850456 HTTP/1.1" 302 None
2025-02-10 00:30:23,396 - DEBUG - https://papers.ssrn.com:443 "GET /sol3/papers.cfm?abstract_id=3850456 HTTP/1.1" 429 8483
2025-02-10 00:30:23,399 - DEBUG - Error: HTTP 응답 코드 429 - texts/Artificial intelligence and the purpose of social systems_1613.txt
2025-02-10 00:30:23,404 - DEBUG - Starting new HTTPS connection (1): arxiv.org:443
2025-02-10 00:30:24,699 - DEBUG - https://arxiv.org:443 "GET /pdf/1908.09453 HTTP/1.1" 200 5003395
2025-02-10 00:30:28,447 - DEBUG - 텍스트 추출 및 저장 완료: texts/OpenSpiel A framework for reinforcement learning in games_1614.txt
2025-02-10 00:30:28,450 - DEBUG - Starting new HTTPS connection (1): arxiv.org:443
2025-02-10 00:30:28,486 - DEBUG - https://arxiv.org:443 "GET /pdf/2011.00583 HTTP/1.1" 200 6831421
2025-02-10 00:30:33,607 - DEBUG - 텍스트 추출 및 저장 완료: texts/An overview of multi-agent reinforcement learning from game theoretical perspective_1615.txt
2025-02-10 00:30:33,609 - DEBUG - Starting new HTTPS connection (1): arxiv.org:443
2025-02-10 00:30:34,917 - DEBUG - https://arxiv.org:443 "GET /pdf/1912.10944 HTTP/1.1" 200 990792
2025-02-10 00:30:35,415 - DEBUG - 텍스트 추출 및 저장 완료: texts/A survey of deep reinforcement learning in video games_1616.txt
2025-02-10 00:30:35,416 - DEBUG - Starting new HTTPS connection (1): arxiv.org:443
2025-02-10 00:30:35,449 - DEBUG - https://arxiv.org:443 "GET /pdf/1911.10635 HTTP/1.1" 200 2225271
2025-02-10 00:30:37,179 - DEBUG - 텍스트 추출 및 저장 완료: texts/Multi-agent reinforcement learning A selective overview of theories and algorithms_1617.txt
2025-02-10 00:30:37,181 - DEBUG - Starting new HTTPS connection (1): www.science.org:443
2025-02-10 00:30:37,546 - DEBUG - https://www.science.org:443 "GET /doi/pdf/10.1126/science.aau6249 HTTP/1.1" 403 None
2025-02-10 00:30:37,549 - DEBUG - Error: HTTP 응답 코드 403 - texts/Human-level performance in 3D multiplayer games with population-based reinforcement learning_1618.txt
2025-02-10 00:30:37,553 - DEBUG - Starting new HTTPS connection (1): onlinelibrary.wiley.com:443
2025-02-10 00:30:37,621 - DEBUG - https://onlinelibrary.wiley.com:443 "GET /doi/am-pdf/10.1002/rnc.4962 HTTP/1.1" 403 None
2025-02-10 00:30:37,625 - DEBUG - Error: HTTP 응답 코드 403 - texts/Safe reinforcement learning for dynamical games_1619.txt
2025-02-10 00:30:37,626 - DEBUG - Starting new HTTPS connection (1): proceedings.neurips.cc:443
2025-02-10 00:30:38,285 - DEBUG - https://proceedings.neurips.cc:443 "GET /paper_files/paper/2021/file/7ed2d3454c5eea71148b11d0c25104ff-Paper.pdf HTTP/1.1" 200 246203
2025-02-10 00:30:39,097 - DEBUG - 텍스트 추출 및 저장 완료: texts/Pettingzoo Gym for multi-agent reinforcement learning_1620.txt
2025-02-10 00:30:39,098 - DEBUG - Starting new HTTP connection (1): proceedings.mlr.press:80
2025-02-10 00:30:40,638 - DEBUG - http://proceedings.mlr.press:80 "GET /v119/rajeswaran20a/rajeswaran20a.pdf HTTP/1.1" 200 4184857
2025-02-10 00:30:42,052 - DEBUG - 텍스트 추출 및 저장 완료: texts/A game theoretic framework for model based reinforcement learning_1621.txt
2025-02-10 00:30:42,054 - DEBUG - Starting new HTTPS connection (1): proceedings.neurips.cc:443
2025-02-10 00:30:42,668 - DEBUG - https://proceedings.neurips.cc:443 "GET /paper_files/paper/2021/file/69eba34671b3ef1ef38ee85caae6b2a1-Paper.pdf HTTP/1.1" 200 1974049
2025-02-10 00:30:45,208 - DEBUG - 텍스트 추출 및 저장 완료: texts/Pretraining representations for data-efficient reinforcement learning_1622.txt
2025-02-10 00:30:45,210 - DEBUG - Starting new HTTPS connection (1): proceedings.neurips.cc:443
2025-02-10 00:30:45,840 - DEBUG - https://proceedings.neurips.cc:443 "GET /paper/2020/file/06d5ae105ea1bea4d800bc96491876e9-Paper.pdf HTTP/1.1" 200 3175913
2025-02-10 00:30:50,220 - DEBUG - 텍스트 추출 및 저장 완료: texts/Towards playing full moba games with deep reinforcement learning_1623.txt
2025-02-10 00:30:50,222 - DEBUG - Starting new HTTPS connection (1): aaai.org:443
2025-02-10 00:30:51,342 - DEBUG - https://aaai.org:443 "GET /ojs/index.php/AAAI/article/download/6144/6000 HTTP/1.1" 403 146
2025-02-10 00:30:51,352 - DEBUG - Error: HTTP 응답 코드 403 - texts/Mastering complex control in moba games with deep reinforcement learning_1624.txt
2025-02-10 00:30:51,383 - DEBUG - Starting new HTTPS connection (1): arxiv.org:443
2025-02-10 00:30:52,088 - DEBUG - https://arxiv.org:443 "GET /pdf/2004.00980 HTTP/1.1" 200 650243
2025-02-10 00:30:52,661 - DEBUG - 텍스트 추출 및 저장 완료: texts/Action space shaping in deep reinforcement learning_1625.txt
2025-02-10 00:30:52,663 - DEBUG - Starting new HTTP connection (1): proceedings.mlr.press:80
2025-02-10 00:30:53,272 - DEBUG - http://proceedings.mlr.press:80 "GET /v139/liu21z/liu21z.pdf HTTP/1.1" 200 325485
2025-02-10 00:30:53,528 - DEBUG - 텍스트 추출 및 저장 완료: texts/A sharp analysis of model-based reinforcement learning with self-play_1626.txt
2025-02-10 00:30:53,530 - DEBUG - Starting new HTTPS connection (1): proceedings.neurips.cc:443
2025-02-10 00:30:54,164 - DEBUG - https://proceedings.neurips.cc:443 "GET /paper/2020/file/c61f571dbd2fb949d3fe5ae1608dd48b-Paper.pdf HTTP/1.1" 200 1475532
2025-02-10 00:30:56,592 - DEBUG - 텍스트 추출 및 저장 완료: texts/Combining deep reinforcement learning and search for imperfect-information games_1627.txt
2025-02-10 00:30:56,594 - DEBUG - Starting new HTTP connection (1): proceedings.mlr.press:80
2025-02-10 00:30:56,981 - DEBUG - http://proceedings.mlr.press:80 "GET /v139/zha21a/zha21a.pdf HTTP/1.1" 200 1191368
2025-02-10 00:30:57,805 - DEBUG - 텍스트 추출 및 저장 완료: texts/Douzero Mastering doudizhu with self-play deep reinforcement learning_1628.txt
2025-02-10 00:30:57,806 - DEBUG - Starting new HTTPS connection (1): ieeexplore.ieee.org:443
2025-02-10 00:30:58,061 - DEBUG - https://ieeexplore.ieee.org:443 "GET /ielaam/5962385/8809853/8603817-aam.pdf HTTP/1.1" 418 245
2025-02-10 00:30:58,063 - DEBUG - Error: HTTP 응답 코드 418 - texts/A multistage game in smart grid security A reinforcement learning solution_1629.txt
2025-02-10 00:30:58,067 - DEBUG - Starting new HTTPS connection (1): proceedings.kr.org:443
2025-02-10 00:30:59,534 - DEBUG - https://proceedings.kr.org:443 "GET /2023/63/kr2023-0063-stahlberg-et-al.pdf HTTP/1.1" 200 None
2025-02-10 00:31:00,393 - DEBUG - 텍스트 추출 및 저장 완료: texts/Learning general policies with policy gradient methods_1630.txt
2025-02-10 00:31:00,396 - DEBUG - Starting new HTTPS connection (1): par.nsf.gov:443
2025-02-10 00:31:02,962 - DEBUG - https://par.nsf.gov:443 "GET /servlets/purl/10218458 HTTP/1.1" 200 409982
2025-02-10 00:31:08,750 - DEBUG - 텍스트 추출 및 저장 완료: texts/Global convergence of policy gradient methods to (almost) locally optimal policies_1631.txt
2025-02-10 00:31:08,752 - DEBUG - Starting new HTTP connection (1): proceedings.mlr.press:80
2025-02-10 00:31:09,118 - DEBUG - http://proceedings.mlr.press:80 "GET /v125/agarwal20a/agarwal20a.pdf HTTP/1.1" 200 80332
2025-02-10 00:31:09,282 - DEBUG - 텍스트 추출 및 저장 완료: texts/Optimality and approximation with policy gradient methods in markov decision processes_1632.txt
2025-02-10 00:31:09,284 - DEBUG - Starting new HTTPS connection (1): pubsonline.informs.org:443
2025-02-10 00:31:09,603 - DEBUG - https://pubsonline.informs.org:443 "GET /doi/pdf/10.1287/opre.2021.2151?download=true HTTP/1.1" 403 None
2025-02-10 00:31:09,605 - DEBUG - Error: HTTP 응답 코드 403 - texts/Fast global convergence of natural policy gradient methods with entropy regularization_1633.txt
2025-02-10 00:31:09,608 - DEBUG - Starting new HTTPS connection (1): proceedings.mlr.press:443
2025-02-10 00:31:10,642 - DEBUG - https://proceedings.mlr.press:443 "GET /v202/fatkhullin23a/fatkhullin23a.pdf HTTP/1.1" 200 780732
2025-02-10 00:31:11,750 - DEBUG - 텍스트 추출 및 저장 완료: texts/Stochastic policy gradient methods Improved sample complexity for fisher-non-degenerate policies_1634.txt
2025-02-10 00:31:11,752 - DEBUG - Starting new HTTPS connection (1): arxiv.org:443
2025-02-10 00:31:12,870 - DEBUG - https://arxiv.org:443 "GET /pdf/2003.00030 HTTP/1.1" 200 1887461
2025-02-10 00:31:14,580 - DEBUG - 텍스트 추출 및 저장 완료: texts/Policy-aware model learning for policy gradient methods_1635.txt
2025-02-10 00:31:14,582 - DEBUG - Starting new HTTPS connection (1): proceedings.neurips.cc:443
2025-02-10 00:31:15,218 - DEBUG - https://proceedings.neurips.cc:443 "GET /paper/2021/file/f4f6dce2f3a0f9dada0c2b5b66452017-Paper.pdf HTTP/1.1" 200 374544
2025-02-10 00:31:16,160 - DEBUG - 텍스트 추출 및 저장 완료: texts/Stabilizing dynamical systems via policy gradient methods_1636.txt
2025-02-10 00:31:16,162 - DEBUG - Starting new HTTPS connection (1): arxiv.org:443
2025-02-10 00:31:17,605 - DEBUG - https://arxiv.org:443 "GET /pdf/2210.01400 HTTP/1.1" 200 913670
2025-02-10 00:31:18,982 - DEBUG - 텍스트 추출 및 저장 완료: texts/Linear convergence of natural policy gradient methods with log-linear policies_1637.txt
2025-02-10 00:31:18,984 - DEBUG - Starting new HTTPS connection (1): arxiv.org:443
2025-02-10 00:31:19,047 - DEBUG - https://arxiv.org:443 "GET /pdf/2007.11684 HTTP/1.1" 200 498303
2025-02-10 00:31:19,404 - DEBUG - 텍스트 추출 및 저장 완료: texts/Approximation benefits of policy gradient methods with aggregated states_1638.txt
2025-02-10 00:31:19,405 - DEBUG - Starting new HTTPS connection (1): arxiv.org:443
2025-02-10 00:31:20,146 - DEBUG - https://arxiv.org:443 "GET /pdf/2011.10300 HTTP/1.1" 200 4588999
2025-02-10 00:31:26,658 - DEBUG - 텍스트 추출 및 저장 완료: texts/Policy gradient methods for the noisy linear quadratic regulator over a finite horizon_1639.txt
2025-02-10 00:31:26,660 - DEBUG - Starting new HTTPS connection (1): link.springer.com:443
2025-02-10 00:31:26,995 - DEBUG - https://link.springer.com:443 "GET /content/pdf/10.1007/s41884-023-00106-z.pdf HTTP/1.1" 303 0
2025-02-10 00:31:27,000 - DEBUG - Starting new HTTPS connection (1): idp.springer.com:443
2025-02-10 00:31:27,303 - DEBUG - https://idp.springer.com:443 "GET /authorize?response_type=cookie&client_id=springerlink&redirect_uri=https%3A%2F%2Flink.springer.com%2Fcontent%2Fpdf%2F10.1007%2Fs41884-023-00106-z.pdf HTTP/1.1" 302 0
2025-02-10 00:31:28,011 - DEBUG - https://link.springer.com:443 "GET /content/pdf/10.1007/s41884-023-00106-z.pdf HTTP/1.1" 200 2883680
2025-02-10 00:31:41,206 - DEBUG - 텍스트 추출 및 저장 완료: texts/Geometry and convergence of natural policy gradient methods_1640.txt
2025-02-10 00:31:41,208 - DEBUG - Starting new HTTPS connection (1): arxiv.org:443
2025-02-10 00:31:43,050 - DEBUG - https://arxiv.org:443 "GET /pdf/1910.04295 HTTP/1.1" 200 1721624
2025-02-10 00:31:45,585 - DEBUG - 텍스트 추출 및 저장 완료: texts/Linear-quadratic mean-field reinforcement learning convergence of policy gradient methods_1641.txt
2025-02-10 00:31:45,587 - DEBUG - Starting new HTTPS connection (1): proceedings.neurips.cc:443
2025-02-10 00:31:46,229 - DEBUG - https://proceedings.neurips.cc:443 "GET /paper_files/paper/2020/file/5f7695debd8cde8db5abcb9f161b49ea-Paper.pdf HTTP/1.1" 200 665838
2025-02-10 00:31:47,742 - DEBUG - 텍스트 추출 및 저장 완료: texts/Natural policy gradient primal-dual method for constrained markov decision processes_1642.txt
2025-02-10 00:31:47,744 - DEBUG - Starting new HTTPS connection (1): www.researchgate.net:443
2025-02-10 00:31:47,975 - DEBUG - https://www.researchgate.net:443 "GET /profile/Aryan-Mokhtari/publication/339228195_Provably_Convergent_Policy_Gradient_Methods_for_Model-Agnostic_Meta-Reinforcement_Learning/links/5e4aef2192851c7f7f43ca87/Provably-Convergent-Policy-Gradient-Methods-for-Model-Agnostic-Meta-Reinforcement-Learning.pdf HTTP/1.1" 403 None
2025-02-10 00:31:47,978 - DEBUG - Error: HTTP 응답 코드 403 - texts/Provably convergent policy gradient methods for model-agnostic meta-reinforcement learning_1643.txt
2025-02-10 00:31:47,981 - DEBUG - Starting new HTTPS connection (1): arxiv.org:443
2025-02-10 00:31:48,022 - DEBUG - https://arxiv.org:443 "GET /pdf/2309.02473 HTTP/1.1" 200 5656434
2025-02-10 00:31:50,198 - DEBUG - 텍스트 추출 및 저장 완료: texts/A survey of imitation learning Algorithms, recent developments, and challenges_1644.txt
2025-02-10 00:31:50,201 - DEBUG - Starting new HTTPS connection (1): arxiv.org:443
2025-02-10 00:31:51,062 - DEBUG - https://arxiv.org:443 "GET /pdf/1905.13566 HTTP/1.1" 200 154383
2025-02-10 00:31:51,407 - DEBUG - 텍스트 추출 및 저장 완료: texts/Recent advances in imitation learning from observation_1645.txt
2025-02-10 00:31:51,409 - DEBUG - Starting new HTTPS connection (1): arxiv.org:443
2025-02-10 00:31:51,716 - DEBUG - https://arxiv.org:443 "GET /pdf/2106.12177 HTTP/1.1" 200 1098412
2025-02-10 00:31:53,081 - DEBUG - 텍스트 추출 및 저장 완료: texts/Imitation learning Progress, taxonomies and challenges_1646.txt
2025-02-10 00:31:53,084 - DEBUG - Starting new HTTPS connection (1): www.mdpi.com:443
2025-02-10 00:31:53,584 - DEBUG - https://www.mdpi.com:443 "GET /1424-8220/21/4/1278/pdf HTTP/1.1" 302 None
2025-02-10 00:31:53,586 - DEBUG - Starting new HTTPS connection (1): mdpi-res.com:443
2025-02-10 00:31:54,631 - DEBUG - https://mdpi-res.com:443 "GET /d_attachment/sensors/sensors-21-01278/article_deploy/sensors-21-01278-v2.pdf?version=1613722477 HTTP/1.1" 200 447303
2025-02-10 00:31:55,293 - DEBUG - 텍스트 추출 및 저장 완료: texts/Learning for a robot Deep reinforcement learning, imitation learning, transfer learning_1647.txt
2025-02-10 00:31:55,295 - DEBUG - Starting new HTTP connection (1): proceedings.mlr.press:80
2025-02-10 00:31:56,174 - DEBUG - http://proceedings.mlr.press:80 "GET /v97/wu19a/wu19a.pdf HTTP/1.1" 200 1898777
2025-02-10 00:31:57,454 - DEBUG - 텍스트 추출 및 저장 완료: texts/Imitation learning from imperfect demonstration_1648.txt
2025-02-10 00:31:57,455 - DEBUG - Starting new HTTPS connection (1): proceedings.neurips.cc:443
2025-02-10 00:31:58,076 - DEBUG - https://proceedings.neurips.cc:443 "GET /paper_files/paper/2020/file/1e7875cf32d306989d80c14308f3a099-Paper.pdf HTTP/1.1" 200 361762
2025-02-10 00:31:59,114 - DEBUG - 텍스트 추출 및 저장 완료: texts/Toward the fundamental limits of imitation learning_1649.txt
2025-02-10 00:31:59,118 - DEBUG - Starting new HTTP connection (1): proceedings.mlr.press:80
2025-02-10 00:32:00,140 - DEBUG - http://proceedings.mlr.press:80 "GET /v100/ghasemipour20a/ghasemipour20a.pdf HTTP/1.1" 200 995235
2025-02-10 00:32:00,804 - DEBUG - 텍스트 추출 및 저장 완료: texts/A divergence minimization perspective on imitation learning methods_1650.txt
2025-02-10 00:32:00,806 - DEBUG - Starting new HTTPS connection (1): proceedings.neurips.cc:443
2025-02-10 00:32:01,460 - DEBUG - https://proceedings.neurips.cc:443 "GET /paper_files/paper/2019/file/947018640bf36a2bb609d3557a285329-Paper.pdf HTTP/1.1" 200 791113
2025-02-10 00:32:02,991 - DEBUG - 텍스트 추출 및 저장 완료: texts/Causal confusion in imitation learning_1651.txt
2025-02-10 00:32:02,994 - DEBUG - Starting new HTTPS connection (1): proceedings.neurips.cc:443
2025-02-10 00:32:03,583 - DEBUG - https://proceedings.neurips.cc:443 "GET /paper_files/paper/2022/file/827cb489449ea216e4a257c47e407d18-Paper-Conference.pdf HTTP/1.1" 200 1913810
2025-02-10 00:32:06,045 - DEBUG - 텍스트 추출 및 저장 완료: texts/Model-based imitation learning for urban driving_1652.txt
2025-02-10 00:32:06,046 - DEBUG - Starting new HTTP connection (1): proceedings.mlr.press:80
2025-02-10 00:32:06,861 - DEBUG - http://proceedings.mlr.press:80 "GET /v97/kipf19a/kipf19a.pdf HTTP/1.1" 200 2437507
2025-02-10 00:32:08,764 - DEBUG - 텍스트 추출 및 저장 완료: texts/Compile Compositional imitation learning and execution_1653.txt
2025-02-10 00:32:08,765 - DEBUG - Starting new HTTPS connection (1): proceedings.neurips.cc:443
2025-02-10 00:32:09,528 - DEBUG - https://proceedings.neurips.cc:443 "GET /paper_files/paper/2019/file/c8d3a760ebab631565f8509d84b3b3f1-Paper.pdf HTTP/1.1" 200 2166435
2025-02-10 00:32:14,123 - DEBUG - 텍스트 추출 및 저장 완료: texts/Goal-conditioned imitation learning_1654.txt
2025-02-10 00:32:14,125 - DEBUG - Starting new HTTPS connection (1): aura.abdn.ac.uk:443
2025-02-10 00:32:18,020 - DEBUG - https://aura.abdn.ac.uk:443 "GET /bitstream/handle/2164/22693/Mero_etal_IEEETOITS_A_Survey_On_AAM.pdf?sequence=1 HTTP/1.1" 200 4679089
2025-02-10 00:32:28,183 - DEBUG - 텍스트 추출 및 저장 완료: texts/A survey on imitation learning techniques for end-to-end autonomous vehicles_1655.txt
2025-02-10 00:32:28,185 - DEBUG - Starting new HTTPS connection (1): arxiv.org:443
2025-02-10 00:32:29,084 - DEBUG - https://arxiv.org:443 "GET /pdf/1905.11108.pdf?ref=morioh.com&utm_source=morioh.com HTTP/1.1" 301 259
2025-02-10 00:32:30,375 - DEBUG - https://arxiv.org:443 "GET /pdf/1905.11108 HTTP/1.1" 200 2367556
2025-02-10 00:32:33,881 - DEBUG - 텍스트 추출 및 저장 완료: texts/Sqil Imitation learning via reinforcement learning with sparse rewards_1656.txt
2025-02-10 00:32:33,883 - DEBUG - Starting new HTTP connection (1): proceedings.mlr.press:80
2025-02-10 00:32:34,759 - DEBUG - http://proceedings.mlr.press:80 "GET /v119/kim20c/kim20c.pdf HTTP/1.1" 200 3146833
2025-02-10 00:32:37,143 - DEBUG - 텍스트 추출 및 저장 완료: texts/Domain adaptive imitation learning_1657.txt
2025-02-10 00:32:37,145 - DEBUG - Starting new HTTPS connection (1): arxiv.org:443
2025-02-10 00:32:37,477 - DEBUG - https://arxiv.org:443 "GET /pdf/1911.10947 HTTP/1.1" 200 2261537
2025-02-10 00:32:40,033 - DEBUG - 텍스트 추출 및 저장 완료: texts/State alignment-based imitation learning_1658.txt
2025-02-10 00:32:40,035 - DEBUG - Starting new HTTPS connection (1): arxiv.org:443
2025-02-10 00:32:40,315 - DEBUG - https://arxiv.org:443 "GET /pdf/1807.08364 HTTP/1.1" 200 571397
2025-02-10 00:32:40,814 - DEBUG - 텍스트 추출 및 저장 완료: texts/Ensembledagger A bayesian approach to safe imitation learning_1659.txt
2025-02-10 00:32:40,816 - DEBUG - Starting new HTTPS connection (1): arxiv.org:443
2025-02-10 00:32:42,209 - DEBUG - https://arxiv.org:443 "GET /pdf/1905.12888 HTTP/1.1" 200 3560382
2025-02-10 00:32:45,126 - DEBUG - 텍스트 추출 및 저장 완료: texts/Imitation learning as f-divergence minimization_1660.txt
2025-02-10 00:32:45,128 - DEBUG - Starting new HTTPS connection (1): arxiv.org:443
2025-02-10 00:32:45,168 - DEBUG - https://arxiv.org:443 "GET /pdf/1912.00177 HTTP/1.1" 200 3644230
2025-02-10 00:32:47,085 - DEBUG - 텍스트 추출 및 저장 완료: texts/Urban driving with conditional imitation learning_1661.txt
2025-02-10 00:32:47,087 - DEBUG - Starting new HTTPS connection (1): proceedings.neurips.cc:443
2025-02-10 00:32:47,759 - DEBUG - https://proceedings.neurips.cc:443 "GET /paper/2021/file/60ce36723c17bbac504f2ef4c8a46995-Paper.pdf HTTP/1.1" 200 390203
2025-02-10 00:32:48,815 - DEBUG - 텍스트 추출 및 저장 완료: texts/Bridging offline reinforcement learning and imitation learning A tale of pessimism_1662.txt
2025-02-10 00:32:48,816 - DEBUG - Starting new HTTPS connection (1): arxiv.org:443
2025-02-10 00:32:49,314 - DEBUG - https://arxiv.org:443 "GET /pdf/2206.09328 HTTP/1.1" 200 839105
2025-02-10 00:32:50,136 - DEBUG - 텍스트 추출 및 저장 완료: texts/A survey on model-based reinforcement learning_1663.txt
2025-02-10 00:32:50,137 - DEBUG - Starting new HTTPS connection (1): arxiv.org:443
2025-02-10 00:32:51,446 - DEBUG - https://arxiv.org:443 "GET /pdf/1907.02057 HTTP/1.1" 200 5926542
2025-02-10 00:32:58,604 - DEBUG - 텍스트 추출 및 저장 완료: texts/Benchmarking model-based reinforcement learning_1664.txt
2025-02-10 00:32:58,606 - DEBUG - Starting new HTTP connection (1): proceedings.mlr.press:80
2025-02-10 00:33:00,042 - DEBUG - http://proceedings.mlr.press:80 "GET /v119/ayoub20a/ayoub20a.pdf HTTP/1.1" 200 6171303
2025-02-10 00:33:05,189 - DEBUG - 텍스트 추출 및 저장 완료: texts/Model-based reinforcement learning with value-targeted regression_1665.txt
2025-02-10 00:33:05,191 - DEBUG - Starting new HTTP connection (1): proceedings.mlr.press:80
2025-02-10 00:33:06,159 - DEBUG - http://proceedings.mlr.press:80 "GET /v97/zhang19m/zhang19m.pdf HTTP/1.1" 200 3665683
2025-02-10 00:33:07,490 - DEBUG - 텍스트 추출 및 저장 완료: texts/Solar Deep structured representations for model-based reinforcement learning_1666.txt
2025-02-10 00:33:07,492 - DEBUG - Starting new HTTP connection (1): proceedings.mlr.press:80
2025-02-10 00:33:08,265 - DEBUG - http://proceedings.mlr.press:80 "GET /v139/yildiz21a/yildiz21a.pdf HTTP/1.1" 200 5269370
2025-02-10 00:33:10,337 - DEBUG - 텍스트 추출 및 저장 완료: texts/Continuous-time model-based reinforcement learning_1667.txt
2025-02-10 00:33:10,338 - DEBUG - Starting new HTTPS connection (1): openreview.net:443
2025-02-10 00:33:11,283 - DEBUG - https://openreview.net:443 "GET /pdf?id=HklxbgBKvr HTTP/1.1" 200 2616330
2025-02-10 00:33:15,881 - DEBUG - 텍스트 추출 및 저장 완료: texts/Model-based reinforcement learning for biological sequence design_1668.txt
2025-02-10 00:33:15,882 - DEBUG - Starting new HTTPS connection (1): proceedings.neurips.cc:443
2025-02-10 00:33:16,588 - DEBUG - https://proceedings.neurips.cc:443 "GET /paper_files/paper/2022/file/927eae0f3d1c89cc39398022f436c472-Paper-Conference.pdf HTTP/1.1" 200 7836900
2025-02-10 00:33:22,387 - DEBUG - 텍스트 추출 및 저장 완료: texts/When to update your model Constrained model-based reinforcement learning_1669.txt
2025-02-10 00:33:22,390 - DEBUG - Starting new HTTPS connection (1): arxiv.org:443
2025-02-10 00:33:22,693 - DEBUG - https://arxiv.org:443 "GET /pdf/2008.05598 HTTP/1.1" 200 705361
2025-02-10 00:33:23,261 - DEBUG - 텍스트 추출 및 저장 완료: texts/Deep model-based reinforcement learning for high-dimensional problems, a survey_1670.txt
2025-02-10 00:33:23,263 - DEBUG - Starting new HTTP connection (1): proceedings.mlr.press:80
2025-02-10 00:33:24,072 - DEBUG - http://proceedings.mlr.press:80 "GET /v125/agarwal20b/agarwal20b.pdf HTTP/1.1" 200 371848
2025-02-10 00:33:24,444 - DEBUG - 텍스트 추출 및 저장 완료: texts/Model-based reinforcement learning with a generative model is minimax optimal_1671.txt
2025-02-10 00:33:24,446 - DEBUG - Starting new HTTP connection (1): proceedings.mlr.press:80
2025-02-10 00:33:26,124 - DEBUG - http://proceedings.mlr.press:80 "GET /v100/veerapaneni20a/veerapaneni20a.pdf HTTP/1.1" 200 2995857
2025-02-10 00:33:27,371 - DEBUG - 텍스트 추출 및 저장 완료: texts/Entity abstraction in visual model-based reinforcement learning_1672.txt
2025-02-10 00:33:27,373 - DEBUG - Starting new HTTPS connection (1): dr.ntu.edu.sg:443
2025-02-10 00:33:32,031 - DEBUG - https://dr.ntu.edu.sg:443 "GET /bitstream/10356/178357/2/TIV_final.pdf HTTP/1.1" 200 4813304
2025-02-10 00:33:41,983 - DEBUG - 텍스트 추출 및 저장 완료: texts/Uncertainty-aware model-based reinforcement learning Methodology and application in autonomous driving_1673.txt
2025-02-10 00:33:41,985 - DEBUG - Starting new HTTPS connection (1): dl.acm.org:443
2025-02-10 00:33:42,358 - DEBUG - https://dl.acm.org:443 "GET /doi/pdf/10.1145/3411764.3445497 HTTP/1.1" 302 0
2025-02-10 00:33:42,415 - DEBUG - https://dl.acm.org:443 "GET /doi/pdf/10.1145/3411764.3445497?cookieSet=1 HTTP/1.1" 302 0
2025-02-10 00:33:43,020 - DEBUG - https://dl.acm.org:443 "GET /doi/pdf/10.1145/3411764.3445497 HTTP/1.1" 200 None
2025-02-10 00:33:46,898 - DEBUG - 텍스트 추출 및 저장 완료: texts/Adapting user interfaces with model-based reinforcement learning_1674.txt
2025-02-10 00:33:46,900 - DEBUG - Starting new HTTPS connection (1): arxiv.org:443
2025-02-10 00:33:50,147 - DEBUG - https://arxiv.org:443 "GET /pdf/2002.04523 HTTP/1.1" 200 15238573
2025-02-10 00:34:07,135 - DEBUG - 텍스트 추출 및 저장 완료: texts/Objective mismatch in model-based reinforcement learning_1675.txt
2025-02-10 00:34:07,137 - DEBUG - Starting new HTTP connection (1): proceedings.mlr.press:80
2025-02-10 00:34:08,154 - DEBUG - http://proceedings.mlr.press:80 "GET /v119/lee20g/lee20g.pdf HTTP/1.1" 200 1273863
2025-02-10 00:34:09,327 - DEBUG - 텍스트 추출 및 저장 완료: texts/Context-aware dynamics model for generalization in model-based reinforcement learning_1676.txt
2025-02-10 00:34:09,329 - DEBUG - Starting new HTTPS connection (1): arxiv.org:443
2025-02-10 00:34:09,744 - DEBUG - https://arxiv.org:443 "GET /pdf/2110.04135 HTTP/1.1" 200 6306452
2025-02-10 00:34:17,856 - DEBUG - 텍스트 추출 및 저장 완료: texts/Revisiting design choices in offline model-based reinforcement learning_1677.txt
2025-02-10 00:34:17,860 - DEBUG - Starting new HTTPS connection (1): proceedings.neurips.cc:443
2025-02-10 00:34:18,447 - DEBUG - https://proceedings.neurips.cc:443 "GET /paper/2020/file/96ea64f3a1aa2fd00c72faacf0cb8ac9-Paper.pdf HTTP/1.1" 200 440028
2025-02-10 00:34:19,840 - DEBUG - 텍스트 추출 및 저장 완료: texts/Breaking the sample size barrier in model-based reinforcement learning with a generative model_1678.txt
2025-02-10 00:34:19,843 - DEBUG - Starting new HTTPS connection (1): library.oapen.org:443
2025-02-10 00:34:20,962 - DEBUG - https://library.oapen.org:443 "GET /bitstream/handle/20.500.12657/23012/1/1007149.pdf HTTP/1.1" 200 6499860
2025-02-10 00:34:32,425 - DEBUG - 텍스트 추출 및 저장 완료: texts/Meta-learning_1679.txt
2025-02-10 00:34:32,428 - DEBUG - Starting new HTTPS connection (1): ieeexplore.ieee.org:443
2025-02-10 00:34:32,753 - DEBUG - https://ieeexplore.ieee.org:443 "GET /iel7/34/10550108/10413635.pdf HTTP/1.1" 418 245
2025-02-10 00:34:32,754 - DEBUG - Error: HTTP 응답 코드 418 - texts/Advances and challenges in meta-learning A technical review_1680.txt
2025-02-10 00:34:32,755 - DEBUG - Starting new HTTPS connection (1): ieeexplore.ieee.org:443
2025-02-10 00:34:32,977 - DEBUG - https://ieeexplore.ieee.org:443 "GET /iel7/34/9893110/09428530.pdf HTTP/1.1" 418 245
2025-02-10 00:34:32,978 - DEBUG - Error: HTTP 응답 코드 418 - texts/Meta-learning in neural networks A survey_1681.txt
2025-02-10 00:34:32,981 - DEBUG - Starting new HTTP connection (1): proceedings.mlr.press:80
2025-02-10 00:34:33,864 - DEBUG - http://proceedings.mlr.press:80 "GET /v97/finn19a/finn19a.pdf HTTP/1.1" 200 1480943
2025-02-10 00:34:34,634 - DEBUG - 텍스트 추출 및 저장 완료: texts/Online meta-learning_1682.txt
2025-02-10 00:34:34,636 - DEBUG - Starting new HTTPS connection (1): arxiv.org:443
2025-02-10 00:34:35,140 - DEBUG - https://arxiv.org:443 "GET /pdf/2011.13464 HTTP/1.1" 200 473616
2025-02-10 00:34:35,449 - DEBUG - 텍스트 추출 및 저장 완료: texts/Meta-learning in natural and artificial intelligence_1683.txt
2025-02-10 00:34:35,450 - DEBUG - Starting new HTTPS connection (1): arxiv.org:443
2025-02-10 00:34:36,838 - DEBUG - https://arxiv.org:443 "GET /pdf/1808.10406 HTTP/1.1" 200 751950
2025-02-10 00:34:37,417 - DEBUG - 텍스트 추출 및 저장 완료: texts/Meta-features for meta-learning_1684.txt
2025-02-10 00:34:37,420 - DEBUG - Starting new HTTPS connection (1): link.springer.com:443
2025-02-10 00:34:37,796 - DEBUG - https://link.springer.com:443 "GET /content/pdf/10.1007/s10462-021-10004-4.pdf HTTP/1.1" 303 0
2025-02-10 00:34:37,799 - DEBUG - Starting new HTTPS connection (1): idp.springer.com:443
2025-02-10 00:34:38,092 - DEBUG - https://idp.springer.com:443 "GET /authorize?response_type=cookie&client_id=springerlink&redirect_uri=https%3A%2F%2Flink.springer.com%2Fcontent%2Fpdf%2F10.1007%2Fs10462-021-10004-4.pdf HTTP/1.1" 302 0
2025-02-10 00:34:38,805 - DEBUG - https://link.springer.com:443 "GET /content/pdf/10.1007/s10462-021-10004-4.pdf HTTP/1.1" 200 7280835
2025-02-10 00:34:59,628 - DEBUG - 텍스트 추출 및 저장 완료: texts/A survey of deep meta-learning_1685.txt
2025-02-10 00:34:59,630 - DEBUG - Starting new HTTPS connection (1): www.sciencedirect.com:443
2025-02-10 00:34:59,858 - DEBUG - https://www.sciencedirect.com:443 "GET /science/article/am/pii/S003132032200067X HTTP/1.1" 403 None
2025-02-10 00:35:00,035 - DEBUG - Error: HTTP 응답 코드 403 - texts/Meta-seg A survey of meta-learning for image segmentation_1686.txt
2025-02-10 00:35:00,037 - DEBUG - Starting new HTTPS connection (1): arxiv.org:443
2025-02-10 00:35:00,926 - DEBUG - https://arxiv.org:443 "GET /pdf/1912.03820 HTTP/1.1" 200 1311256
2025-02-10 00:35:01,751 - DEBUG - 텍스트 추출 및 저장 완료: texts/Meta-learning without memorization_1687.txt
2025-02-10 00:35:01,752 - DEBUG - Starting new HTTP connection (1): openaccess.thecvf.com:80
2025-02-10 00:35:02,361 - DEBUG - http://openaccess.thecvf.com:80 "GET /content_CVPR_2020/papers/Baik_Learning_to_Forget_for_Meta-Learning_CVPR_2020_paper.pdf HTTP/1.1" 302 387
2025-02-10 00:35:02,364 - DEBUG - Starting new HTTPS connection (1): openaccess.thecvf.com:443
2025-02-10 00:35:02,961 - DEBUG - https://openaccess.thecvf.com:443 "GET /content_CVPR_2020/papers/Baik_Learning_to_Forget_for_Meta-Learning_CVPR_2020_paper.pdf HTTP/1.1" 200 910020
2025-02-10 00:35:04,609 - DEBUG - 텍스트 추출 및 저장 완료: texts/Learning to forget for meta-learning_1688.txt
2025-02-10 00:35:04,610 - DEBUG - Starting new HTTPS connection (1): openaccess.thecvf.com:443
2025-02-10 00:35:05,186 - DEBUG - https://openaccess.thecvf.com:443 "GET /content_ICCV_2019/papers/Wang_Meta-Learning_to_Detect_Rare_Objects_ICCV_2019_paper.pdf HTTP/1.1" 200 2574534
2025-02-10 00:35:09,502 - DEBUG - 텍스트 추출 및 저장 완료: texts/Meta-learning to detect rare objects_1689.txt
2025-02-10 00:35:09,504 - DEBUG - Starting new HTTPS connection (1): arxiv.org:443
2025-02-10 00:35:09,553 - DEBUG - https://arxiv.org:443 "GET /pdf/2109.04504 HTTP/1.1" 200 7920649
2025-02-10 00:35:16,245 - DEBUG - 텍스트 추출 및 저장 완료: texts/Bootstrapped meta-learning_1690.txt
2025-02-10 00:35:16,247 - DEBUG - Starting new HTTPS connection (1): arxiv.org:443
2025-02-10 00:35:17,208 - DEBUG - https://arxiv.org:443 "GET /pdf/1905.03030 HTTP/1.1" 200 1587075
2025-02-10 00:35:19,639 - DEBUG - 텍스트 추출 및 저장 완료: texts/Meta-learning of sequential strategies_1691.txt
2025-02-10 00:35:19,641 - DEBUG - Starting new HTTP connection (1): proceedings.mlr.press:80
2025-02-10 00:35:21,021 - DEBUG - http://proceedings.mlr.press:80 "GET /v97/zintgraf19a/zintgraf19a.pdf HTTP/1.1" 200 648947
2025-02-10 00:35:21,365 - DEBUG - 텍스트 추출 및 저장 완료: texts/Fast context adaptation via meta-learning_1692.txt
2025-02-10 00:35:21,366 - DEBUG - Starting new HTTPS connection (1): proceedings.neurips.cc:443
2025-02-10 00:35:21,976 - DEBUG - https://proceedings.neurips.cc:443 "GET /paper_files/paper/2019/file/072b030ba126b2f4b2374f342be9ed44-Paper.pdf HTTP/1.1" 200 786756
2025-02-10 00:35:23,239 - DEBUG - 텍스트 추출 및 저장 완료: texts/Meta-learning with implicit gradients_1693.txt
2025-02-10 00:35:23,241 - DEBUG - Starting new HTTPS connection (1): proceedings.neurips.cc:443
2025-02-10 00:35:23,875 - DEBUG - https://proceedings.neurips.cc:443 "GET /paper_files/paper/2019/file/f4aa0dd960521e045ae2f20621fb4ee9-Paper.pdf HTTP/1.1" 200 998130
2025-02-10 00:35:25,246 - DEBUG - 텍스트 추출 및 저장 완료: texts/Adaptive gradient-based meta-learning methods_1694.txt
2025-02-10 00:35:25,247 - DEBUG - Starting new HTTPS connection (1): arxiv.org:443
2025-02-10 00:35:26,088 - DEBUG - https://arxiv.org:443 "GET /pdf/1909.06576 HTTP/1.1" 200 131439
2025-02-10 00:35:26,307 - DEBUG - 텍스트 추출 및 저장 완료: texts/Torchmeta A meta-learning library for pytorch_1695.txt
2025-02-10 00:35:26,309 - DEBUG - Starting new HTTPS connection (1): proceedings.neurips.cc:443
2025-02-10 00:35:26,954 - DEBUG - https://proceedings.neurips.cc:443 "GET /paper/2020/file/3e5190eeb51ebe6c5bbc54ee8950c548-Paper.pdf HTTP/1.1" 200 1044821
2025-02-10 00:35:29,070 - DEBUG - 텍스트 추출 및 저장 완료: texts/Meta-learning requires meta-augmentation_1696.txt
2025-02-10 00:35:29,072 - DEBUG - Starting new HTTPS connection (1): proceedings.neurips.cc:443
2025-02-10 00:35:29,675 - DEBUG - https://proceedings.neurips.cc:443 "GET /paper_files/paper/2020/file/ee89223a2b625b5152132ed77abbcc79-Paper.pdf HTTP/1.1" 200 503174
2025-02-10 00:35:30,679 - DEBUG - 텍스트 추출 및 저장 완료: texts/Meta-learning with adaptive hyperparameters_1697.txt
2025-02-10 00:35:30,681 - DEBUG - Starting new HTTPS connection (1): arxiv.org:443
2025-02-10 00:35:31,236 - DEBUG - https://arxiv.org:443 "GET /pdf/1906.05374 HTTP/1.1" 200 1255663
2025-02-10 00:35:31,995 - DEBUG - 텍스트 추출 및 저장 완료: texts/Meta learning via learned loss_1698.txt
2025-02-10 00:35:31,996 - DEBUG - Starting new HTTPS connection (1): arxiv.org:443
2025-02-10 00:35:32,037 - DEBUG - https://arxiv.org:443 "GET /pdf/1904.05046 HTTP/1.1" 200 6887025
2025-02-10 00:35:34,599 - DEBUG - 텍스트 추출 및 저장 완료: texts/Generalizing from a few examples A survey on few-shot learning_1699.txt
2025-02-10 00:35:34,601 - DEBUG - Starting new HTTPS connection (1): arxiv.org:443
2025-02-10 00:35:34,908 - DEBUG - https://arxiv.org:443 "GET /pdf/2203.04291 HTTP/1.1" 200 3270219
2025-02-10 00:35:38,446 - DEBUG - 텍스트 추출 및 저장 완료: texts/Learning from few examples A summary of approaches to few-shot learning_1700.txt
2025-02-10 00:35:38,448 - DEBUG - Starting new HTTPS connection (1): arxiv.org:443
2025-02-10 00:35:38,486 - DEBUG - https://arxiv.org:443 "GET /pdf/2205.06743 HTTP/1.1" 200 7428603
2025-02-10 00:35:41,233 - DEBUG - 텍스트 추출 및 저장 완료: texts/A comprehensive survey of few-shot learning Evolution, applications, challenges, and opportunities_1701.txt
2025-02-10 00:35:41,234 - DEBUG - Starting new HTTPS connection (1): proceedings.neurips.cc:443
2025-02-10 00:35:41,876 - DEBUG - https://proceedings.neurips.cc:443 "GET /paper/2020/file/1cc8a8ea51cd0adddf5dab504a285915-Paper.pdf HTTP/1.1" 200 1613420
2025-02-10 00:35:43,886 - DEBUG - 텍스트 추출 및 저장 완료: texts/Interventional few-shot learning_1702.txt
2025-02-10 00:35:43,888 - DEBUG - Starting new HTTPS connection (1): arxiv.org:443
2025-02-10 00:35:43,915 - DEBUG - https://arxiv.org:443 "GET /pdf/2007.07375 HTTP/1.1" 200 2581694
2025-02-10 00:35:46,433 - DEBUG - 텍스트 추출 및 저장 완료: texts/Concept learners for few-shot learning_1703.txt
2025-02-10 00:35:46,435 - DEBUG - Starting new HTTPS connection (1): openaccess.thecvf.com:443
2025-02-10 00:35:47,057 - DEBUG - https://openaccess.thecvf.com:443 "GET /content_CVPR_2020/papers/Ye_Few-Shot_Learning_via_Embedding_Adaptation_With_Set-to-Set_Functions_CVPR_2020_paper.pdf HTTP/1.1" 200 1530078
2025-02-10 00:35:49,151 - DEBUG - 텍스트 추출 및 저장 완료: texts/Few-shot learning via embedding adaptation with set-to-set functions_1704.txt
2025-02-10 00:35:49,155 - DEBUG - Starting new HTTP connection (1): openaccess.thecvf.com:80
2025-02-10 00:35:49,540 - DEBUG - http://openaccess.thecvf.com:80 "GET /content_ICCV_2019/papers/Zhang_Variational_Few-Shot_Learning_ICCV_2019_paper.pdf HTTP/1.1" 302 381
2025-02-10 00:35:49,545 - DEBUG - Starting new HTTPS connection (1): openaccess.thecvf.com:443
2025-02-10 00:35:50,697 - DEBUG - https://openaccess.thecvf.com:443 "GET /content_ICCV_2019/papers/Zhang_Variational_Few-Shot_Learning_ICCV_2019_paper.pdf HTTP/1.1" 200 2512546
2025-02-10 00:35:53,967 - DEBUG - 텍스트 추출 및 저장 완료: texts/Variational few-shot learning_1705.txt
2025-02-10 00:35:53,969 - DEBUG - Starting new HTTP connection (1): openaccess.thecvf.com:80
2025-02-10 00:35:54,352 - DEBUG - http://openaccess.thecvf.com:80 "GET /content_CVPR_2020/papers/Simon_Adaptive_Subspaces_for_Few-Shot_Learning_CVPR_2020_paper.pdf HTTP/1.1" 302 392
2025-02-10 00:35:54,355 - DEBUG - Starting new HTTPS connection (1): openaccess.thecvf.com:443
2025-02-10 00:35:54,949 - DEBUG - https://openaccess.thecvf.com:443 "GET /content_CVPR_2020/papers/Simon_Adaptive_Subspaces_for_Few-Shot_Learning_CVPR_2020_paper.pdf HTTP/1.1" 200 633277
2025-02-10 00:35:56,806 - DEBUG - 텍스트 추출 및 저장 완료: texts/Adaptive subspaces for few-shot learning_1706.txt
2025-02-10 00:35:56,809 - DEBUG - Starting new HTTPS connection (1): proceedings.neurips.cc:443
2025-02-10 00:35:57,432 - DEBUG - https://proceedings.neurips.cc:443 "GET /paper_files/paper/2021/file/5c04925674920eb58467fb52ce4ef728-Paper.pdf HTTP/1.1" 200 627583
2025-02-10 00:35:58,965 - DEBUG - 텍스트 추출 및 저장 완료: texts/True few-shot learning with language models_1707.txt
2025-02-10 00:35:58,967 - DEBUG - Starting new HTTPS connection (1): arxiv.org:443
2025-02-10 00:35:59,224 - DEBUG - https://arxiv.org:443 "GET /pdf/2002.09434 HTTP/1.1" 200 452386
2025-02-10 00:35:59,957 - DEBUG - 텍스트 추출 및 저장 완료: texts/Few-shot learning via learning the representation, provably_1708.txt
2025-02-10 00:35:59,959 - DEBUG - Starting new HTTPS connection (1): ieeexplore.ieee.org:443
2025-02-10 00:36:00,242 - DEBUG - https://ieeexplore.ieee.org:443 "GET /iel7/4609443/4609444/09328476.pdf HTTP/1.1" 418 245
2025-02-10 00:36:00,243 - DEBUG - Error: HTTP 응답 코드 418 - texts/Research progress on few-shot learning for remote sensing image interpretation_1709.txt
2025-02-10 00:36:00,246 - DEBUG - Starting new HTTPS connection (1): proceedings.neurips.cc:443
2025-02-10 00:36:00,933 - DEBUG - https://proceedings.neurips.cc:443 "GET /paper/2020/file/196f5641aa9dc87067da4ff90fd81e7b-Paper.pdf HTTP/1.1" 200 677691
2025-02-10 00:36:02,158 - DEBUG - 텍스트 추출 및 저장 완료: texts/Information maximization for few-shot learning_1710.txt
2025-02-10 00:36:02,159 - DEBUG - Starting new HTTPS connection (1): openaccess.thecvf.com:443
2025-02-10 00:36:02,752 - DEBUG - https://openaccess.thecvf.com:443 "GET /content_CVPR_2019/papers/Lifchitz_Dense_Classification_and_Implanting_for_Few-Shot_Learning_CVPR_2019_paper.pdf HTTP/1.1" 200 909352
2025-02-10 00:36:04,139 - DEBUG - 텍스트 추출 및 저장 완료: texts/Dense classification and implanting for few-shot learning_1711.txt
2025-02-10 00:36:04,141 - DEBUG - Starting new HTTPS connection (1): arxiv.org:443
2025-02-10 00:36:05,279 - DEBUG - https://arxiv.org:443 "GET /pdf/1912.07200 HTTP/1.1" 200 6882090
2025-02-10 00:36:12,868 - DEBUG - 텍스트 추출 및 저장 완료: texts/A broader study of cross-domain few-shot learning_1712.txt
2025-02-10 00:36:12,874 - DEBUG - Starting new HTTPS connection (1): openaccess.thecvf.com:443
2025-02-10 00:36:13,445 - DEBUG - https://openaccess.thecvf.com:443 "GET /content/ICCV2023/papers/Cheng_Frequency_Guidance_Matters_in_Few-Shot_Learning_ICCV_2023_paper.pdf HTTP/1.1" 200 1427325
2025-02-10 00:36:16,400 - DEBUG - 텍스트 추출 및 저장 완료: texts/Frequency guidance matters in few-shot learning_1713.txt
2025-02-10 00:36:16,401 - DEBUG - Starting new HTTPS connection (1): arxiv.org:443
2025-02-10 00:36:17,454 - DEBUG - https://arxiv.org:443 "GET /pdf/2205.12446 HTTP/1.1" 200 288674
2025-02-10 00:36:17,707 - DEBUG - 텍스트 추출 및 저장 완료: texts/Fleurs Few-shot learning evaluation of universal representations of speech_1714.txt
2025-02-10 00:36:17,709 - DEBUG - Starting new HTTPS connection (1): openaccess.thecvf.com:443
2025-02-10 00:36:18,297 - DEBUG - https://openaccess.thecvf.com:443 "GET /content_CVPR_2020/papers/Yang_DPGN_Distribution_Propagation_Graph_Network_for_Few-Shot_Learning_CVPR_2020_paper.pdf HTTP/1.1" 200 21417046
2025-02-10 00:36:32,316 - DEBUG - 텍스트 추출 및 저장 완료: texts/Dpgn Distribution propagation graph network for few-shot learning_1715.txt
2025-02-10 00:36:32,319 - DEBUG - Starting new HTTPS connection (1): proceedings.neurips.cc:443
2025-02-10 00:36:32,934 - DEBUG - https://proceedings.neurips.cc:443 "GET /paper_files/paper/2022/file/960a172bc7fbf0177ccccbb411a7d800-Paper-Conference.pdf HTTP/1.1" 200 18412491
2025-02-10 00:36:43,995 - DEBUG - 텍스트 추출 및 저장 완료: texts/Flamingo a visual language model for few-shot learning_1716.txt
2025-02-10 00:36:43,997 - DEBUG - Starting new HTTPS connection (1): ieeexplore.ieee.org:443
2025-02-10 00:36:44,204 - DEBUG - https://ieeexplore.ieee.org:443 "GET /iel7/34/4359286/09832795.pdf HTTP/1.1" 418 245
2025-02-10 00:36:44,205 - DEBUG - Error: HTTP 응답 코드 418 - texts/A review of generalized zero-shot learning methods_1717.txt
2025-02-10 00:36:44,208 - DEBUG - Starting new HTTPS connection (1): drive.google.com:443
2025-02-10 00:36:44,989 - DEBUG - https://drive.google.com:443 "GET /file/d/1TOfeJPNC8jPqlU5D2647xKSYojYoTjF7/view HTTP/1.1" 200 None
2025-02-10 00:36:45,093 - DEBUG - PDF 파일 읽기 오류: EOF marker not found
2025-02-10 00:36:45,097 - DEBUG - Starting new HTTPS connection (1): proceedings.neurips.cc:443
2025-02-10 00:36:45,763 - DEBUG - https://proceedings.neurips.cc:443 "GET /paper_files/paper/2020/file/fa2431bf9d65058fe34e9713e32d60e6-Paper.pdf HTTP/1.1" 200 2334187
2025-02-10 00:36:49,235 - DEBUG - 텍스트 추출 및 저장 완료: texts/Attribute prototype network for zero-shot learning_1719.txt
2025-02-10 00:36:49,237 - DEBUG - Starting new HTTPS connection (1): arxiv.org:443
2025-02-10 00:36:50,327 - DEBUG - https://arxiv.org:443 "GET /pdf/2109.01652.pdf?trk=public_post_comment-text HTTP/1.1" 301 249
2025-02-10 00:36:50,329 - DEBUG - Starting new HTTP connection (1): arxiv.org:80
2025-02-10 00:36:50,364 - DEBUG - http://arxiv.org:80 "GET /pdf/2109.01652 HTTP/1.1" 200 1626775
2025-02-10 00:36:51,249 - DEBUG - 텍스트 추출 및 저장 완료: texts/Finetuned language models are zero-shot learners_1720.txt
2025-02-10 00:36:51,251 - DEBUG - Starting new HTTPS connection (1): arxiv.org:443
2025-02-10 00:36:52,564 - DEBUG - https://arxiv.org:443 "GET /pdf/2202.07922 HTTP/1.1" 200 678553
2025-02-10 00:36:53,165 - DEBUG - 텍스트 추출 및 저장 완료: texts/Zerogen Efficient zero-shot learning via dataset generation_1721.txt
2025-02-10 00:36:53,166 - DEBUG - Starting new HTTPS connection (1): openaccess.thecvf.com:443
2025-02-10 00:36:53,763 - DEBUG - https://openaccess.thecvf.com:443 "GET /content/CVPR2021/papers/Han_Contrastive_Embedding_for_Generalized_Zero-Shot_Learning_CVPR_2021_paper.pdf HTTP/1.1" 200 1221070
2025-02-10 00:36:55,313 - DEBUG - 텍스트 추출 및 저장 완료: texts/Contrastive embedding for generalized zero-shot learning_1722.txt
2025-02-10 00:36:55,315 - DEBUG - Starting new HTTPS connection (1): aaai.org:443
2025-02-10 00:36:56,249 - DEBUG - https://aaai.org:443 "GET /ojs/index.php/AAAI/article/view/6069/5925 HTTP/1.1" 403 146
2025-02-10 00:36:56,251 - DEBUG - Error: HTTP 응답 코드 403 - texts/Meta-learning for generalized zero-shot learning_1723.txt
2025-02-10 00:36:56,255 - DEBUG - Starting new HTTP connection (1): openaccess.thecvf.com:80
2025-02-10 00:36:56,648 - DEBUG - http://openaccess.thecvf.com:80 "GET /content_ICCV_2019/papers/Li_Rethinking_Zero-Shot_Learning_A_Conditional_Visual_Classification_Perspective_ICCV_2019_paper.pdf HTTP/1.1" 302 426
2025-02-10 00:36:56,652 - DEBUG - Starting new HTTPS connection (1): openaccess.thecvf.com:443
2025-02-10 00:36:57,268 - DEBUG - https://openaccess.thecvf.com:443 "GET /content_ICCV_2019/papers/Li_Rethinking_Zero-Shot_Learning_A_Conditional_Visual_Classification_Perspective_ICCV_2019_paper.pdf HTTP/1.1" 200 13028048
2025-02-10 00:37:14,246 - DEBUG - 텍스트 추출 및 저장 완료: texts/Rethinking zero-shot learning A conditional visual classification perspective_1724.txt
2025-02-10 00:37:14,249 - DEBUG - Starting new HTTP connection (1): openaccess.thecvf.com:80
2025-02-10 00:37:14,671 - DEBUG - http://openaccess.thecvf.com:80 "GET /content_CVPR_2019/papers/Kampffmeyer_Rethinking_Knowledge_Graph_Propagation_for_Zero-Shot_Learning_CVPR_2019_paper.pdf HTTP/1.1" 302 419
2025-02-10 00:37:14,676 - DEBUG - Starting new HTTPS connection (1): openaccess.thecvf.com:443
2025-02-10 00:37:15,253 - DEBUG - https://openaccess.thecvf.com:443 "GET /content_CVPR_2019/papers/Kampffmeyer_Rethinking_Knowledge_Graph_Propagation_for_Zero-Shot_Learning_CVPR_2019_paper.pdf HTTP/1.1" 200 1037150
2025-02-10 00:37:18,987 - DEBUG - 텍스트 추출 및 저장 완료: texts/Rethinking knowledge graph propagation for zero-shot learning_1725.txt
2025-02-10 00:37:18,989 - DEBUG - Starting new HTTP connection (1): openaccess.thecvf.com:80
2025-02-10 00:37:19,376 - DEBUG - http://openaccess.thecvf.com:80 "GET /content/ICCV2021/papers/Chen_FREE_Feature_Refinement_for_Generalized_Zero-Shot_Learning_ICCV_2021_paper.pdf HTTP/1.1" 302 408
2025-02-10 00:37:19,379 - DEBUG - Starting new HTTPS connection (1): openaccess.thecvf.com:443
2025-02-10 00:37:19,978 - DEBUG - https://openaccess.thecvf.com:443 "GET /content/ICCV2021/papers/Chen_FREE_Feature_Refinement_for_Generalized_Zero-Shot_Learning_ICCV_2021_paper.pdf HTTP/1.1" 200 4371417
2025-02-10 00:37:27,966 - DEBUG - 텍스트 추출 및 저장 완료: texts/Free Feature refinement for generalized zero-shot learning_1726.txt
2025-02-10 00:37:27,969 - DEBUG - Starting new HTTP connection (1): openaccess.thecvf.com:80
2025-02-10 00:37:28,349 - DEBUG - http://openaccess.thecvf.com:80 "GET /content/CVPR2021/papers/Mancini_Open_World_Compositional_Zero-Shot_Learning_CVPR_2021_paper.pdf HTTP/1.1" 302 396
2025-02-10 00:37:28,353 - DEBUG - Starting new HTTPS connection (1): openaccess.thecvf.com:443
2025-02-10 00:37:28,932 - DEBUG - https://openaccess.thecvf.com:443 "GET /content/CVPR2021/papers/Mancini_Open_World_Compositional_Zero-Shot_Learning_CVPR_2021_paper.pdf HTTP/1.1" 200 1947711
2025-02-10 00:37:31,878 - DEBUG - 텍스트 추출 및 저장 완료: texts/Open world compositional zero-shot learning_1727.txt
2025-02-10 00:37:31,880 - DEBUG - Starting new HTTPS connection (1): openaccess.thecvf.com:443
2025-02-10 00:37:32,456 - DEBUG - https://openaccess.thecvf.com:443 "GET /content_CVPR_2019/papers/Li_Leveraging_the_Invariant_Side_of_Generative_Zero-Shot_Learning_CVPR_2019_paper.pdf HTTP/1.1" 200 797082
2025-02-10 00:37:34,842 - DEBUG - 텍스트 추출 및 저장 완료: texts/Leveraging the invariant side of generative zero-shot learning_1728.txt
2025-02-10 00:37:34,851 - DEBUG - Starting new HTTPS connection (1): see.xidian.edu.cn:443
2025-02-10 00:37:37,218 - DEBUG - https://see.xidian.edu.cn:443 "GET /faculty/chdeng/Welcome%20to%20Cheng%20Deng's%20Homepage_files/Papers/Conference/IJCAI2020_Kun.pdf HTTP/1.1" 200 440593
2025-02-10 00:37:40,576 - DEBUG - 텍스트 추출 및 저장 완료: texts/Lifelong Zero-Shot Learning._1729.txt
2025-02-10 00:37:40,578 - DEBUG - Starting new HTTP connection (1): openaccess.thecvf.com:80
2025-02-10 00:37:40,956 - DEBUG - http://openaccess.thecvf.com:80 "GET /content/ICCV2021/papers/Chen_Semantics_Disentangling_for_Generalized_Zero-Shot_Learning_ICCV_2021_paper.pdf HTTP/1.1" 302 408
2025-02-10 00:37:40,959 - DEBUG - Starting new HTTPS connection (1): openaccess.thecvf.com:443
2025-02-10 00:37:41,549 - DEBUG - https://openaccess.thecvf.com:443 "GET /content/ICCV2021/papers/Chen_Semantics_Disentangling_for_Generalized_Zero-Shot_Learning_ICCV_2021_paper.pdf HTTP/1.1" 200 1836960
2025-02-10 00:37:43,698 - DEBUG - 텍스트 추출 및 저장 완료: texts/Semantics disentangling for generalized zero-shot learning_1730.txt
2025-02-10 00:37:43,700 - DEBUG - Starting new HTTPS connection (1): openaccess.thecvf.com:443
2025-02-10 00:37:44,307 - DEBUG - https://openaccess.thecvf.com:443 "GET /content_CVPR_2020/papers/Keshari_Generalized_Zero-Shot_Learning_via_Over-Complete_Distribution_CVPR_2020_paper.pdf HTTP/1.1" 200 1419635
2025-02-10 00:37:46,841 - DEBUG - 텍스트 추출 및 저장 완료: texts/Generalized zero-shot learning via over-complete distribution_1731.txt
2025-02-10 00:37:46,843 - DEBUG - Starting new HTTP connection (1): openaccess.thecvf.com:80
2025-02-10 00:37:47,249 - DEBUG - http://openaccess.thecvf.com:80 "GET /content_CVPR_2019/papers/Xie_Attentive_Region_Embedding_Network_for_Zero-Shot_Learning_CVPR_2019_paper.pdf HTTP/1.1" 302 407
2025-02-10 00:37:47,252 - DEBUG - Starting new HTTPS connection (1): openaccess.thecvf.com:443
2025-02-10 00:37:47,834 - DEBUG - https://openaccess.thecvf.com:443 "GET /content_CVPR_2019/papers/Xie_Attentive_Region_Embedding_Network_for_Zero-Shot_Learning_CVPR_2019_paper.pdf HTTP/1.1" 200 2752553
2025-02-10 00:37:52,704 - DEBUG - 텍스트 추출 및 저장 완료: texts/Attentive region embedding network for zero-shot learning_1732.txt
2025-02-10 00:37:52,706 - DEBUG - Starting new HTTP connection (1): openaccess.thecvf.com:80
2025-02-10 00:37:53,092 - DEBUG - http://openaccess.thecvf.com:80 "GET /content_ICCV_2019/papers/Jiang_Transferable_Contrastive_Network_for_Generalized_Zero-Shot_Learning_ICCV_2019_paper.pdf HTTP/1.1" 302 419
2025-02-10 00:37:53,097 - DEBUG - Starting new HTTPS connection (1): openaccess.thecvf.com:443
2025-02-10 00:37:54,714 - DEBUG - https://openaccess.thecvf.com:443 "GET /content_ICCV_2019/papers/Jiang_Transferable_Contrastive_Network_for_Generalized_Zero-Shot_Learning_ICCV_2019_paper.pdf HTTP/1.1" 200 1140068
2025-02-10 00:37:56,242 - DEBUG - 텍스트 추출 및 저장 완료: texts/Transferable contrastive network for generalized zero-shot learning_1733.txt
2025-02-10 00:37:56,243 - DEBUG - Starting new HTTPS connection (1): arxiv.org:443
2025-02-10 00:37:56,302 - DEBUG - https://arxiv.org:443 "GET /pdf/2002.05646 HTTP/1.1" 200 267173
2025-02-10 00:37:56,494 - DEBUG - 텍스트 추출 및 저장 완료: texts/Adversarial machine learning-industry perspectives_1734.txt
2025-02-10 00:37:56,495 - DEBUG - Starting new HTTPS connection (1): arxiv.org:443
2025-02-10 00:37:57,967 - DEBUG - https://arxiv.org:443 "GET /pdf/1911.05268 HTTP/1.1" 200 6587536
2025-02-10 00:38:05,427 - DEBUG - 텍스트 추출 및 저장 완료: texts/Adversarial examples in modern machine learning A review_1735.txt
2025-02-10 00:38:05,430 - DEBUG - Starting new HTTPS connection (1): arxiv.org:443
2025-02-10 00:38:06,823 - DEBUG - https://arxiv.org:443 "GET /pdf/2007.02407 HTTP/1.1" 200 730516
2025-02-10 00:38:07,497 - DEBUG - 텍스트 추출 및 저장 완료: texts/Adversarial machine learning attacks and defense methods in the cyber security domain_1736.txt
2025-02-10 00:38:07,499 - DEBUG - Starting new HTTPS connection (1): link.aps.org:443
2025-02-10 00:38:08,288 - DEBUG - https://link.aps.org:443 "GET /pdf/10.1103/PhysRevResearch.2.033212 HTTP/1.1" 302 0
2025-02-10 00:38:08,290 - DEBUG - Starting new HTTPS connection (1): journals.aps.org:443
2025-02-10 00:38:09,461 - DEBUG - https://journals.aps.org:443 "GET /prresearch/pdf/10.1103/PhysRevResearch.2.033212 HTTP/1.1" 403 None
2025-02-10 00:38:09,470 - DEBUG - Error: HTTP 응답 코드 403 - texts/Quantum adversarial machine learning_1737.txt
2025-02-10 00:38:09,472 - DEBUG - Starting new HTTPS connection (1): csrc.nist.rip:443
2025-02-10 00:38:11,828 - DEBUG - https://csrc.nist.rip:443 "GET /external/nvlpubs.nist.gov/nistpubs/ir/2019/NIST.IR.8269-draft.pdf HTTP/1.1" 200 804286
2025-02-10 00:38:15,231 - DEBUG - 텍스트 추출 및 저장 완료: texts/A taxonomy and terminology of adversarial machine learning_1738.txt
2025-02-10 00:38:15,233 - DEBUG - Starting new HTTPS connection (1): thesciencebrigade.com:443
2025-02-10 00:38:16,516 - DEBUG - https://thesciencebrigade.com:443 "GET /jcir/article/download/118/119 HTTP/1.1" 406 None
2025-02-10 00:38:16,517 - DEBUG - Error: HTTP 응답 코드 406 - texts/Adversarial Machine Learning in the Context of Network Security Challenges and Solutions_1739.txt
2025-02-10 00:38:16,519 - DEBUG - Starting new HTTPS connection (1): arxiv.org:443
2025-02-10 00:38:17,764 - DEBUG - https://arxiv.org:443 "GET /pdf/2004.11898 HTTP/1.1" 200 755350
2025-02-10 00:38:18,227 - DEBUG - 텍스트 추출 및 저장 완료: texts/Adversarial machine learning in network intrusion detection systems_1740.txt
2025-02-10 00:38:18,228 - DEBUG - Starting new HTTPS connection (1): arxiv.org:443
2025-02-10 00:38:18,545 - DEBUG - https://arxiv.org:443 "GET /pdf/1911.02621 HTTP/1.1" 200 3431248
2025-02-10 00:38:20,903 - DEBUG - 텍스트 추출 및 저장 완료: texts/The Threat of Adversarial Attacks on Machine Learning in Network Security--A Survey_1741.txt
2025-02-10 00:38:20,904 - DEBUG - Starting new HTTPS connection (1): arxiv.org:443
2025-02-10 00:38:21,236 - DEBUG - https://arxiv.org:443 "GET /pdf/2009.03728 HTTP/1.1" 200 1960352
2025-02-10 00:38:22,319 - DEBUG - 텍스트 추출 및 저장 완료: texts/Adversarial machine learning in image classification A survey toward the defender's perspective_1742.txt
2025-02-10 00:38:22,321 - DEBUG - Starting new HTTPS connection (1): ieeexplore.ieee.org:443
2025-02-10 00:38:22,670 - DEBUG - https://ieeexplore.ieee.org:443 "GET /iel7/6287639/6514899/09001114.pdf HTTP/1.1" 418 245
2025-02-10 00:38:22,672 - DEBUG - Error: HTTP 응답 코드 418 - texts/Adversarial machine learning applied to intrusion and malware scenarios a systematic review_1743.txt
2025-02-10 00:38:22,678 - DEBUG - Starting new HTTPS connection (1): users.ics.forth.gr:443
2025-02-10 00:38:25,595 - DEBUG - https://users.ics.forth.gr:443 "GET /~zarras/files/CSR_2023_Defense.pdf HTTP/1.1" 200 450547
2025-02-10 00:38:28,513 - DEBUG - 텍스트 추출 및 저장 완료: texts/Defense strategies for adversarial machine learning A survey_1744.txt
2025-02-10 00:38:28,515 - DEBUG - Starting new HTTPS connection (1): www.ccdcoe.org:443
2025-02-10 00:38:30,846 - DEBUG - https://www.ccdcoe.org:443 "GET /uploads/2019/06/Art_21_Addressing-Adversalial-Attacks.pdf HTTP/1.1" 200 2829661
2025-02-10 00:38:32,878 - DEBUG - 텍스트 추출 및 저장 완료: texts/Addressing adversarial attacks against security systems based on machine learning_1745.txt
2025-02-10 00:38:32,880 - DEBUG - Starting new HTTPS connection (1): arxiv.org:443
2025-02-10 00:38:33,228 - DEBUG - https://arxiv.org:443 "GET /pdf/2010.09680 HTTP/1.1" 200 3323607
2025-02-10 00:38:37,226 - DEBUG - 텍스트 추출 및 저장 완료: texts/A survey of machine learning techniques in adversarial image forensics_1746.txt
2025-02-10 00:38:37,227 - DEBUG - Starting new HTTPS connection (1): arxiv.org:443
2025-02-10 00:38:38,744 - DEBUG - https://arxiv.org:443 "GET /pdf/1811.03194 HTTP/1.1" 200 8380022
2025-02-10 00:38:46,797 - DEBUG - 텍스트 추출 및 저장 완료: texts/Adversarial Perceptual ad blocking meets adversarial machine learning_1747.txt
2025-02-10 00:38:46,799 - DEBUG - Starting new HTTPS connection (1): arxiv.org:443
2025-02-10 00:38:48,594 - DEBUG - https://arxiv.org:443 "GET /pdf/1904.09433 HTTP/1.1" 200 2634639
2025-02-10 00:38:51,084 - DEBUG - 텍스트 추출 및 저장 완료: texts/Can machine learning model with static features be fooled an adversarial machine learning approach_1748.txt
2025-02-10 00:38:51,085 - DEBUG - Starting new HTTPS connection (1): dl.acm.org:443
2025-02-10 00:38:51,485 - DEBUG - https://dl.acm.org:443 "GET /doi/pdf/10.1145/3319535.3354211 HTTP/1.1" 302 0
2025-02-10 00:38:51,578 - DEBUG - https://dl.acm.org:443 "GET /doi/pdf/10.1145/3319535.3354211?cookieSet=1 HTTP/1.1" 302 0
2025-02-10 00:38:51,975 - DEBUG - https://dl.acm.org:443 "GET /doi/pdf/10.1145/3319535.3354211 HTTP/1.1" 200 None
2025-02-10 00:38:53,684 - DEBUG - 텍스트 추출 및 저장 완료: texts/Privacy risks of securing machine learning models against adversarial examples_1749.txt
2025-02-10 00:38:53,685 - DEBUG - Starting new HTTPS connection (1): proceedings.neurips.cc:443
2025-02-10 00:38:54,333 - DEBUG - https://proceedings.neurips.cc:443 "GET /paper_files/paper/2020/file/61d77652c97ef636343742fc3dcf3ba9-Paper.pdf HTTP/1.1" 200 875468
2025-02-10 00:38:55,382 - DEBUG - 텍스트 추출 및 저장 완료: texts/A closer look at accuracy vs. robustness_1750.txt
2025-02-10 00:38:55,383 - DEBUG - Starting new HTTPS connection (1): dl.acm.org:443
2025-02-10 00:38:55,827 - DEBUG - https://dl.acm.org:443 "GET /doi/pdf/10.1145/3555803 HTTP/1.1" 302 0
2025-02-10 00:38:55,914 - DEBUG - https://dl.acm.org:443 "GET /doi/pdf/10.1145/3555803?cookieSet=1 HTTP/1.1" 302 0
2025-02-10 00:38:56,370 - DEBUG - https://dl.acm.org:443 "GET /doi/pdf/10.1145/3555803 HTTP/1.1" 200 None
2025-02-10 00:38:58,157 - DEBUG - 텍스트 추출 및 저장 완료: texts/Trustworthy AI From principles to practices_1751.txt
2025-02-10 00:38:58,159 - DEBUG - Starting new HTTPS connection (1): arxiv.org:443
2025-02-10 00:38:58,473 - DEBUG - https://arxiv.org:443 "GET /pdf/2002.06177 HTTP/1.1" 200 3390365
2025-02-10 00:39:05,059 - DEBUG - 텍스트 추출 및 저장 완료: texts/The next decade in AI four steps towards robust artificial intelligence_1752.txt
2025-02-10 00:39:05,061 - DEBUG - Starting new HTTPS connection (1): arxiv.org:443
2025-02-10 00:39:06,207 - DEBUG - https://arxiv.org:443 "GET /pdf/2302.12095 HTTP/1.1" 200 539429
2025-02-10 00:39:06,553 - DEBUG - 텍스트 추출 및 저장 완료: texts/On the robustness of chatgpt An adversarial and out-of-distribution perspective_1753.txt
2025-02-10 00:39:06,555 - DEBUG - Starting new HTTPS connection (1): www.mdpi.com:443
2025-02-10 00:39:07,010 - DEBUG - https://www.mdpi.com:443 "GET /2076-3417/9/5/909/pdf HTTP/1.1" 302 None
2025-02-10 00:39:07,013 - DEBUG - Starting new HTTPS connection (1): mdpi-res.com:443
2025-02-10 00:39:08,433 - DEBUG - https://mdpi-res.com:443 "GET /d_attachment/applsci/applsci-09-00909/article_deploy/applsci-09-00909.pdf?version=1551689559 HTTP/1.1" 200 10531883
2025-02-10 00:39:13,758 - DEBUG - 텍스트 추출 및 저장 완료: texts/Review of artificial intelligence adversarial attack and defense technologies_1754.txt
2025-02-10 00:39:13,765 - DEBUG - Starting new HTTP connection (1): scis.scichina.com:80
2025-02-10 00:39:14,288 - DEBUG - http://scis.scichina.com:80 "GET /en/2023/121101.pdf HTTP/1.1" 200 907633
2025-02-10 00:39:18,951 - DEBUG - 텍스트 추출 및 저장 완료: texts/Toward the third generation artificial intelligence_1755.txt
2025-02-10 00:39:18,953 - DEBUG - Starting new HTTPS connection (1): arxiv.org:443
2025-02-10 00:39:20,250 - DEBUG - https://arxiv.org:443 "GET /pdf/1909.06122 HTTP/1.1" 200 1427091
2025-02-10 00:39:22,369 - DEBUG - 텍스트 추출 및 저장 완료: texts/Fakespotter A simple yet robust baseline for spotting ai-synthesized fake faces_1756.txt
2025-02-10 00:39:22,370 - DEBUG - Starting new HTTPS connection (1): arxiv.org:443
2025-02-10 00:39:23,660 - DEBUG - https://arxiv.org:443 "GET /pdf/2012.06337 HTTP/1.1" 200 2603654
2025-02-10 00:39:26,460 - DEBUG - 텍스트 추출 및 저장 완료: texts/Privacy and robustness in federated learning Attacks and defenses_1757.txt
2025-02-10 00:39:26,462 - DEBUG - Starting new HTTPS connection (1): openaccess.city.ac.uk:443
2025-02-10 00:39:28,176 - DEBUG - https://openaccess.city.ac.uk:443 "GET /id/eprint/32536/1/2012.05876.pdf HTTP/1.1" 200 429531
2025-02-10 00:39:29,909 - DEBUG - 텍스트 추출 및 저장 완료: texts/Neurosymbolic AI the 3rd wave_1758.txt
2025-02-10 00:39:29,911 - DEBUG - Starting new HTTPS connection (1): www.nature.com:443
2025-02-10 00:39:30,241 - DEBUG - https://www.nature.com:443 "GET /articles/s41746-019-0096-y.pdf HTTP/1.1" 303 150
2025-02-10 00:39:30,243 - DEBUG - Starting new HTTPS connection (1): idp.nature.com:443
2025-02-10 00:39:30,548 - DEBUG - https://idp.nature.com:443 "GET /authorize?response_type=cookie&client_id=grover&redirect_uri=https%3A%2F%2Fwww.nature.com%2Farticles%2Fs41746-019-0096-y.pdf HTTP/1.1" 302 0
2025-02-10 00:39:30,831 - DEBUG - https://idp.nature.com:443 "GET /transit?redirect_uri=https%3A%2F%2Fwww.nature.com%2Farticles%2Fs41746-019-0096-y.pdf&code=6e73ed1c-35ca-4a62-bddc-e02328217028 HTTP/1.1" 302 0
2025-02-10 00:39:31,709 - DEBUG - https://www.nature.com:443 "GET /articles/s41746-019-0096-y.pdf HTTP/1.1" 200 3047674
2025-02-10 00:39:41,014 - DEBUG - 텍스트 추출 및 저장 완료: texts/Deep learning enables robust assessment and selection of human blastocysts after in vitro fertilization_1759.txt
2025-02-10 00:39:41,016 - DEBUG - Starting new HTTPS connection (1): www.researchgate.net:443
2025-02-10 00:39:41,175 - DEBUG - https://www.researchgate.net:443 "GET /profile/Jiayuan-Li/publication/337993249_RIFT_Multi-Modal_Image_Matching_Based_on_Radiation-Variation_Insensitive_Feature_Transform/links/62562adb39e3930c94bea608/RIFT-Multi-Modal-Image-Matching-Based-on-Radiation-Variation-Insensitive-Feature-Transform.pdf HTTP/1.1" 403 None
2025-02-10 00:39:41,180 - DEBUG - Error: HTTP 응답 코드 403 - texts/RIFT Multi-modal image matching based on radiation-variation insensitive feature transform_1760.txt
2025-02-10 00:39:41,183 - DEBUG - Starting new HTTPS connection (1): arxiv.org:443
2025-02-10 00:39:41,231 - DEBUG - https://arxiv.org:443 "GET /pdf/2010.09670 HTTP/1.1" 200 1852914
2025-02-10 00:39:42,586 - DEBUG - 텍스트 추출 및 저장 완료: texts/Robustbench a standardized adversarial robustness benchmark_1761.txt
2025-02-10 00:39:42,587 - DEBUG - Starting new HTTPS connection (1): arxiv.org:443
2025-02-10 00:39:43,477 - DEBUG - https://arxiv.org:443 "GET /pdf/1912.05744 HTTP/1.1" 200 2719478
2025-02-10 00:39:46,044 - DEBUG - 텍스트 추출 및 저장 완료: texts/Artificial-intelligence-enabled intelligent 6G networks_1762.txt
2025-02-10 00:39:46,046 - DEBUG - Starting new HTTPS connection (1): papers.ssrn.com:443
2025-02-10 00:39:48,265 - DEBUG - https://papers.ssrn.com:443 "GET /sol3/Delivery.cfm?abstractid=3858392 HTTP/1.1" 302 None
2025-02-10 00:39:48,330 - DEBUG - https://papers.ssrn.com:443 "GET /sol3/papers.cfm?abstract_id=3858392 HTTP/1.1" 429 8483
2025-02-10 00:39:48,333 - DEBUG - Error: HTTP 응답 코드 429 - texts/Establishing the rules for building trustworthy AI_1763.txt
2025-02-10 00:39:48,339 - DEBUG - Starting new HTTPS connection (1): journals.sagepub.com:443
2025-02-10 00:39:48,614 - DEBUG - https://journals.sagepub.com:443 "GET /doi/pdf/10.1177/0022034520915714 HTTP/1.1" 403 None
2025-02-10 00:39:48,637 - DEBUG - Error: HTTP 응답 코드 403 - texts/Artificial intelligence in dentistry chances and challenges_1764.txt
2025-02-10 00:39:48,642 - DEBUG - Starting new HTTPS connection (1): www.academia.edu:443
2025-02-10 00:39:49,838 - DEBUG - https://www.academia.edu:443 "GET /download/119017293/386_409_ijmlrcai_2021.pdf HTTP/1.1" 404 16226
2025-02-10 00:39:49,844 - DEBUG - Error: HTTP 응답 코드 404 - texts/AI-Driven Predictive Maintenance in Relational Database Systems_1765.txt
2025-02-10 00:39:49,846 - DEBUG - Starting new HTTPS connection (1): arxiv.org:443
2025-02-10 00:39:49,906 - DEBUG - https://arxiv.org:443 "GET /pdf/2101.05428 HTTP/1.1" 200 708055
2025-02-10 00:39:51,297 - DEBUG - 텍스트 추출 및 저장 완료: texts/Federated learning Opportunities and challenges_1766.txt
2025-02-10 00:39:51,298 - DEBUG - Starting new HTTPS connection (1): link.springer.com:443
2025-02-10 00:39:51,668 - DEBUG - https://link.springer.com:443 "GET /content/pdf/10.1007/s13042-022-01647-y.pdf HTTP/1.1" 303 0
2025-02-10 00:39:51,673 - DEBUG - Starting new HTTPS connection (1): idp.springer.com:443
2025-02-10 00:39:52,081 - DEBUG - https://idp.springer.com:443 "GET /authorize?response_type=cookie&client_id=springerlink&redirect_uri=https%3A%2F%2Flink.springer.com%2Fcontent%2Fpdf%2F10.1007%2Fs13042-022-01647-y.pdf HTTP/1.1" 302 0
2025-02-10 00:39:52,837 - DEBUG - https://link.springer.com:443 "GET /content/pdf/10.1007/s13042-022-01647-y.pdf HTTP/1.1" 200 2486586
2025-02-10 00:39:55,686 - DEBUG - 텍스트 추출 및 저장 완료: texts/A survey on federated learning challenges and applications_1767.txt
2025-02-10 00:39:55,688 - DEBUG - Starting new HTTPS connection (1): arxiv.org:443
2025-02-10 00:39:56,171 - DEBUG - https://arxiv.org:443 "GET /pdf/1908.07873 HTTP/1.1" 200 2487520
2025-02-10 00:39:59,432 - DEBUG - 텍스트 추출 및 저장 완료: texts/Federated learning Challenges, methods, and future directions_1768.txt
2025-02-10 00:39:59,433 - DEBUG - Starting new HTTPS connection (1): openaccess.thecvf.com:443
2025-02-10 00:40:00,023 - DEBUG - https://openaccess.thecvf.com:443 "GET /content/CVPR2021/papers/Li_Model-Contrastive_Federated_Learning_CVPR_2021_paper.pdf HTTP/1.1" 200 2985594
2025-02-10 00:40:04,248 - DEBUG - 텍스트 추출 및 저장 완료: texts/Model-contrastive federated learning_1769.txt
2025-02-10 00:40:04,257 - DEBUG - Starting new HTTPS connection (1): www.nowpublishers.com:443
2025-02-10 00:40:05,516 - DEBUG - https://www.nowpublishers.com:443 "GET /article/DownloadSummary/MAL-083 HTTP/1.1" 200 1348328
2025-02-10 00:40:07,460 - DEBUG - 텍스트 추출 및 저장 완료: texts/Advances and open problems in federated learning_1770.txt
2025-02-10 00:40:07,461 - DEBUG - Starting new HTTP connection (1): proceedings.mlr.press:80
2025-02-10 00:40:08,871 - DEBUG - http://proceedings.mlr.press:80 "GET /v97/mohri19a/mohri19a.pdf HTTP/1.1" 200 531669
2025-02-10 00:40:09,223 - DEBUG - 텍스트 추출 및 저장 완료: texts/Agnostic federated learning_1771.txt
2025-02-10 00:40:09,225 - DEBUG - Starting new HTTPS connection (1): arxiv.org:443
2025-02-10 00:40:09,933 - DEBUG - https://arxiv.org:443 "GET /pdf/1808.03949 HTTP/1.1" 200 2095694
2025-02-10 00:40:11,267 - DEBUG - 텍스트 추출 및 저장 완료: texts/Blockchained on-device federated learning_1772.txt
2025-02-10 00:40:11,269 - DEBUG - Starting new HTTPS connection (1): link.springer.com:443
2025-02-10 00:40:11,571 - DEBUG - https://link.springer.com:443 "GET /content/pdf/10.1007/s41666-020-00082-4.pdf HTTP/1.1" 303 0
2025-02-10 00:40:11,575 - DEBUG - Starting new HTTPS connection (1): idp.springer.com:443
2025-02-10 00:40:11,870 - DEBUG - https://idp.springer.com:443 "GET /authorize?response_type=cookie&client_id=springerlink&redirect_uri=https%3A%2F%2Flink.springer.com%2Fcontent%2Fpdf%2F10.1007%2Fs41666-020-00082-4.pdf HTTP/1.1" 302 0
2025-02-10 00:40:12,660 - DEBUG - https://link.springer.com:443 "GET /content/pdf/10.1007/s41666-020-00082-4.pdf HTTP/1.1" 200 938397
2025-02-10 00:40:16,399 - DEBUG - 텍스트 추출 및 저장 완료: texts/Federated learning for healthcare informatics_1773.txt
2025-02-10 00:40:16,400 - DEBUG - Starting new HTTPS connection (1): arxiv.org:443
2025-02-10 00:40:17,859 - DEBUG - https://arxiv.org:443 "GET /pdf/2103.00710 HTTP/1.1" 200 2681561
2025-02-10 00:40:20,181 - DEBUG - 텍스트 추출 및 저장 완료: texts/Towards personalized federated learning_1774.txt
2025-02-10 00:40:20,183 - DEBUG - Starting new HTTPS connection (1): arxiv.org:443
2025-02-10 00:40:21,212 - DEBUG - https://arxiv.org:443 "GET /pdf/1909.12641 HTTP/1.1" 200 335696
2025-02-10 00:40:21,409 - DEBUG - 텍스트 추출 및 저장 완료: texts/Active federated learning_1775.txt
2025-02-10 00:40:21,411 - DEBUG - Starting new HTTPS connection (1): arxiv.org:443
2025-02-10 00:40:22,559 - DEBUG - https://arxiv.org:443 "GET /pdf/2003.02133 HTTP/1.1" 200 399776
2025-02-10 00:40:22,830 - DEBUG - 텍스트 추출 및 저장 완료: texts/Threats to federated learning A survey_1776.txt
2025-02-10 00:40:22,831 - DEBUG - Starting new HTTPS connection (1): arxiv.org:443
2025-02-10 00:40:24,490 - DEBUG - https://arxiv.org:443 "GET /pdf/2005.05265 HTTP/1.1" 200 1404068
2025-02-10 00:40:25,251 - DEBUG - 텍스트 추출 및 저장 완료: texts/Federated learning and wireless communications_1777.txt
2025-02-10 00:40:25,252 - DEBUG - Starting new HTTPS connection (1): ojs.aaai.org:443
2025-02-10 00:40:26,413 - DEBUG - https://ojs.aaai.org:443 "GET /index.php/AAAI/article/download/20825/20584 HTTP/1.1" 403 252
2025-02-10 00:40:26,415 - DEBUG - Error: HTTP 응답 코드 403 - texts/Splitfed When federated learning meets split learning_1778.txt
2025-02-10 00:40:26,416 - DEBUG - Starting new HTTPS connection (1): ieeexplore.ieee.org:443
2025-02-10 00:40:26,642 - DEBUG - https://ieeexplore.ieee.org:443 "GET /iel7/9739/5451756/09415623.pdf HTTP/1.1" 418 245
2025-02-10 00:40:26,644 - DEBUG - Error: HTTP 응답 코드 418 - texts/Federated learning for internet of things A comprehensive survey_1779.txt
2025-02-10 00:40:26,649 - DEBUG - Starting new HTTPS connection (1): arxiv.org:443
2025-02-10 00:40:27,961 - DEBUG - https://arxiv.org:443 "GET /pdf/2111.04263 HTTP/1.1" 200 2783819
2025-02-10 00:40:30,192 - DEBUG - 텍스트 추출 및 저장 완료: texts/Federated learning based on dynamic regularization_1780.txt
2025-02-10 00:40:30,197 - DEBUG - Starting new HTTPS connection (1): arxiv.org:443
2025-02-10 00:40:30,525 - DEBUG - https://arxiv.org:443 "GET /pdf/2002.09668 HTTP/1.1" 200 2937785
2025-02-10 00:40:34,233 - DEBUG - 텍스트 추출 및 저장 완료: texts/Communication-efficient edge AI Algorithms and systems_1781.txt
2025-02-10 00:40:34,234 - DEBUG - Starting new HTTPS connection (1): arxiv.org:443
2025-02-10 00:40:34,593 - DEBUG - https://arxiv.org:443 "GET /pdf/1809.07857 HTTP/1.1" 200 1182166
2025-02-10 00:40:36,315 - DEBUG - 텍스트 추출 및 저장 완료: texts/In-edge ai Intelligentizing mobile edge computing, caching and communication by federated learning_1782.txt
2025-02-10 00:40:36,320 - DEBUG - Starting new HTTPS connection (1): arxiv.org:443
2025-02-10 00:40:37,585 - DEBUG - https://arxiv.org:443 "GET /pdf/1910.05316 HTTP/1.1" 200 889269
2025-02-10 00:40:38,821 - DEBUG - 텍스트 추출 및 저장 완료: texts/Edge AI On-demand accelerating deep neural network inference via edge computing_1783.txt
2025-02-10 00:40:38,823 - DEBUG - Starting new HTTPS connection (1): ieeexplore.ieee.org:443
2025-02-10 00:40:39,082 - DEBUG - https://ieeexplore.ieee.org:443 "GET /iel7/49/9653871/09606720.pdf HTTP/1.1" 418 245
2025-02-10 00:40:39,083 - DEBUG - Error: HTTP 응답 코드 418 - texts/Edge artificial intelligence for 6G Vision, enabling technologies, and applications_1784.txt
2025-02-10 00:40:39,087 - DEBUG - Starting new HTTPS connection (1): arxiv.org:443
2025-02-10 00:40:39,126 - DEBUG - https://arxiv.org:443 "GET /pdf/1909.00560 HTTP/1.1" 200 1607535
2025-02-10 00:40:40,435 - DEBUG - 텍스트 추출 및 저장 완료: texts/Edge intelligence The confluence of edge computing and artificial intelligence_1785.txt
2025-02-10 00:40:40,436 - DEBUG - Starting new HTTPS connection (1): ieeexplore.ieee.org:443
2025-02-10 00:40:41,024 - DEBUG - https://ieeexplore.ieee.org:443 "GET /iel7/6488907/9866069/09778241.pdf HTTP/1.1" 418 245
2025-02-10 00:40:41,026 - DEBUG - Error: HTTP 응답 코드 418 - texts/A survey on the convergence of edge computing and AI for UAVs Opportunities and challenges_1786.txt
2025-02-10 00:40:41,032 - DEBUG - Starting new HTTPS connection (1): ieeexplore.ieee.org:443
2025-02-10 00:40:41,826 - DEBUG - https://ieeexplore.ieee.org:443 "GET /iel7/5/4357935/08736011.pdf HTTP/1.1" 418 245
2025-02-10 00:40:41,827 - DEBUG - Error: HTTP 응답 코드 418 - texts/Edge intelligence Paving the last mile of artificial intelligence with edge computing_1787.txt
2025-02-10 00:40:41,829 - DEBUG - Starting new HTTPS connection (1): arxiv.org:443
2025-02-10 00:40:42,174 - DEBUG - https://arxiv.org:443 "GET /pdf/2102.01255 HTTP/1.1" 200 1804323
2025-02-10 00:40:43,270 - DEBUG - 텍스트 추출 및 저장 완료: texts/TinyML for ubiquitous edge AI_1788.txt
2025-02-10 00:40:43,272 - DEBUG - Starting new HTTPS connection (1): www.mdpi.com:443
2025-02-10 00:40:43,765 - DEBUG - https://www.mdpi.com:443 "GET /1424-8220/20/9/2533/pdf HTTP/1.1" 302 None
2025-02-10 00:40:43,770 - DEBUG - Starting new HTTPS connection (1): mdpi-res.com:443
2025-02-10 00:40:45,713 - DEBUG - https://mdpi-res.com:443 "GET /d_attachment/sensors/sensors-20-02533/article_deploy/sensors-20-02533-v2.pdf?version=1589338738 HTTP/1.1" 200 4248082
2025-02-10 00:40:48,663 - DEBUG - 텍스트 추출 및 저장 완료: texts/Edge machine learning for ai-enabled iot devices A review_1789.txt
2025-02-10 00:40:48,666 - DEBUG - Starting new HTTPS connection (1): dl.acm.org:443
2025-02-10 00:40:49,217 - DEBUG - https://dl.acm.org:443 "GET /doi/pdf/10.1145/3555802 HTTP/1.1" 302 0
2025-02-10 00:40:49,286 - DEBUG - https://dl.acm.org:443 "GET /doi/pdf/10.1145/3555802?cookieSet=1 HTTP/1.1" 302 0
2025-02-10 00:40:49,651 - DEBUG - https://dl.acm.org:443 "GET /doi/pdf/10.1145/3555802 HTTP/1.1" 200 None
2025-02-10 00:40:51,000 - DEBUG - 텍스트 추출 및 저장 완료: texts/Edge computing with artificial intelligence A machine learning perspective_1790.txt
2025-02-10 00:40:51,001 - DEBUG - Starting new HTTPS connection (1): fardapaper.ir:443
2025-02-10 00:40:53,035 - DEBUG - https://fardapaper.ir:443 "GET /mohavaha/uploads/2019/09/Fardapaper-Artificial-Intelligence-Driven-Mechanism-for-Edge-Computing-Based-Industrial-Applications.pdf HTTP/1.1" 200 764432
2025-02-10 00:40:58,332 - DEBUG - 텍스트 추출 및 저장 완료: texts/Artificial intelligence-driven mechanism for edge computing-based industrial applications_1791.txt
2025-02-10 00:40:58,334 - DEBUG - Starting new HTTPS connection (1): ieeexplore.ieee.org:443
2025-02-10 00:40:58,582 - DEBUG - https://ieeexplore.ieee.org:443 "GET /iel7/34/4359286/10403985.pdf HTTP/1.1" 418 245
2025-02-10 00:40:58,583 - DEBUG - Error: HTTP 응답 코드 418 - texts/AIfES A Next-Generation Edge AI Framework_1792.txt
2025-02-10 00:40:58,587 - DEBUG - Starting new HTTPS connection (1): arxiv.org:443
2025-02-10 00:40:58,638 - DEBUG - https://arxiv.org:443 "GET /pdf/2111.06061 HTTP/1.1" 200 9867652
2025-02-10 00:41:02,128 - DEBUG - 텍스트 추출 및 저장 완료: texts/Edge-cloud polarization and collaboration A comprehensive survey for ai_1793.txt
2025-02-10 00:41:02,131 - DEBUG - Starting new HTTPS connection (1): www.mdpi.com:443
2025-02-10 00:41:02,634 - DEBUG - https://www.mdpi.com:443 "GET /1424-8220/21/15/5082/pdf HTTP/1.1" 302 None
2025-02-10 00:41:02,639 - DEBUG - Starting new HTTPS connection (1): mdpi-res.com:443
2025-02-10 00:41:03,675 - DEBUG - https://mdpi-res.com:443 "GET /d_attachment/sensors/sensors-21-05082/article_deploy/sensors-21-05082-v2.pdf?version=1627460715 HTTP/1.1" 200 10511106
2025-02-10 00:41:07,759 - DEBUG - 텍스트 추출 및 저장 완료: texts/Wearable edge AI applications for ecological environments_1794.txt
2025-02-10 00:41:07,761 - DEBUG - Starting new HTTPS connection (1): onlinelibrary.wiley.com:443
2025-02-10 00:41:07,827 - DEBUG - https://onlinelibrary.wiley.com:443 "GET /doi/pdf/10.1155/2021/6262194 HTTP/1.1" 403 None
2025-02-10 00:41:07,829 - DEBUG - Error: HTTP 응답 코드 403 - texts/Edge AI‐Based Automated Detection and Classification of Road Anomalies in VANET Using Deep Learning_1795.txt
2025-02-10 00:41:07,830 - DEBUG - Starting new HTTPS connection (1): ieeexplore.ieee.org:443
2025-02-10 00:41:08,396 - DEBUG - https://ieeexplore.ieee.org:443 "GET /iel7/6287639/8948470/09086010.pdf HTTP/1.1" 418 245
2025-02-10 00:41:08,398 - DEBUG - Error: HTTP 응답 코드 418 - texts/A comprehensive review of the COVID-19 pandemic and the role of IoT, drones, AI, blockchain, and 5G in managing its impact_1796.txt
2025-02-10 00:41:08,402 - DEBUG - Starting new HTTPS connection (1): ieeexplore.ieee.org:443
2025-02-10 00:41:08,607 - DEBUG - https://ieeexplore.ieee.org:443 "GET /iel7/6287639/6514899/09311140.pdf HTTP/1.1" 418 245
2025-02-10 00:41:08,609 - DEBUG - Error: HTTP 응답 코드 418 - texts/A comprehensive survey of the Internet of Things (IoT) and AI-based smart healthcare_1797.txt
2025-02-10 00:41:08,613 - DEBUG - Starting new HTTPS connection (1): onlinelibrary.wiley.com:443
2025-02-10 00:41:08,665 - DEBUG - https://onlinelibrary.wiley.com:443 "GET /doi/pdf/10.1155/2021/6616279 HTTP/1.1" 403 None
2025-02-10 00:41:08,667 - DEBUG - Error: HTTP 응답 코드 403 - texts/AI‐Enabled Sensing and Decision‐Making for IoT Systems_1798.txt
2025-02-10 00:41:08,668 - DEBUG - Starting new HTTPS connection (1): www.mdpi.com:443
2025-02-10 00:41:09,156 - DEBUG - https://www.mdpi.com:443 "GET /1424-8220/23/11/5206/pdf HTTP/1.1" 302 None
2025-02-10 00:41:09,159 - DEBUG - Starting new HTTPS connection (1): mdpi-res.com:443
2025-02-10 00:41:09,321 - DEBUG - https://mdpi-res.com:443 "GET /d_attachment/sensors/sensors-23-05206/article_deploy/sensors-23-05206.pdf?version=1685449538 HTTP/1.1" 200 4375332
2025-02-10 00:41:11,308 - DEBUG - 텍스트 추출 및 저장 완료: texts/Integration of IoT-enabled technologies and artificial intelligence (AI) for smart city scenario recent advancements and future trends_1799.txt
2025-02-10 00:41:11,309 - DEBUG - Starting new HTTPS connection (1): arxiv.org:443
2025-02-10 00:41:11,592 - DEBUG - https://arxiv.org:443 "GET /pdf/1906.03106.pdf?source=post_page--------------------------- HTTP/1.1" 301 249
2025-02-10 00:41:11,597 - DEBUG - Starting new HTTP connection (1): arxiv.org:80
2025-02-10 00:41:11,861 - DEBUG - http://arxiv.org:80 "GET /pdf/1906.03106 HTTP/1.1" 200 843783
2025-02-10 00:41:12,378 - DEBUG - 텍스트 추출 및 저장 완료: texts/Smart sustainable agriculture (SSA) solution underpinned by internet of things (IoT) and artificial intelligence (AI)_1800.txt
2025-02-10 00:41:12,380 - DEBUG - Starting new HTTPS connection (1): www.academia.edu:443
2025-02-10 00:41:12,826 - DEBUG - https://www.academia.edu:443 "GET /download/112702992/20220414_finalpaper.pdf HTTP/1.1" 404 16226
2025-02-10 00:41:12,828 - DEBUG - Error: HTTP 응답 코드 404 - texts/Overview Technology roadmap of the future trend of metaverse based on IoT, blockchain, AI technique, and medical domain metaverse activity_1801.txt
2025-02-10 00:41:12,833 - DEBUG - Starting new HTTPS connection (1): www.academia.edu:443
2025-02-10 00:41:13,077 - DEBUG - https://www.academia.edu:443 "GET /download/96315397/s00521-020-04772-320221225-1-1150xhf.pdf HTTP/1.1" 404 16226
2025-02-10 00:41:13,079 - DEBUG - Error: HTTP 응답 코드 404 - texts/AI4SAFE-IoT An AI-powered secure architecture for edge layer of Internet of things_1802.txt
2025-02-10 00:41:13,082 - DEBUG - Starting new HTTPS connection (1): www2.ee.unsw.edu.au:443
2025-02-10 00:41:15,815 - DEBUG - https://www2.ee.unsw.edu.au:443 "GET /~vijay/pubs/jrnl/19IoTJ.pdf HTTP/1.1" 200 4403569
2025-02-10 00:41:22,782 - DEBUG - 텍스트 추출 및 저장 완료: texts/Experiences with IoT and AI in a smart campus for optimizing classroom usage_1803.txt
2025-02-10 00:41:22,784 - DEBUG - Starting new HTTPS connection (1): www.mdpi.com:443
2025-02-10 00:41:24,168 - DEBUG - https://www.mdpi.com:443 "GET /2504-2289/4/4/28/pdf HTTP/1.1" 302 None
2025-02-10 00:41:24,170 - DEBUG - Starting new HTTPS connection (1): mdpi-res.com:443
2025-02-10 00:41:25,470 - DEBUG - https://mdpi-res.com:443 "GET /d_attachment/BDCC/BDCC-04-00028/article_deploy/BDCC-04-00028.pdf?version=1602668504 HTTP/1.1" 200 2575557
2025-02-10 00:41:26,832 - DEBUG - 텍스트 추출 및 저장 완료: texts/A Review of Blockchain in Internet of Things and AI_1804.txt
2025-02-10 00:41:26,835 - DEBUG - Starting new HTTPS connection (1): www.mdpi.com:443
2025-02-10 00:41:27,537 - DEBUG - https://www.mdpi.com:443 "GET /1996-1073/13/21/5739/pdf HTTP/1.1" 302 None
2025-02-10 00:41:27,542 - DEBUG - Starting new HTTPS connection (1): mdpi-res.com:443
2025-02-10 00:41:28,095 - DEBUG - https://mdpi-res.com:443 "GET /d_attachment/energies/energies-13-05739/article_deploy/energies-13-05739-v2.pdf?version=1604394748 HTTP/1.1" 200 8934866
2025-02-10 00:41:32,021 - DEBUG - 텍스트 추출 및 저장 완료: texts/Distributed energy resources and the application of AI, IoT, and blockchain in smart grids_1805.txt
2025-02-10 00:41:32,023 - DEBUG - Starting new HTTPS connection (1): www.academia.edu:443
2025-02-10 00:41:32,286 - DEBUG - https://www.academia.edu:443 "GET /download/96192745/Zhuo2019AICAS.pdf HTTP/1.1" 404 16226
2025-02-10 00:41:32,288 - DEBUG - Error: HTTP 응답 코드 404 - texts/Edge and fog computing enabled AI for IoT-an overview_1806.txt
2025-02-10 00:41:32,291 - DEBUG - Starting new HTTPS connection (1): www.mdpi.com:443
2025-02-10 00:41:32,844 - DEBUG - https://www.mdpi.com:443 "GET /1424-8220/23/11/5206/pdf HTTP/1.1" 302 None
2025-02-10 00:41:32,848 - DEBUG - Starting new HTTPS connection (1): mdpi-res.com:443
2025-02-10 00:41:33,872 - DEBUG - https://mdpi-res.com:443 "GET /d_attachment/sensors/sensors-23-05206/article_deploy/sensors-23-05206.pdf?version=1685449538 HTTP/1.1" 200 4375332
2025-02-10 00:41:36,077 - DEBUG - 텍스트 추출 및 저장 완료: texts/Integration of IoT-enabled technologies and artificial intelligence (AI) for smart city scenario recent advancements and future trends_1807.txt
2025-02-10 00:41:36,079 - DEBUG - Starting new HTTPS connection (1): www.researchgate.net:443
2025-02-10 00:41:36,287 - DEBUG - https://www.researchgate.net:443 "GET /profile/Zaib-Ullah-3/publication/339620997_Applications_of_Artificial_Intelligence_and_Machine_learning_in_smart_cities/links/6332b06b165ca2278776b65e/Applications-of-Artificial-Intelligence-and-Machine-learning-in-smart-cities.pdf HTTP/1.1" 403 None
2025-02-10 00:41:36,300 - DEBUG - Error: HTTP 응답 코드 403 - texts/Applications of artificial intelligence and machine learning in smart cities_1808.txt
2025-02-10 00:41:36,303 - DEBUG - Starting new HTTPS connection (1): www.mdpi.com:443
2025-02-10 00:41:36,752 - DEBUG - https://www.mdpi.com:443 "GET /1996-1073/13/6/1473/pdf HTTP/1.1" 302 None
2025-02-10 00:41:36,758 - DEBUG - Starting new HTTPS connection (1): mdpi-res.com:443
2025-02-10 00:41:36,985 - DEBUG - https://mdpi-res.com:443 "GET /d_attachment/energies/energies-13-01473/article_deploy/energies-13-01473-v3.pdf?version=1585797303 HTTP/1.1" 200 2267507
2025-02-10 00:41:38,017 - DEBUG - 텍스트 추출 및 저장 완료: texts/Contributions and risks of artificial intelligence (AI) in building smarter cities Insights from a systematic review of the literature_1809.txt
2025-02-10 00:41:38,018 - DEBUG - Starting new HTTPS connection (1): www.mdpi.com:443
2025-02-10 00:41:38,559 - DEBUG - https://www.mdpi.com:443 "GET /2071-1050/13/16/8952/pdf HTTP/1.1" 302 None
2025-02-10 00:41:38,564 - DEBUG - Starting new HTTPS connection (1): mdpi-res.com:443
2025-02-10 00:41:39,250 - DEBUG - https://mdpi-res.com:443 "GET /d_attachment/sustainability/sustainability-13-08952/article_deploy/sustainability-13-08952-v3.pdf?version=1628756277 HTTP/1.1" 200 665011
2025-02-10 00:41:39,973 - DEBUG - 텍스트 추출 및 저장 완료: texts/Green artificial intelligence Towards an efficient, sustainable and equitable technology for smart cities and futures_1810.txt
2025-02-10 00:41:39,974 - DEBUG - Starting new HTTPS connection (1): www.mdpi.com:443
2025-02-10 00:41:40,484 - DEBUG - https://www.mdpi.com:443 "GET /2071-1050/14/2/620/pdf HTTP/1.1" 302 None
2025-02-10 00:41:40,488 - DEBUG - Starting new HTTPS connection (1): mdpi-res.com:443
2025-02-10 00:41:41,452 - DEBUG - https://mdpi-res.com:443 "GET /d_attachment/sustainability/sustainability-14-00620/article_deploy/sustainability-14-00620-v2.pdf?version=1641539461 HTTP/1.1" 200 509146
2025-02-10 00:41:42,113 - DEBUG - 텍스트 추출 및 저장 완료: texts/Use of artificial intelligence in smart cities for smart decision-making A social innovation perspective_1811.txt
2025-02-10 00:41:42,115 - DEBUG - Starting new HTTPS connection (1): www.mdpi.com:443
2025-02-10 00:41:42,674 - DEBUG - https://www.mdpi.com:443 "GET /2624-6511/3/4/56/pdf HTTP/1.1" 302 None
2025-02-10 00:41:42,679 - DEBUG - Starting new HTTPS connection (1): mdpi-res.com:443
2025-02-10 00:41:43,996 - DEBUG - https://mdpi-res.com:443 "GET /d_attachment/smartcities/smartcities-03-00056/article_deploy/smartcities-03-00056-v2.pdf?version=1608779657 HTTP/1.1" 200 505131
2025-02-10 00:41:44,739 - DEBUG - 텍스트 추출 및 저장 완료: texts/Artificial intelligence and robotics in smart city strategies and planned smart development_1812.txt
2025-02-10 00:41:44,741 - DEBUG - Starting new HTTPS connection (1): www.researchgate.net:443
2025-02-10 00:41:44,973 - DEBUG - https://www.researchgate.net:443 "GET /profile/Daniel-Luckey/publication/339042595_Artificial_intelligence_techniques_for_smart_city_applications/links/5e3a7b9e92851c7f7f1d1d18/Artificial-intelligence-techniques-for-smart-city-applications.pdf HTTP/1.1" 403 None
2025-02-10 00:41:44,985 - DEBUG - Error: HTTP 응답 코드 403 - texts/Artificial intelligence techniques for smart city applications_1813.txt
2025-02-10 00:41:44,988 - DEBUG - Starting new HTTPS connection (1): ieeexplore.ieee.org:443
2025-02-10 00:41:45,236 - DEBUG - https://ieeexplore.ieee.org:443 "GET /iel7/6287639/8948470/09076660.pdf HTTP/1.1" 418 245
2025-02-10 00:41:45,241 - DEBUG - Error: HTTP 응답 코드 418 - texts/Artificial intelligence for smart renewable energy sector in europe—smart energy infrastructures for next generation smart cities_1814.txt
2025-02-10 00:41:45,246 - DEBUG - Starting new HTTPS connection (1): www.mdpi.com:443
2025-02-10 00:41:45,776 - DEBUG - https://www.mdpi.com:443 "GET /2079-9292/12/4/1020/pdf HTTP/1.1" 302 None
2025-02-10 00:41:45,781 - DEBUG - Starting new HTTPS connection (1): mdpi-res.com:443
2025-02-10 00:41:46,554 - DEBUG - https://mdpi-res.com:443 "GET /d_attachment/electronics/electronics-12-01020/article_deploy/electronics-12-01020-v2.pdf?version=1677164189 HTTP/1.1" 200 2656619
2025-02-10 00:41:48,172 - DEBUG - 텍스트 추출 및 저장 완료: texts/A survey of explainable artificial intelligence for smart cities_1815.txt
2025-02-10 00:41:48,174 - DEBUG - Starting new HTTPS connection (1): www.mdpi.com:443
2025-02-10 00:41:48,633 - DEBUG - https://www.mdpi.com:443 "GET /2071-1050/12/7/2789/pdf HTTP/1.1" 302 None
2025-02-10 00:41:48,638 - DEBUG - Starting new HTTPS connection (1): mdpi-res.com:443
2025-02-10 00:41:50,050 - DEBUG - https://mdpi-res.com:443 "GET /d_attachment/sustainability/sustainability-12-02789/article_deploy/sustainability-12-02789-v2.pdf?version=1586274492 HTTP/1.1" 200 925164
2025-02-10 00:41:51,327 - DEBUG - 텍스트 추출 및 저장 완료: texts/Artificial intelligence, transport and the smart city Definitions and dimensions of a new mobility era_1816.txt
2025-02-10 00:41:51,331 - DEBUG - Starting new HTTPS connection (1): www.researchgate.net:443
2025-02-10 00:41:51,571 - DEBUG - https://www.researchgate.net:443 "GET /profile/Gregory-Falco/publication/333916704_Participatory_AI_Reducing_AI_Bias_and_Developing_Socially_Responsible_AI_in_Smart_Cities/links/5d0c7115299bf1547c71673b/Participatory-AI-Reducing-AI-Bias-and-Developing-Socially-Responsible-AI-in-Smart-Cities.pdf HTTP/1.1" 403 None
2025-02-10 00:41:51,581 - DEBUG - Error: HTTP 응답 코드 403 - texts/Participatory AI Reducing AI bias and developing socially responsible AI in smart cities_1817.txt
2025-02-10 00:41:51,585 - DEBUG - Starting new HTTPS connection (1): arxiv.org:443
2025-02-10 00:41:53,569 - DEBUG - https://arxiv.org:443 "GET /pdf/2112.11739 HTTP/1.1" 200 570930
2025-02-10 00:41:54,488 - DEBUG - 텍스트 추출 및 저장 완료: texts/A survey of natural language generation_1818.txt
2025-02-10 00:41:54,490 - DEBUG - Starting new HTTPS connection (1): arxiv.org:443
2025-02-10 00:41:54,522 - DEBUG - https://arxiv.org:443 "GET /pdf/2202.03629 HTTP/1.1" 200 3996575
2025-02-10 00:41:56,632 - DEBUG - 텍스트 추출 및 저장 완료: texts/Survey of hallucination in natural language generation_1819.txt
2025-02-10 00:41:56,634 - DEBUG - Starting new HTTPS connection (1): arxiv.org:443
2025-02-10 00:41:57,920 - DEBUG - https://arxiv.org:443 "GET /pdf/1904.02792 HTTP/1.1" 200 1604694
2025-02-10 00:41:59,430 - DEBUG - 텍스트 추출 및 저장 완료: texts/Unifying human and statistical evaluation for natural language generation_1820.txt
2025-02-10 00:41:59,433 - DEBUG - Starting new HTTPS connection (1): arxiv.org:443
2025-02-10 00:42:00,185 - DEBUG - https://arxiv.org:443 "GET /pdf/1902.09243 HTTP/1.1" 200 1379294
2025-02-10 00:42:01,268 - DEBUG - 텍스트 추출 및 저장 완료: texts/Pretraining-based natural language generation for text summarization_1821.txt
2025-02-10 00:42:01,269 - DEBUG - Starting new HTTPS connection (1): fq.pkwyx.com:443
2025-02-10 00:42:01,935 - DEBUG - https://fq.pkwyx.com:443 "GET /default/https/aclanthology.org/2020.acl-main.703.pdf HTTP/1.1" 200 322247
2025-02-10 00:42:02,414 - DEBUG - 텍스트 추출 및 저장 완료: texts/Bart Denoising sequence-to-sequence pre-training for natural language generation, translation, and comprehension_1822.txt
2025-02-10 00:42:02,415 - DEBUG - Starting new HTTPS connection (1): par.nsf.gov:443
2025-02-10 00:42:06,032 - DEBUG - https://par.nsf.gov:443 "GET /servlets/purl/10350199 HTTP/1.1" 200 1571855
2025-02-10 00:42:30,217 - DEBUG - 텍스트 추출 및 저장 완료: texts/Natural language generation and deep learning for intelligent building codes_1823.txt
2025-02-10 00:42:30,220 - DEBUG - Starting new HTTPS connection (1): arxiv.org:443
2025-02-10 00:42:31,177 - DEBUG - https://arxiv.org:443 "GET /pdf/1909.01326 HTTP/1.1" 200 124517
2025-02-10 00:42:31,433 - DEBUG - 텍스트 추출 및 저장 완료: texts/The woman worked as a babysitter On biases in language generation_1824.txt
2025-02-10 00:42:31,435 - DEBUG - Starting new HTTPS connection (1): arxiv.org:443
2025-02-10 00:42:31,729 - DEBUG - https://arxiv.org:443 "GET /pdf/2006.14799 HTTP/1.1" 200 6329707
2025-02-10 00:42:38,926 - DEBUG - 텍스트 추출 및 저장 완료: texts/Evaluation of text generation A survey_1825.txt
2025-02-10 00:42:38,928 - DEBUG - Starting new HTTPS connection (1): arxiv.org:443
2025-02-10 00:42:39,074 - DEBUG - https://arxiv.org:443 "GET /pdf/2101.11718 HTTP/1.1" 200 1623576
2025-02-10 00:42:40,424 - DEBUG - 텍스트 추출 및 저장 완료: texts/Bold Dataset and metrics for measuring biases in open-ended language generation_1826.txt
2025-02-10 00:42:40,426 - DEBUG - Starting new HTTPS connection (1): arxiv.org:443
2025-02-10 00:42:40,755 - DEBUG - https://arxiv.org:443 "GET /pdf/2201.05273 HTTP/1.1" 200 988539
2025-02-10 00:42:41,863 - DEBUG - 텍스트 추출 및 저장 완료: texts/Pre-trained language models for text generation A survey_1827.txt
2025-02-10 00:42:41,865 - DEBUG - Starting new HTTPS connection (1): arxiv.org:443
2025-02-10 00:42:42,185 - DEBUG - https://arxiv.org:443 "GET /pdf/1905.02450 HTTP/1.1" 200 7920816
2025-02-10 00:42:50,043 - DEBUG - 텍스트 추출 및 저장 완료: texts/Mass Masked sequence to sequence pre-training for language generation_1828.txt
2025-02-10 00:42:50,046 - DEBUG - Starting new HTTPS connection (1): arxiv.org:443
2025-02-10 00:42:50,386 - DEBUG - https://arxiv.org:443 "GET /pdf/2010.04389 HTTP/1.1" 200 2062594
2025-02-10 00:42:53,018 - DEBUG - 텍스트 추출 및 저장 완료: texts/A survey of knowledge-enhanced text generation_1829.txt
2025-02-10 00:42:53,020 - DEBUG - Starting new HTTPS connection (1): arxiv.org:443
2025-02-10 00:42:53,281 - DEBUG - https://arxiv.org:443 "GET /pdf/2111.01243 HTTP/1.1" 200 2042549
2025-02-10 00:42:55,277 - DEBUG - 텍스트 추출 및 저장 완료: texts/Recent advances in natural language processing via large pre-trained language models A survey_1830.txt
2025-02-10 00:42:55,279 - DEBUG - Starting new HTTPS connection (1): arxiv.org:443
2025-02-10 00:42:56,186 - DEBUG - https://arxiv.org:443 "GET /pdf/2204.08583 HTTP/1.1" 200 24841514
2025-02-10 00:43:16,476 - DEBUG - 텍스트 추출 및 저장 완료: texts/Vqgan-clip Open domain image generation and editing with natural language guidance_1831.txt
2025-02-10 00:43:16,482 - DEBUG - Starting new HTTPS connection (1): www.jair.org:443
2025-02-10 00:43:17,138 - DEBUG - https://www.jair.org:443 "GET /index.php/jair/article/download/12007/26611/ HTTP/1.1" 403 253
2025-02-10 00:43:17,139 - DEBUG - Error: HTTP 응답 코드 403 - texts/Neural machine translation A review_1832.txt
2025-02-10 00:43:17,142 - DEBUG - Starting new HTTPS connection (1): dl.acm.org:443
2025-02-10 00:43:17,507 - DEBUG - https://dl.acm.org:443 "GET /doi/pdf/10.1145/3406095 HTTP/1.1" 302 0
2025-02-10 00:43:17,574 - DEBUG - https://dl.acm.org:443 "GET /doi/pdf/10.1145/3406095?cookieSet=1 HTTP/1.1" 302 0
2025-02-10 00:43:18,146 - DEBUG - https://dl.acm.org:443 "GET /doi/pdf/10.1145/3406095 HTTP/1.1" 200 None
2025-02-10 00:43:19,465 - DEBUG - 텍스트 추출 및 저장 완료: texts/A survey of multilingual neural machine translation_1833.txt
2025-02-10 00:43:19,466 - DEBUG - Starting new HTTPS connection (1): arxiv.org:443
2025-02-10 00:43:20,703 - DEBUG - https://arxiv.org:443 "GET /pdf/2010.00710 HTTP/1.1" 200 842570
2025-02-10 00:43:21,150 - DEBUG - 텍스트 추출 및 저장 완료: texts/Nearest neighbor machine translation_1834.txt
2025-02-10 00:43:21,152 - DEBUG - Starting new HTTPS connection (1): arxiv.org:443
2025-02-10 00:43:22,784 - DEBUG - https://arxiv.org:443 "GET /pdf/2202.11027 HTTP/1.1" 200 679989
2025-02-10 00:43:23,432 - DEBUG - 텍스트 추출 및 저장 완료: texts/An overview on machine translation evaluation_1835.txt
2025-02-10 00:43:23,434 - DEBUG - Starting new HTTPS connection (1): arxiv.org:443
2025-02-10 00:43:23,671 - DEBUG - https://arxiv.org:443 "GET /pdf/1902.01313 HTTP/1.1" 200 282862
2025-02-10 00:43:23,866 - DEBUG - 텍스트 추출 및 저장 완료: texts/An effective approach to unsupervised machine translation_1836.txt
2025-02-10 00:43:23,867 - DEBUG - Starting new HTTPS connection (1): library.oapen.org:443
2025-02-10 00:43:25,150 - DEBUG - https://library.oapen.org:443 "GET /bitstream/handle/20.500.12657/61713/external_content.pdf?sequence=1 HTTP/1.1" 200 1447246
2025-02-10 00:43:35,143 - DEBUG - 텍스트 추출 및 저장 완료: texts/Human and machine translation_1837.txt
2025-02-10 00:43:35,147 - DEBUG - Starting new HTTPS connection (1): arxiv.org:443
2025-02-10 00:43:36,345 - DEBUG - https://arxiv.org:443 "GET /pdf/1906.00591 HTTP/1.1" 200 119515
2025-02-10 00:43:36,547 - DEBUG - 텍스트 추출 및 저장 완료: texts/Evaluating gender bias in machine translation_1838.txt
2025-02-10 00:43:36,548 - DEBUG - Starting new HTTPS connection (1): direct.mit.edu:443
2025-02-10 00:43:36,593 - DEBUG - https://direct.mit.edu:443 "GET /tacl/article-pdf/doi/10.1162/tacl_a_00401/1957705/tacl_a_00401.pdf HTTP/1.1" 403 None
2025-02-10 00:43:36,595 - DEBUG - Error: HTTP 응답 코드 403 - texts/Gender bias in machine translation_1839.txt
2025-02-10 00:43:36,596 - DEBUG - Starting new HTTPS connection (1): www.jmlr.org:443
2025-02-10 00:43:37,195 - DEBUG - https://www.jmlr.org:443 "GET /papers/volume22/20-1307/20-1307.pdf HTTP/1.1" 200 None
2025-02-10 00:43:39,038 - DEBUG - 텍스트 추출 및 저장 완료: texts/Beyond english-centric multilingual machine translation_1840.txt
2025-02-10 00:43:39,040 - DEBUG - Starting new HTTPS connection (1): direct.mit.edu:443
2025-02-10 00:43:39,082 - DEBUG - https://direct.mit.edu:443 "GET /tacl/article-pdf/doi/10.1162/tacl_a_00437/1979261/tacl_a_00437.pdf HTTP/1.1" 403 None
2025-02-10 00:43:39,083 - DEBUG - Error: HTTP 응답 코드 403 - texts/Experts, errors, and context A large-scale study of human evaluation for machine translation_1841.txt
2025-02-10 00:43:39,084 - DEBUG - Starting new HTTPS connection (1): doras.dcu.ie:443
2025-02-10 00:43:40,924 - DEBUG - https://doras.dcu.ie:443 "GET /24598/1/MTChapterJune2018.pdf HTTP/1.1" 200 517670
2025-02-10 00:43:43,400 - DEBUG - 텍스트 추출 및 저장 완료: texts/Machine translation Where are we at today_1842.txt
2025-02-10 00:43:43,402 - DEBUG - Starting new HTTPS connection (1): arxiv.org:443
2025-02-10 00:43:44,224 - DEBUG - https://arxiv.org:443 "GET /pdf/1909.05088 HTTP/1.1" 200 156633
2025-02-10 00:43:44,376 - DEBUG - 텍스트 추출 및 저장 완료: texts/Getting gender right in neural machine translation_1843.txt
2025-02-10 00:43:44,378 - DEBUG - Starting new HTTPS connection (1): arxiv.org:443
2025-02-10 00:43:45,863 - DEBUG - https://arxiv.org:443 "GET /pdf/1606.04596 HTTP/1.1" 200 467978
2025-02-10 00:43:46,301 - DEBUG - 텍스트 추출 및 저장 완료: texts/Semi-supervised learning for neural machine translation_1844.txt
2025-02-10 00:43:46,303 - DEBUG - Starting new HTTPS connection (1): arxiv.org:443
2025-02-10 00:43:47,355 - DEBUG - https://arxiv.org:443 "GET /pdf/1906.01787 HTTP/1.1" 200 475137
2025-02-10 00:43:47,721 - DEBUG - 텍스트 추출 및 저장 완료: texts/Learning deep transformer models for machine translation_1845.txt
2025-02-10 00:43:47,722 - DEBUG - Starting new HTTPS connection (1): arxiv.org:443
2025-02-10 00:43:47,756 - DEBUG - https://arxiv.org:443 "GET /pdf/2302.09210 HTTP/1.1" 200 873370
2025-02-10 00:43:48,513 - DEBUG - 텍스트 추출 및 저장 완료: texts/How good are gpt models at machine translation a comprehensive evaluation_1846.txt
2025-02-10 00:43:48,515 - DEBUG - Starting new HTTPS connection (1): arxiv.org:443
2025-02-10 00:43:49,659 - DEBUG - https://arxiv.org:443 "GET /pdf/1909.08478 HTTP/1.1" 200 572884
2025-02-10 00:43:50,002 - DEBUG - 텍스트 추출 및 저장 완료: texts/Simple, scalable adaptation for neural machine translation_1847.txt
2025-02-10 00:43:50,003 - DEBUG - Starting new HTTPS connection (1): www.academia.edu:443
2025-02-10 00:43:50,242 - DEBUG - https://www.academia.edu:443 "GET /download/105148198/asi.2432520230820-1-q021lw.pdf HTTP/1.1" 404 16226
2025-02-10 00:43:50,244 - DEBUG - Error: HTTP 응답 코드 404 - texts/Machine translation and global research Towards improved machine translation literacy in the scholarly community_1848.txt
2025-02-10 00:43:50,247 - DEBUG - Starting new HTTPS connection (1): arxiv.org:443
2025-02-10 00:43:50,538 - DEBUG - https://arxiv.org:443 "GET /pdf/2106.15561 HTTP/1.1" 200 1421064
2025-02-10 00:43:51,678 - DEBUG - 텍스트 추출 및 저장 완료: texts/A survey on neural speech synthesis_1849.txt
2025-02-10 00:43:51,680 - DEBUG - Starting new HTTPS connection (1): www.mdpi.com:443
2025-02-10 00:43:52,163 - DEBUG - https://www.mdpi.com:443 "GET /2076-3417/9/19/4050/pdf HTTP/1.1" 302 None
2025-02-10 00:43:52,168 - DEBUG - Starting new HTTPS connection (1): mdpi-res.com:443
2025-02-10 00:43:53,134 - DEBUG - https://mdpi-res.com:443 "GET /d_attachment/applsci/applsci-09-04050/article_deploy/applsci-09-04050-v2.pdf?version=1570600147 HTTP/1.1" 200 800688
2025-02-10 00:43:53,933 - DEBUG - 텍스트 추출 및 저장 완료: texts/A review of deep learning based speech synthesis_1850.txt
2025-02-10 00:43:53,935 - DEBUG - Starting new HTTPS connection (1): core.ac.uk:443
2025-02-10 00:43:55,447 - DEBUG - https://core.ac.uk:443 "GET /download/pdf/222968548.pdf HTTP/1.1" 200 121334
2025-02-10 00:43:55,813 - DEBUG - 텍스트 추출 및 저장 완료: texts/Speech synthesis evaluation—state-of-the-art assessment and suggestion for a novel research program_1851.txt
2025-02-10 00:43:55,814 - DEBUG - Starting new HTTPS connection (1): arxiv.org:443
2025-02-10 00:43:56,475 - DEBUG - https://arxiv.org:443 "GET /pdf/1810.11846 HTTP/1.1" 200 395697
2025-02-10 00:43:56,812 - DEBUG - 텍스트 추출 및 저장 완료: texts/LPCNet Improving neural speech synthesis through linear prediction_1852.txt
2025-02-10 00:43:56,814 - DEBUG - Starting new HTTPS connection (1): arxiv.org:443
2025-02-10 00:43:57,094 - DEBUG - https://arxiv.org:443 "GET /pdf/1811.00002.pdf?source=post_page--------------------------- HTTP/1.1" 301 259
2025-02-10 00:43:57,118 - DEBUG - https://arxiv.org:443 "GET /pdf/1811.00002 HTTP/1.1" 200 246813
2025-02-10 00:43:57,449 - DEBUG - 텍스트 추출 및 저장 완료: texts/Waveglow A flow-based generative network for speech synthesis_1853.txt
2025-02-10 00:43:57,451 - DEBUG - Starting new HTTPS connection (1): arxiv.org:443
2025-02-10 00:43:57,543 - DEBUG - https://arxiv.org:443 "GET /pdf/2205.04421 HTTP/1.1" 200 710525
2025-02-10 00:43:58,116 - DEBUG - 텍스트 추출 및 저장 완료: texts/Naturalspeech End-to-end text-to-speech synthesis with human-level quality_1854.txt
2025-02-10 00:43:58,118 - DEBUG - Starting new HTTPS connection (1): arxiv.org:443
2025-02-10 00:43:59,420 - DEBUG - https://arxiv.org:443 "GET /pdf/2008.03687 HTTP/1.1" 200 1760085
2025-02-10 00:44:01,415 - DEBUG - 텍스트 추출 및 저장 완료: texts/Lrspeech Extremely low-resource speech synthesis and recognition_1855.txt
2025-02-10 00:44:01,422 - DEBUG - Starting new HTTPS connection (1): arxiv.org:443
2025-02-10 00:44:01,694 - DEBUG - https://arxiv.org:443 "GET /pdf/1909.11646 HTTP/1.1" 200 922017
2025-02-10 00:44:02,392 - DEBUG - 텍스트 추출 및 저장 완료: texts/High fidelity speech synthesis with adversarial networks_1856.txt
2025-02-10 00:44:02,394 - DEBUG - Starting new HTTPS connection (1): arxiv.org:443
2025-02-10 00:44:02,426 - DEBUG - https://arxiv.org:443 "GET /pdf/2008.03802 HTTP/1.1" 200 426969
2025-02-10 00:44:02,713 - DEBUG - 텍스트 추출 및 저장 완료: texts/Speedyspeech Efficient neural speech synthesis_1857.txt
2025-02-10 00:44:02,714 - DEBUG - Starting new HTTPS connection (1): discovery.ucl.ac.uk:443
2025-02-10 00:44:05,619 - DEBUG - https://discovery.ucl.ac.uk:443 "GET /id/eprint/10156662/1/2204.09934.pdf HTTP/1.1" 200 690181
2025-02-10 00:44:10,154 - DEBUG - 텍스트 추출 및 저장 완료: texts/Fastdiff A fast conditional diffusion model for high-quality speech synthesis_1858.txt
2025-02-10 00:44:10,157 - DEBUG - Starting new HTTPS connection (1): proceedings.neurips.cc:443
2025-02-10 00:44:10,790 - DEBUG - https://proceedings.neurips.cc:443 "GET /paper_files/paper/2020/file/c5d736809766d46260d816d8dbc9eb44-Paper.pdf HTTP/1.1" 200 722195
2025-02-10 00:44:12,255 - DEBUG - 텍스트 추출 및 저장 완료: texts/Hifi-gan Generative adversarial networks for efficient and high fidelity speech synthesis_1859.txt
2025-02-10 00:44:12,256 - DEBUG - Starting new HTTPS connection (1): arxiv.org:443
2025-02-10 00:44:13,476 - DEBUG - https://arxiv.org:443 "GET /pdf/2005.05957 HTTP/1.1" 200 694348
2025-02-10 00:44:13,772 - DEBUG - 텍스트 추출 및 저장 완료: texts/Flowtron an autoregressive flow-based generative network for text-to-speech synthesis_1860.txt
2025-02-10 00:44:13,774 - DEBUG - Starting new HTTPS connection (1): arxiv.org:443
2025-02-10 00:44:15,159 - DEBUG - https://arxiv.org:443 "GET /pdf/2205.15439 HTTP/1.1" 200 10213117
2025-02-10 00:44:24,505 - DEBUG - 텍스트 추출 및 저장 완료: texts/Styletts A style-based generative model for natural and diverse text-to-speech synthesis_1861.txt
2025-02-10 00:44:24,506 - DEBUG - Starting new HTTPS connection (1): arxiv.org:443
2025-02-10 00:44:24,820 - DEBUG - https://arxiv.org:443 "GET /pdf/1812.04342 HTTP/1.1" 200 1192526
2025-02-10 00:44:25,238 - DEBUG - 텍스트 추출 및 저장 완료: texts/Learning latent representations for style control and transfer in end-to-end speech synthesis_1862.txt
2025-02-10 00:44:25,240 - DEBUG - Starting new HTTPS connection (1): arxiv.org:443
2025-02-10 00:44:25,272 - DEBUG - https://arxiv.org:443 "GET /pdf/2404.14700 HTTP/1.1" 200 670764
2025-02-10 00:44:25,651 - DEBUG - 텍스트 추출 및 저장 완료: texts/Flashspeech Efficient zero-shot speech synthesis_1863.txt
2025-02-10 00:44:25,652 - DEBUG - Starting new HTTPS connection (1): arxiv.org:443
2025-02-10 00:44:26,720 - DEBUG - https://arxiv.org:443 "GET /pdf/2110.12612 HTTP/1.1" 200 306243
2025-02-10 00:44:26,926 - DEBUG - 텍스트 추출 및 저장 완료: texts/Delightfultts The microsoft speech synthesis system for blizzard challenge 2021_1864.txt
2025-02-10 00:44:26,928 - DEBUG - Starting new HTTPS connection (1): arxiv.org:443
2025-02-10 00:44:27,192 - DEBUG - https://arxiv.org:443 "GET /pdf/2002.12756 HTTP/1.1" 200 184181
2025-02-10 00:44:27,303 - DEBUG - 텍스트 추출 및 저장 완료: texts/Speech synthesis using EEG_1865.txt
2025-02-10 00:44:27,305 - DEBUG - Starting new HTTPS connection (1): arxiv.org:443
2025-02-10 00:44:27,343 - DEBUG - https://arxiv.org:443 "GET /pdf/1911.01635 HTTP/1.1" 200 613567
2025-02-10 00:44:27,611 - DEBUG - 텍스트 추출 및 저장 완료: texts/Emotional speech synthesis with rich and granularized control_1866.txt
2025-02-10 00:44:27,613 - DEBUG - Starting new HTTPS connection (1): issues.org:443
2025-02-10 00:44:28,418 - DEBUG - https://issues.org:443 "GET /wp-content/uploads/2021/01/56%E2%80%9361-Shneiderman-Human-Centered-AI-Winter-2021.pdf HTTP/1.1" 200 118347
2025-02-10 00:44:28,555 - DEBUG - 텍스트 추출 및 저장 완료: texts/Human-centered AI_1867.txt
2025-02-10 00:44:28,557 - DEBUG - Starting new HTTPS connection (1): eprints.qut.edu.au:443
2025-02-10 00:44:30,172 - DEBUG - https://eprints.qut.edu.au:443 "GET /240755/1/What_is_human_centered_about_human_centered_AI_a_map_of_the_research_landscape.pdf HTTP/1.1" 200 1175264
2025-02-10 00:44:34,802 - DEBUG - 텍스트 추출 및 저장 완료: texts/What is human-centered about human-centered AI A map of the research landscape_1868.txt
2025-02-10 00:44:34,804 - DEBUG - Starting new HTTPS connection (1): dl.designresearchsociety.org:443
2025-02-10 00:44:36,452 - DEBUG - https://dl.designresearchsociety.org:443 "GET /cgi/viewcontent.cgi?article=1178&context=drs-conference-papers HTTP/1.1" 200 1154313
2025-02-10 00:44:38,344 - DEBUG - 텍스트 추출 및 저장 완료: texts/Human-centered AI The role of Human-centered Design Research in the development of AI_1869.txt
2025-02-10 00:44:38,346 - DEBUG - Starting new HTTPS connection (1): ask.qcloudimg.com:443
2025-02-10 00:44:40,156 - DEBUG - https://ask.qcloudimg.com:443 "GET /draft/8440711/g1248z60qv.pdf HTTP/1.1" 200 940431
2025-02-10 00:44:43,228 - DEBUG - 텍스트 추출 및 저장 완료: texts/From human-computer interaction to human-AI Interaction new challenges and opportunities for enabling human-centered AI_1870.txt
2025-02-10 00:44:43,231 - DEBUG - Starting new HTTPS connection (1): arxiv.org:443
2025-02-10 00:44:43,620 - DEBUG - https://arxiv.org:443 "GET /pdf/2105.05424 HTTP/1.1" 200 642435
2025-02-10 00:44:44,595 - DEBUG - 텍스트 추출 및 저장 완료: texts/Transitioning to human interaction with AI systems New challenges and opportunities for HCI professionals to enable human-centered AI_1871.txt
2025-02-10 00:44:44,597 - DEBUG - Starting new HTTPS connection (1): scholar.archive.org:443
2025-02-10 00:44:45,169 - DEBUG - https://scholar.archive.org:443 "GET /work/exghnjlitvbdfazdm5ykorzafy/access/wayback/https://aisel.aisnet.org/cgi/viewcontent.cgi?article=1136&context=thci HTTP/1.1" 302 0
2025-02-10 00:44:45,173 - DEBUG - Starting new HTTPS connection (1): web.archive.org:443
2025-02-10 00:44:46,554 - DEBUG - https://web.archive.org:443 "GET /web/20201103121801id_/https://aisel.aisnet.org/cgi/viewcontent.cgi?article=1136&context=thci HTTP/1.1" 200 1596017
2025-02-10 00:44:48,653 - DEBUG - 텍스트 추출 및 저장 완료: texts/Human-centered artificial intelligence Three fresh ideas_1872.txt
2025-02-10 00:44:48,654 - DEBUG - Starting new HTTPS connection (1): arxiv.org:443
2025-02-10 00:44:48,914 - DEBUG - https://arxiv.org:443 "GET /pdf/1901.11184 HTTP/1.1" 200 93892
2025-02-10 00:44:49,059 - DEBUG - 텍스트 추출 및 저장 완료: texts/Human‐centered artificial intelligence and machine learning_1873.txt
2025-02-10 00:44:49,060 - DEBUG - Starting new HTTPS connection (1): arxiv.org:443
2025-02-10 00:44:50,376 - DEBUG - https://arxiv.org:443 "GET /pdf/2002.04087 HTTP/1.1" 200 983390
2025-02-10 00:44:50,903 - DEBUG - 텍스트 추출 및 저장 완료: texts/Human-centered artificial intelligence Reliable, safe & trustworthy_1874.txt
2025-02-10 00:44:50,905 - DEBUG - Starting new HTTPS connection (1): www.researchgate.net:443
2025-02-10 00:44:51,066 - DEBUG - https://www.researchgate.net:443 "GET /profile/Wei-Xu-151/publication/335383054_User-centered_design_IV_Human-centered_artificial_intelligence/links/5e8635e24585150839b94685/User-centered-design-IV-Human-centered-artificial-intelligence.pdf HTTP/1.1" 403 None
2025-02-10 00:44:51,070 - DEBUG - Error: HTTP 응답 코드 403 - texts/Toward human-centered AI a perspective from human-computer interaction_1875.txt
2025-02-10 00:44:51,072 - DEBUG - Starting new HTTPS connection (1): www.tandfonline.com:443
2025-02-10 00:44:51,263 - DEBUG - https://www.tandfonline.com:443 "GET /doi/pdf/10.1080/10447318.2022.2153320 HTTP/1.1" 403 None
2025-02-10 00:44:51,265 - DEBUG - Error: HTTP 응답 코드 403 - texts/Six human-centered artificial intelligence grand challenges_1876.txt
2025-02-10 00:44:51,267 - DEBUG - Starting new HTTPS connection (1): uni.ubicomp.net:443
2025-02-10 00:44:53,266 - DEBUG - https://uni.ubicomp.net:443 "GET /as/iHCAI2020.pdf HTTP/1.1" 200 440806
2025-02-10 00:44:55,480 - DEBUG - 텍스트 추출 및 저장 완료: texts/Interactive human centered artificial intelligence a definition and research challenges_1877.txt
2025-02-10 00:44:55,482 - DEBUG - Starting new HTTPS connection (1): www.frontiersin.org:443
2025-02-10 00:44:56,237 - DEBUG - https://www.frontiersin.org:443 "GET /articles/10.3389/frai.2023.1257057/pdf HTTP/1.1" 301 None
2025-02-10 00:44:57,560 - DEBUG - https://www.frontiersin.org:443 "GET /journals/artificial-intelligence/articles/10.3389/frai.2023.1257057/pdf HTTP/1.1" 200 397929
2025-02-10 00:44:59,012 - DEBUG - 텍스트 추출 및 저장 완료: texts/What is critical for human-centered AI at work–Toward an interdisciplinary theory_1878.txt
2025-02-10 00:44:59,025 - DEBUG - Starting new HTTPS connection (1): www.mdpi.com:443
2025-02-10 00:44:59,476 - DEBUG - https://www.mdpi.com:443 "GET /2071-1050/16/13/5448/pdf HTTP/1.1" 302 None
2025-02-10 00:44:59,481 - DEBUG - Starting new HTTPS connection (1): mdpi-res.com:443
2025-02-10 00:45:00,957 - DEBUG - https://mdpi-res.com:443 "GET /d_attachment/sustainability/sustainability-16-05448/article_deploy/sustainability-16-05448-v2.pdf?version=1720419910 HTTP/1.1" 200 1287799
2025-02-10 00:45:02,289 - DEBUG - 텍스트 추출 및 저장 완료: texts/Human-centered and sustainable artificial intelligence in industry 5.0 Challenges and perspectives_1879.txt
2025-02-10 00:45:02,292 - DEBUG - Starting new HTTPS connection (1): opus.lib.uts.edu.au:443
2025-02-10 00:45:06,487 - DEBUG - https://opus.lib.uts.edu.au:443 "GET /bitstream/10453/151211/2/AI%20Ethics%20-%20Bibliometrics%20Revision.pdf HTTP/1.1" 200 1562304
2025-02-10 00:45:08,450 - DEBUG - 텍스트 추출 및 저장 완료: texts/Ethics and privacy of artificial intelligence Understandings from bibliometrics_1880.txt
2025-02-10 00:45:08,452 - DEBUG - Starting new HTTPS connection (1): www.researchgate.net:443
2025-02-10 00:45:08,624 - DEBUG - https://www.researchgate.net:443 "GET /profile/Rajan-Rayhan/publication/372743882_AI_and_Human_Rights_Balancing_Innovation_and_Privacy_in_the_Digital_Age/links/64c525b6cda2775c03d23cd4/AI-and-Human-Rights-Balancing-Innovation-and-Privacy-in-the-Digital-Age.pdf HTTP/1.1" 403 None
2025-02-10 00:45:08,627 - DEBUG - Error: HTTP 응답 코드 403 - texts/AI and human rights balancing innovation and privacy in the digital age_1881.txt
2025-02-10 00:45:08,629 - DEBUG - Starting new HTTPS connection (1): www.mdpi.com:443
2025-02-10 00:45:09,081 - DEBUG - https://www.mdpi.com:443 "GET /1996-1073/14/17/5364/pdf HTTP/1.1" 302 None
2025-02-10 00:45:09,083 - DEBUG - Starting new HTTPS connection (1): mdpi-res.com:443
2025-02-10 00:45:10,249 - DEBUG - https://mdpi-res.com:443 "GET /d_attachment/energies/energies-14-05364/article_deploy/energies-14-05364-v3.pdf?version=1630422510 HTTP/1.1" 200 2975830
2025-02-10 00:45:11,764 - DEBUG - 텍스트 추출 및 저장 완료: texts/IoT solution for AI-enabled PRIVACY-PREServing with big data transferring an application for healthcare using blockchain_1882.txt
2025-02-10 00:45:11,767 - DEBUG - Starting new HTTPS connection (1): papers.ssrn.com:443
2025-02-10 00:45:13,320 - DEBUG - https://papers.ssrn.com:443 "GET /sol3/Delivery.cfm?abstractid=4713111 HTTP/1.1" 302 None
2025-02-10 00:45:13,382 - DEBUG - https://papers.ssrn.com:443 "GET /sol3/papers.cfm?abstract_id=4713111 HTTP/1.1" 429 8483
2025-02-10 00:45:13,385 - DEBUG - Error: HTTP 응답 코드 429 - texts/Artificial intelligence and privacy_1883.txt
2025-02-10 00:45:13,388 - DEBUG - Starting new HTTPS connection (1): papers.ssrn.com:443
2025-02-10 00:45:13,540 - DEBUG - https://papers.ssrn.com:443 "GET /sol3/Delivery.cfm?abstractid=3273016 HTTP/1.1" 429 8401
2025-02-10 00:45:13,543 - DEBUG - Error: HTTP 응답 코드 429 - texts/Artificial intelligence Risks to privacy and democracy_1884.txt
2025-02-10 00:45:13,547 - DEBUG - Starting new HTTPS connection (1): link.springer.com:443
2025-02-10 00:45:13,881 - DEBUG - https://link.springer.com:443 "GET /content/pdf/10.1007/s00146-022-01433-y.pdf HTTP/1.1" 303 0
2025-02-10 00:45:13,887 - DEBUG - Starting new HTTPS connection (1): idp.springer.com:443
2025-02-10 00:45:14,189 - DEBUG - https://idp.springer.com:443 "GET /authorize?response_type=cookie&client_id=springerlink&redirect_uri=https%3A%2F%2Flink.springer.com%2Fcontent%2Fpdf%2F10.1007%2Fs00146-022-01433-y.pdf HTTP/1.1" 302 0
2025-02-10 00:45:16,490 - DEBUG - https://link.springer.com:443 "GET /content/pdf/10.1007/s00146-022-01433-y.pdf HTTP/1.1" 200 427698
2025-02-10 00:45:17,954 - DEBUG - 텍스트 추출 및 저장 완료: texts/Will AI end privacy How do we avoid an Orwellian future_1885.txt
2025-02-10 00:45:17,956 - DEBUG - Starting new HTTPS connection (1): www.tandfonline.com:443
2025-02-10 00:45:18,190 - DEBUG - https://www.tandfonline.com:443 "GET /doi/pdf/10.1080/14719037.2022.2063934 HTTP/1.1" 403 None
2025-02-10 00:45:18,193 - DEBUG - Error: HTTP 응답 코드 403 - texts/AI-driven public services and the privacy paradox do citizens really care about their privacy_1886.txt
2025-02-10 00:45:18,197 - DEBUG - Starting new HTTPS connection (1): link.springer.com:443
2025-02-10 00:45:18,513 - DEBUG - https://link.springer.com:443 "GET /content/pdf/10.1186/s12910-021-00687-3.pdf HTTP/1.1" 303 0
2025-02-10 00:45:18,518 - DEBUG - Starting new HTTPS connection (1): idp.springer.com:443
2025-02-10 00:45:18,845 - DEBUG - https://idp.springer.com:443 "GET /authorize?response_type=cookie&client_id=springerlink&redirect_uri=https%3A%2F%2Flink.springer.com%2Fcontent%2Fpdf%2F10.1186%2Fs12910-021-00687-3.pdf HTTP/1.1" 302 0
2025-02-10 00:45:19,680 - DEBUG - https://link.springer.com:443 "GET /content/pdf/10.1186/s12910-021-00687-3.pdf HTTP/1.1" 200 821237
2025-02-10 00:45:20,899 - DEBUG - 텍스트 추출 및 저장 완료: texts/Privacy and artificial intelligence challenges for protecting health information in a new era_1887.txt
2025-02-10 00:45:20,900 - DEBUG - Starting new HTTPS connection (1): dl.acm.org:443
2025-02-10 00:45:21,220 - DEBUG - https://dl.acm.org:443 "GET /doi/pdf/10.1145/3645102 HTTP/1.1" 302 0
2025-02-10 00:45:21,283 - DEBUG - https://dl.acm.org:443 "GET /doi/pdf/10.1145/3645102?cookieSet=1 HTTP/1.1" 302 0
2025-02-10 00:45:21,672 - DEBUG - https://dl.acm.org:443 "GET /doi/pdf/10.1145/3645102 HTTP/1.1" 200 None
2025-02-10 00:45:22,505 - DEBUG - 파일 저장 오류: 'utf-8' codec can't encode character '\udc41' in position 15043: surrogates not allowed
2025-02-10 00:45:22,506 - DEBUG - Starting new HTTPS connection (1): papers.ssrn.com:443
2025-02-10 00:45:22,650 - DEBUG - https://papers.ssrn.com:443 "GET /sol3/Delivery.cfm?abstractid=4589207 HTTP/1.1" 429 8401
2025-02-10 00:45:22,652 - DEBUG - Error: HTTP 응답 코드 429 - texts/The role of privacy regulations in ai development (A Discussion of the Ways in Which Privacy Regulations Can Shape the Development of AI)_1889.txt
2025-02-10 00:45:22,653 - DEBUG - Starting new HTTPS connection (1): safeaitf.org:443
2025-02-10 00:45:23,597 - DEBUG - https://safeaitf.org:443 "GET /wp-content/uploads/2024/04/Protecting-privacy-in-an-AI-driven-world-_-Brookings.pdf HTTP/1.1" 200 657414
2025-02-10 00:45:24,331 - DEBUG - 텍스트 추출 및 저장 완료: texts/Protecting privacy in an AI-driven world_1890.txt
2025-02-10 00:45:24,333 - DEBUG - Starting new HTTPS connection (1): dl.acm.org:443
2025-02-10 00:45:24,657 - DEBUG - https://dl.acm.org:443 "GET /doi/pdf/10.1145/3321705.3329804 HTTP/1.1" 302 0
2025-02-10 00:45:24,721 - DEBUG - https://dl.acm.org:443 "GET /doi/pdf/10.1145/3321705.3329804?cookieSet=1 HTTP/1.1" 302 0
2025-02-10 00:45:25,238 - DEBUG - https://dl.acm.org:443 "GET /doi/pdf/10.1145/3321705.3329804 HTTP/1.1" 200 None
2025-02-10 00:45:26,186 - DEBUG - 텍스트 추출 및 저장 완료: texts/Undermining user privacy on mobile devices using AI_1891.txt
2025-02-10 00:45:26,187 - DEBUG - Starting new HTTPS connection (1): www.thieme-connect.com:443
2025-02-10 00:45:28,913 - DEBUG - https://www.thieme-connect.com:443 "GET /products/ejournals/pdf/10.1055/s-0041-1740630.pdf HTTP/1.1" 200 None
2025-02-10 00:45:35,261 - DEBUG - 텍스트 추출 및 저장 완료: texts/Privacy-preserving artificial intelligence techniques in biomedicine_1892.txt
2025-02-10 00:45:35,263 - DEBUG - Starting new HTTPS connection (1): ojs.boulibrary.com:443
2025-02-10 00:45:35,924 - DEBUG - request중 오류 발생
2025-02-10 00:45:35,925 - DEBUG - Starting new HTTP connection (1): mzjournal.com:80
2025-02-10 00:45:36,708 - DEBUG - request중 오류 발생
2025-02-10 00:45:36,711 - DEBUG - Starting new HTTPS connection (1): ieeexplore.ieee.org:443
2025-02-10 00:45:37,049 - DEBUG - https://ieeexplore.ieee.org:443 "GET /iel7/6287639/10005208/10155147.pdf HTTP/1.1" 418 245
2025-02-10 00:45:37,052 - DEBUG - Error: HTTP 응답 코드 418 - texts/A survey of privacy risks and mitigation strategies in the Artificial Intelligence life cycle_1895.txt
2025-02-10 00:45:37,056 - DEBUG - Starting new HTTPS connection (1): arxiv.org:443
2025-02-10 00:45:37,548 - DEBUG - https://arxiv.org:443 "GET /pdf/2203.02662 HTTP/1.1" 200 5379594
2025-02-10 00:45:44,167 - DEBUG - 텍스트 추출 및 저장 완료: texts/A survey on metaverse Fundamentals, security, and privacy_1896.txt
2025-02-10 00:45:44,169 - DEBUG - Starting new HTTPS connection (1): ujcontent.uj.ac.za:443
2025-02-10 00:45:47,111 - DEBUG - https://ujcontent.uj.ac.za:443 "GET /view/pdfCoverPage?instCode=27UOJ_INST&filePid=135902150007691&download=true HTTP/1.1" 302 0
2025-02-10 00:45:47,117 - DEBUG - Starting new HTTPS connection (1): s3.eu-central-1.amazonaws.com:443
2025-02-10 00:45:48,307 - DEBUG - https://s3.eu-central-1.amazonaws.com:443 "GET /eu-st01.ext.exlibrisgroup.com/27UOJ_INST/storage/alma/85/70/E6/3F/55/31/BB/5F/FA/BA/B1/78/12/71/A6/74/uj_44949%2BSOURCE1%2BSOURCE1.2.pdf?response-content-disposition=attachment%3B%20filename%3D%22uj_44949%252BSOURCE1%252BSOURCE1.2.pdf%22%3B%20filename%2A%3DUTF-8%27%27uj_44949%252BSOURCE1%252BSOURCE1.2.pdf&response-content-type=application%2Fpdf&X-Amz-Algorithm=AWS4-HMAC-SHA256&X-Amz-Date=20250209T154546Z&X-Amz-SignedHeaders=host&X-Amz-Expires=120&X-Amz-Credential=AKIAJN6NPMNGJALPPWAQ%2F20250209%2Feu-central-1%2Fs3%2Faws4_request&X-Amz-Signature=d8778dd42351529a76389dc66443cfc6f8632604d1ca5dbde7f5644f3fbfbf57 HTTP/1.1" 200 4246028
2025-02-10 00:45:51,637 - DEBUG - 텍스트 추출 및 저장 완료: texts/AI-enabled privacy-preservation phrase with multi-keyword ranked searching for sustainable edge-cloud networks in the era of industrial IoT_1897.txt
2025-02-10 00:45:51,640 - DEBUG - Starting new HTTPS connection (1): tvst.arvojournals.org:443
2025-02-10 00:45:52,742 - DEBUG - https://tvst.arvojournals.org:443 "GET /arvo/content_public/journal/tvst/938366/i2164-2591-661-1-2460.pdf HTTP/1.1" 403 None
2025-02-10 00:45:52,744 - DEBUG - Error: HTTP 응답 코드 403 - texts/Protecting data privacy in the age of AI-enabled ophthalmology_1898.txt
2025-02-10 00:45:52,745 - DEBUG - Starting new HTTPS connection (1): www.igi-global.com:443
2025-02-10 00:45:52,874 - DEBUG - https://www.igi-global.com:443 "GET /viewtitle.aspx?titleid=325475 HTTP/1.1" 403 7890
2025-02-10 00:45:52,875 - DEBUG - Error: HTTP 응답 코드 403 - texts/Privacy and data protection in ChatGPT and other AI Chatbots strategies for securing user information_1899.txt
2025-02-10 00:45:52,876 - DEBUG - Starting new HTTPS connection (1): fabianboemer.com:443
2025-02-10 00:45:53,443 - DEBUG - https://fabianboemer.com:443 "GET /files/developing-privacy-preserving-ai-systems-lessons-learned.pdf HTTP/1.1" 200 831474
2025-02-10 00:45:54,227 - DEBUG - 텍스트 추출 및 저장 완료: texts/Developing privacy-preserving AI systems The lessons learned_1900.txt
2025-02-10 00:45:54,229 - DEBUG - Starting new HTTPS connection (1): journals.sagepub.com:443
2025-02-10 00:45:54,427 - DEBUG - https://journals.sagepub.com:443 "GET /doi/pdf/10.1177/20539517231166886 HTTP/1.1" 403 None
2025-02-10 00:45:54,429 - DEBUG - Error: HTTP 응답 코드 403 - texts/Predictive privacy Collective data protection in the context of artificial intelligence and big data_1901.txt
2025-02-10 00:45:54,432 - DEBUG - Starting new HTTPS connection (1): eprints.gla.ac.uk:443
2025-02-10 00:45:56,229 - DEBUG - https://eprints.gla.ac.uk:443 "GET /285501/1/285501.pdf HTTP/1.1" 200 6043629
2025-02-10 00:46:05,304 - DEBUG - 텍스트 추출 및 저장 완료: texts/Data privacy threat modelling for autonomous systems A survey from the gdpr's perspective_1902.txt
2025-02-10 00:46:05,315 - DEBUG - Starting new HTTPS connection (1): papers.ssrn.com:443
2025-02-10 00:46:06,875 - DEBUG - https://papers.ssrn.com:443 "GET /sol3/Delivery.cfm?abstractid=3797161 HTTP/1.1" 302 None
2025-02-10 00:46:06,932 - DEBUG - https://papers.ssrn.com:443 "GET /sol3/papers.cfm?abstract_id=3797161 HTTP/1.1" 429 8505
2025-02-10 00:46:06,934 - DEBUG - Error: HTTP 응답 코드 429 - texts/Problematic interactions between AI and health privacy_1903.txt
2025-02-10 00:46:06,936 - DEBUG - Starting new HTTPS connection (1): www.academia.edu:443
2025-02-10 00:46:07,999 - DEBUG - https://www.academia.edu:443 "GET /download/108702289/s00134-021-06473-4.pdf HTTP/1.1" 404 16226
2025-02-10 00:46:08,002 - DEBUG - Error: HTTP 응답 코드 404 - texts/Poor quality data, privacy, lack of certifications the lethal triad of new technologies in intensive care_1904.txt
2025-02-10 00:46:08,004 - DEBUG - Starting new HTTPS connection (1): arxiv.org:443
2025-02-10 00:46:09,098 - DEBUG - https://arxiv.org:443 "GET /pdf/1906.01562 HTTP/1.1" 200 381065
2025-02-10 00:46:09,747 - DEBUG - 텍스트 추출 및 저장 완료: texts/Privacy-preserving crowd-guided AI decision-making in ethical dilemmas_1905.txt
2025-02-10 00:46:09,749 - DEBUG - Starting new HTTPS connection (1): papers.ssrn.com:443
2025-02-10 00:46:09,898 - DEBUG - https://papers.ssrn.com:443 "GET /sol3/Delivery.cfm?abstractid=4323967 HTTP/1.1" 429 8422
2025-02-10 00:46:09,903 - DEBUG - Error: HTTP 응답 코드 429 - texts/Federated learning for privacy-preserving A review of PII data analysis in Fintech_1906.txt
2025-02-10 00:46:09,904 - DEBUG - Starting new HTTPS connection (1): estudogeral.uc.pt:443
2025-02-10 00:46:12,713 - DEBUG - https://estudogeral.uc.pt:443 "GET /bitstream/10316/93821/1/WORKSHOP_ON_SECURITY_AND_PRIVACY_IN_BIG_DATA__Camera_Ready.pdf HTTP/1.1" 200 1166329
2025-02-10 00:46:16,906 - DEBUG - 텍스트 추출 및 저장 완료: texts/Using nlp and machine learning to detect data privacy violations_1907.txt
2025-02-10 00:46:16,908 - DEBUG - Starting new HTTPS connection (1): www.jair.org:443
2025-02-10 00:46:17,568 - DEBUG - https://www.jair.org:443 "GET /index.php/jair/article/download/14649/26952 HTTP/1.1" 403 252
2025-02-10 00:46:17,569 - DEBUG - Error: HTTP 응답 코드 403 - texts/How to dp-fy ml A practical guide to machine learning with differential privacy_1908.txt
2025-02-10 00:46:17,571 - DEBUG - Starting new HTTP connection (1): proceedings.mlr.press:80
2025-02-10 00:46:17,939 - DEBUG - http://proceedings.mlr.press:80 "GET /v119/triastcyn20a/triastcyn20a.pdf HTTP/1.1" 200 507835
2025-02-10 00:46:18,318 - DEBUG - 텍스트 추출 및 저장 완료: texts/Bayesian differential privacy for machine learning_1909.txt
2025-02-10 00:46:18,320 - DEBUG - Starting new HTTPS connection (1): arxiv.org:443
2025-02-10 00:46:18,955 - DEBUG - https://arxiv.org:443 "GET /pdf/1906.09679 HTTP/1.1" 200 701130
2025-02-10 00:46:19,689 - DEBUG - 텍스트 추출 및 저장 완료: texts/The value of collaboration in convex machine learning with differential privacy_1910.txt
2025-02-10 00:46:19,690 - DEBUG - Starting new HTTPS connection (1): ira.lib.polyu.edu.hk:443
2025-02-10 00:46:21,118 - DEBUG - https://ira.lib.polyu.edu.hk:443 "GET /bitstream/10397/95579/1/Zheng_Preserving_User_Privacy.pdf HTTP/1.1" 200 1577985
2025-02-10 00:46:22,757 - DEBUG - 텍스트 추출 및 저장 완료: texts/Preserving user privacy for machine learning Local differential privacy or federated machine learning_1911.txt
2025-02-10 00:46:22,759 - DEBUG - Starting new HTTPS connection (1): arxiv.org:443
2025-02-10 00:46:24,092 - DEBUG - https://arxiv.org:443 "GET /pdf/1908.02997 HTTP/1.1" 200 1120266
2025-02-10 00:46:25,405 - DEBUG - 텍스트 추출 및 저장 완료: texts/Local differential privacy for deep learning_1912.txt
2025-02-10 00:46:25,407 - DEBUG - Starting new HTTPS connection (1): arxiv.org:443
2025-02-10 00:46:26,330 - DEBUG - https://arxiv.org:443 "GET /pdf/2005.08679 HTTP/1.1" 200 2960692
2025-02-10 00:46:28,776 - DEBUG - 텍스트 추출 및 저장 완료: texts/An overview of privacy in machine learning_1913.txt
2025-02-10 00:46:28,778 - DEBUG - Starting new HTTPS connection (1): arxiv.org:443
2025-02-10 00:46:29,962 - DEBUG - https://arxiv.org:443 "GET /pdf/1907.02444 HTTP/1.1" 200 677422
2025-02-10 00:46:30,232 - DEBUG - 텍스트 추출 및 저장 완료: texts/Diffprivlib the IBM differential privacy library_1914.txt
2025-02-10 00:46:30,233 - DEBUG - Starting new HTTPS connection (1): ieeexplore.ieee.org:443
2025-02-10 00:46:30,450 - DEBUG - https://ieeexplore.ieee.org:443 "GET /iel7/69/4358933/09158374.pdf HTTP/1.1" 418 245
2025-02-10 00:46:30,451 - DEBUG - Error: HTTP 응답 코드 418 - texts/More than privacy Applying differential privacy in key areas of artificial intelligence_1915.txt
2025-02-10 00:46:30,454 - DEBUG - Starting new HTTPS connection (1): dl.acm.org:443
2025-02-10 00:46:30,873 - DEBUG - https://dl.acm.org:443 "GET /doi/pdf/10.1145/3433638 HTTP/1.1" 302 0
2025-02-10 00:46:30,955 - DEBUG - https://dl.acm.org:443 "GET /doi/pdf/10.1145/3433638?cookieSet=1 HTTP/1.1" 302 0
2025-02-10 00:46:31,344 - DEBUG - https://dl.acm.org:443 "GET /doi/pdf/10.1145/3433638 HTTP/1.1" 200 None
2025-02-10 00:46:32,056 - DEBUG - 텍스트 추출 및 저장 완료: texts/The limits of differential privacy (and its misuse in data release and machine learning)_1916.txt
2025-02-10 00:46:32,057 - DEBUG - Starting new HTTPS connection (1): proceedings.neurips.cc:443
2025-02-10 00:46:32,737 - DEBUG - https://proceedings.neurips.cc:443 "GET /paper/2021/file/e3a54649aeec04cf1c13907bc6c5c8aa-Paper.pdf HTTP/1.1" 200 830760
2025-02-10 00:46:33,976 - DEBUG - 텍스트 추출 및 저장 완료: texts/Deep learning with label differential privacy_1917.txt
2025-02-10 00:46:33,977 - DEBUG - Starting new HTTPS connection (1): par.nsf.gov:443
2025-02-10 00:46:34,871 - DEBUG - https://par.nsf.gov:443 "GET /servlets/purl/10183051 HTTP/1.1" 200 2938681
2025-02-10 00:46:37,843 - DEBUG - 텍스트 추출 및 저장 완료: texts/Personalized federated learning with differential privacy_1918.txt
2025-02-10 00:46:37,845 - DEBUG - Starting new HTTPS connection (1): link.springer.com:443
2025-02-10 00:46:38,166 - DEBUG - https://link.springer.com:443 "GET /content/pdf/10.1186/s40537-023-00705-8.pdf HTTP/1.1" 303 0
2025-02-10 00:46:38,171 - DEBUG - Starting new HTTPS connection (1): idp.springer.com:443
2025-02-10 00:46:38,479 - DEBUG - https://idp.springer.com:443 "GET /authorize?response_type=cookie&client_id=springerlink&redirect_uri=https%3A%2F%2Flink.springer.com%2Fcontent%2Fpdf%2F10.1186%2Fs40537-023-00705-8.pdf HTTP/1.1" 302 0
2025-02-10 00:46:41,895 - DEBUG - https://link.springer.com:443 "GET /content/pdf/10.1186/s40537-023-00705-8.pdf HTTP/1.1" 200 4605047
2025-02-10 00:46:47,426 - DEBUG - 텍스트 추출 및 저장 완료: texts/Enhancing correlated big data privacy using differential privacy and machine learning_1919.txt
2025-02-10 00:46:47,428 - DEBUG - Starting new HTTPS connection (1): ieeexplore.ieee.org:443
2025-02-10 00:46:47,652 - DEBUG - https://ieeexplore.ieee.org:443 "GET /iel7/10207/9064728/09064731.pdf HTTP/1.1" 418 245
2025-02-10 00:46:47,654 - DEBUG - Error: HTTP 응답 코드 418 - texts/A survey on differentially private machine learning_1920.txt
2025-02-10 00:46:47,656 - DEBUG - Starting new HTTPS connection (1): www.usenix.org:443
2025-02-10 00:46:49,340 - DEBUG - https://www.usenix.org:443 "GET /system/files/sec19-jayaraman.pdf HTTP/1.1" 200 644689
2025-02-10 00:46:50,187 - DEBUG - 텍스트 추출 및 저장 완료: texts/Evaluating differentially private machine learning in practice_1921.txt
2025-02-10 00:46:50,188 - DEBUG - Starting new HTTPS connection (1): ieeexplore.ieee.org:443
2025-02-10 00:46:50,390 - DEBUG - https://ieeexplore.ieee.org:443 "GET /iel7/6287639/8600701/08683991.pdf HTTP/1.1" 418 245
2025-02-10 00:46:50,391 - DEBUG - Error: HTTP 응답 코드 418 - texts/Differential privacy preservation in deep learning Challenges, opportunities and solutions_1922.txt
2025-02-10 00:46:50,394 - DEBUG - Starting new HTTPS connection (1): arxiv.org:443
2025-02-10 00:46:51,930 - DEBUG - https://arxiv.org:443 "GET /pdf/2011.11819 HTTP/1.1" 200 4188185
2025-02-10 00:46:56,938 - DEBUG - 텍스트 추출 및 저장 완료: texts/When machine learning meets privacy A survey and outlook_1923.txt
2025-02-10 00:46:56,942 - DEBUG - Starting new HTTPS connection (1): www.nature.com:443
2025-02-10 00:46:57,301 - DEBUG - https://www.nature.com:443 "GET /articles/s41598-021-93030-0.pdf HTTP/1.1" 303 150
2025-02-10 00:46:57,305 - DEBUG - Starting new HTTPS connection (1): idp.nature.com:443
2025-02-10 00:46:57,597 - DEBUG - https://idp.nature.com:443 "GET /authorize?response_type=cookie&client_id=grover&redirect_uri=https%3A%2F%2Fwww.nature.com%2Farticles%2Fs41598-021-93030-0.pdf HTTP/1.1" 302 0
2025-02-10 00:46:57,866 - DEBUG - https://idp.nature.com:443 "GET /transit?redirect_uri=https%3A%2F%2Fwww.nature.com%2Farticles%2Fs41598-021-93030-0.pdf&code=50197d89-459d-4a6f-bc32-81254d4cc032 HTTP/1.1" 302 0
2025-02-10 00:46:58,601 - DEBUG - https://www.nature.com:443 "GET /articles/s41598-021-93030-0.pdf HTTP/1.1" 200 915977
2025-02-10 00:47:01,908 - DEBUG - 텍스트 추출 및 저장 완료: texts/Medical imaging deep learning with differential privacy_1924.txt
2025-02-10 00:47:01,919 - DEBUG - Starting new HTTPS connection (1): ieeexplore.ieee.org:443
2025-02-10 00:47:02,580 - DEBUG - https://ieeexplore.ieee.org:443 "GET /ielaam/10206/8833568/9069945-aam.pdf HTTP/1.1" 418 245
2025-02-10 00:47:02,581 - DEBUG - Error: HTTP 응답 코드 418 - texts/Federated learning with differential privacy Algorithms and performance analysis_1925.txt
2025-02-10 00:47:02,583 - DEBUG - Starting new HTTPS connection (1): www.academia.edu:443
2025-02-10 00:47:02,814 - DEBUG - https://www.academia.edu:443 "GET /download/54458021/978-81-322-2202-6.pdf HTTP/1.1" 404 16226
2025-02-10 00:47:02,822 - DEBUG - Error: HTTP 응답 코드 404 - texts/Computational Intelligence in Data Mining-Volume 3_1926.txt
2025-02-10 00:47:02,826 - DEBUG - Starting new HTTPS connection (1): pureportal.coventry.ac.uk:443
2025-02-10 00:47:03,032 - DEBUG - https://pureportal.coventry.ac.uk:443 "GET /files/23233843/Binder2.pdf HTTP/1.1" 403 None
2025-02-10 00:47:03,036 - DEBUG - Error: HTTP 응답 코드 403 - texts/Big data analytics Computational intelligence techniques and application areas_1927.txt
2025-02-10 00:47:03,040 - DEBUG - Starting new HTTPS connection (1): arxiv.org:443
2025-02-10 00:47:04,341 - DEBUG - https://arxiv.org:443 "GET /pdf/2001.11337 HTTP/1.1" 200 1680823
2025-02-10 00:47:05,541 - DEBUG - 텍스트 추출 및 저장 완료: texts/EEG-based brain-computer interfaces (BCIs) A survey of recent studies on signal sensing technologies and computational intelligence approaches and their …_1928.txt
2025-02-10 00:47:05,543 - DEBUG - Starting new HTTPS connection (1): ieeexplore.ieee.org:443
2025-02-10 00:47:05,856 - DEBUG - https://ieeexplore.ieee.org:443 "GET /iel7/6287639/8948470/09133539.pdf HTTP/1.1" 418 245
2025-02-10 00:47:05,857 - DEBUG - Error: HTTP 응답 코드 418 - texts/Underwater networked wireless sensor data collection for computational intelligence techniques issues, challenges, and approaches_1929.txt
2025-02-10 00:47:05,858 - DEBUG - Starting new HTTPS connection (1): www.researchgate.net:443
2025-02-10 00:47:06,083 - DEBUG - https://www.researchgate.net:443 "GET /profile/Md-Islam-191/publication/338748285_Coronary_Artery_Heart_Disease_Prediction_A_Comparative_Study_of_Computational_Intelligence_Techniques/links/5e29b7d24585150ee77dd608/Coronary-Artery-Heart-Disease-Prediction-A-Comparative-Study-of-Computational-Intelligence-Techniques.pdf HTTP/1.1" 403 None
2025-02-10 00:47:06,088 - DEBUG - Error: HTTP 응답 코드 403 - texts/Coronary artery heart disease prediction a comparative study of computational intelligence techniques_1930.txt
2025-02-10 00:47:06,091 - DEBUG - Starting new HTTPS connection (1): www.academia.edu:443
2025-02-10 00:47:06,345 - DEBUG - https://www.academia.edu:443 "GET /download/63026196/A_Novel_Ensemble_Computational_Intelligence_Approach_for_the_Spatial_Prediction_of_Land_Subsidence_Susceptibility_202020200420-128124-1a.pdf HTTP/1.1" 404 16226
2025-02-10 00:47:06,347 - DEBUG - Error: HTTP 응답 코드 404 - texts/A novel ensemble computational intelligence approach for the spatial prediction of land subsidence susceptibility_1931.txt
2025-02-10 00:47:06,349 - DEBUG - Starting new HTTPS connection (1): arxiv.org:443
2025-02-10 00:47:07,485 - DEBUG - https://arxiv.org:443 "GET /pdf/2407.07202 HTTP/1.1" 200 505709
2025-02-10 00:47:08,126 - DEBUG - 텍스트 추출 및 저장 완료: texts/Quantum approximate optimization A computational intelligence perspective_1932.txt
2025-02-10 00:47:08,128 - DEBUG - Starting new HTTPS connection (1): www.academia.edu:443
2025-02-10 00:47:08,401 - DEBUG - https://www.academia.edu:443 "GET /download/104182105/j.istruc.2020.08.07620230711-1-r381v4.pdf HTTP/1.1" 404 16226
2025-02-10 00:47:08,404 - DEBUG - Error: HTTP 응답 코드 404 - texts/Shear capacity estimation of FRP-reinforced concrete beams using computational intelligence_1933.txt
2025-02-10 00:47:08,408 - DEBUG - Starting new HTTPS connection (1): link.springer.com:443
2025-02-10 00:47:08,826 - DEBUG - https://link.springer.com:443 "GET /content/pdf/10.1186/s13677-024-00675-z.pdf HTTP/1.1" 303 0
2025-02-10 00:47:08,828 - DEBUG - Starting new HTTPS connection (1): idp.springer.com:443
2025-02-10 00:47:09,155 - DEBUG - https://idp.springer.com:443 "GET /authorize?response_type=cookie&client_id=springerlink&redirect_uri=https%3A%2F%2Flink.springer.com%2Fcontent%2Fpdf%2F10.1186%2Fs13677-024-00675-z.pdf HTTP/1.1" 302 0
2025-02-10 00:47:09,843 - DEBUG - https://link.springer.com:443 "GET /content/pdf/10.1186/s13677-024-00675-z.pdf HTTP/1.1" 200 2708672
2025-02-10 00:47:15,335 - DEBUG - 텍스트 추출 및 저장 완료: texts/Computational intelligence-based classification system for the diagnosis of memory impairment in psychoactive substance users_1934.txt
2025-02-10 00:47:15,338 - DEBUG - Starting new HTTPS connection (1): www.igi-global.com:443
2025-02-10 00:47:15,420 - DEBUG - https://www.igi-global.com:443 "GET /viewtitle.aspx?titleid=241882 HTTP/1.1" 403 7858
2025-02-10 00:47:15,421 - DEBUG - Error: HTTP 응답 코드 403 - texts/Applying the computational intelligence paradigm to nuclear power plant operation A review (1990-2015)_1935.txt
2025-02-10 00:47:15,422 - DEBUG - Starting new HTTPS connection (1): arpi.unipi.it:443
2025-02-10 00:47:19,110 - DEBUG - https://arpi.unipi.it:443 "GET /bitstream/11568/986994/7/Evolutionary.pdf HTTP/1.1" 200 264239
2025-02-10 00:47:20,758 - DEBUG - 텍스트 추출 및 저장 완료: texts/Evolutionary fuzzy systems for explainable artificial intelligence Why, when, what for, and where to_1936.txt
2025-02-10 00:47:20,759 - DEBUG - Starting new HTTPS connection (1): www.academia.edu:443
2025-02-10 00:47:20,998 - DEBUG - https://www.academia.edu:443 "GET /download/89567547/coin.1224020220813-1-dv45dd.pdf HTTP/1.1" 404 16226
2025-02-10 00:47:21,005 - DEBUG - Error: HTTP 응답 코드 404 - texts/A robust green traffic‐based routing problem for perishable products distribution_1937.txt
2025-02-10 00:47:21,008 - DEBUG - Starting new HTTPS connection (1): www.sciencedirect.com:443
2025-02-10 00:47:21,298 - DEBUG - https://www.sciencedirect.com:443 "GET /science/article/am/pii/S0925231220309292 HTTP/1.1" 403 None
2025-02-10 00:47:21,482 - DEBUG - Error: HTTP 응답 코드 403 - texts/Artificial intelligence within the interplay between natural and artificial computation Advances in data science, trends and applications_1938.txt
2025-02-10 00:47:21,484 - DEBUG - Starting new HTTPS connection (1): www.researchgate.net:443
2025-02-10 00:47:21,713 - DEBUG - https://www.researchgate.net:443 "GET /profile/Seyedali-Mirjalili/publication/347096197_Nature-Inspired_Optimizers_Theories_Literature_Reviews_and_Applications_Theories_Literature_Reviews_and_Applications/links/63ecb5cd51d7af0540272e22/Nature-Inspired-Optimizers-Theories-Literature-Reviews-and-Applications-Theories-Literature-Reviews-and-Applications.pdf HTTP/1.1" 403 None
2025-02-10 00:47:21,719 - DEBUG - Error: HTTP 응답 코드 403 - texts/Nature-inspired optimizers_1939.txt
2025-02-10 00:47:21,724 - DEBUG - Starting new HTTPS connection (1): arxiv.org:443
2025-02-10 00:47:22,755 - DEBUG - https://arxiv.org:443 "GET /pdf/2105.00691 HTTP/1.1" 200 177705
2025-02-10 00:47:22,975 - DEBUG - 텍스트 추출 및 저장 완료: texts/Hybrid intelligence_1940.txt
2025-02-10 00:47:22,976 - DEBUG - Starting new HTTPS connection (1): arxiv.org:443
2025-02-10 00:47:24,851 - DEBUG - https://arxiv.org:443 "GET /pdf/2004.11793 HTTP/1.1" 200 1397025
2025-02-10 00:47:26,527 - DEBUG - 텍스트 추출 및 저장 완료: texts/A hybrid approach combining control theory and AI for engineering self-adaptive systems_1941.txt
2025-02-10 00:47:26,528 - DEBUG - Starting new HTTPS connection (1): papers.ssrn.com:443
2025-02-10 00:47:28,185 - DEBUG - https://papers.ssrn.com:443 "GET /sol3/Delivery.cfm?abstractid=3555202 HTTP/1.1" 302 None
2025-02-10 00:47:28,253 - DEBUG - https://papers.ssrn.com:443 "GET /sol3/papers.cfm?abstract_id=3555202 HTTP/1.1" 429 8505
2025-02-10 00:47:28,256 - DEBUG - Error: HTTP 응답 코드 429 - texts/Predicting COVID-19 in China using hybrid AI model_1942.txt
2025-02-10 00:47:28,260 - DEBUG - Starting new HTTPS connection (1): arxiv.org:443
2025-02-10 00:47:28,527 - DEBUG - https://arxiv.org:443 "GET /pdf/2105.03354 HTTP/1.1" 200 497319
2025-02-10 00:47:28,843 - DEBUG - 텍스트 추출 및 저장 완료: texts/The future of human-AI collaboration a taxonomy of design knowledge for hybrid intelligence systems_1943.txt
2025-02-10 00:47:28,844 - DEBUG - Starting new HTTP connection (1): www.sciencesphere.org:80
2025-02-10 00:47:29,921 - DEBUG - http://www.sciencesphere.org:80 "GET /ijispm/archive/ijispm-090201.pdf HTTP/1.1" 301 795
2025-02-10 00:47:29,923 - DEBUG - Starting new HTTPS connection (1): www.sciencesphere.org:443
2025-02-10 00:47:30,822 - DEBUG - https://www.sciencesphere.org:443 "GET /ijispm/archive/ijispm-090201.pdf HTTP/1.1" 200 1495025
2025-02-10 00:47:33,368 - DEBUG - 텍스트 추출 및 저장 완료: texts/Hybrid Intelligence to automate or not to automate, that is the question_1944.txt
2025-02-10 00:47:33,370 - DEBUG - Starting new HTTPS connection (1): ieeexplore.ieee.org:443
2025-02-10 00:47:33,923 - DEBUG - https://ieeexplore.ieee.org:443 "GET /iel7/6287639/8600701/08793080.pdf HTTP/1.1" 418 245
2025-02-10 00:47:33,925 - DEBUG - Error: HTTP 응답 코드 418 - texts/A hybrid artificial intelligence and internet of things model for generation of renewable resource of energy_1945.txt
2025-02-10 00:47:33,928 - DEBUG - Starting new HTTPS connection (1): www.mdpi.com:443
2025-02-10 00:47:34,471 - DEBUG - https://www.mdpi.com:443 "GET /2071-1050/11/19/5521/pdf HTTP/1.1" 302 None
2025-02-10 00:47:34,476 - DEBUG - Starting new HTTPS connection (1): mdpi-res.com:443
2025-02-10 00:47:35,608 - DEBUG - https://mdpi-res.com:443 "GET /d_attachment/sustainability/sustainability-11-05521/article_deploy/sustainability-11-05521.pdf?version=1570352134 HTTP/1.1" 200 1163305
2025-02-10 00:47:36,523 - DEBUG - 텍스트 추출 및 저장 완료: texts/Dynamic credit risk evaluation method for e-commerce sellers based on a hybrid artificial intelligence model_1946.txt
2025-02-10 00:47:36,524 - DEBUG - Starting new HTTPS connection (1): www.mdpi.com:443
2025-02-10 00:47:37,055 - DEBUG - https://www.mdpi.com:443 "GET /2076-3417/9/6/1113/pdf HTTP/1.1" 302 None
2025-02-10 00:47:37,060 - DEBUG - Starting new HTTPS connection (1): mdpi-res.com:443
2025-02-10 00:47:37,488 - DEBUG - https://mdpi-res.com:443 "GET /d_attachment/applsci/applsci-09-01113/article_deploy/applsci-09-01113.pdf?version=1552715841 HTTP/1.1" 200 3436927
2025-02-10 00:47:38,723 - DEBUG - 텍스트 추출 및 저장 완료: texts/Prediction of compressive strength of geopolymer concrete using entirely steel slag aggregates Novel hybrid artificial intelligence approaches_1947.txt
2025-02-10 00:47:38,725 - DEBUG - Starting new HTTPS connection (1): core.ac.uk:443
2025-02-10 00:47:39,961 - DEBUG - https://core.ac.uk:443 "GET /download/pdf/227471649.pdf HTTP/1.1" 200 2247864
2025-02-10 00:47:42,289 - DEBUG - 텍스트 추출 및 저장 완료: texts/Tackling environmental challenges in pollution controls using artificial intelligence A review_1948.txt
2025-02-10 00:47:42,291 - DEBUG - Starting new HTTPS connection (1): www.frontiersin.org:443
2025-02-10 00:47:43,341 - DEBUG - https://www.frontiersin.org:443 "GET /articles/10.3389/frai.2021.622364/pdf HTTP/1.1" 301 None
2025-02-10 00:47:44,548 - DEBUG - https://www.frontiersin.org:443 "GET /journals/artificial-intelligence/articles/10.3389/frai.2021.622364/pdf HTTP/1.1" 200 713504
2025-02-10 00:47:45,868 - DEBUG - 텍스트 추출 및 저장 완료: texts/Human-versus artificial intelligence_1949.txt
2025-02-10 00:47:45,870 - DEBUG - Starting new HTTPS connection (1): www.sciltp.com:443
2025-02-10 00:47:46,755 - DEBUG - https://www.sciltp.com:443 "GET /journals/ijndi/article/download/115/54 HTTP/1.1" 200 496130
2025-02-10 00:47:47,318 - DEBUG - 텍스트 추출 및 저장 완료: texts/From emotion AI to cognitive AI_1950.txt
2025-02-10 00:47:47,319 - DEBUG - Starting new HTTPS connection (1): ieeexplore.ieee.org:443
2025-02-10 00:47:47,532 - DEBUG - https://ieeexplore.ieee.org:443 "GET /iel7/6287639/8948470/09210479.pdf HTTP/1.1" 418 245
2025-02-10 00:47:47,534 - DEBUG - Error: HTTP 응답 코드 418 - texts/One-month-ahead wind speed forecasting using hybrid AI model for coastal locations_1951.txt
2025-02-10 00:47:47,538 - DEBUG - Starting new HTTPS connection (1): www.thieme-connect.com:443
2025-02-10 00:47:49,970 - DEBUG - https://www.thieme-connect.com:443 "GET /products/ejournals/pdf/10.1055/s-0039-1677903.pdf HTTP/1.1" 200 None
2025-02-10 00:47:53,592 - DEBUG - 텍스트 추출 및 저장 완료: texts/Artificial intelligence in clinical decision support challenges for evaluating AI and practical implications_1952.txt
2025-02-10 00:47:53,594 - DEBUG - Starting new HTTPS connection (1): www.bmj.com:443
2025-02-10 00:47:53,984 - DEBUG - https://www.bmj.com:443 "GET /content/bmj/377/bmj-2022-070904.full.pdf HTTP/1.1" 403 None
2025-02-10 00:47:53,988 - DEBUG - Error: HTTP 응답 코드 403 - texts/Reporting guideline for the early stage clinical evaluation of decision support systems driven by artificial intelligence DECIDE-AI_1953.txt
2025-02-10 00:47:53,992 - DEBUG - Starting new HTTPS connection (1): jme.bmj.com:443
2025-02-10 00:47:54,332 - DEBUG - https://jme.bmj.com:443 "GET /content/medethics/47/12/e3.full.pdf HTTP/1.1" 403 None
2025-02-10 00:47:54,333 - DEBUG - Error: HTTP 응답 코드 403 - texts/Primer on an ethics of AI-based decision support systems in the clinic_1954.txt
2025-02-10 00:47:54,335 - DEBUG - Starting new HTTPS connection (1): academic.oup.com:443
2025-02-10 00:47:54,536 - DEBUG - https://academic.oup.com:443 "GET /jamia/article-pdf/30/7/1237/50634330/ocad072.pdf HTTP/1.1" 403 None
2025-02-10 00:47:54,538 - DEBUG - Error: HTTP 응답 코드 403 - texts/Using AI-generated suggestions from ChatGPT to optimize clinical decision support_1955.txt
2025-02-10 00:47:54,540 - DEBUG - Starting new HTTPS connection (1): link.springer.com:443
2025-02-10 00:47:54,906 - DEBUG - https://link.springer.com:443 "GET /content/pdf/10.1007/s10796-022-10282-5.pdf HTTP/1.1" 303 0
2025-02-10 00:47:54,907 - DEBUG - Starting new HTTPS connection (1): idp.springer.com:443
2025-02-10 00:47:55,317 - DEBUG - https://idp.springer.com:443 "GET /authorize?response_type=cookie&client_id=springerlink&redirect_uri=https%3A%2F%2Flink.springer.com%2Fcontent%2Fpdf%2F10.1007%2Fs10796-022-10282-5.pdf HTTP/1.1" 302 0
2025-02-10 00:47:55,830 - DEBUG - https://link.springer.com:443 "GET /content/pdf/10.1007/s10796-022-10282-5.pdf HTTP/1.1" 200 1632817
2025-02-10 00:48:02,178 - DEBUG - 텍스트 추출 및 저장 완료: texts/An AI-based decision support system for predicting mental health disorders_1956.txt
2025-02-10 00:48:02,181 - DEBUG - Starting new HTTPS connection (1): arxiv.org:443
2025-02-10 00:48:02,675 - DEBUG - https://arxiv.org:443 "GET /pdf/1904.09612 HTTP/1.1" 200 914164
2025-02-10 00:48:03,174 - DEBUG - 텍스트 추출 및 저장 완료: texts/Unremarkable AI Fitting intelligent decision support into critical, clinical decision-making processes_1957.txt
2025-02-10 00:48:03,175 - DEBUG - Starting new HTTPS connection (1): www.researchgate.net:443
2025-02-10 00:48:03,422 - DEBUG - https://www.researchgate.net:443 "GET /profile/Markus-Bertl-3/publication/348372281_A_survey_on_AI_and_Decision_Support_Systems_in_Psychiatry_-_Uncovering_a_Dilemma/links/6099a4d6299bf1ad8d908cd0/A-survey-on-AI-and-Decision-Support-Systems-in-Psychiatry-Uncovering-a-Dilemma.pdf HTTP/1.1" 403 None
2025-02-10 00:48:03,425 - DEBUG - Error: HTTP 응답 코드 403 - texts/A survey on AI and decision support systems in psychiatry–Uncovering a dilemma_1958.txt
2025-02-10 00:48:03,428 - DEBUG - Starting new HTTPS connection (1): thesciencebrigade.com:443
2025-02-10 00:48:04,663 - DEBUG - https://thesciencebrigade.com:443 "GET /JAIR/article/download/126/128 HTTP/1.1" 406 None
2025-02-10 00:48:04,666 - DEBUG - Error: HTTP 응답 코드 406 - texts/AI-Driven Decision Support Systems for Precision Medicine Examining the Development and Implementation of AI-Driven Decision Support Systems in Precision …_1959.txt
2025-02-10 00:48:04,667 - DEBUG - Starting new HTTPS connection (1): www.nature.com:443
2025-02-10 00:48:05,002 - DEBUG - https://www.nature.com:443 "GET /articles/s41598-023-32032-6.pdf HTTP/1.1" 303 150
2025-02-10 00:48:05,007 - DEBUG - Starting new HTTPS connection (1): idp.nature.com:443
2025-02-10 00:48:05,319 - DEBUG - https://idp.nature.com:443 "GET /authorize?response_type=cookie&client_id=grover&redirect_uri=https%3A%2F%2Fwww.nature.com%2Farticles%2Fs41598-023-32032-6.pdf HTTP/1.1" 302 0
2025-02-10 00:48:05,597 - DEBUG - https://idp.nature.com:443 "GET /transit?redirect_uri=https%3A%2F%2Fwww.nature.com%2Farticles%2Fs41598-023-32032-6.pdf&code=aa7efb92-b054-45e4-8003-ea292e82e8e2 HTTP/1.1" 302 0
2025-02-10 00:48:06,448 - DEBUG - https://www.nature.com:443 "GET /articles/s41598-023-32032-6.pdf HTTP/1.1" 200 3816119
2025-02-10 00:48:11,134 - DEBUG - 텍스트 추출 및 저장 완료: texts/A clinical decision support system for AI-assisted decision-making in response-adaptive radiotherapy (ARCliDS)_1960.txt
2025-02-10 00:48:11,136 - DEBUG - Starting new HTTPS connection (1): www.nature.com:443
2025-02-10 00:48:11,460 - DEBUG - https://www.nature.com:443 "GET /articles/s41591-023-02475-5.pdf HTTP/1.1" 303 150
2025-02-10 00:48:11,465 - DEBUG - Starting new HTTPS connection (1): idp.nature.com:443
2025-02-10 00:48:11,803 - DEBUG - https://idp.nature.com:443 "GET /authorize?response_type=cookie&client_id=grover&redirect_uri=https%3A%2F%2Fwww.nature.com%2Farticles%2Fs41591-023-02475-5.pdf HTTP/1.1" 302 0
2025-02-10 00:48:12,215 - DEBUG - https://idp.nature.com:443 "GET /transit?redirect_uri=https%3A%2F%2Fwww.nature.com%2Farticles%2Fs41591-023-02475-5.pdf&code=71e58777-c096-4c7e-a8ba-af6c1b1a910a HTTP/1.1" 302 0
2025-02-10 00:48:13,240 - DEBUG - https://www.nature.com:443 "GET /articles/s41591-023-02475-5.pdf HTTP/1.1" 200 8752223
2025-02-10 00:48:38,842 - DEBUG - 텍스트 추출 및 저장 완료: texts/A reinforcement learning model for AI-based decision support in skin cancer_1961.txt
2025-02-10 00:48:38,844 - DEBUG - Starting new HTTPS connection (1): www.frontiersin.org:443
2025-02-10 00:48:40,090 - DEBUG - https://www.frontiersin.org:443 "GET /articles/10.3389/fpsyt.2022.923613/pdf HTTP/1.1" 301 None
2025-02-10 00:48:41,287 - DEBUG - https://www.frontiersin.org:443 "GET /journals/psychiatry/articles/10.3389/fpsyt.2022.923613/pdf HTTP/1.1" 200 6590569
2025-02-10 00:48:44,224 - DEBUG - 텍스트 추출 및 저장 완료: texts/A systematic literature review of AI-based digital decision support systems for post-traumatic stress disorder_1962.txt
2025-02-10 00:48:44,226 - DEBUG - Starting new HTTPS connection (1): www.unicath.hr:443
2025-02-10 00:48:47,212 - DEBUG - https://www.unicath.hr:443 "GET /hks2015/wp-content/uploads/2022/03/Ethical-legal-and-social-considerations-of-AI-based-medical-decision-support-tools-A-scoping-review.pdf HTTP/1.1" 200 1640428
2025-02-10 00:48:49,344 - DEBUG - 텍스트 추출 및 저장 완료: texts/Ethical, legal, and social considerations of AI-based medical decision-support tools A scoping review_1963.txt
2025-02-10 00:48:49,346 - DEBUG - Starting new HTTPS connection (1): www.mdpi.com:443
2025-02-10 00:48:49,837 - DEBUG - https://www.mdpi.com:443 "GET /2076-3417/11/11/5088/pdf HTTP/1.1" 302 None
2025-02-10 00:48:49,842 - DEBUG - Starting new HTTPS connection (1): mdpi-res.com:443
2025-02-10 00:48:51,198 - DEBUG - https://mdpi-res.com:443 "GET /d_attachment/applsci/applsci-11-05088/article_deploy/applsci-11-05088.pdf?version=1622439587 HTTP/1.1" 200 324350
2025-02-10 00:48:51,884 - DEBUG - 텍스트 추출 및 저장 완료: texts/Current challenges and future opportunities for XAI in machine learning-based clinical decision support systems a systematic review_1964.txt
2025-02-10 00:48:51,886 - DEBUG - Starting new HTTPS connection (1): arxiv.org:443
2025-02-10 00:48:52,978 - DEBUG - https://arxiv.org:443 "GET /pdf/2302.12389 HTTP/1.1" 200 1498812
2025-02-10 00:48:54,563 - DEBUG - 텍스트 추출 및 저장 완료: texts/Explainable ai is dead, long live explainable ai! hypothesis-driven decision support using evaluative ai_1965.txt
2025-02-10 00:48:54,566 - DEBUG - Starting new HTTPS connection (1): www.frontiersin.org:443
2025-02-10 00:48:55,429 - DEBUG - https://www.frontiersin.org:443 "GET /articles/10.3389/fcomp.2023.1187299/pdf HTTP/1.1" 301 None
2025-02-10 00:48:56,367 - DEBUG - https://www.frontiersin.org:443 "GET /journals/computer-science/articles/10.3389/fcomp.2023.1187299/pdf HTTP/1.1" 200 1302217
2025-02-10 00:48:57,995 - DEBUG - 텍스트 추출 및 저장 완료: texts/Human-centered design and evaluation of AI-empowered clinical decision support systems a systematic review_1966.txt
2025-02-10 00:48:57,997 - DEBUG - Starting new HTTPS connection (1): www.frontiersin.org:443
2025-02-10 00:48:59,427 - DEBUG - https://www.frontiersin.org:443 "GET /journals/digital-health/articles/10.3389/fdgth.2022.920662/pdf HTTP/1.1" 200 416733
2025-02-10 00:49:00,467 - DEBUG - 텍스트 추출 및 저장 완료: texts/Factors influencing clinicians' willingness to use an AI-based clinical decision support system_1967.txt
2025-02-10 00:49:00,471 - DEBUG - Starting new HTTPS connection (1): www.timreview.ca:443
2025-02-10 00:49:01,089 - DEBUG - https://www.timreview.ca:443 "GET /sites/default/files/article_PDF/TIMReview_December2019%20-%20C%20-%20Final.pdf HTTP/1.1" 200 478331
2025-02-10 00:49:02,555 - DEBUG - 텍스트 추출 및 저장 완료: texts/Leveraging AI-based decision support for opportunity analysis_1968.txt
2025-02-10 00:49:02,557 - DEBUG - Starting new HTTPS connection (1): www.tandfonline.com:443
2025-02-10 00:49:02,735 - DEBUG - https://www.tandfonline.com:443 "GET /doi/pdf/10.1080/00015385.2024.2303528 HTTP/1.1" 403 None
2025-02-10 00:49:02,736 - DEBUG - Error: HTTP 응답 코드 403 - texts/Performance of ChatGPT as an AI-assisted decision support tool in medicine a proof-of-concept study for interpreting symptoms and management of common cardiac …_1969.txt
2025-02-10 00:49:02,738 - DEBUG - Starting new HTTPS connection (1): journals.plos.org:443
2025-02-10 00:49:03,272 - DEBUG - https://journals.plos.org:443 "GET /plosone/article/file?id=10.1371/journal.pone.0276501&type=printable HTTP/1.1" 200 None
2025-02-10 00:49:04,029 - DEBUG - 텍스트 추출 및 저장 완료: texts/Developing an AI-assisted clinical decision support system to enhance in-patient holistic health care_1970.txt
2025-02-10 00:49:04,030 - DEBUG - Starting new HTTPS connection (1): www.researchgate.net:443
2025-02-10 00:49:04,232 - DEBUG - https://www.researchgate.net:443 "GET /profile/Daniel-Ajiga/publication/383410055_Predictive_analytics_for_market_trends_using_AI_A_study_in_consumer_behavior/links/66cb61b375613475fe7b68ef/Predictive-analytics-for-market-trends-using-AI-A-study-in-consumer-behavior.pdf HTTP/1.1" 403 None
2025-02-10 00:49:04,234 - DEBUG - Error: HTTP 응답 코드 403 - texts/Predictive analytics for market trends using AI A study in consumer behavior_1971.txt
2025-02-10 00:49:04,237 - DEBUG - Starting new HTTPS connection (1): www.neuroimaging.theclinics.com:443
2025-02-10 00:49:05,777 - DEBUG - https://www.neuroimaging.theclinics.com:443 "GET /article/S1052-5149(20)30063-0/pdf HTTP/1.1" 302 207
2025-02-10 00:49:05,783 - DEBUG - Starting new HTTPS connection (1): secure.jbs.elsevierhealth.com:443
2025-02-10 00:49:06,055 - DEBUG - https://secure.jbs.elsevierhealth.com:443 "GET /action/getSharedSiteSession?redirect=https%3A%2F%2Fwww.neuroimaging.theclinics.com%2Farticle%2FS1052-5149%2820%2930063-0%2Fpdf&rc=0 HTTP/1.1" 403 None
2025-02-10 00:49:06,058 - DEBUG - Error: HTTP 응답 코드 403 - texts/Artificial intelligence applications for workflow, process optimization and predictive analytics_1972.txt
2025-02-10 00:49:06,063 - DEBUG - Starting new HTTPS connection (1): www.researchgate.net:443
2025-02-10 00:49:06,251 - DEBUG - https://www.researchgate.net:443 "GET /profile/Muhammad-Ashraf-Faheem/publication/386330757_Enhancing_Financial_Forecasting_Accuracy_Through_AI-_Driven_Predictive_Analytics_Models/links/674d7d6aa7fbc259f1a5c68c/Enhancing-Financial-Forecasting-Accuracy-Through-AI-Driven-Predictive-Analytics-Models.pdf HTTP/1.1" 403 None
2025-02-10 00:49:06,253 - DEBUG - Error: HTTP 응답 코드 403 - texts/Enhancing financial forecasting accuracy through AI-driven predictive analytics models_1973.txt
2025-02-10 00:49:06,257 - DEBUG - Starting new HTTPS connection (1): link.springer.com:443
2025-02-10 00:49:06,608 - DEBUG - https://link.springer.com:443 "GET /content/pdf/10.1007/s40593-023-00336-3.pdf HTTP/1.1" 303 0
2025-02-10 00:49:06,613 - DEBUG - Starting new HTTPS connection (1): idp.springer.com:443
2025-02-10 00:49:06,917 - DEBUG - https://idp.springer.com:443 "GET /authorize?response_type=cookie&client_id=springerlink&redirect_uri=https%3A%2F%2Flink.springer.com%2Fcontent%2Fpdf%2F10.1007%2Fs40593-023-00336-3.pdf HTTP/1.1" 302 0
2025-02-10 00:49:07,601 - DEBUG - https://link.springer.com:443 "GET /content/pdf/10.1007/s40593-023-00336-3.pdf HTTP/1.1" 200 2148747
2025-02-10 00:49:10,812 - DEBUG - 텍스트 추출 및 저장 완료: texts/Beyond predictive learning analytics modelling and onto explainable artificial intelligence with prescriptive analytics and ChatGPT_1974.txt
2025-02-10 00:49:10,814 - DEBUG - Starting new HTTPS connection (1): www.researchgate.net:443
2025-02-10 00:49:10,971 - DEBUG - https://www.researchgate.net:443 "GET /profile/Muhammad-Ashraf-Faheem/publication/386330836_Predictive_Analytics_and_Generative_AI_in_Oil_Gas_Transforming_Wellbore_Stability_and_Hazard_Detection/links/674d7719876bd1777836ac53/Predictive-Analytics-and-Generative-AI-in-Oil-Gas-Transforming-Wellbore-Stability-and-Hazard-Detection.pdf HTTP/1.1" 403 None
2025-02-10 00:49:10,983 - DEBUG - Error: HTTP 응답 코드 403 - texts/Predictive Analytics and Generative AI in Oil & Gas Transforming Wellbore Stability and Hazard Detection_1975.txt
2025-02-10 00:49:10,985 - DEBUG - Starting new HTTPS connection (1): www.researchgate.net:443
2025-02-10 00:49:11,227 - DEBUG - https://www.researchgate.net:443 "GET /profile/Swetha-Chinta-2/publication/387270889_Integrating_Artificial_Intelligence_with_Cloud_Business_Intelligence_Enhancing_Predictive_Analytics_and_Data_Visualization/links/6765e5ee117f340ec3d020be/Integrating-Artificial-Intelligence-with-Cloud-Business-Intelligence-Enhancing-Predictive-Analytics-and-Data-Visualization.pdf HTTP/1.1" 403 None
2025-02-10 00:49:11,232 - DEBUG - Error: HTTP 응답 코드 403 - texts/Integrating Artificial Intelligence with Cloud Business Intelligence Enhancing Predictive Analytics and Data Visualization_1976.txt
2025-02-10 00:49:11,236 - DEBUG - Starting new HTTPS connection (1): academic.oup.com:443
2025-02-10 00:49:11,459 - DEBUG - https://academic.oup.com:443 "GET /jamia/article-pdf/26/12/1651/34152002/ocz130.pdf HTTP/1.1" 403 None
2025-02-10 00:49:11,460 - DEBUG - Error: HTTP 응답 코드 403 - texts/Predictive analytics in health care how can we know it works_1977.txt
2025-02-10 00:49:11,462 - DEBUG - Starting new HTTPS connection (1): www.researchgate.net:443
2025-02-10 00:49:11,686 - DEBUG - https://www.researchgate.net:443 "GET /profile/Ravi-Teja-Potla/publication/388177970_Artificial_Intelligence_and_Machine_Learning_in_CRM_Leveraging_Data_for_Predictive_Analytics/links/678d762975d4ab477e4fc596/Artificial-Intelligence-and-Machine-Learning-in-CRM-Leveraging-Data-for-Predictive-Analytics.pdf HTTP/1.1" 403 None
2025-02-10 00:49:11,700 - DEBUG - Error: HTTP 응답 코드 403 - texts/Artificial Intelligence and Machine Learning in CRM Leveraging Data for Predictive Analytics_1978.txt
2025-02-10 00:49:11,703 - DEBUG - Starting new HTTPS connection (1): wjarr.co.in:443
2025-02-10 00:49:13,451 - DEBUG - https://wjarr.co.in:443 "GET /sites/default/files/WJARR-2024-1961.pdf HTTP/1.1" 403 199
2025-02-10 00:49:13,454 - DEBUG - Error: HTTP 응답 코드 403 - texts/Leveraging predictive analytics for strategic decision-making Enhancing business performance through data-driven insights_1979.txt
2025-02-10 00:49:13,460 - DEBUG - Starting new HTTPS connection (1): papers.ssrn.com:443
2025-02-10 00:49:15,091 - DEBUG - https://papers.ssrn.com:443 "GET /sol3/Delivery.cfm?abstractid=4061311 HTTP/1.1" 302 None
2025-02-10 00:49:15,161 - DEBUG - https://papers.ssrn.com:443 "GET /sol3/papers.cfm?abstract_id=4061311 HTTP/1.1" 429 8483
2025-02-10 00:49:15,164 - DEBUG - Error: HTTP 응답 코드 429 - texts/Big data, data analytics and artificial intelligence in accounting An overview_1980.txt
2025-02-10 00:49:15,171 - DEBUG - Starting new HTTPS connection (1): www.researchgate.net:443
2025-02-10 00:49:15,330 - DEBUG - https://www.researchgate.net:443 "GET /profile/Deepak-Dasaratha-Rao/publication/381675573_Cybersecurity_Threats_Detection_in_Intelligent_Networks_using_Predictive_Analytics_Approaches/links/66f58645906bca2ac3cf7cd4/Cybersecurity-Threats-Detection-in-Intelligent-Networks-using-Predictive-Analytics-Approaches.pdf HTTP/1.1" 403 None
2025-02-10 00:49:15,333 - DEBUG - Error: HTTP 응답 코드 403 - texts/Cybersecurity threats detection in intelligent networks using predictive analytics approaches_1981.txt
2025-02-10 00:49:15,337 - DEBUG - Starting new HTTPS connection (1): www.researchgate.net:443
2025-02-10 00:49:15,562 - DEBUG - https://www.researchgate.net:443 "GET /profile/Priyanka-Patil-41/publication/383803437_Machine_Learning_The_Driving_Force_Behind_Intelligent_Systems_and_Predictive_Analytics/links/672bd88d2326b47637cc844f/Machine-Learning-The-Driving-Force-Behind-Intelligent-Systems-and-Predictive-Analytics.pdf HTTP/1.1" 403 None
2025-02-10 00:49:15,565 - DEBUG - Error: HTTP 응답 코드 403 - texts/Machine Learning The Driving Force Behind Intelligent Systems and Predictive Analytics_1982.txt
2025-02-10 00:49:15,568 - DEBUG - Starting new HTTPS connection (1): www.researchgate.net:443
2025-02-10 00:49:15,747 - DEBUG - https://www.researchgate.net:443 "GET /profile/Guru-Selvarajan/publication/385557912_Harnessing_AI-Driven_Data_Mining_for_Predictive_Insights_A_Framework_for_Enhancing_Decision-_Making_in_Dynamic_Data_Environments/links/672a94962326b47637c9f71b/Harnessing-AI-Driven-Data-Mining-for-Predictive-Insights-A-Framework-for-Enhancing-Decision-Making-in-Dynamic-Data-Environments.pdf HTTP/1.1" 403 None
2025-02-10 00:49:15,751 - DEBUG - Error: HTTP 응답 코드 403 - texts/Harnessing AI-Driven Data Mining for Predictive Insights A Framework for Enhancing Decision-Making in Dynamic Data Environments_1983.txt
2025-02-10 00:49:15,756 - DEBUG - Starting new HTTPS connection (1): www.cambridge.org:443
2025-02-10 00:49:16,716 - DEBUG - https://www.cambridge.org:443 "GET /core/services/aop-cambridge-core/content/view/174707A63986C20944868D08794D4B31/S1744552322000477a.pdf/predictive-analytics-and-governance-a-new-sociotechnical-imaginary-for-uncertain-futures.pdf HTTP/1.1" 200 325139
2025-02-10 00:49:17,061 - DEBUG - 텍스트 추출 및 저장 완료: texts/Predictive analytics and governance a new sociotechnical imaginary for uncertain futures_1984.txt
2025-02-10 00:49:17,062 - DEBUG - Starting new HTTPS connection (1): www.researchgate.net:443
2025-02-10 00:49:17,236 - DEBUG - https://www.researchgate.net:443 "GET /profile/Michael-Schrage/publication/337926463_Strategy_For_and_With_AI/links/5df4030b92851c83647b63b1/Strategy-For-and-With-AI.pdf HTTP/1.1" 403 None
2025-02-10 00:49:17,238 - DEBUG - Error: HTTP 응답 코드 403 - texts/Strategy for and with AI_1985.txt
2025-02-10 00:49:17,240 - DEBUG - Starting new HTTPS connection (1): www.mdpi.com:443
2025-02-10 00:49:17,883 - DEBUG - https://www.mdpi.com:443 "GET /2079-9292/10/21/2689/pdf HTTP/1.1" 302 None
2025-02-10 00:49:17,886 - DEBUG - Starting new HTTPS connection (1): mdpi-res.com:443
2025-02-10 00:49:18,876 - DEBUG - https://mdpi-res.com:443 "GET /d_attachment/electronics/electronics-10-02689/article_deploy/electronics-10-02689-v2.pdf?version=1636365611 HTTP/1.1" 200 6009680
2025-02-10 00:50:07,798 - DEBUG - 텍스트 추출 및 저장 완료: texts/Artificial neural networks based optimization techniques A review_1986.txt
2025-02-10 00:50:07,800 - DEBUG - Starting new HTTPS connection (1): pure.ulster.ac.uk:443
2025-02-10 00:50:08,625 - DEBUG - https://pure.ulster.ac.uk:443 "GET /files/93151432/1_s2.0_S1385894721015965_main.pdf HTTP/1.1" 403 None
2025-02-10 00:50:08,632 - DEBUG - Error: HTTP 응답 코드 403 - texts/Applications of artificial intelligence in water treatment for optimization and automation of adsorption processes Recent advances and prospects_1987.txt
2025-02-10 00:50:08,633 - DEBUG - Starting new HTTPS connection (1): proceedings.mlsys.org:443
2025-02-10 00:50:09,496 - DEBUG - https://proceedings.mlsys.org:443 "GET /paper_files/paper/2022/file/462211f67c7d858f663355eff93b745e-Paper.pdf HTTP/1.1" 200 1799131
2025-02-10 00:50:11,067 - DEBUG - 텍스트 추출 및 저장 완료: texts/Sustainable ai Environmental implications, challenges and opportunities_1988.txt
2025-02-10 00:50:11,068 - DEBUG - Starting new HTTPS connection (1): conference-w.com:443
2025-02-10 00:50:14,277 - DEBUG - https://conference-w.com:443 "GET /wp-content/uploads/2024/10/USA.P-0304102024.pdf HTTP/1.1" 403 146
2025-02-10 00:50:14,277 - DEBUG - Error: HTTP 응답 코드 403 - texts/Building a sustainable economy-how ai can optimize resource allocation_1989.txt
2025-02-10 00:50:14,279 - DEBUG - Starting new HTTPS connection (1): articlearchives.co:443
2025-02-10 00:50:16,413 - DEBUG - https://articlearchives.co:443 "GET /index.php/JSIS/article/download/4867/4828 HTTP/1.1" 200 245571
2025-02-10 00:50:16,833 - DEBUG - 텍스트 추출 및 저장 완료: texts/Application of artificial intelligence in automation of supply chain management_1990.txt
2025-02-10 00:50:16,834 - DEBUG - Starting new HTTPS connection (1): pmc.ncbi.nlm.nih.gov:443
2025-02-10 00:50:17,633 - DEBUG - https://pmc.ncbi.nlm.nih.gov:443 "GET /articles/PMC7577280/pdf/main.pdf HTTP/1.1" 403 134
2025-02-10 00:50:17,634 - DEBUG - Error: HTTP 응답 코드 403 - texts/Artificial intelligence in drug discovery and development_1991.txt
2025-02-10 00:50:17,636 - DEBUG - Starting new HTTPS connection (1): arxiv.org:443
2025-02-10 00:50:18,304 - DEBUG - https://arxiv.org:443 "GET /pdf/1808.01053 HTTP/1.1" 200 461880
2025-02-10 00:50:18,680 - DEBUG - 텍스트 추출 및 저장 완료: texts/Optimizing space-air-ground integrated networks by artificial intelligence_1992.txt
2025-02-10 00:50:18,681 - DEBUG - Starting new HTTPS connection (1): wjarr.co.in:443
2025-02-10 00:50:19,568 - DEBUG - https://wjarr.co.in:443 "GET /sites/default/files/WJARR-2020-0261.pdf HTTP/1.1" 403 199
2025-02-10 00:50:19,570 - DEBUG - Error: HTTP 응답 코드 403 - texts/Optimizing cloud resource allocation using advanced AI techniques A comparative study of reinforcement learning and genetic algorithms in multi-cloud …_1993.txt
2025-02-10 00:50:19,574 - DEBUG - Starting new HTTPS connection (1): ieeexplore.ieee.org:443
2025-02-10 00:50:21,175 - DEBUG - https://ieeexplore.ieee.org:443 "GET /iel7/63/4359240/09200511.pdf HTTP/1.1" 418 245
2025-02-10 00:50:21,178 - DEBUG - Error: HTTP 응답 코드 418 - texts/An overview of artificial intelligence applications for power electronics_1994.txt
2025-02-10 00:50:21,183 - DEBUG - Starting new HTTPS connection (1): www.researchgate.net:443
2025-02-10 00:50:21,355 - DEBUG - https://www.researchgate.net:443 "GET /profile/Kelvin-Bassey-2/publication/383874831_AI-Enhanced_lifecycle_assessment_of_renewable_energy_systems/links/66df27f164f7bf7b19a2e022/AI-Enhanced-lifecycle-assessment-of-renewable-energy-systems.pdf HTTP/1.1" 403 None
2025-02-10 00:50:21,358 - DEBUG - Error: HTTP 응답 코드 403 - texts/AI-Enhanced lifecycle assessment of renewable energy systems_1995.txt
2025-02-10 00:50:21,362 - DEBUG - Starting new HTTPS connection (1): arxiv.org:443
2025-02-10 00:50:21,887 - DEBUG - https://arxiv.org:443 "GET /pdf/1807.08671 HTTP/1.1" 200 778382
2025-02-10 00:50:22,383 - DEBUG - 텍스트 추출 및 저장 완료: texts/AI for 5G research directions and paradigms_1996.txt
2025-02-10 00:50:22,384 - DEBUG - Starting new HTTPS connection (1): www.academia.edu:443
2025-02-10 00:50:22,619 - DEBUG - https://www.academia.edu:443 "GET /download/119017192/413_440_ijmlrcai_2022.pdf HTTP/1.1" 404 16226
2025-02-10 00:50:22,622 - DEBUG - Error: HTTP 응답 코드 404 - texts/AI in Dynamic Data Sharding for Optimized Performance in Large Databases_1997.txt
2025-02-10 00:50:22,625 - DEBUG - Starting new HTTPS connection (1): arxiv.org:443
2025-02-10 00:50:23,279 - DEBUG - https://arxiv.org:443 "GET /pdf/1904.11686 HTTP/1.1" 200 2817489
2025-02-10 00:50:24,791 - DEBUG - 텍스트 추출 및 저장 완료: texts/The roadmap to 6G AI empowered wireless networks_1998.txt
2025-02-10 00:50:24,792 - DEBUG - Starting new HTTPS connection (1): www.academia.edu:443
2025-02-10 00:50:25,028 - DEBUG - https://www.academia.edu:443 "GET /download/94607809/343437553.pdf HTTP/1.1" 404 16226
2025-02-10 00:50:25,029 - DEBUG - Error: HTTP 응답 코드 404 - texts/Analyzing the Challenges and Obstacles to Developing and Fielding Autonomous and Semi-Autonomous Systems_1999.txt
2025-02-10 00:50:25,032 - DEBUG - Starting new HTTPS connection (1): library.upei.ca:443
2025-02-10 00:50:26,157 - DEBUG - https://library.upei.ca:443 "GET /islandora/object/csme2020%3A62/datastream/PDF/download/csme2020_62.pdf HTTP/1.1" 302 367
2025-02-10 00:50:26,176 - DEBUG - Starting new HTTPS connection (1): librarydocs.vre3.upei.ca:443
2025-02-10 00:50:27,209 - DEBUG - https://librarydocs.vre3.upei.ca:443 "GET /islandora/object/csme2020:62/datastream/PDF/download/csme2020_62.pdf HTTP/1.1" 200 None
2025-02-10 00:50:29,830 - DEBUG - 텍스트 추출 및 저장 완료: texts/A review of essential technologies for autonomous and semi-autonomous articulated heavy vehicles_2000.txt
2025-02-10 00:50:29,832 - DEBUG - Starting new HTTPS connection (1): www.researchgate.net:443
2025-02-10 00:50:29,994 - DEBUG - https://www.researchgate.net:443 "GET /profile/Damian-Campo-2/publication/336239352_Clustering_Optimization_for_Abnormality_Detection_in_Semi-Autonomous_Systems/links/5db86f18299bf1a47bfd402d/Clustering-Optimization-for-Abnormality-Detection-in-Semi-Autonomous-Systems.pdf HTTP/1.1" 403 None
2025-02-10 00:50:30,003 - DEBUG - Error: HTTP 응답 코드 403 - texts/Clustering optimization for abnormality detection in semi-autonomous systems_2001.txt
2025-02-10 00:50:30,005 - DEBUG - Starting new HTTPS connection (1): vbn.aau.dk:443
2025-02-10 00:50:31,766 - DEBUG - https://vbn.aau.dk:443 "GET /files/495942591/review_paper_accepted_manuscript.pdf HTTP/1.1" 302 0
2025-02-10 00:50:32,221 - DEBUG - https://vbn.aau.dk:443 "GET /ws/portalfiles/portal/495942591/review_paper_accepted_manuscript.pdf HTTP/1.1" 200 None
2025-02-10 00:50:35,002 - DEBUG - 텍스트 추출 및 저장 완료: texts/A review of computer vision for semi-autonomous control of assistive robotic manipulators (ARMs)_2002.txt
2025-02-10 00:50:35,004 - DEBUG - Starting new HTTPS connection (1): par.nsf.gov:443
2025-02-10 00:50:36,001 - DEBUG - https://par.nsf.gov:443 "GET /servlets/purl/10119491 HTTP/1.1" 200 760690
2025-02-10 00:50:37,778 - DEBUG - 텍스트 추출 및 저장 완료: texts/Navigation systems panel report navigation systems for autonomous and semi-autonomous vehicles Current trends and future challenges_2003.txt
2025-02-10 00:50:37,784 - DEBUG - Starting new HTTPS connection (1): isprs-archives.copernicus.org:443
2025-02-10 00:50:39,726 - DEBUG - https://isprs-archives.copernicus.org:443 "GET /articles/XLIII-B1-2022/407/2022/isprs-archives-XLIII-B1-2022-407-2022.pdf HTTP/1.1" 200 1176250
2025-02-10 00:50:41,631 - DEBUG - 텍스트 추출 및 저장 완료: texts/Application of UAV swarm semi-autonomous system for the linear photogrammetric survey_2004.txt
2025-02-10 00:50:41,633 - DEBUG - Starting new HTTPS connection (1): www.researchgate.net:443
2025-02-10 00:50:42,090 - DEBUG - https://www.researchgate.net:443 "GET /profile/Anahita-Khojandi-2/publication/339662007_Optimal_switching_policy_between_driving_entities_in_semi-autonomous_vehicles/links/5e614112299bf182deed4e23/Optimal-switching-policy-between-driving-entities-in-semi-autonomous-vehicles.pdf HTTP/1.1" 403 None
2025-02-10 00:50:42,094 - DEBUG - Error: HTTP 응답 코드 403 - texts/Optimal switching policy between driving entities in semi-autonomous vehicles_2005.txt
2025-02-10 00:50:42,098 - DEBUG - Starting new HTTPS connection (1): scholar.archive.org:443
2025-02-10 00:50:42,630 - DEBUG - https://scholar.archive.org:443 "GET /work/wngihnu7t5b2reecmeje73e7zy/access/wayback/https://link.springer.com/content/pdf/10.1057/s42984-020-00028-5.pdf?error=cookies_not_supported&code=abf7bd0b-b666-40e7-a1fe-93f40e005c35 HTTP/1.1" 302 0
2025-02-10 00:50:42,634 - DEBUG - Starting new HTTPS connection (1): web.archive.org:443
2025-02-10 00:50:43,974 - DEBUG - https://web.archive.org:443 "GET /web/20210429003633id_/https://link.springer.com/content/pdf/10.1057/s42984-020-00028-5.pdf?error=cookies_not_supported&code=abf7bd0b-b666-40e7-a1fe-93f40e005c35 HTTP/1.1" 200 492614
2025-02-10 00:50:44,711 - DEBUG - 텍스트 추출 및 저장 완료: texts/Defining semi-autonomous, automated and autonomous weapon systems in order to understand their ethical challenges_2006.txt
2025-02-10 00:50:44,713 - DEBUG - Starting new HTTPS connection (1): onlinelibrary.wiley.com:443
2025-02-10 00:50:44,957 - DEBUG - https://onlinelibrary.wiley.com:443 "GET /doi/pdf/10.1155/2019/7648735 HTTP/1.1" 403 None
2025-02-10 00:50:44,960 - DEBUG - Error: HTTP 응답 코드 403 - texts/Efficiency of Semi‐Autonomous and Fully Autonomous Bus Services in Trunk‐and‐Branches Networks_2007.txt
2025-02-10 00:50:44,963 - DEBUG - Starting new HTTPS connection (1): www.tandfonline.com:443
2025-02-10 00:50:45,207 - DEBUG - https://www.tandfonline.com:443 "GET /doi/pdf/10.1080/01691864.2021.1928549 HTTP/1.1" 403 None
2025-02-10 00:50:45,210 - DEBUG - Error: HTTP 응답 코드 403 - texts/Semi-autonomous avatar enabling unconstrained parallel conversations–seamless hybrid of WOZ and autonomous dialogue systems–_2008.txt
2025-02-10 00:50:45,214 - DEBUG - Starting new HTTPS connection (1): www.academia.edu:443
2025-02-10 00:50:45,454 - DEBUG - https://www.academia.edu:443 "GET /download/97365008/s12008-018-0465-920230116-1-1nm8yqw.pdf HTTP/1.1" 404 16226
2025-02-10 00:50:45,457 - DEBUG - Error: HTTP 응답 코드 404 - texts/Towards of a modular framework for semi-autonomous driving assistance systems_2009.txt
2025-02-10 00:50:45,459 - DEBUG - Starting new HTTPS connection (1): arxiv.org:443
2025-02-10 00:50:46,433 - DEBUG - https://arxiv.org:443 "GET /pdf/2106.14554 HTTP/1.1" 200 588258
2025-02-10 00:50:46,822 - DEBUG - 텍스트 추출 및 저장 완료: texts/Active safety system for semi-autonomous teleoperated vehicles_2010.txt
2025-02-10 00:50:46,824 - DEBUG - Starting new HTTPS connection (1): www.techrxiv.org:443
2025-02-10 00:50:48,121 - DEBUG - https://www.techrxiv.org:443 "GET /doi/pdf/10.36227/techrxiv.14604138 HTTP/1.1" 403 None
2025-02-10 00:50:48,122 - DEBUG - Error: HTTP 응답 코드 403 - texts/Semi-autonomous grasping system based on eye movement and EEG to assist the interaction between the disabled and environment_2011.txt
2025-02-10 00:50:48,124 - DEBUG - Starting new HTTPS connection (1): riunet.upv.es:443
2025-02-10 00:50:50,940 - DEBUG - https://riunet.upv.es:443 "GET /bitstream/handle/10251/162864/Garc%C3%ADa?sequence=7 HTTP/1.1" 200 1054615
2025-02-10 00:50:56,372 - DEBUG - 텍스트 추출 및 저장 완료: texts/Influence of lane width on semi-autonomous vehicle performance_2012.txt
2025-02-10 00:50:56,374 - DEBUG - Starting new HTTPS connection (1): arxiv.org:443
2025-02-10 00:50:57,204 - DEBUG - https://arxiv.org:443 "GET /pdf/1902.01724 HTTP/1.1" 200 89201
2025-02-10 00:50:57,312 - DEBUG - 텍스트 추출 및 저장 완료: texts/Alphastar An evolutionary computation perspective_2013.txt
2025-02-10 00:50:57,314 - DEBUG - Starting new HTTPS connection (1): www.researchgate.net:443
2025-02-10 00:50:57,555 - DEBUG - https://www.researchgate.net:443 "GET /profile/Mohamed-Mourad-Lafifi/post/Any_reference_paper_with_detailing_on_how_to_hybradize_Q-Learning_algorithm_with_Genetic_Algorithm_especially_for_a_variable_optimization_problem/attachment/60213347e501d80001b17f3e/AS%3A988921009819663%401612788550903/download/Reinforcement+learning+versus+evolutionary+computation+_+A+survey+on+hybrid+algorithms+_+Drugan2018.pdf HTTP/1.1" 403 None
2025-02-10 00:50:57,559 - DEBUG - Error: HTTP 응답 코드 403 - texts/Reinforcement learning versus evolutionary computation A survey on hybrid algorithms_2014.txt
2025-02-10 00:50:57,564 - DEBUG - Starting new HTTPS connection (1): arxiv.org:443
2025-02-10 00:50:58,311 - DEBUG - https://arxiv.org:443 "GET /pdf/2002.09227 HTTP/1.1" 200 3530182
2025-02-10 00:51:02,884 - DEBUG - 텍스트 추출 및 저장 완료: texts/Recent trends in the use of statistical tests for comparing swarm and evolutionary computing algorithms Practical guidelines and a critical review_2015.txt
2025-02-10 00:51:02,887 - DEBUG - Starting new HTTPS connection (1): direct.mit.edu:443
2025-02-10 00:51:02,931 - DEBUG - https://direct.mit.edu:443 "GET /artl/article-pdf/26/2/274/1896071/artl_a_00319.pdf HTTP/1.1" 403 None
2025-02-10 00:51:02,933 - DEBUG - Error: HTTP 응답 코드 403 - texts/The surprising creativity of digital evolution A collection of anecdotes from the evolutionary computation and artificial life research communities_2016.txt
2025-02-10 00:51:02,934 - DEBUG - Starting new HTTPS connection (1): www.tandfonline.com:443
2025-02-10 00:51:03,085 - DEBUG - https://www.tandfonline.com:443 "GET /doi/pdf/10.1080/03036758.2019.1609052 HTTP/1.1" 403 None
2025-02-10 00:51:03,086 - DEBUG - Error: HTTP 응답 코드 403 - texts/A survey on evolutionary machine learning_2017.txt
2025-02-10 00:51:03,089 - DEBUG - Starting new HTTPS connection (1): arxiv.org:443
2025-02-10 00:51:03,897 - DEBUG - https://arxiv.org:443 "GET /pdf/1811.11597 HTTP/1.1" 200 1577590
2025-02-10 00:51:07,328 - DEBUG - 텍스트 추출 및 저장 완료: texts/Automated algorithm selection Survey and perspectives_2018.txt
2025-02-10 00:51:07,330 - DEBUG - Starting new HTTPS connection (1): dr.ntu.edu.sg:443
2025-02-10 00:51:09,023 - DEBUG - https://dr.ntu.edu.sg:443 "GET /bitstream/10356/143184/2/Bio-inspired%20computation%20Where%20we%20stand%20and%20what%27s%20next.pdf HTTP/1.1" 200 972832
2025-02-10 00:51:11,378 - DEBUG - 텍스트 추출 및 저장 완료: texts/Bio-inspired computation Where we stand and what's next_2019.txt
2025-02-10 00:51:11,380 - DEBUG - Starting new HTTPS connection (1): staff.fmi.uvt.ro:443
2025-02-10 00:51:15,350 - DEBUG - https://staff.fmi.uvt.ro:443 "GET /~daniela.zaharie/ma2019/Projects/ResearchPapers/MultiobjectiveOptimization/MOEA_TestSuites_2019.pdf HTTP/1.1" 200 3138332
2025-02-10 00:51:26,093 - DEBUG - 텍스트 추출 및 저장 완료: texts/Evolutionary constrained multiobjective optimization Test suite construction and performance comparisons_2020.txt
2025-02-10 00:51:26,095 - DEBUG - Starting new HTTPS connection (1): openaccess.wgtn.ac.nz:443
2025-02-10 00:51:27,130 - DEBUG - https://openaccess.wgtn.ac.nz:443 "GET /articles/journal_contribution/Surrogate-Assisted_Evolutionary_Deep_Learning_Using_an_End-to-End_Random_Forest-Based_Performance_Predictor/13158302/1/files/25303568.pdf HTTP/1.1" 302 0
2025-02-10 00:51:27,133 - DEBUG - Starting new HTTPS connection (1): s3-ap-southeast-2.amazonaws.com:443
2025-02-10 00:51:27,762 - DEBUG - https://s3-ap-southeast-2.amazonaws.com:443 "GET /pstorage-wellington-7594921145/25303568/E2EPP_TEVC.pdf?X-Amz-Algorithm=AWS4-HMAC-SHA256&X-Amz-Credential=AKIA3OGA3B5WBO5PUAXV/20250209/ap-southeast-2/s3/aws4_request&X-Amz-Date=20250209T155126Z&X-Amz-Expires=10&X-Amz-SignedHeaders=host&X-Amz-Signature=688686f81dd073c9707c95c8e0c20883487ad0ac98ee370cb0bcd31a213b190a HTTP/1.1" 200 4159392
2025-02-10 00:51:32,647 - DEBUG - 텍스트 추출 및 저장 완료: texts/Surrogate-assisted evolutionary deep learning using an end-to-end random forest-based performance predictor_2021.txt
2025-02-10 00:51:32,648 - DEBUG - Starting new HTTPS connection (1): arxiv.org:443
2025-02-10 00:51:32,954 - DEBUG - https://arxiv.org:443 "GET /pdf/2310.19046 HTTP/1.1" 200 652209
2025-02-10 00:51:33,388 - DEBUG - 텍스트 추출 및 저장 완료: texts/Large language models as evolutionary optimizers_2022.txt
2025-02-10 00:51:33,390 - DEBUG - Starting new HTTPS connection (1): arxiv.org:443
2025-02-10 00:51:33,432 - DEBUG - https://arxiv.org:443 "GET /pdf/1710.08864 HTTP/1.1" 200 2372093
2025-02-10 00:51:34,402 - DEBUG - 텍스트 추출 및 저장 완료: texts/One pixel attack for fooling deep neural networks_2023.txt
2025-02-10 00:51:34,403 - DEBUG - Starting new HTTPS connection (1): arxiv.org:443
2025-02-10 00:51:34,867 - DEBUG - https://arxiv.org:443 "GET /pdf/1710.10741 HTTP/1.1" 200 373496
2025-02-10 00:51:35,447 - DEBUG - 텍스트 추출 및 저장 완료: texts/Evolving deep convolutional neural networks for image classification_2024.txt
2025-02-10 00:51:35,448 - DEBUG - Starting new HTTPS connection (1): link.springer.com:443
2025-02-10 00:51:35,796 - DEBUG - https://link.springer.com:443 "GET /content/pdf/10.1007/s11042-020-10139-6.pdf HTTP/1.1" 303 0
2025-02-10 00:51:35,802 - DEBUG - Starting new HTTPS connection (1): idp.springer.com:443
2025-02-10 00:51:36,100 - DEBUG - https://idp.springer.com:443 "GET /authorize?response_type=cookie&client_id=springerlink&redirect_uri=https%3A%2F%2Flink.springer.com%2Fcontent%2Fpdf%2F10.1007%2Fs11042-020-10139-6.pdf HTTP/1.1" 302 0
2025-02-10 00:51:36,749 - DEBUG - https://link.springer.com:443 "GET /content/pdf/10.1007/s11042-020-10139-6.pdf HTTP/1.1" 200 2245774
2025-02-10 00:51:43,141 - DEBUG - 텍스트 추출 및 저장 완료: texts/A review on genetic algorithm past, present, and future_2025.txt
2025-02-10 00:51:43,143 - DEBUG - Starting new HTTPS connection (1): www.researchgate.net:443
2025-02-10 00:51:43,443 - DEBUG - https://www.researchgate.net:443 "GET /profile/Seyedali-Mirjalili/publication/347096197_Nature-Inspired_Optimizers_Theories_Literature_Reviews_and_Applications_Theories_Literature_Reviews_and_Applications/links/63ecb5cd51d7af0540272e22/Nature-Inspired-Optimizers-Theories-Literature-Reviews-and-Applications-Theories-Literature-Reviews-and-Applications.pdf HTTP/1.1" 403 None
2025-02-10 00:51:43,447 - DEBUG - Error: HTTP 응답 코드 403 - texts/Genetic algorithm Theory, literature review, and application in image reconstruction_2026.txt
2025-02-10 00:51:43,451 - DEBUG - Starting new HTTPS connection (1): citeseerx.ist.psu.edu:443
2025-02-10 00:51:45,099 - DEBUG - https://citeseerx.ist.psu.edu:443 "GET /document?repid=rep1&type=pdf&doi=29642d1f64de11c5521040f4b6cadb06401303aa HTTP/1.1" 200 61593
2025-02-10 00:51:45,485 - DEBUG - 텍스트 추출 및 저장 완료: texts/Vehicle Routin1 with Time Windows usin1 Genetic Algorithms_2027.txt
2025-02-10 00:51:45,487 - DEBUG - Starting new HTTPS connection (1): arxiv.org:443
2025-02-10 00:51:45,746 - DEBUG - https://arxiv.org:443 "GET /pdf/2106.06158 HTTP/1.1" 200 346781
2025-02-10 00:51:45,935 - DEBUG - 텍스트 추출 및 저장 완료: texts/Pygad An intuitive genetic algorithm python library_2028.txt
2025-02-10 00:51:45,937 - DEBUG - Starting new HTTPS connection (1): join.if.uinsgd.ac.id:443
2025-02-10 00:51:48,846 - DEBUG - https://join.if.uinsgd.ac.id:443 "GET /index.php/join/article/download/532/142 HTTP/1.1" 200 304200
2025-02-10 00:51:49,780 - DEBUG - 텍스트 추출 및 저장 완료: texts/Prediction of Indonesian inflation rate using regression model based on genetic algorithms_2029.txt
2025-02-10 00:51:49,782 - DEBUG - Starting new HTTPS connection (1): www.researchgate.net:443
2025-02-10 00:51:49,945 - DEBUG - https://www.researchgate.net:443 "GET /profile/Ankur-Gupta-82/publication/366846098_Genetic_Algorithm_and_Machine_Learning/links/63b4eb72a03100368a4fac0e/Genetic-Algorithm-and-Machine-Learning.pdf HTTP/1.1" 403 None
2025-02-10 00:51:49,952 - DEBUG - Error: HTTP 응답 코드 403 - texts/Genetic algorithm and machine learning_2030.txt
2025-02-10 00:51:49,954 - DEBUG - Starting new HTTPS connection (1): iopscience.iop.org:443
2025-02-10 00:51:51,048 - DEBUG - https://iopscience.iop.org:443 "GET /article/10.1088/1742-6596/1203/1/012082/pdf HTTP/1.1" 302 None
2025-02-10 00:51:51,051 - DEBUG - Starting new HTTPS connection (1): validate.perfdrive.com:443
2025-02-10 00:51:51,931 - DEBUG - https://validate.perfdrive.com:443 "GET /9730847aceed30627ebd520e46ee70b2/?ssa=13e0d62b-02ae-4240-8434-8a0dbfa7b8f2&ssb=47206258792&ssc=https%3A%2F%2Fiopscience.iop.org%2Farticle%2F10.1088%2F1742-6596%2F1203%2F1%2F012082%2Fpdf&ssi=a27018ae-cnvj-46c3-b481-1c950d0731e2&ssk=botmanager_support@radware.com&ssm=42335852466858302101119754203061&ssn=e26f6dce63cf3dd97fc5a27c7be5e853a0efd0c246c5-8321-4495-b364f6&sso=656e2ecf-9d9564bd0dbcc2f49375f4600208846947e2328d7c3925ff&ssp=41381020331739112730173918803230061&ssq=42946851631051716136016310851840423119159&ssr=MjIwLjY1LjI0MC4yMTY=&sst=python-requests/2.32.3&ssu=&ssv=&ssw=&ssx=eyJyZCI6ImlvcC5vcmciLCJ1em14IjoiN2Y5MDAwZTlhNWU5ZGEtOTE3MS00Y2M3LTk1ZjctOGM2YmYxYjE0NGUzMS0xNzM5MTE2MzEwNzM0MC03NzdiZWZjYWJjOGZmODQ2MTAiLCJfX3V6bWYiOiI3ZjYwMDAzNGNiZmRhMy01NzgzLTQ3OTYtYjE3Yy1lMWVjMjE5N2M4OTYxNzM5MTE2MzEwNzM0MC00MTA5NzU5ZTkzNTU1ZDk4MTAifQ== HTTP/1.1" 200 5342
2025-02-10 00:51:51,936 - DEBUG - PDF 파일 읽기 오류: EOF marker not found
2025-02-10 00:51:51,940 - DEBUG - Starting new HTTPS connection (1): www.mdpi.com:443
2025-02-10 00:51:52,791 - DEBUG - https://www.mdpi.com:443 "GET /2078-2489/10/12/390/pdf HTTP/1.1" 302 None
2025-02-10 00:51:52,796 - DEBUG - Starting new HTTPS connection (1): mdpi-res.com:443
2025-02-10 00:51:54,088 - DEBUG - https://mdpi-res.com:443 "GET /d_attachment/information/information-10-00390/article_deploy/information-10-00390.pdf?version=1575945807 HTTP/1.1" 200 2987221
2025-02-10 00:51:55,800 - DEBUG - 텍스트 추출 및 저장 완료: texts/Choosing mutation and crossover ratios for genetic algorithms—a review with a new dynamic approach_2032.txt
2025-02-10 00:51:55,802 - DEBUG - Starting new HTTPS connection (1): www.sciencedirect.com:443
2025-02-10 00:51:56,041 - DEBUG - https://www.sciencedirect.com:443 "GET /science/article/am/pii/S0927025620305589 HTTP/1.1" 403 None
2025-02-10 00:51:56,189 - DEBUG - Error: HTTP 응답 코드 403 - texts/Polymer design using genetic algorithm and machine learning_2033.txt
2025-02-10 00:51:56,194 - DEBUG - Starting new HTTPS connection (1): www.nature.com:443
2025-02-10 00:51:56,578 - DEBUG - https://www.nature.com:443 "GET /articles/s41524-019-0181-4.pdf HTTP/1.1" 303 150
2025-02-10 00:51:56,580 - DEBUG - Starting new HTTPS connection (1): idp.nature.com:443
2025-02-10 00:51:56,885 - DEBUG - https://idp.nature.com:443 "GET /authorize?response_type=cookie&client_id=grover&redirect_uri=https%3A%2F%2Fwww.nature.com%2Farticles%2Fs41524-019-0181-4.pdf HTTP/1.1" 302 0
2025-02-10 00:51:57,166 - DEBUG - https://idp.nature.com:443 "GET /transit?redirect_uri=https%3A%2F%2Fwww.nature.com%2Farticles%2Fs41524-019-0181-4.pdf&code=fc40b1bd-8bd4-492e-a9dd-5874f9999d85 HTTP/1.1" 302 0
2025-02-10 00:51:58,658 - DEBUG - https://www.nature.com:443 "GET /articles/s41524-019-0181-4.pdf HTTP/1.1" 200 1060396
2025-02-10 00:52:00,082 - DEBUG - 텍스트 추출 및 저장 완료: texts/Genetic algorithms for computational materials discovery accelerated by machine learning_2034.txt
2025-02-10 00:52:00,084 - DEBUG - Starting new HTTPS connection (1): ojs.aaai.org:443
2025-02-10 00:52:01,271 - DEBUG - https://ojs.aaai.org:443 "GET /index.php/AAAI/article/view/17873/17678 HTTP/1.1" 403 248
2025-02-10 00:52:01,272 - DEBUG - Error: HTTP 응답 코드 403 - texts/Logic guided genetic algorithms (student abstract)_2035.txt
2025-02-10 00:52:01,276 - DEBUG - Starting new HTTPS connection (1): arxiv.org:443
2025-02-10 00:52:01,572 - DEBUG - https://arxiv.org:443 "GET /pdf/1808.03818 HTTP/1.1" 200 683053
2025-02-10 00:52:02,022 - DEBUG - 텍스트 추출 및 저장 완료: texts/Automatically designing CNN architectures using the genetic algorithm for image classification_2036.txt
2025-02-10 00:52:02,023 - DEBUG - Starting new HTTPS connection (1): arxiv.org:443
2025-02-10 00:52:02,519 - DEBUG - https://arxiv.org:443 "GET /pdf/1912.06059 HTTP/1.1" 200 353763
2025-02-10 00:52:02,763 - DEBUG - 텍스트 추출 및 저장 완료: texts/Grid search, random search, genetic algorithm a big comparison for NAS_2037.txt
2025-02-10 00:52:02,765 - DEBUG - Starting new HTTPS connection (1): www.mdpi.com:443
2025-02-10 00:52:03,306 - DEBUG - https://www.mdpi.com:443 "GET /2073-8994/12/11/1758/pdf HTTP/1.1" 302 None
2025-02-10 00:52:03,312 - DEBUG - Starting new HTTPS connection (1): mdpi-res.com:443
2025-02-10 00:52:04,277 - DEBUG - https://mdpi-res.com:443 "GET /d_attachment/symmetry/symmetry-12-01758/article_deploy/symmetry-12-01758.pdf?version=1603442517 HTTP/1.1" 200 10881709
2025-02-10 00:52:07,864 - DEBUG - 텍스트 추출 및 저장 완료: texts/Genetic algorithm based on natural selection theory for optimization problems_2038.txt
2025-02-10 00:52:07,865 - DEBUG - Starting new HTTPS connection (1): pdfs.semanticscholar.org:443
2025-02-10 00:52:08,120 - DEBUG - https://pdfs.semanticscholar.org:443 "GET /c02f/877d81f487106cbd437f3f8d46b1496a897f.pdf HTTP/1.1" 301 0
2025-02-10 00:52:08,124 - DEBUG - Starting new HTTPS connection (1): www.semanticscholar.org:443
2025-02-10 00:52:08,221 - DEBUG - https://www.semanticscholar.org:443 "GET /paper/Hyperparameter-Optimization-in-Convolutional-Neural-Aszemi-Dominic/c02f877d81f487106cbd437f3f8d46b1496a897f?p2df HTTP/1.1" 202 0
2025-02-10 00:52:08,223 - DEBUG - Error: HTTP 응답 코드 202 - texts/Hyperparameter optimization in convolutional neural network using genetic algorithms_2039.txt
2025-02-10 00:52:08,228 - DEBUG - Starting new HTTPS connection (1): iris.uniroma1.it:443
2025-02-10 00:52:11,624 - DEBUG - https://iris.uniroma1.it:443 "GET /bitstream/11573/1353176/1/Leonori_Optimization-strategies_2020.pdf HTTP/1.1" 200 560775
2025-02-10 00:52:15,346 - DEBUG - 텍스트 추출 및 저장 완료: texts/Optimization strategies for Microgrid energy management systems by Genetic Algorithms_2040.txt
2025-02-10 00:52:15,347 - DEBUG - Starting new HTTPS connection (1): eprints.soton.ac.uk:443
2025-02-10 00:52:18,070 - DEBUG - https://eprints.soton.ac.uk:443 "GET /436192/1/Final_Version_of_the_Paper_Manuscript.pdf HTTP/1.1" 200 3166507
2025-02-10 01:07:40,428 - DEBUG - request중 오류 발생
2025-02-10 01:07:40,468 - DEBUG - Starting new HTTPS connection (1): arxiv.org:443
2025-02-10 01:07:41,922 - DEBUG - https://arxiv.org:443 "GET /pdf/1909.11655 HTTP/1.1" 200 6417820
2025-02-10 01:07:48,349 - DEBUG - 텍스트 추출 및 저장 완료: texts/Augmenting genetic algorithms with deep neural networks for exploring the chemical space_2042.txt
2025-02-10 01:07:48,355 - DEBUG - Starting new HTTPS connection (1): www.researchgate.net:443
2025-02-10 01:07:48,608 - DEBUG - https://www.researchgate.net:443 "GET /profile/Jeff-Clune/publication/330203191_Designing_neural_networks_through_neuroevolution/links/5e7243fc92851c93e0ac18ea/Designing-neural-networks-through-neuroevolution.pdf?_sg%5B0%5D=started_experiment_milestone&_sg%5B1%5D=started_experiment_milestone&origin=journalDetail HTTP/1.1" 403 None
2025-02-10 01:07:48,618 - DEBUG - Error: HTTP 응답 코드 403 - texts/Designing neural networks through neuroevolution_2043.txt
2025-02-10 01:07:48,622 - DEBUG - Starting new HTTPS connection (1): arxiv.org:443
2025-02-10 01:07:49,337 - DEBUG - https://arxiv.org:443 "GET /pdf/2006.05415 HTTP/1.1" 200 466517
2025-02-10 01:07:50,169 - DEBUG - 텍스트 추출 및 저장 완료: texts/Neuroevolution in deep neural networks Current trends and future challenges_2044.txt
2025-02-10 01:07:50,170 - DEBUG - Starting new HTTPS connection (1): direct.mit.edu:443
2025-02-10 01:07:50,396 - DEBUG - https://direct.mit.edu:443 "GET /evco/article-pdf/29/1/1/1888486/evco_a_00282.pdf HTTP/1.1" 403 None
2025-02-10 01:07:50,398 - DEBUG - Error: HTTP 응답 코드 403 - texts/A systematic literature review of the successors of “neuroevolution of augmenting topologies”_2045.txt
2025-02-10 01:07:50,400 - DEBUG - Starting new HTTPS connection (1): dl.acm.org:443
2025-02-10 01:07:51,131 - DEBUG - https://dl.acm.org:443 "GET /doi/pdf/10.1145/3377930.3389847 HTTP/1.1" 200 None
2025-02-10 01:07:53,036 - DEBUG - 텍스트 추출 및 저장 완료: texts/Neuroevolution of self-interpretable agents_2046.txt
2025-02-10 01:07:53,038 - DEBUG - Starting new HTTPS connection (1): arxiv.org:443
2025-02-10 01:07:53,782 - DEBUG - https://arxiv.org:443 "GET /pdf/2202.05008 HTTP/1.1" 200 696832
2025-02-10 01:08:36,311 - DEBUG - Starting new HTTPS connection (1): proceedings.mlsys.org:443
2025-02-10 01:08:37,258 - DEBUG - https://proceedings.mlsys.org:443 "GET /paper_files/paper/2021/file/1c4534ff58dab447545594c4863239b3-Paper.pdf HTTP/1.1" 200 2538530
2025-02-10 01:08:55,861 - DEBUG - Starting new HTTPS connection (1): dl.acm.org:443
2025-02-10 01:08:56,176 - DEBUG - https://dl.acm.org:443 "GET /doi/pdf/10.1145/3377930.3389847 HTTP/1.1" 302 0
2025-02-10 01:08:56,235 - DEBUG - https://dl.acm.org:443 "GET /doi/pdf/10.1145/3377930.3389847?cookieSet=1 HTTP/1.1" 302 0
2025-02-10 01:08:56,591 - DEBUG - https://dl.acm.org:443 "GET /doi/pdf/10.1145/3377930.3389847 HTTP/1.1" 200 None
2025-02-10 01:08:58,163 - DEBUG - 텍스트 추출 및 저장 완료: texts/Neuroevolution of self-interpretable agents_2046.txt
2025-02-10 01:08:58,164 - DEBUG - Starting new HTTPS connection (1): arxiv.org:443
2025-02-10 01:08:58,196 - DEBUG - https://arxiv.org:443 "GET /pdf/2202.05008 HTTP/1.1" 200 696832
2025-02-10 01:08:58,571 - DEBUG - 텍스트 추출 및 저장 완료: texts/Evojax Hardware-accelerated neuroevolution_2047.txt
2025-02-10 01:08:58,572 - DEBUG - Starting new HTTPS connection (1): journals.plos.org:443
2025-02-10 01:08:59,052 - DEBUG - https://journals.plos.org:443 "GET /plosone/article/file?id=10.1371/journal.pone.0213193&type=printable HTTP/1.1" 200 None
2025-02-10 01:09:00,236 - DEBUG - 텍스트 추출 및 저장 완료: texts/Robust optimization through neuroevolution_2048.txt
2025-02-10 01:09:00,239 - DEBUG - Starting new HTTPS connection (1): drive.google.com:443
2025-02-10 01:09:00,925 - DEBUG - https://drive.google.com:443 "GET /file/d/1u2V5K4vdss8rdjGLiThItEfv3O3UhiMB/view HTTP/1.1" 200 None
2025-02-10 01:09:01,023 - DEBUG - PDF 파일 읽기 오류: EOF marker not found
2025-02-10 01:09:01,025 - DEBUG - Starting new HTTPS connection (1): arxiv.org:443
2025-02-10 01:09:01,685 - DEBUG - https://arxiv.org:443 "GET /pdf/1906.08857 HTTP/1.1" 200 1542117
2025-02-10 01:09:03,523 - DEBUG - 텍스트 추출 및 저장 완료: texts/Deep neuroevolution of recurrent and discrete world models_2050.txt
2025-02-10 01:09:03,525 - DEBUG - Starting new HTTPS connection (1): inria.hal.science:443
2025-02-10 01:09:05,067 - DEBUG - https://inria.hal.science:443 "GET /hal-03099878/document HTTP/1.1" 200 5769762
2025-02-10 01:09:16,992 - DEBUG - 텍스트 추출 및 저장 완료: texts/Scaling map-elites to deep neuroevolution_2051.txt
2025-02-10 01:09:16,994 - DEBUG - Starting new HTTPS connection (1): www.nature.com:443
2025-02-10 01:09:17,352 - DEBUG - https://www.nature.com:443 "GET /articles/s41467-021-26568-2.pdf HTTP/1.1" 303 150
2025-02-10 01:09:17,356 - DEBUG - Starting new HTTPS connection (1): idp.nature.com:443
2025-02-10 01:09:17,666 - DEBUG - https://idp.nature.com:443 "GET /authorize?response_type=cookie&client_id=grover&redirect_uri=https%3A%2F%2Fwww.nature.com%2Farticles%2Fs41467-021-26568-2.pdf HTTP/1.1" 302 0
2025-02-10 01:09:17,943 - DEBUG - https://idp.nature.com:443 "GET /transit?redirect_uri=https%3A%2F%2Fwww.nature.com%2Farticles%2Fs41467-021-26568-2.pdf&code=9928a6e7-0bdb-44b9-9b57-a6a4d706ac4a HTTP/1.1" 302 0
2025-02-10 01:09:20,314 - DEBUG - https://www.nature.com:443 "GET /articles/s41467-021-26568-2.pdf HTTP/1.1" 200 1242046
2025-02-10 01:09:23,042 - DEBUG - 텍스트 추출 및 저장 완료: texts/Correspondence between neuroevolution and gradient descent_2052.txt
2025-02-10 01:09:23,044 - DEBUG - Starting new HTTPS connection (1): arxiv.org:443
2025-02-10 01:09:24,177 - DEBUG - https://arxiv.org:443 "GET /pdf/2112.07057 HTTP/1.1" 200 1276158
2025-02-10 01:09:25,108 - DEBUG - 텍스트 추출 및 저장 완료: texts/Neorl Neuroevolution optimization with reinforcement learning_2053.txt
2025-02-10 01:09:25,110 - DEBUG - Starting new HTTPS connection (1): arxiv.org:443
2025-02-10 01:09:25,699 - DEBUG - https://arxiv.org:443 "GET /pdf/2107.08119 HTTP/1.1" 200 936984
2025-02-10 01:09:26,600 - DEBUG - 텍스트 추출 및 저장 완료: texts/Neuroevolution machine learning potentials Combining high accuracy and low cost in atomistic simulations and application to heat transport_2054.txt
2025-02-10 01:09:26,602 - DEBUG - Starting new HTTPS connection (1): opg.optica.org:443
2025-02-10 01:09:28,156 - DEBUG - https://opg.optica.org:443 "GET /viewmedia.cfm?seq=0&uri=oe-27-26-37150 HTTP/1.1" 202 641
2025-02-10 01:09:28,158 - DEBUG - Error: HTTP 응답 코드 202 - texts/Efficient training and design of photonic neural network through neuroevolution_2055.txt
2025-02-10 01:09:28,159 - DEBUG - Starting new HTTPS connection (1): arxiv.org:443
2025-02-10 01:09:28,673 - DEBUG - https://arxiv.org:443 "GET /pdf/2208.13632 HTTP/1.1" 200 1139273
2025-02-10 01:09:31,035 - DEBUG - 텍스트 추출 및 저장 완료: texts/Neuroevolution-based generation of tests and oracles for games_2056.txt
2025-02-10 01:09:31,037 - DEBUG - Starting new HTTPS connection (1): www.mdpi.com:443
2025-02-10 01:09:31,515 - DEBUG - https://www.mdpi.com:443 "GET /1999-4893/15/4/122/pdf HTTP/1.1" 302 None
2025-02-10 01:09:31,519 - DEBUG - Starting new HTTPS connection (1): mdpi-res.com:443
2025-02-10 01:09:32,635 - DEBUG - https://mdpi-res.com:443 "GET /d_attachment/algorithms/algorithms-15-00122/article_deploy/algorithms-15-00122.pdf?version=1649326090 HTTP/1.1" 200 592479
2025-02-10 01:09:33,535 - DEBUG - 텍스트 추출 및 저장 완료: texts/Neuroevolution for parameter adaptation in differential evolution_2057.txt
2025-02-10 01:09:33,537 - DEBUG - Starting new HTTPS connection (1): ejournal.pancawidya.or.id:443
2025-02-10 01:09:34,556 - DEBUG - https://ejournal.pancawidya.or.id:443 "GET /index.php/galaksi/article/download/5/5 HTTP/1.1" 200 472369
2025-02-10 01:09:35,844 - DEBUG - 텍스트 추출 및 저장 완료: texts/The AI Revolution in Financial Services Emerging Methods for Fraud Detection and Prevention_2058.txt
2025-02-10 01:09:35,847 - DEBUG - Starting new HTTPS connection (1): www.academia.edu:443
2025-02-10 01:09:36,172 - DEBUG - https://www.academia.edu:443 "GET /download/111710534/CSEIT239063.pdf HTTP/1.1" 404 16226
2025-02-10 01:09:36,174 - DEBUG - Error: HTTP 응답 코드 404 - texts/Java in Action AI for Fraud Detection and Prevention_2059.txt
2025-02-10 01:09:36,179 - DEBUG - Starting new HTTPS connection (1): papers.ssrn.com:443
2025-02-10 01:09:37,786 - DEBUG - https://papers.ssrn.com:443 "GET /sol3/Delivery.cfm?abstractid=3738618 HTTP/1.1" 302 None
2025-02-10 01:09:37,858 - DEBUG - https://papers.ssrn.com:443 "GET /sol3/papers.cfm?abstract_id=3738618 HTTP/1.1" 429 8505
2025-02-10 01:09:37,892 - DEBUG - Error: HTTP 응답 코드 429 - texts/Artificial intelligence and fraud detection_2060.txt
2025-02-10 01:09:37,894 - DEBUG - Starting new HTTPS connection (1): www.researchgate.net:443
2025-02-10 01:09:38,126 - DEBUG - https://www.researchgate.net:443 "GET /profile/Dileep-Kumar-Chikwarti/publication/385720858_AI-Enhanced_Data_Mining_Techniques_for_Large-Scale_Financial_Fraud_Detection/links/6732c54268de5e5a30739b18/AI-Enhanced-Data-Mining-Techniques-for-Large-Scale-Financial-Fraud-Detection.pdf HTTP/1.1" 403 None
2025-02-10 01:09:38,145 - DEBUG - Error: HTTP 응답 코드 403 - texts/AI-Enhanced Data Mining Techniques for Large-Scale Financial Fraud Detection_2061.txt
2025-02-10 01:09:38,148 - DEBUG - Starting new HTTPS connection (1): inlibrary.uz:443
2025-02-10 01:09:39,572 - DEBUG - https://inlibrary.uz:443 "GET /index.php/tajmei/article/download/35397/35946 HTTP/1.1" 200 None
2025-02-10 01:09:43,989 - DEBUG - 텍스트 추출 및 저장 완료: texts/AI-Powered Fraud Detection in Banking Safeguarding Financial Transactions_2062.txt
2025-02-10 01:09:43,990 - DEBUG - Starting new HTTPS connection (1): ieeexplore.ieee.org:443
2025-02-10 01:09:44,662 - DEBUG - https://ieeexplore.ieee.org:443 "GET /iel7/6287639/8948470/09046765.pdf HTTP/1.1" 418 245
2025-02-10 01:09:44,664 - DEBUG - Error: HTTP 응답 코드 418 - texts/A secure ai-driven architecture for automated insurance systems Fraud detection and risk measurement_2063.txt
2025-02-10 01:09:44,668 - DEBUG - Starting new HTTPS connection (1): papers.ssrn.com:443
2025-02-10 01:09:44,843 - DEBUG - https://papers.ssrn.com:443 "GET /sol3/Delivery.cfm?abstractid=5117225 HTTP/1.1" 429 8380
2025-02-10 01:09:44,849 - DEBUG - Error: HTTP 응답 코드 429 - texts/Leveraging AI for Fraud Detection in Identity and Access Management A Focus on Large-Scale Customer Data_2064.txt
2025-02-10 01:09:44,852 - DEBUG - Starting new HTTPS connection (1): ijsdcs.com:443
2025-02-10 01:09:46,631 - DEBUG - https://ijsdcs.com:443 "GET /index.php/IJMLSD/article/download/468/188 HTTP/1.1" 200 380852
2025-02-10 01:09:47,823 - DEBUG - 텍스트 추출 및 저장 완료: texts/Identify fraud detection in corporate tax using Artificial Intelligence advancements_2065.txt
2025-02-10 01:09:47,825 - DEBUG - Starting new HTTPS connection (1): papers.ssrn.com:443
2025-02-10 01:09:49,424 - DEBUG - https://papers.ssrn.com:443 "GET /sol3/Delivery.cfm?abstractid=4684331 HTTP/1.1" 302 None
2025-02-10 01:09:49,499 - DEBUG - https://papers.ssrn.com:443 "GET /sol3/papers.cfm?abstract_id=4684331 HTTP/1.1" 429 8505
2025-02-10 01:09:49,511 - DEBUG - Error: HTTP 응답 코드 429 - texts/Open AI and its Impact on Fraud Detection in Financial Industry_2066.txt
2025-02-10 01:09:49,514 - DEBUG - Starting new HTTPS connection (1): www.sciencedirect.com:443
2025-02-10 01:09:49,736 - DEBUG - https://www.sciencedirect.com:443 "GET /science/article/am/pii/S0275531922001325 HTTP/1.1" 403 None
2025-02-10 01:09:50,035 - DEBUG - Error: HTTP 응답 코드 403 - texts/Insurance fraud detection Evidence from artificial intelligence and machine learning_2067.txt
2025-02-10 01:09:50,041 - DEBUG - Starting new HTTPS connection (1): www.researchgate.net:443
2025-02-10 01:09:50,274 - DEBUG - https://www.researchgate.net:443 "GET /profile/Oluwabusayo-Bello/publication/383264952_Artificial_intelligence_in_fraud_prevention_Exploring_techniques_and_applications_challenges_and_opportunities/links/66c50f434b25ef677f72463c/Artificial-intelligence-in-fraud-prevention-Exploring-techniques-and-applications-challenges-and-opportunities.pdf HTTP/1.1" 403 None
2025-02-10 01:09:50,278 - DEBUG - Error: HTTP 응답 코드 403 - texts/Artificial intelligence in fraud prevention Exploring techniques and applications challenges and opportunities_2068.txt
2025-02-10 01:09:50,280 - DEBUG - Starting new HTTPS connection (1): www.researchgate.net:443
2025-02-10 01:09:50,458 - DEBUG - https://www.researchgate.net:443 "GET /profile/Aditya-Manikyala/publication/386575787_AI-Driven_Database_Systems_in_FinTech_Enhancing_Fraud_Detection_and_Transaction_Efficiency/links/6757ab093f7c7c7a83216b06/AI-Driven-Database-Systems-in-FinTech-Enhancing-Fraud-Detection-and-Transaction-Efficiency.pdf HTTP/1.1" 403 None
2025-02-10 01:09:50,467 - DEBUG - Error: HTTP 응답 코드 403 - texts/AI-Driven Database Systems in FinTech Enhancing Fraud Detection and Transaction Efficiency_2069.txt
2025-02-10 01:09:50,469 - DEBUG - Starting new HTTPS connection (1): onlinelibrary.wiley.com:443
2025-02-10 01:09:50,518 - DEBUG - https://onlinelibrary.wiley.com:443 "GET /doi/pdf/10.1155/2022/8783783 HTTP/1.1" 403 None
2025-02-10 01:09:50,529 - DEBUG - Error: HTTP 응답 코드 403 - texts/E‐Commerce Fraud Detection Model by Computer Artificial Intelligence Data Mining_2070.txt
2025-02-10 01:09:50,531 - DEBUG - Starting new HTTPS connection (1): ieeexplore.ieee.org:443
2025-02-10 01:09:50,768 - DEBUG - https://ieeexplore.ieee.org:443 "GET /iel7/6287639/6514899/09843995.pdf HTTP/1.1" 418 245
2025-02-10 01:09:50,772 - DEBUG - Error: HTTP 응답 코드 418 - texts/Blockchain and AI-empowered healthcare insurance fraud detection an analysis, architecture, and future prospects_2071.txt
2025-02-10 01:09:50,777 - DEBUG - Starting new HTTPS connection (1): doras.dcu.ie:443
2025-02-10 01:09:52,585 - DEBUG - https://doras.dcu.ie:443 "GET /26056/1/Post_Print_CameraReady_HCII_2021_Towards_Design_Principles_for_User_Centric_Explainable_AI_in_Fraud_Detection.pdf HTTP/1.1" 200 1379101
2025-02-10 01:09:56,467 - DEBUG - 텍스트 추출 및 저장 완료: texts/Towards design principles for user-centric explainable AI in fraud detection_2072.txt
2025-02-10 01:09:56,470 - DEBUG - Starting new HTTPS connection (1): www.fepbl.com:443
2025-02-10 01:09:58,549 - DEBUG - request중 오류 발생
2025-02-10 01:09:58,557 - DEBUG - Starting new HTTPS connection (1): www.researchgate.net:443
2025-02-10 01:09:58,722 - DEBUG - https://www.researchgate.net:443 "GET /profile/Prabhs-Uyyala/publication/371123538_The_advanced_proprietary_AIML_solution_as_Anti-fraud-_Tensorlink4cheque_AFTL4C_for_Cheque_fraud_detection/links/6479e308d702370600cc44b8/The-advanced-proprietary-AI-ML-solution-as-Anti-fraud-Tensorlink4cheque-AFTL4C-for-Cheque-fraud-detection.pdf?origin=journalDetail&_tp=eyJwYWdlIjoiam91cm5hbERldGFpbCJ9 HTTP/1.1" 403 None
2025-02-10 01:09:58,725 - DEBUG - Error: HTTP 응답 코드 403 - texts/The advanced proprietary AIML solution as Anti-fraudTensorlink4cheque (AFTL4C) for Cheque fraud detection_2074.txt
2025-02-10 01:09:58,728 - DEBUG - Starting new HTTPS connection (1): www.researchgate.net:443
2025-02-10 01:09:58,898 - DEBUG - https://www.researchgate.net:443 "GET /profile/Rahul-Khurana-10/publication/386576119_Fraud_Detection_in_eCommerce_Payment_Systems_The_Role_of_Predictive_AI_in_Real-Time_Transaction_Security_and_Risk_Management/links/675795623f7c7c7a832168ec/Fraud-Detection-in-eCommerce-Payment-Systems-The-Role-of-Predictive-AI-in-Real-Time-Transaction-Security-and-Risk-Management.pdf HTTP/1.1" 403 None
2025-02-10 01:09:58,908 - DEBUG - Error: HTTP 응답 코드 403 - texts/Fraud detection in ecommerce payment systems The role of predictive ai in real-time transaction security and risk management_2075.txt
2025-02-10 01:09:58,912 - DEBUG - Starting new HTTPS connection (1): digitaltwin1.org:443
2025-02-10 01:09:59,503 - DEBUG - https://digitaltwin1.org:443 "GET /articles/1-12/pdf HTTP/1.1" 302 0
2025-02-10 01:09:59,508 - DEBUG - Starting new HTTPS connection (1): digitaltwin1.s3.ap-southeast-1.amazonaws.com:443
2025-02-10 01:09:59,929 - DEBUG - https://digitaltwin1.s3.ap-southeast-1.amazonaws.com:443 "GET /manuscripts/19073/c119176f-501a-4340-b4d7-5be50bd3e1f3_17524_-_zhihan_lv_v2.pdf?doi=10.12688/digitaltwin.17524.2&transcendId=ef49a3f1-d8c1-47d6-88fc-50e41130631f&s3BucketUrl=https%3A%2F%2Fdigitaltwin1.s3.ap-southeast-1.amazonaws.com&gtmKey=GTM-594NZ2D&transcendEnv=cm&submissionUrl=%2Ffor-authors%2Fpublish-your-research&otid=b4eb2c2f-64b6-4e39-9ad2-0317f27e2340&immUserUrl=https%3A%2F%2Fdtwin-proxy.f1krdev.com%2Feditor%2Fmember%2Fshow%2F&numberOfBrowsableCollections=2&numberOfBrowsableInstitutionalCollections=0&numberOfBrowsableGateways=0 HTTP/1.1" 200 4338817
2025-02-10 01:10:05,068 - DEBUG - 텍스트 추출 및 저장 완료: texts/Artificial intelligence in the digital twins State of the art, challenges, and future research topics_2076.txt
2025-02-10 01:10:05,083 - DEBUG - Starting new HTTPS connection (1): wires.onlinelibrary.wiley.com:443
2025-02-10 01:10:05,161 - DEBUG - https://wires.onlinelibrary.wiley.com:443 "GET /doi/pdf/10.1002/widm.1480 HTTP/1.1" 403 None
2025-02-10 01:10:05,166 - DEBUG - Error: HTTP 응답 코드 403 - texts/The role of AI for developing digital twins in healthcare The case of cancer care_2077.txt
2025-02-10 01:10:05,167 - DEBUG - Starting new HTTPS connection (1): link.springer.com:443
2025-02-10 01:10:05,491 - DEBUG - https://link.springer.com:443 "GET /content/pdf/10.1007/s10462-024-10805-3.pdf HTTP/1.1" 303 0
2025-02-10 01:10:05,496 - DEBUG - Starting new HTTPS connection (1): idp.springer.com:443
2025-02-10 01:10:05,891 - DEBUG - https://idp.springer.com:443 "GET /authorize?response_type=cookie&client_id=springerlink&redirect_uri=https%3A%2F%2Flink.springer.com%2Fcontent%2Fpdf%2F10.1007%2Fs10462-024-10805-3.pdf HTTP/1.1" 302 0
2025-02-10 01:10:06,579 - DEBUG - https://link.springer.com:443 "GET /content/pdf/10.1007/s10462-024-10805-3.pdf HTTP/1.1" 200 2149316
2025-02-10 01:10:10,817 - DEBUG - 텍스트 추출 및 저장 완료: texts/A review of digital twins and their application in cybersecurity based on artificial intelligence_2078.txt
2025-02-10 01:10:10,819 - DEBUG - Starting new HTTPS connection (1): digitaltwin1.org:443
2025-02-10 01:10:11,227 - DEBUG - https://digitaltwin1.org:443 "GET /articles/2-8/pdf HTTP/1.1" 302 0
2025-02-10 01:10:11,232 - DEBUG - Starting new HTTPS connection (1): digitaltwin1.s3.ap-southeast-1.amazonaws.com:443
2025-02-10 01:10:11,563 - DEBUG - https://digitaltwin1.s3.ap-southeast-1.amazonaws.com:443 "GET /manuscripts/18853/7da7161e-79a4-4199-977a-d1f0a8d3a8be_17574_-_michael_grieves_(2).pdf?doi=10.12688/digitaltwin.17574.1&transcendId=ef49a3f1-d8c1-47d6-88fc-50e41130631f&s3BucketUrl=https%3A%2F%2Fdigitaltwin1.s3.ap-southeast-1.amazonaws.com&gtmKey=GTM-594NZ2D&transcendEnv=cm&submissionUrl=%2Ffor-authors%2Fpublish-your-research&otid=b4eb2c2f-64b6-4e39-9ad2-0317f27e2340&immUserUrl=https%3A%2F%2Fdtwin-proxy.f1krdev.com%2Feditor%2Fmember%2Fshow%2F&numberOfBrowsableCollections=2&numberOfBrowsableInstitutionalCollections=0&numberOfBrowsableGateways=0 HTTP/1.1" 200 1978951
2025-02-10 01:10:13,387 - DEBUG - 텍스트 추출 및 저장 완료: texts/Intelligent digital twins and the development and management of complex systems_2079.txt
2025-02-10 01:10:13,389 - DEBUG - Starting new HTTPS connection (1): e-archivo.uc3m.es:443
2025-02-10 01:10:18,014 - DEBUG - https://e-archivo.uc3m.es:443 "GET /bitstream/handle/10016/33912/Towards_CM_2021_ps.pdf?sequence=1 HTTP/1.1" 302 117
2025-02-10 01:10:18,940 - DEBUG - https://e-archivo.uc3m.es:443 "GET /rest/api/core/bitstreams/d996a8ea-68be-409d-bea7-d5f709692616/content HTTP/1.1" 200 669747
2025-02-10 01:10:20,666 - DEBUG - 텍스트 추출 및 저장 완료: texts/Toward intelligent cyber-physical systems Digital twin meets artificial intelligence_2080.txt
2025-02-10 01:10:20,669 - DEBUG - Starting new HTTPS connection (1): link.springer.com:443
2025-02-10 01:10:20,992 - DEBUG - https://link.springer.com:443 "GET /content/pdf/10.1007/s41315-021-00180-5.pdf HTTP/1.1" 303 0
2025-02-10 01:10:20,997 - DEBUG - Starting new HTTPS connection (1): idp.springer.com:443
2025-02-10 01:10:21,303 - DEBUG - https://idp.springer.com:443 "GET /authorize?response_type=cookie&client_id=springerlink&redirect_uri=https%3A%2F%2Flink.springer.com%2Fcontent%2Fpdf%2F10.1007%2Fs41315-021-00180-5.pdf HTTP/1.1" 302 0
2025-02-10 01:10:21,993 - DEBUG - https://link.springer.com:443 "GET /content/pdf/10.1007/s41315-021-00180-5.pdf HTTP/1.1" 200 1820747
2025-02-10 01:10:28,559 - DEBUG - 텍스트 추출 및 저장 완료: texts/Digital twins artificial intelligence and the IoT cyber-physical systems in Industry 4.0_2081.txt
2025-02-10 01:10:28,560 - DEBUG - Starting new HTTPS connection (1): repository.mdx.ac.uk:443
2025-02-10 01:10:31,461 - DEBUG - https://repository.mdx.ac.uk:443 "GET /download/00d2caaa9af7d11f5df84a70d8fc102c0eb5f8d6e31b7af120df0afeb644a887/12601959/DT_Survey_Final_Accepted.pdf HTTP/1.1" 200 None
2025-02-10 01:10:44,361 - DEBUG - 텍스트 추출 및 저장 완료: texts/Digital twins A survey on enabling technologies, challenges, trends and future prospects_2082.txt
2025-02-10 01:10:44,365 - DEBUG - Starting new HTTPS connection (1): dl.acm.org:443
2025-02-10 01:10:44,682 - DEBUG - https://dl.acm.org:443 "GET /doi/pdf/10.1145/3519301 HTTP/1.1" 302 0
2025-02-10 01:10:44,754 - DEBUG - https://dl.acm.org:443 "GET /doi/pdf/10.1145/3519301?cookieSet=1 HTTP/1.1" 302 0
2025-02-10 01:10:45,168 - DEBUG - https://dl.acm.org:443 "GET /doi/pdf/10.1145/3519301 HTTP/1.1" 200 None
2025-02-10 01:10:47,605 - DEBUG - 텍스트 추출 및 저장 완료: texts/Artificial intelligence in underwater digital twins sensor networks_2083.txt
2025-02-10 01:10:47,607 - DEBUG - Starting new HTTPS connection (1): papers.ssrn.com:443
2025-02-10 01:10:49,724 - DEBUG - https://papers.ssrn.com:443 "GET /sol3/Delivery.cfm?abstractid=4308687 HTTP/1.1" 302 None
2025-02-10 01:10:49,793 - DEBUG - https://papers.ssrn.com:443 "GET /sol3/papers.cfm?abstract_id=4308687 HTTP/1.1" 429 8483
2025-02-10 01:10:49,795 - DEBUG - Error: HTTP 응답 코드 429 - texts/OpenAI ChatGPT generated literature review Digital twin in healthcare_2084.txt
2025-02-10 01:10:49,798 - DEBUG - Starting new HTTPS connection (1): ascpt.onlinelibrary.wiley.com:443
2025-02-10 01:10:49,848 - DEBUG - https://ascpt.onlinelibrary.wiley.com:443 "GET /doi/pdf/10.1111/cts.13897 HTTP/1.1" 403 None
2025-02-10 01:10:49,849 - DEBUG - Error: HTTP 응답 코드 403 - texts/Increasing acceptance of AI‐generated digital twins through clinical trial applications_2085.txt
2025-02-10 01:10:49,851 - DEBUG - Starting new HTTPS connection (1): link.springer.com:443
2025-02-10 01:10:50,211 - DEBUG - https://link.springer.com:443 "GET /content/pdf/10.1007/s43762-021-00005-y.pdf HTTP/1.1" 303 0
2025-02-10 01:10:50,216 - DEBUG - Starting new HTTPS connection (1): idp.springer.com:443
2025-02-10 01:10:50,514 - DEBUG - https://idp.springer.com:443 "GET /authorize?response_type=cookie&client_id=springerlink&redirect_uri=https%3A%2F%2Flink.springer.com%2Fcontent%2Fpdf%2F10.1007%2Fs43762-021-00005-y.pdf HTTP/1.1" 302 0
2025-02-10 01:10:51,255 - DEBUG - https://link.springer.com:443 "GET /content/pdf/10.1007/s43762-021-00005-y.pdf HTTP/1.1" 200 2845803
2025-02-10 01:10:54,980 - DEBUG - 텍스트 추출 및 저장 완료: texts/Smart city based on digital twins_2086.txt
2025-02-10 01:10:54,982 - DEBUG - Starting new HTTPS connection (1): ieeexplore.ieee.org:443
2025-02-10 01:10:55,214 - DEBUG - https://ieeexplore.ieee.org:443 "GET /iel7/6287639/6514899/09523743.pdf HTTP/1.1" 418 245
2025-02-10 01:10:55,215 - DEBUG - Error: HTTP 응답 코드 418 - texts/A comprehensive review of coverage path planning in robotics using classical and heuristic algorithms_2087.txt
2025-02-10 01:10:55,218 - DEBUG - Starting new HTTPS connection (1): www.mdpi.com:443
2025-02-10 01:10:55,742 - DEBUG - https://www.mdpi.com:443 "GET /1424-8220/21/23/7898/pdf HTTP/1.1" 302 None
2025-02-10 01:10:55,745 - DEBUG - Starting new HTTPS connection (1): mdpi-res.com:443
2025-02-10 01:10:55,907 - DEBUG - https://mdpi-res.com:443 "GET /d_attachment/sensors/sensors-21-07898/article_deploy/sensors-21-07898-v2.pdf?version=1638260371 HTTP/1.1" 200 6197198
2025-02-10 01:10:57,959 - DEBUG - 텍스트 추출 및 저장 완료: texts/Path planning for autonomous mobile robots A review_2088.txt
2025-02-10 01:10:57,962 - DEBUG - Starting new HTTPS connection (1): www.mdpi.com:443
2025-02-10 01:10:58,530 - DEBUG - https://www.mdpi.com:443 "GET /2624-8921/3/3/27/pdf HTTP/1.1" 302 None
2025-02-10 01:10:58,535 - DEBUG - Starting new HTTPS connection (1): mdpi-res.com:443
2025-02-10 01:10:59,593 - DEBUG - https://mdpi-res.com:443 "GET /d_attachment/vehicles/vehicles-03-00027/article_deploy/vehicles-03-00027-v2.pdf?version=1628151277 HTTP/1.1" 200 800177
2025-02-10 01:11:00,452 - DEBUG - 텍스트 추출 및 저장 완료: texts/A survey of path planning algorithms for mobile robots_2089.txt
2025-02-10 01:11:00,453 - DEBUG - Starting new HTTPS connection (1): www.mdpi.com:443
2025-02-10 01:11:01,016 - DEBUG - https://www.mdpi.com:443 "GET /2504-446X/7/3/211/pdf HTTP/1.1" 302 None
2025-02-10 01:11:01,021 - DEBUG - Starting new HTTPS connection (1): mdpi-res.com:443
2025-02-10 01:11:02,378 - DEBUG - https://mdpi-res.com:443 "GET /d_attachment/drones/drones-07-00211/article_deploy/drones-07-00211-v2.pdf?version=1679297721 HTTP/1.1" 200 1558081
2025-02-10 01:11:03,957 - DEBUG - 텍스트 추출 및 저장 완료: texts/Review of autonomous path planning algorithms for mobile robots_2090.txt
2025-02-10 01:11:03,961 - DEBUG - Starting new HTTPS connection (1): www.crkls.nl:443
2025-02-10 01:11:05,626 - DEBUG - https://www.crkls.nl:443 "GET /app/uploads/2022/10/69OND_Planning_for_ground_robots_in_agriculture.pdf HTTP/1.1" 200 244709
2025-02-10 01:11:06,501 - DEBUG - 텍스트 추출 및 저장 완료: texts/Path planning for ground robots in agriculture A short review_2091.txt
2025-02-10 01:11:06,503 - DEBUG - Starting new HTTPS connection (1): www.mdpi.com:443
2025-02-10 01:11:06,967 - DEBUG - https://www.mdpi.com:443 "GET /2076-3417/9/15/3057/pdf HTTP/1.1" 302 None
2025-02-10 01:11:06,971 - DEBUG - Starting new HTTPS connection (1): mdpi-res.com:443
2025-02-10 01:11:08,562 - DEBUG - https://mdpi-res.com:443 "GET /d_attachment/applsci/applsci-09-03057/article_deploy/applsci-09-03057.pdf?version=1564387174 HTTP/1.1" 200 14082906
2025-02-10 01:11:13,796 - DEBUG - 텍스트 추출 및 저장 완료: texts/Multi-robot path planning method using reinforcement learning_2092.txt
2025-02-10 01:11:13,799 - DEBUG - Starting new HTTPS connection (1): salford-repository.worktribe.com:443
2025-02-10 01:11:15,423 - DEBUG - https://salford-repository.worktribe.com:443 "GET /preview/1487650/Annual_Reviews_in_Control_MNAW_SNM_AA.pdf HTTP/1.1" 200 9228797
2025-02-10 01:11:19,460 - DEBUG - 텍스트 추출 및 저장 완료: texts/A comparative review on mobile robot path planning Classical or meta-heuristic methods_2093.txt
2025-02-10 01:11:19,462 - DEBUG - Starting new HTTPS connection (1): www.researchgate.net:443
2025-02-10 01:11:19,632 - DEBUG - https://www.researchgate.net:443 "GET /profile/Manuel-Silva-8/publication/342787879_A_Survey_on_Path_Planning_Algorithms_for_Mobile_Robots/links/5f06296b92851c52d620f088/A-Survey-on-Path-Planning-Algorithms-for-Mobile-Robots.pdf HTTP/1.1" 403 None
2025-02-10 01:11:19,634 - DEBUG - Error: HTTP 응답 코드 403 - texts/A survey on path planning algorithms for mobile robots_2094.txt
2025-02-10 01:11:19,637 - DEBUG - Starting new HTTPS connection (1): www.academia.edu:443
2025-02-10 01:11:19,897 - DEBUG - https://www.academia.edu:443 "GET /download/107155557/Path_planning_of_mobile_robot_based_on_improved_A_algorithm.pdf HTTP/1.1" 404 16226
2025-02-10 01:11:19,899 - DEBUG - Error: HTTP 응답 코드 404 - texts/Path planning of mobile robots based on an improved A algorithm_2095.txt
2025-02-10 01:11:19,904 - DEBUG - Starting new HTTPS connection (1): www.researchgate.net:443
2025-02-10 01:11:20,091 - DEBUG - https://www.researchgate.net:443 "GET /profile/Liang-Shan-14/publication/344438229_Reinforcement_based_mobile_robot_path_planning_with_improved_dynamic_window_approach_in_unknown_environment/links/60190477299bf1b33e407215/Reinforcement-based-mobile-robot-path-planning-with-improved-dynamic-window-approach-in-unknown-environment.pdf?_sg%5B0%5D=started_experiment_milestone&_sg%5B1%5D=started_experiment_milestone&origin=journalDetail&_rtd=e30%3D HTTP/1.1" 403 None
2025-02-10 01:11:20,095 - DEBUG - Error: HTTP 응답 코드 403 - texts/Reinforcement based mobile robot path planning with improved dynamic window approach in unknown environment_2096.txt
2025-02-10 01:11:20,099 - DEBUG - Starting new HTTPS connection (1): ieeexplore.ieee.org:443
2025-02-10 01:11:20,380 - DEBUG - https://ieeexplore.ieee.org:443 "GET /iel7/6287639/8948470/09286439.pdf HTTP/1.1" 418 245
2025-02-10 01:11:20,382 - DEBUG - Error: HTTP 응답 코드 418 - texts/HPPRM hybrid potential based probabilistic roadmap algorithm for improved dynamic path planning of mobile robots_2097.txt
2025-02-10 01:11:20,386 - DEBUG - Starting new HTTPS connection (1): arxiv.org:443
2025-02-10 01:11:20,670 - DEBUG - https://arxiv.org:443 "GET /pdf/2005.05420 HTTP/1.1" 200 4751368
2025-02-10 01:11:24,305 - DEBUG - 텍스트 추출 및 저장 완료: texts/Mobile robot path planning in dynamic environments through globally guided reinforcement learning_2098.txt
2025-02-10 01:11:24,307 - DEBUG - Starting new HTTPS connection (1): www.researchgate.net:443
2025-02-10 01:11:24,536 - DEBUG - https://www.researchgate.net:443 "GET /profile/Shehryar-Khattak/publication/333916528_Graph-based_Path_Planning_for_Autonomous_Robotic_Exploration_in_Subterranean_Environments/links/6016e5f0299bf1b33e3d27c7/Graph-based-Path-Planning-for-Autonomous-Robotic-Exploration-in-Subterranean-Environments.pdf HTTP/1.1" 403 None
2025-02-10 01:11:24,541 - DEBUG - Error: HTTP 응답 코드 403 - texts/Graph-based path planning for autonomous robotic exploration in subterranean environments_2099.txt
2025-02-10 01:11:24,544 - DEBUG - Starting new HTTPS connection (1): drive.google.com:443
2025-02-10 01:11:25,326 - DEBUG - https://drive.google.com:443 "GET /file/d/1P6MuKyM9kCCtdxcFwUVBULcGcJj2wKHm/view HTTP/1.1" 200 None
2025-02-10 01:11:25,432 - DEBUG - PDF 파일 읽기 오류: EOF marker not found
2025-02-10 01:11:25,434 - DEBUG - Starting new HTTPS connection (1): ieeexplore.ieee.org:443
2025-02-10 01:11:26,079 - DEBUG - https://ieeexplore.ieee.org:443 "GET /iel7/6287639/8948470/09046805.pdf HTTP/1.1" 418 245
2025-02-10 01:11:26,081 - DEBUG - Error: HTTP 응답 코드 418 - texts/A Survey of Autonomous Driving Common Practices and Emerging Technologies_2101.txt
2025-02-10 01:11:26,085 - DEBUG - Starting new HTTPS connection (1): arxiv.org:443
2025-02-10 01:11:26,411 - DEBUG - https://arxiv.org:443 "GET /pdf/2009.14349 HTTP/1.1" 200 2312540
2025-02-10 01:11:28,429 - DEBUG - 텍스트 추출 및 저장 완료: texts/Computing systems for autonomous driving State of the art and challenges_2102.txt
2025-02-10 01:11:28,431 - DEBUG - Starting new HTTPS connection (1): openaccess.thecvf.com:443
2025-02-10 01:11:29,227 - DEBUG - https://openaccess.thecvf.com:443 "GET /content/CVPR2023/papers/Hu_Planning-Oriented_Autonomous_Driving_CVPR_2023_paper.pdf HTTP/1.1" 200 2936312
2025-02-10 01:11:33,925 - DEBUG - 텍스트 추출 및 저장 완료: texts/Planning-oriented autonomous driving_2103.txt
2025-02-10 01:11:33,926 - DEBUG - Starting new HTTPS connection (1): arxiv.org:443
2025-02-10 01:11:34,458 - DEBUG - https://arxiv.org:443 "GET /pdf/2103.05154 HTTP/1.1" 200 3407816
2025-02-10 01:11:37,282 - DEBUG - 텍스트 추출 및 저장 완료: texts/Explanations in autonomous driving A survey_2104.txt
2025-02-10 01:11:37,285 - DEBUG - Starting new HTTP connection (1): openaccess.thecvf.com:80
2025-02-10 01:11:37,897 - DEBUG - http://openaccess.thecvf.com:80 "GET /content_CVPR_2020/papers/Caesar_nuScenes_A_Multimodal_Dataset_for_Autonomous_Driving_CVPR_2020_paper.pdf HTTP/1.1" 302 405
2025-02-10 01:11:37,900 - DEBUG - Starting new HTTPS connection (1): openaccess.thecvf.com:443
2025-02-10 01:11:39,691 - DEBUG - https://openaccess.thecvf.com:443 "GET /content_CVPR_2020/papers/Caesar_nuScenes_A_Multimodal_Dataset_for_Autonomous_Driving_CVPR_2020_paper.pdf HTTP/1.1" 200 1744945
2025-02-10 01:11:43,305 - DEBUG - 텍스트 추출 및 저장 완료: texts/nuscenes A multimodal dataset for autonomous driving_2105.txt
2025-02-10 01:11:43,307 - DEBUG - Starting new HTTPS connection (1): arxiv.org:443
2025-02-10 01:11:44,603 - DEBUG - https://arxiv.org:443 "GET /pdf/2004.06320 HTTP/1.1" 200 5461541
2025-02-10 01:11:49,307 - DEBUG - 텍스트 추출 및 저장 완료: texts/A2d2 Audi autonomous driving dataset_2106.txt
2025-02-10 01:11:49,315 - DEBUG - Starting new HTTPS connection (1): arxiv.org:443
2025-02-10 01:11:50,207 - DEBUG - https://arxiv.org:443 "GET /pdf/2309.09777 HTTP/1.1" 200 17631231
2025-02-10 01:12:04,195 - DEBUG - 텍스트 추출 및 저장 완료: texts/DriveDreamer Towards Real-World-Drive World Models for Autonomous Driving_2107.txt
2025-02-10 01:12:04,197 - DEBUG - Starting new HTTPS connection (1): ieeexplore.ieee.org:443
2025-02-10 01:12:04,396 - DEBUG - https://ieeexplore.ieee.org:443 "GET /iel8/34/4359286/10614862.pdf HTTP/1.1" 418 245
2025-02-10 01:12:04,396 - DEBUG - Error: HTTP 응답 코드 418 - texts/End-to-end autonomous driving Challenges and frontiers_2108.txt
2025-02-10 01:12:04,398 - DEBUG - Starting new HTTP connection (1): weisongshi.org:80
2025-02-10 01:12:05,195 - DEBUG - http://weisongshi.org:80 "GET /papers/liu19-EdgeAV.pdf HTTP/1.1" 200 1986860
2025-02-10 01:12:10,168 - DEBUG - 텍스트 추출 및 저장 완료: texts/Edge computing for autonomous driving Opportunities and challenges_2109.txt
2025-02-10 01:12:10,170 - DEBUG - Starting new HTTPS connection (1): openresearch.surrey.ac.uk:443
2025-02-10 01:12:12,329 - DEBUG - https://openresearch.surrey.ac.uk:443 "GET /view/delivery/44SUR_INST/12139840760002346/13140569430002346 HTTP/1.1" 302 0
2025-02-10 01:12:12,335 - DEBUG - Starting new HTTPS connection (1): s3.eu-central-1.amazonaws.com:443
2025-02-10 01:12:13,378 - DEBUG - https://s3.eu-central-1.amazonaws.com:443 "GET /eu-st01.ext.exlibrisgroup.com/44SUR_INST/storage/alma/4C/15/3E/1E/BB/2C/7A/F4/2D/CB/40/3B/82/99/CB/70/__homes.surrey.ac.uk_home_.System_Desktop_Towards%20connected%20autonomous%20driving%20review%20of%20use%20cases.pdf?response-content-type=application%2Fpdf&X-Amz-Algorithm=AWS4-HMAC-SHA256&X-Amz-Date=20250209T161212Z&X-Amz-SignedHeaders=host&X-Amz-Expires=119&X-Amz-Credential=AKIAJN6NPMNGJALPPWAQ%2F20250209%2Feu-central-1%2Fs3%2Faws4_request&X-Amz-Signature=a2b6e2519bef0a35765a225875375f03390c53cc418f0eeac25cc7cb6ba982dc HTTP/1.1" 200 3302156
2025-02-10 01:12:23,380 - DEBUG - 텍스트 추출 및 저장 완료: texts/Towards connected autonomous driving review of use-cases_2110.txt
2025-02-10 01:12:23,382 - DEBUG - Starting new HTTPS connection (1): ieeexplore.ieee.org:443
2025-02-10 01:12:23,692 - DEBUG - https://ieeexplore.ieee.org:443 "GET /iel7/6979/9480662/09284628.pdf HTTP/1.1" 418 245
2025-02-10 01:12:23,693 - DEBUG - Error: HTTP 응답 코드 418 - texts/Deep learning for safe autonomous driving Current challenges and future directions_2111.txt
2025-02-10 01:12:23,697 - DEBUG - Starting new HTTPS connection (1): arxiv.org:443
2025-02-10 01:12:23,732 - DEBUG - https://arxiv.org:443 "GET /pdf/1910.07738 HTTP/1.1" 200 2155115
2025-02-10 01:12:24,625 - DEBUG - 텍스트 추출 및 저장 완료: texts/A survey of deep learning techniques for autonomous driving_2112.txt
2025-02-10 01:12:24,627 - DEBUG - Starting new HTTPS connection (1): elib.dlr.de:443
2025-02-10 01:12:26,719 - DEBUG - https://elib.dlr.de:443 "GET /120740/1/Fraedrich_et_al_AV_Planning_resubmission_20180108.pdf HTTP/1.1" 200 729194
2025-02-10 01:12:29,808 - DEBUG - 텍스트 추출 및 저장 완료: texts/Autonomous driving, the built environment and policy implications_2113.txt
2025-02-10 01:12:29,811 - DEBUG - Starting new HTTPS connection (1): openaccess.thecvf.com:443
2025-02-10 01:12:31,111 - DEBUG - https://openaccess.thecvf.com:443 "GET /content_CVPR_2020/papers/Sun_Scalability_in_Perception_for_Autonomous_Driving_Waymo_Open_Dataset_CVPR_2020_paper.pdf HTTP/1.1" 200 1009956
2025-02-10 01:12:33,054 - DEBUG - 텍스트 추출 및 저장 완료: texts/Scalability in perception for autonomous driving Waymo open dataset_2114.txt
2025-02-10 01:12:33,056 - DEBUG - Starting new HTTPS connection (1): eprints.qut.edu.au:443
2025-02-10 01:12:34,954 - DEBUG - https://eprints.qut.edu.au:443 "GET /132328/7/132328a.pdf HTTP/1.1" 200 1955392
2025-02-10 01:12:42,456 - DEBUG - 텍스트 추출 및 저장 완료: texts/A review of motion planning for highway autonomous driving_2115.txt
2025-02-10 01:12:42,458 - DEBUG - Starting new HTTPS connection (1): openaccess.thecvf.com:443
2025-02-10 01:12:43,058 - DEBUG - https://openaccess.thecvf.com:443 "GET /content_ICCV_2019/papers/Codevilla_Exploring_the_Limitations_of_Behavior_Cloning_for_Autonomous_Driving_ICCV_2019_paper.pdf HTTP/1.1" 200 1590739
2025-02-10 01:12:45,418 - DEBUG - 텍스트 추출 및 저장 완료: texts/Exploring the limitations of behavior cloning for autonomous driving_2116.txt
2025-02-10 01:12:45,420 - DEBUG - Starting new HTTPS connection (1): www.mdpi.com:443
2025-02-10 01:12:46,154 - DEBUG - https://www.mdpi.com:443 "GET /1424-8220/20/11/3113/pdf HTTP/1.1" 302 None
2025-02-10 01:12:46,162 - DEBUG - Starting new HTTPS connection (1): mdpi-res.com:443
2025-02-10 01:12:47,478 - DEBUG - https://mdpi-res.com:443 "GET /d_attachment/sensors/sensors-20-03113/article_deploy/sensors-20-03113-v2.pdf?version=1591024526 HTTP/1.1" 200 2266784
2025-02-10 01:12:48,813 - DEBUG - 텍스트 추출 및 저장 완료: texts/Advances in smart environment monitoring systems using IoT and sensors_2117.txt
2025-02-10 01:12:48,816 - DEBUG - Starting new HTTP connection (1): www.aimspress.com:80
2025-02-10 01:12:49,299 - DEBUG - http://www.aimspress.com:80 "GET /aimspress-data/mbe/2022/8/PDF/mbe-19-08-357.pdf HTTP/1.1" 200 None
2025-02-10 01:12:51,511 - DEBUG - 텍스트 추출 및 저장 완료: texts/Real-time artificial intelligence based health monitoring, diagnosing and environmental control system for COVID-19 patients_2118.txt
2025-02-10 01:12:51,513 - DEBUG - Starting new HTTPS connection (1): www.mdpi.com:443
2025-02-10 01:12:52,008 - DEBUG - https://www.mdpi.com:443 "GET /1424-8220/22/6/2416/pdf HTTP/1.1" 302 None
2025-02-10 01:12:52,013 - DEBUG - Starting new HTTPS connection (1): mdpi-res.com:443
2025-02-10 01:12:52,995 - DEBUG - https://mdpi-res.com:443 "GET /d_attachment/sensors/sensors-22-02416/article_deploy/sensors-22-02416-v3.pdf?version=1648003822 HTTP/1.1" 200 3973701
2025-02-10 01:12:54,974 - DEBUG - 텍스트 추출 및 저장 완료: texts/Towards synoptic water monitoring systems a review of AI methods for automating water body detection and water quality monitoring using remote sensing_2119.txt
2025-02-10 01:12:54,976 - DEBUG - Starting new HTTPS connection (1): www.mdpi.com:443
2025-02-10 01:12:55,533 - DEBUG - https://www.mdpi.com:443 "GET /2504-446X/5/4/110/pdf HTTP/1.1" 302 None
2025-02-10 01:12:55,538 - DEBUG - Starting new HTTPS connection (1): mdpi-res.com:443
2025-02-10 01:12:56,903 - DEBUG - https://mdpi-res.com:443 "GET /d_attachment/drones/drones-05-00110/article_deploy/drones-05-00110-v2.pdf?version=1635509918 HTTP/1.1" 200 8035248
2025-02-10 01:13:00,603 - DEBUG - 텍스트 추출 및 저장 완료: texts/Efficient drone-based rare plant monitoring using a species distribution model and AI-based object detection_2120.txt
2025-02-10 01:13:00,606 - DEBUG - Starting new HTTPS connection (1): www.sciencedirect.com:443
2025-02-10 01:13:00,792 - DEBUG - https://www.sciencedirect.com:443 "GET /science/article/am/pii/S0160791X21002165 HTTP/1.1" 403 None
2025-02-10 01:13:01,003 - DEBUG - Error: HTTP 응답 코드 403 - texts/Artificial intelligence, systemic risks, and sustainability_2121.txt
2025-02-10 01:13:01,007 - DEBUG - Starting new HTTPS connection (1): www.sciencedirect.com:443
2025-02-10 01:13:01,250 - DEBUG - https://www.sciencedirect.com:443 "GET /science/article/am/pii/S0308521X22001330 HTTP/1.1" 403 None
2025-02-10 01:13:01,456 - DEBUG - Error: HTTP 응답 코드 403 - texts/Ag-IoT for crop and environment monitoring Past, present, and future_2122.txt
2025-02-10 01:13:01,462 - DEBUG - Starting new HTTPS connection (1): arxiv.org:443
2025-02-10 01:13:01,816 - DEBUG - https://arxiv.org:443 "GET /pdf/2203.04159 HTTP/1.1" 200 4106999
2025-02-10 01:13:05,972 - DEBUG - 텍스트 추출 및 저장 완료: texts/AI for next generation computing Emerging trends and future directions_2123.txt
2025-02-10 01:13:05,973 - DEBUG - Starting new HTTPS connection (1): www.mdpi.com:443
2025-02-10 01:13:06,524 - DEBUG - https://www.mdpi.com:443 "GET /1996-1073/13/6/1473/pdf HTTP/1.1" 302 None
2025-02-10 01:13:06,528 - DEBUG - Starting new HTTPS connection (1): mdpi-res.com:443
2025-02-10 01:13:07,877 - DEBUG - https://mdpi-res.com:443 "GET /d_attachment/energies/energies-13-01473/article_deploy/energies-13-01473-v3.pdf?version=1585797303 HTTP/1.1" 200 2267507
2025-02-10 01:13:09,578 - DEBUG - 텍스트 추출 및 저장 완료: texts/Contributions and risks of artificial intelligence (AI) in building smarter cities Insights from a systematic review of the literature_2124.txt
2025-02-10 01:13:09,580 - DEBUG - Starting new HTTPS connection (1): www.academia.edu:443
2025-02-10 01:13:09,823 - DEBUG - https://www.academia.edu:443 "GET /download/93526440/15434.pdf HTTP/1.1" 404 16226
2025-02-10 01:13:09,828 - DEBUG - Error: HTTP 응답 코드 404 - texts/An internet of things framework for real-time aquatic environment monitoring using an Arduino and sensors_2125.txt
2025-02-10 01:13:09,832 - DEBUG - Starting new HTTPS connection (1): www.researchgate.net:443
2025-02-10 01:13:10,087 - DEBUG - https://www.researchgate.net:443 "GET /profile/Banismita-Tripathy/publication/365346889_Detection_of_Environmental_Microfiber_Pollutants_through_Vibrational_Spectroscopic_Techniques_Recent_Advances_of_Environmental_Monitoring_and_Future_Prospects/links/65800bcbaff8b16813b4f56c/Detection-of-Environmental-Microfiber-Pollutants-through-Vibrational-Spectroscopic-Techniques-Recent-Advances-of-Environmental-Monitoring-and-Future-Prospects.pdf HTTP/1.1" 403 None
2025-02-10 01:13:10,091 - DEBUG - Error: HTTP 응답 코드 403 - texts/Detection of environmental microfiber pollutants through vibrational spectroscopic techniques recent advances of environmental monitoring and future prospects_2126.txt
2025-02-10 01:13:10,095 - DEBUG - Starting new HTTPS connection (1): www.researchgate.net:443
2025-02-10 01:13:10,318 - DEBUG - https://www.researchgate.net:443 "GET /profile/Xiangjie-Kong-2/publication/346379497_Realizing_the_Potential_of_Internet_of_Things_for_Smart_Tourism_with_5G_and_AI/links/65f566e3286738732d528b17/Realizing-the-Potential-of-Internet-of-Things-for-Smart-Tourism-with-5G-and-AI.pdf HTTP/1.1" 403 None
2025-02-10 01:13:10,322 - DEBUG - Error: HTTP 응답 코드 403 - texts/Realizing the potential of the internet of things for smart tourism with 5G and AI_2127.txt
2025-02-10 01:13:10,325 - DEBUG - Starting new HTTPS connection (1): ieeexplore.ieee.org:443
2025-02-10 01:13:10,558 - DEBUG - https://ieeexplore.ieee.org:443 "GET /iel7/6294/9097816/09098011.pdf HTTP/1.1" 418 245
2025-02-10 01:13:10,561 - DEBUG - Error: HTTP 응답 코드 418 - texts/Artificial intelligence (AI) in agriculture_2128.txt
2025-02-10 01:13:10,566 - DEBUG - Starting new HTTPS connection (1): pdfs.semanticscholar.org:443
2025-02-10 01:13:11,551 - DEBUG - https://pdfs.semanticscholar.org:443 "GET /6e08/7108aa8048da8cfc82cdecb7071a55bab488.pdf HTTP/1.1" 200 None
2025-02-10 01:13:11,898 - DEBUG - 텍스트 추출 및 저장 완료: texts/Applications of artificial intelligence in agriculture A review._2129.txt
2025-02-10 01:13:11,900 - DEBUG - Starting new HTTPS connection (1): agresearch.figshare.com:443
2025-02-10 01:13:12,829 - DEBUG - https://agresearch.figshare.com:443 "GET /articles/journal_contribution/IoT_big_data_and_artificial_intelligence_in_agriculture_and_food_industry/22752947/1/files/40430954.pdf HTTP/1.1" 302 0
2025-02-10 01:13:12,834 - DEBUG - Starting new HTTPS connection (1): s3-ap-southeast-2.amazonaws.com:443
2025-02-10 01:13:13,433 - DEBUG - https://s3-ap-southeast-2.amazonaws.com:443 "GET /figshare-production-eu-agresearch-storage8801-ap-southeast-2/40430954/IEEEInternetofThingsJNNMisraetalaccepted.pdf?X-Amz-Algorithm=AWS4-HMAC-SHA256&X-Amz-Credential=AKIA3OGA3B5WKC3AUH5U/20250209/ap-southeast-2/s3/aws4_request&X-Amz-Date=20250209T161312Z&X-Amz-Expires=10&X-Amz-SignedHeaders=host&X-Amz-Signature=30fe4ce255eb1a9422d2e7ca90c4d4b6b3e054890f519c59c6aba72613240641 HTTP/1.1" 200 1497950
2025-02-10 01:13:16,738 - DEBUG - 텍스트 추출 및 저장 완료: texts/IoT, big data, and artificial intelligence in agriculture and food industry_2130.txt
2025-02-10 01:13:16,740 - DEBUG - Starting new HTTPS connection (1): www.mdpi.com:443
2025-02-10 01:13:17,218 - DEBUG - https://www.mdpi.com:443 "GET /1424-8220/19/17/3667/pdf HTTP/1.1" 302 None
2025-02-10 01:13:17,222 - DEBUG - Starting new HTTPS connection (1): mdpi-res.com:443
2025-02-10 01:13:18,202 - DEBUG - https://mdpi-res.com:443 "GET /d_attachment/sensors/sensors-19-03667/article_deploy/sensors-19-03667.pdf?version=1566553707 HTTP/1.1" 200 1658286
2025-02-10 01:13:19,360 - DEBUG - 텍스트 추출 및 저장 완료: texts/Sensors driven AI-based agriculture recommendation model for assessing land suitability_2131.txt
2025-02-10 01:13:19,362 - DEBUG - Starting new HTTPS connection (1): ieeexplore.ieee.org:443
2025-02-10 01:13:19,578 - DEBUG - https://ieeexplore.ieee.org:443 "GET /iel7/6287639/9668973/09716089.pdf HTTP/1.1" 418 245
2025-02-10 01:13:19,578 - DEBUG - Error: HTTP 응답 코드 418 - texts/IoT-equipped and AI-enabled next generation smart agriculture A critical review, current challenges and future trends_2132.txt
2025-02-10 01:13:19,581 - DEBUG - Starting new HTTPS connection (1): onlinelibrary.wiley.com:443
2025-02-10 01:13:19,664 - DEBUG - https://onlinelibrary.wiley.com:443 "GET /doi/pdf/10.1155/2021/5584754 HTTP/1.1" 403 None
2025-02-10 01:13:19,666 - DEBUG - Error: HTTP 응답 코드 403 - texts/Artificial intelligence to improve the food and agriculture sector_2133.txt
2025-02-10 01:13:19,667 - DEBUG - Starting new HTTPS connection (1): pdfs.semanticscholar.org:443
2025-02-10 01:13:20,562 - DEBUG - https://pdfs.semanticscholar.org:443 "GET /3314/15efe806be5cbb4e4cf7a1c4c6d29a17dab9.pdf HTTP/1.1" 200 None
2025-02-10 01:13:21,757 - DEBUG - 텍스트 추출 및 저장 완료: texts/Adaptive AI in precision agriculture a review investigating the use of self-learning algorithms in optimizing farm operations based on real-time data_2134.txt
2025-02-10 01:13:21,760 - DEBUG - Starting new HTTPS connection (1): www.mdpi.com:443
2025-02-10 01:13:22,256 - DEBUG - https://www.mdpi.com:443 "GET /2073-4395/11/6/1227/pdf HTTP/1.1" 302 None
2025-02-10 01:13:22,261 - DEBUG - Starting new HTTPS connection (1): mdpi-res.com:443
2025-02-10 01:13:23,662 - DEBUG - https://mdpi-res.com:443 "GET /d_attachment/agronomy/agronomy-11-01227/article_deploy/agronomy-11-01227.pdf?version=1623914616 HTTP/1.1" 200 4241158
2025-02-10 01:13:26,502 - DEBUG - 텍스트 추출 및 저장 완료: texts/Data-driven artificial intelligence applications for sustainable precision agriculture_2135.txt
2025-02-10 01:13:26,505 - DEBUG - Starting new HTTPS connection (1): www.researchgate.net:443
2025-02-10 01:13:26,749 - DEBUG - https://www.researchgate.net:443 "GET /profile/Alexander-Menshchikov-3/publication/336541558_Enabling_Precision_Agriculture_Through_Embedded_Sensing_With_Artificial_Intelligence/links/5dc2eb58a6fdcc21280bb148/Enabling-Precision-Agriculture-Through-Embedded-Sensing-With-Artificial-Intelligence.pdf HTTP/1.1" 403 None
2025-02-10 01:13:26,767 - DEBUG - Error: HTTP 응답 코드 403 - texts/Enabling precision agriculture through embedded sensing with artificial intelligence_2136.txt
2025-02-10 01:13:26,770 - DEBUG - Starting new HTTPS connection (1): asmedigitalcollection.asme.org:443
2025-02-10 01:13:27,704 - DEBUG - https://asmedigitalcollection.asme.org:443 "GET /manufacturingscience/article-pdf/142/11/110804/6594922/manu_142_11_110804.pdf HTTP/1.1" 403 93
2025-02-10 01:13:27,707 - DEBUG - Error: HTTP 응답 코드 403 - texts/Artificial intelligence in advanced manufacturing Current status and future outlook_2137.txt
2025-02-10 01:13:27,712 - DEBUG - Starting new HTTPS connection (1): www.daaam.info:443
2025-02-10 01:13:29,084 - DEBUG - https://www.daaam.info:443 "GET /Downloads/Pdfs/science_books_pdfs/2019/Sc_Book_2019-007.pdf HTTP/1.1" 200 1538592
2025-02-10 01:13:32,272 - DEBUG - 텍스트 추출 및 저장 완료: texts/Artificial intelligence in manufacturing companies and broader An overview_2138.txt
2025-02-10 01:13:32,276 - DEBUG - Starting new HTTPS connection (1): www.tandfonline.com:443
2025-02-10 01:13:32,440 - DEBUG - https://www.tandfonline.com:443 "GET /doi/pdf/10.1080/00207543.2020.1752488 HTTP/1.1" 403 None
2025-02-10 01:13:32,441 - DEBUG - Error: HTTP 응답 코드 403 - texts/Artificial intelligence in manufacturing and logistics systems algorithms, applications, and case studies_2139.txt
2025-02-10 01:13:32,443 - DEBUG - Starting new HTTPS connection (1): www.researchgate.net:443
2025-02-10 01:13:32,606 - DEBUG - https://www.researchgate.net:443 "GET /profile/Chandan-Kumar-Sahu/publication/348037151_Artificial_intelligence_AI_in_augmented_reality_AR-assisted_manufacturing_applications_a_review/links/5fffd7b545851553a0418910/Artificial-intelligence-AI-in-augmented-reality-AR-assisted-manufacturing-applications-a-review.pdf HTTP/1.1" 403 None
2025-02-10 01:13:32,609 - DEBUG - Error: HTTP 응답 코드 403 - texts/Artificial intelligence (AI) in augmented reality (AR)-assisted manufacturing applications a review_2140.txt
2025-02-10 01:13:32,612 - DEBUG - Starting new HTTPS connection (1): dl.acm.org:443
2025-02-10 01:13:33,008 - DEBUG - https://dl.acm.org:443 "GET /doi/pdf/10.1145/3544548.3580999 HTTP/1.1" 302 0
2025-02-10 01:13:33,100 - DEBUG - https://dl.acm.org:443 "GET /doi/pdf/10.1145/3544548.3580999?cookieSet=1 HTTP/1.1" 302 0
2025-02-10 01:13:33,561 - DEBUG - https://dl.acm.org:443 "GET /doi/pdf/10.1145/3544548.3580999 HTTP/1.1" 200 None
2025-02-10 01:13:36,150 - DEBUG - 텍스트 추출 및 저장 완료: texts/Exploring challenges and opportunities to support designers in learning to co-create with AI-based manufacturing design tools_2141.txt
2025-02-10 01:13:36,152 - DEBUG - Starting new HTTPS connection (1): arxiv.org:443
2025-02-10 01:13:37,453 - DEBUG - https://arxiv.org:443 "GET /pdf/2108.03383 HTTP/1.1" 200 14412793
2025-02-10 01:13:52,775 - DEBUG - 텍스트 추출 및 저장 완료: texts/Artificial-intelligence-driven customized manufacturing factory key technologies, applications, and challenges_2142.txt
2025-02-10 01:13:52,777 - DEBUG - Starting new HTTPS connection (1): arxiv.org:443
2025-02-10 01:13:54,038 - DEBUG - https://arxiv.org:443 "GET /pdf/2008.12987 HTTP/1.1" 200 2828626
2025-02-10 01:13:56,533 - DEBUG - 텍스트 추출 및 저장 완료: texts/AI-based modeling and data-driven evaluation for smart manufacturing processes_2143.txt
2025-02-10 01:13:56,539 - DEBUG - Starting new HTTPS connection (1): hal.science:443
2025-02-10 01:14:00,443 - DEBUG - https://hal.science:443 "GET /hal-03793828/file/Castane%20et%20al%202022_no_logo.pdf HTTP/1.1" 200 924271
2025-02-10 01:14:04,102 - DEBUG - 텍스트 추출 및 저장 완료: texts/The ASSISTANT project AI for high level decisions in manufacturing_2144.txt
2025-02-10 01:14:04,106 - DEBUG - Starting new HTTPS connection (1): bradscholars.brad.ac.uk:443
2025-02-10 01:14:08,669 - DEBUG - https://bradscholars.brad.ac.uk:443 "GET /bitstream/handle/10454/18484/Chatterjee-et-al-2021-TFSC-07052021.pdf?sequence=9&isAllowed=n HTTP/1.1" 200 396728
2025-02-10 01:14:11,063 - DEBUG - 텍스트 추출 및 저장 완료: texts/Understanding AI adoption in manufacturing and production firms using an integrated TAM-TOE model_2145.txt
2025-02-10 01:14:11,065 - DEBUG - Starting new HTTPS connection (1): www.sciencedirect.com:443
2025-02-10 01:14:11,271 - DEBUG - https://www.sciencedirect.com:443 "GET /science/article/pii/S2212827120307435/pdf?md5=50daff10c3bce7810cdce552f0cff289&pid=1-s2.0-S2212827120307435-main.pdf HTTP/1.1" 403 None
2025-02-10 01:14:11,467 - DEBUG - Error: HTTP 응답 코드 403 - texts/Systematic review on machine learning (ML) methods for manufacturing processes–Identifying artificial intelligence (AI) methods for field application_2146.txt
2025-02-10 01:14:11,471 - DEBUG - Starting new HTTPS connection (1): www.tandfonline.com:443
2025-02-10 01:14:11,768 - DEBUG - https://www.tandfonline.com:443 "GET /doi/pdf/10.1080/00207543.2021.1956675 HTTP/1.1" 403 None
2025-02-10 01:14:11,771 - DEBUG - Error: HTTP 응답 코드 403 - texts/Machine learning in manufacturing and industry 4.0 applications_2147.txt
2025-02-10 01:14:11,776 - DEBUG - Starting new HTTPS connection (1): www.mdpi.com:443
2025-02-10 01:14:12,578 - DEBUG - https://www.mdpi.com:443 "GET /2071-1050/13/12/6689/pdf HTTP/1.1" 302 None
2025-02-10 01:14:12,584 - DEBUG - Starting new HTTPS connection (1): mdpi-res.com:443
2025-02-10 01:14:12,951 - DEBUG - https://mdpi-res.com:443 "GET /d_attachment/sustainability/sustainability-13-06689/article_deploy/sustainability-13-06689-v2.pdf?version=1624245655 HTTP/1.1" 200 4911467
2025-02-10 01:14:15,058 - DEBUG - 텍스트 추출 및 저장 완료: texts/Artificial intelligence applications for increasing resource efficiency in manufacturing companies—a comprehensive review_2148.txt
2025-02-10 01:14:15,060 - DEBUG - Starting new HTTPS connection (1): www.dessert-conf.org:443
2025-02-10 01:14:17,168 - DEBUG - https://www.dessert-conf.org:443 "GET /wp-content/uploads/2022/10/DESSERT2022_paper_template.pdf HTTP/1.1" 403 146
2025-02-10 01:14:17,170 - DEBUG - Error: HTTP 응답 코드 403 - texts/Combination of digital twin and artificial intelligence in manufacturing using industrial IoT_2149.txt
2025-02-10 01:14:17,189 - DEBUG - Starting new HTTPS connection (1): ieeexplore.ieee.org:443
2025-02-10 01:14:17,501 - DEBUG - https://ieeexplore.ieee.org:443 "GET /iel8/6287639/10380310/10677409.pdf HTTP/1.1" 418 245
2025-02-10 01:14:17,502 - DEBUG - Error: HTTP 응답 코드 418 - texts/Advancing Manufacturing Through Artificial Intelligence Current Landscape, Perspectives, Best Practices, Challenges and Future Direction_2150.txt
2025-02-10 01:14:17,504 - DEBUG - Starting new HTTPS connection (1): www.academia.edu:443
2025-02-10 01:14:18,429 - DEBUG - https://www.academia.edu:443 "GET /download/103712558/Christoph_Molnar_Interpretable_Machine_Learning_lulu.com_20210426_.pdf HTTP/1.1" 404 16226
2025-02-10 01:14:18,567 - DEBUG - Error: HTTP 응답 코드 404 - texts/Interpretable machine learning_2151.txt
2025-02-10 01:14:18,571 - DEBUG - Starting new HTTPS connection (1): dl.acm.org:443
2025-02-10 01:14:19,008 - DEBUG - https://dl.acm.org:443 "GET /doi/pdf/10.1145/3359786 HTTP/1.1" 302 0
2025-02-10 01:14:19,118 - DEBUG - https://dl.acm.org:443 "GET /doi/pdf/10.1145/3359786?cookieSet=1 HTTP/1.1" 302 0
2025-02-10 01:14:19,589 - DEBUG - https://dl.acm.org:443 "GET /doi/pdf/10.1145/3359786 HTTP/1.1" 200 None
2025-02-10 01:14:32,514 - DEBUG - 텍스트 추출 및 저장 완료: texts/Techniques for interpretable machine learning_2152.txt
2025-02-10 01:14:32,527 - DEBUG - Starting new HTTPS connection (1): arxiv.org:443
2025-02-10 01:14:32,554 - DEBUG - https://arxiv.org:443 "GET /pdf/2010.09337 HTTP/1.1" 200 492866
2025-02-10 01:14:32,954 - DEBUG - 텍스트 추출 및 저장 완료: texts/Interpretable machine learning–a brief history, state-of-the-art and challenges_2153.txt
2025-02-10 01:14:32,955 - DEBUG - Starting new HTTPS connection (1): www.pnas.org:443
2025-02-10 01:14:33,221 - DEBUG - https://www.pnas.org:443 "GET /doi/pdf/10.1073/pnas.1900654116 HTTP/1.1" 403 None
2025-02-10 01:14:33,222 - DEBUG - Error: HTTP 응답 코드 403 - texts/Definitions, methods, and applications in interpretable machine learning_2154.txt
2025-02-10 01:14:33,224 - DEBUG - Starting new HTTPS connection (1): arxiv.org:443
2025-02-10 01:14:33,568 - DEBUG - https://arxiv.org:443 "GET /pdf/1901.04592.pdf?fbclid=IwAR2frcHrhLc4iaH5-TmKKq263NVv HTTP/1.1" 301 249
2025-02-10 01:14:33,569 - DEBUG - Starting new HTTP connection (1): arxiv.org:80
2025-02-10 01:14:34,387 - DEBUG - http://arxiv.org:80 "GET /pdf/1901.04592 HTTP/1.1" 200 644612
2025-02-10 01:14:34,989 - DEBUG - 텍스트 추출 및 저장 완료: texts/Interpretable machine learning definitions, methods, and applications_2155.txt
2025-02-10 01:14:34,991 - DEBUG - Starting new HTTPS connection (1): projecteuclid.org:443
2025-02-10 01:14:35,769 - DEBUG - https://projecteuclid.org:443 "GET /journals/statistics-surveys/volume-16/issue-none/Interpretable-machine-learning-Fundamental-principles-and-10-grand-challenges/10.1214/21-SS133.pdf HTTP/1.1" 200 2864935
2025-02-10 01:15:06,910 - DEBUG - 텍스트 추출 및 저장 완료: texts/Interpretable machine learning Fundamental principles and 10 grand challenges_2156.txt
2025-02-10 01:15:06,912 - DEBUG - Starting new HTTPS connection (1): www.sciencedirect.com:443
2025-02-10 01:15:07,370 - DEBUG - https://www.sciencedirect.com:443 "GET /science/article/am/pii/S016895252030069X HTTP/1.1" 403 None
2025-02-10 01:15:10,692 - DEBUG - Error: HTTP 응답 코드 403 - texts/Opening the black box interpretable machine learning for geneticists_2157.txt
2025-02-10 01:15:10,700 - DEBUG - Starting new HTTPS connection (1): ieeexplore.ieee.org:443
2025-02-10 01:15:11,313 - DEBUG - https://ieeexplore.ieee.org:443 "GET /iel7/6287639/8948470/09234594.pdf HTTP/1.1" 418 245
2025-02-10 01:15:11,315 - DEBUG - Error: HTTP 응답 코드 418 - texts/Review study of interpretation methods for future interpretable machine learning_2158.txt
2025-02-10 01:15:11,328 - DEBUG - Starting new HTTPS connection (1): par.nsf.gov:443
2025-02-10 01:15:14,901 - DEBUG - https://par.nsf.gov:443 "GET /servlets/purl/10359008 HTTP/1.1" 200 2258825
2025-02-10 01:15:28,010 - DEBUG - 텍스트 추출 및 저장 완료: texts/Interpretable machine learning for knowledge generation in heterogeneous catalysis_2159.txt
2025-02-10 01:15:28,012 - DEBUG - Starting new HTTPS connection (1): arxiv.org:443
2025-02-10 01:15:28,541 - DEBUG - https://arxiv.org:443 "GET /pdf/2305.01582 HTTP/1.1" 200 4594677
2025-02-10 01:15:32,880 - DEBUG - 텍스트 추출 및 저장 완료: texts/Interpretable machine learning for science with PySR and SymbolicRegression. jl_2160.txt
2025-02-10 01:15:32,882 - DEBUG - Starting new HTTPS connection (1): www.academia.edu:443
2025-02-10 01:15:33,124 - DEBUG - https://www.academia.edu:443 "GET /download/86405016/namita_IML_tools.pdf HTTP/1.1" 404 16226
2025-02-10 01:15:33,128 - DEBUG - Error: HTTP 응답 코드 404 - texts/Interpretable machine learning tools A survey_2161.txt
2025-02-10 01:15:33,132 - DEBUG - Starting new HTTPS connection (1): agupubs.onlinelibrary.wiley.com:443
2025-02-10 01:15:33,193 - DEBUG - https://agupubs.onlinelibrary.wiley.com:443 "GET /doi/pdf/10.1029/2024EF004540 HTTP/1.1" 403 None
2025-02-10 01:15:33,195 - DEBUG - Error: HTTP 응답 코드 403 - texts/How interpretable machine learning can benefit process understanding in the geosciences_2162.txt
2025-02-10 01:15:33,196 - DEBUG - Starting new HTTPS connection (1): esajournals.onlinelibrary.wiley.com:443
2025-02-10 01:15:33,470 - DEBUG - https://esajournals.onlinelibrary.wiley.com:443 "GET /doi/pdf/10.1002/ecm.1422 HTTP/1.1" 403 None
2025-02-10 01:15:33,473 - DEBUG - Error: HTTP 응답 코드 403 - texts/A translucent box interpretable machine learning in ecology_2163.txt
2025-02-10 01:15:33,476 - DEBUG - Starting new HTTPS connection (1): www.mdpi.com:443
2025-02-10 01:15:33,966 - DEBUG - https://www.mdpi.com:443 "GET /2078-2489/14/8/469/pdf HTTP/1.1" 302 None
2025-02-10 01:15:33,971 - DEBUG - Starting new HTTPS connection (1): mdpi-res.com:443
2025-02-10 01:15:35,007 - DEBUG - https://mdpi-res.com:443 "GET /d_attachment/information/information-14-00469/article_deploy/information-14-00469.pdf?version=1692608012 HTTP/1.1" 200 427499
2025-02-10 01:15:35,883 - DEBUG - 텍스트 추출 및 저장 완료: texts/Exploring evaluation methods for interpretable machine learning A survey_2164.txt
2025-02-10 01:15:35,885 - DEBUG - Starting new HTTPS connection (1): pubs.acs.org:443
2025-02-10 01:15:36,228 - DEBUG - https://pubs.acs.org:443 "GET /doi/pdf/10.1021/accountsmr.1c00244 HTTP/1.1" 403 None
2025-02-10 01:15:36,236 - DEBUG - Error: HTTP 응답 코드 403 - texts/Interpretable and explainable machine learning for materials science and chemistry_2165.txt
2025-02-10 01:15:36,239 - DEBUG - Starting new HTTPS connection (1): proceedings.neurips.cc:443
2025-02-10 01:15:37,064 - DEBUG - https://proceedings.neurips.cc:443 "GET /paper/2021/file/251bd0442dfcc53b5a761e050f8022b8-Paper.pdf HTTP/1.1" 200 3206240
2025-02-10 01:15:41,028 - DEBUG - 텍스트 추출 및 저장 완료: texts/Neural additive models Interpretable machine learning with neural nets_2166.txt
2025-02-10 01:15:41,030 - DEBUG - Starting new HTTPS connection (1): dl.acm.org:443
2025-02-10 01:15:41,490 - DEBUG - https://dl.acm.org:443 "GET /doi/pdf/10.1145/3411764.3445088 HTTP/1.1" 302 0
2025-02-10 01:15:41,584 - DEBUG - https://dl.acm.org:443 "GET /doi/pdf/10.1145/3411764.3445088?cookieSet=1 HTTP/1.1" 302 0
2025-02-10 01:15:42,010 - DEBUG - https://dl.acm.org:443 "GET /doi/pdf/10.1145/3411764.3445088 HTTP/1.1" 200 None
2025-02-10 01:15:43,401 - DEBUG - 텍스트 추출 및 저장 완료: texts/Beyond expertise and roles A framework to characterize the stakeholders of interpretable machine learning and their needs_2167.txt
2025-02-10 01:15:43,402 - DEBUG - Starting new HTTPS connection (1): arxiv.org:443
2025-02-10 01:15:44,287 - DEBUG - https://arxiv.org:443 "GET /pdf/2012.14261 HTTP/1.1" 200 1605681
2025-02-10 01:15:45,149 - DEBUG - 텍스트 추출 및 저장 완료: texts/A survey on neural network interpretability_2168.txt
2025-02-10 01:15:45,151 - DEBUG - Starting new HTTPS connection (1): proceedings.neurips.cc:443
2025-02-10 01:15:45,811 - DEBUG - https://proceedings.neurips.cc:443 "GET /paper_files/paper/2019/file/fe4b8556000d0f0cae99daa5c5c5a410-Paper.pdf HTTP/1.1" 200 1560705
2025-02-10 01:15:48,758 - DEBUG - 텍스트 추출 및 저장 완료: texts/A benchmark for interpretability methods in deep neural networks_2169.txt
2025-02-10 01:15:48,768 - DEBUG - Starting new HTTPS connection (1): www.researchgate.net:443
2025-02-10 01:15:48,945 - DEBUG - https://www.researchgate.net:443 "GET /profile/Ge-Wang-21/publication/338476640_On_Interpretability_of_Artificial_Neural_Networks/links/5e665679a6fdcc37dd1264b9/On-Interpretability-of-Artificial-Neural-Networks.pdf HTTP/1.1" 403 None
2025-02-10 01:15:48,952 - DEBUG - Error: HTTP 응답 코드 403 - texts/On interpretability of artificial neural networks_2170.txt
2025-02-10 01:15:48,954 - DEBUG - Starting new HTTPS connection (1): link.springer.com:443
2025-02-10 01:15:49,325 - DEBUG - https://link.springer.com:443 "GET /content/pdf/10.1007/s13347-020-00435-2.pdf HTTP/1.1" 303 0
2025-02-10 01:15:49,329 - DEBUG - Starting new HTTPS connection (1): idp.springer.com:443
2025-02-10 01:15:49,631 - DEBUG - https://idp.springer.com:443 "GET /authorize?response_type=cookie&client_id=springerlink&redirect_uri=https%3A%2F%2Flink.springer.com%2Fcontent%2Fpdf%2F10.1007%2Fs13347-020-00435-2.pdf HTTP/1.1" 302 0
2025-02-10 01:15:50,312 - DEBUG - https://link.springer.com:443 "GET /content/pdf/10.1007/s13347-020-00435-2.pdf HTTP/1.1" 200 849335
2025-02-10 01:15:51,500 - DEBUG - 텍스트 추출 및 저장 완료: texts/What is interpretability_2171.txt
2025-02-10 01:15:51,502 - DEBUG - Starting new HTTPS connection (1): arxiv.org:443
2025-02-10 01:15:52,777 - DEBUG - https://arxiv.org:443 "GET /pdf/1812.08342 HTTP/1.1" 200 1685571
2025-02-10 01:15:54,450 - DEBUG - 텍스트 추출 및 저장 완료: texts/A survey of safety and trustworthiness of deep neural networks Verification, testing, adversarial attack and defence, and interpretability_2172.txt
2025-02-10 01:15:54,451 - DEBUG - Starting new HTTPS connection (1): proceedings.neurips.cc:443
2025-02-10 01:15:55,095 - DEBUG - https://proceedings.neurips.cc:443 "GET /paper/2020/file/b1adda14824f50ef24ff1c05bb66faf3-Paper.pdf HTTP/1.1" 200 416341
2025-02-10 01:15:56,070 - DEBUG - 텍스트 추출 및 저장 완료: texts/Model interpretability through the lens of computational complexity_2173.txt
2025-02-10 01:15:56,072 - DEBUG - Starting new HTTPS connection (1): www.researchgate.net:443
2025-02-10 01:15:56,335 - DEBUG - https://www.researchgate.net:443 "GET /profile/Dujuan-Wang/publication/354752465_Interpretability-Based_Multimodal_Convolutional_Neural_Networks_for_Skin_Lesion_Diagnosis/links/61854e1ed7d1af224bb5670c/Interpretability-Based-Multimodal-Convolutional-Neural-Networks-for-Skin-Lesion-Diagnosis.pdf HTTP/1.1" 403 None
2025-02-10 01:15:56,339 - DEBUG - Error: HTTP 응답 코드 403 - texts/Interpretability-based multimodal convolutional neural networks for skin lesion diagnosis_2174.txt
2025-02-10 01:15:56,343 - DEBUG - Starting new HTTPS connection (1): arxiv.org:443
2025-02-10 01:15:56,627 - DEBUG - https://arxiv.org:443 "GET /pdf/2103.10689 HTTP/1.1" 200 784957
2025-02-10 01:15:57,173 - DEBUG - 텍스트 추출 및 저장 완료: texts/Interpretable deep learning Interpretation, interpretability, trustworthiness, and beyond_2175.txt
2025-02-10 01:15:57,176 - DEBUG - Starting new HTTPS connection (1): aaai.org:443
2025-02-10 01:15:58,409 - DEBUG - https://aaai.org:443 "GET /ojs/index.php/AAAI/article/download/4377/4255 HTTP/1.1" 403 146
2025-02-10 01:15:58,410 - DEBUG - Error: HTTP 응답 코드 403 - texts/Towards better interpretability in deep q-networks_2176.txt
2025-02-10 01:15:58,411 - DEBUG - Starting new HTTPS connection (1): arxiv.org:443
2025-02-10 01:15:58,661 - DEBUG - https://arxiv.org:443 "GET /pdf/2001.06216 HTTP/1.1" 200 537375
2025-02-10 01:15:58,939 - DEBUG - 텍스트 추출 및 저장 완료: texts/Graphlime Local interpretable model explanations for graph neural networks_2177.txt
2025-02-10 01:15:58,941 - DEBUG - Starting new HTTPS connection (1): dl.acm.org:443
2025-02-10 01:15:59,276 - DEBUG - https://dl.acm.org:443 "GET /doi/pdf/10.1145/3546577 HTTP/1.1" 302 0
2025-02-10 01:15:59,343 - DEBUG - https://dl.acm.org:443 "GET /doi/pdf/10.1145/3546577?cookieSet=1 HTTP/1.1" 302 0
2025-02-10 01:15:59,791 - DEBUG - https://dl.acm.org:443 "GET /doi/pdf/10.1145/3546577 HTTP/1.1" 200 None
2025-02-10 01:16:05,782 - DEBUG - 텍스트 추출 및 저장 완료: texts/Post-hoc interpretability for neural nlp A survey_2178.txt
2025-02-10 01:16:05,784 - DEBUG - Starting new HTTPS connection (1): ieeexplore.ieee.org:443
2025-02-10 01:16:06,020 - DEBUG - https://ieeexplore.ieee.org:443 "GET /iel7/6287639/8600701/08790681.pdf HTTP/1.1" 418 245
2025-02-10 01:16:06,021 - DEBUG - Error: HTTP 응답 코드 418 - texts/Interpretability analysis of heartbeat classification based on heartbeat activity's global sequence features and BiLSTM-attention neural network_2179.txt
2025-02-10 01:16:06,025 - DEBUG - Starting new HTTPS connection (1): perso.telecom-paristech.fr:443
2025-02-10 01:16:08,462 - DEBUG - https://perso.telecom-paristech.fr:443 "GET /bloch/papers/proceedings/MICCAI-iMIMIC2019-Vincent.pdf HTTP/1.1" 200 681075
2025-02-10 01:16:10,863 - DEBUG - 텍스트 추출 및 저장 완료: texts/Towards interpretability of segmentation networks by analyzing deepdreams_2180.txt
2025-02-10 01:16:10,865 - DEBUG - Starting new HTTPS connection (1): arxiv.org:443
2025-02-10 01:16:11,185 - DEBUG - https://arxiv.org:443 "GET /pdf/2009.07896 HTTP/1.1" 200 1806781
2025-02-10 01:16:11,985 - DEBUG - 텍스트 추출 및 저장 완료: texts/Captum A unified and generic model interpretability library for pytorch_2181.txt
2025-02-10 01:16:11,987 - DEBUG - Starting new HTTPS connection (1): arxiv.org:443
2025-02-10 01:16:13,249 - DEBUG - https://arxiv.org:443 "GET /pdf/1911.07925 HTTP/1.1" 200 944884
2025-02-10 01:16:13,967 - DEBUG - 텍스트 추출 및 저장 완료: texts/WaveletKernelNet An interpretable deep neural network for industrial intelligent diagnosis_2182.txt
2025-02-10 01:16:13,969 - DEBUG - Starting new HTTPS connection (1): onlinelibrary.wiley.com:443
2025-02-10 01:16:14,013 - DEBUG - https://onlinelibrary.wiley.com:443 "GET /doi/pdf/10.1002/mar.21619 HTTP/1.1" 403 None
2025-02-10 01:16:14,015 - DEBUG - Error: HTTP 응답 코드 403 - texts/AI in marketing, consumer research and psychology A systematic literature review and research agenda_2183.txt
2025-02-10 01:16:14,016 - DEBUG - Starting new HTTPS connection (1): journals.sagepub.com:443
2025-02-10 01:16:14,228 - DEBUG - https://journals.sagepub.com:443 "GET /doi/pdf/10.1177/14707853211018428 HTTP/1.1" 403 None
2025-02-10 01:16:14,229 - DEBUG - Error: HTTP 응답 코드 403 - texts/Artificial intelligence in marketing A systematic literature review_2184.txt
2025-02-10 01:16:14,231 - DEBUG - Starting new HTTPS connection (1): nscpolteksby.ac.id:443
2025-02-10 01:16:15,489 - DEBUG - https://nscpolteksby.ac.id:443 "GET /ebook/files/Ebook/Journal%20International/Marketing/International%20Journal%20of%20Research%20in%20Marketing/Volume%2037%2C%20Issue%203%2C%20September%202020%2C%20Pages%20481-504.pdf HTTP/1.1" 200 1475056
2025-02-10 01:16:17,050 - DEBUG - 텍스트 추출 및 저장 완료: texts/Machine learning and AI in marketing–Connecting computing power to human insights_2185.txt
2025-02-10 01:16:17,052 - DEBUG - Starting new HTTPS connection (1): cris.unibo.it:443
2025-02-10 01:16:21,854 - DEBUG - https://cris.unibo.it:443 "GET /bitstream/11585/834100/4/Postprint%202021%20AI%20review%20JBR.pdf HTTP/1.1" 200 1210418
2025-02-10 01:16:28,940 - DEBUG - 텍스트 추출 및 저장 완료: texts/The evolving role of artificial intelligence in marketing A review and research agenda_2186.txt
2025-02-10 01:16:28,942 - DEBUG - Starting new HTTPS connection (1): link.springer.com:443
2025-02-10 01:16:29,257 - DEBUG - https://link.springer.com:443 "GET /content/pdf/10.1007/s11747-020-00749-9.pdf HTTP/1.1" 303 0
2025-02-10 01:16:29,260 - DEBUG - Starting new HTTPS connection (1): idp.springer.com:443
2025-02-10 01:16:29,560 - DEBUG - https://idp.springer.com:443 "GET /authorize?response_type=cookie&client_id=springerlink&redirect_uri=https%3A%2F%2Flink.springer.com%2Fcontent%2Fpdf%2F10.1007%2Fs11747-020-00749-9.pdf HTTP/1.1" 302 0
2025-02-10 01:16:29,916 - DEBUG - https://link.springer.com:443 "GET /content/pdf/10.1007/s11747-020-00749-9.pdf HTTP/1.1" 200 519447
2025-02-10 01:16:31,653 - DEBUG - 텍스트 추출 및 저장 완료: texts/A strategic framework for artificial intelligence in marketing_2187.txt
2025-02-10 01:16:31,655 - DEBUG - Starting new HTTPS connection (1): www.sciencedirect.com:443
2025-02-10 01:16:31,879 - DEBUG - https://www.sciencedirect.com:443 "GET /science/article/am/pii/S1094996820300888 HTTP/1.1" 403 None
2025-02-10 01:16:32,058 - DEBUG - Error: HTTP 응답 코드 403 - texts/Artificial intelligence and marketing Pitfalls and opportunities_2188.txt
2025-02-10 01:16:32,061 - DEBUG - Starting new HTTP connection (1): cebr.vse.cz:80
2025-02-10 01:16:33,657 - DEBUG - http://cebr.vse.cz:80 "GET /pdfs/cbr/2019/02/03.pdf HTTP/1.1" 200 257644
2025-02-10 01:16:35,020 - DEBUG - 텍스트 추출 및 저장 완료: texts/Marketing and artificial intelligence._2189.txt
2025-02-10 01:16:35,024 - DEBUG - Starting new HTTPS connection (1): www.researchgate.net:443
2025-02-10 01:16:35,170 - DEBUG - https://www.researchgate.net:443 "GET /profile/Mekhail-Mustak/publication/344725778_Artificial_Intelligence_in_Marketing_Bibliometric_Analysis_Topic_Modeling_and_Research_Agenda/links/63aae74a097c7832ca6e021a/Artificial-Intelligence-in-Marketing-Bibliometric-Analysis-Topic-Modeling-and-Research-Agenda.pdf HTTP/1.1" 403 None
2025-02-10 01:16:35,185 - DEBUG - Error: HTTP 응답 코드 403 - texts/Artificial intelligence in marketing Topic modeling, scientometric analysis, and research agenda_2190.txt
2025-02-10 01:16:35,187 - DEBUG - Starting new HTTPS connection (1): www.researchgate.net:443
2025-02-10 01:16:35,347 - DEBUG - https://www.researchgate.net:443 "GET /profile/Jeannette-Paschen-2/publication/333839369_Artificial_intelligence_AI_and_its_implications_for_market_knowledge_in_B2B_marketing/links/5d0dc008458515c11ced6094/Artificial-intelligence-AI-and-its-implications-for-market-knowledge-in-B2B-marketing.pdf HTTP/1.1" 403 None
2025-02-10 01:16:35,350 - DEBUG - Error: HTTP 응답 코드 403 - texts/Artificial intelligence (AI) and its implications for market knowledge in B2B marketing_2191.txt
2025-02-10 01:16:35,352 - DEBUG - Starting new HTTPS connection (1): research.stmarys.ac.uk:443
2025-02-10 01:16:39,834 - DEBUG - https://research.stmarys.ac.uk:443 "GET /id/eprint/3892/1/AI%20in%20strategic%20marketing%20decision%20making%20final%20V2.pdf HTTP/1.1" 200 308158
2025-02-10 01:16:41,171 - DEBUG - 텍스트 추출 및 저장 완료: texts/Artificial intelligence (AI) in strategic marketing decision-making a research agenda_2192.txt
2025-02-10 01:16:41,173 - DEBUG - Starting new HTTPS connection (1): core.ac.uk:443
2025-02-10 01:16:42,799 - DEBUG - https://core.ac.uk:443 "GET /download/pdf/593057566.pdf HTTP/1.1" 200 550818
2025-02-10 01:16:43,649 - DEBUG - 텍스트 추출 및 저장 완료: texts/Generative artificial intelligence in marketing Applications, opportunities, challenges, and research agenda_2193.txt
2025-02-10 01:16:43,651 - DEBUG - Starting new HTTPS connection (1): www.researchgate.net:443
2025-02-10 01:16:43,819 - DEBUG - https://www.researchgate.net:443 "GET /profile/Manuel-Chica/publication/334368270_Letting_the_Computers_Take_Over_Using_AI_to_Solve_Marketing_Problems/links/5df9fec04585159aa4850836/Letting-the-Computers-Take-Over-Using-AI-to-Solve-Marketing-Problems.pdf HTTP/1.1" 403 None
2025-02-10 01:16:43,823 - DEBUG - Error: HTTP 응답 코드 403 - texts/Letting the computers take over Using AI to solve marketing problems_2194.txt
2025-02-10 01:16:43,825 - DEBUG - Starting new HTTPS connection (1): nscpolteksby.ac.id:443
2025-02-10 01:16:45,026 - DEBUG - https://nscpolteksby.ac.id:443 "GET /ebook/files/Ebook/Journal%20International/Marketing/International%20Journal%20of%20Research%20in%20Marketing/Volume%2037%2C%20Issue%201%2C%20March%202020%2C%20Pages%2015-26.pdf HTTP/1.1" 200 404615
2025-02-10 01:16:46,026 - DEBUG - 텍스트 추출 및 저장 완료: texts/The future of marketing_2195.txt
2025-02-10 01:16:46,030 - DEBUG - Starting new HTTPS connection (1): link.springer.com:443
2025-02-10 01:16:46,346 - DEBUG - https://link.springer.com:443 "GET /content/pdf/10.1007/s11747-019-00696-0.pdf HTTP/1.1" 303 0
2025-02-10 01:16:46,349 - DEBUG - Starting new HTTPS connection (1): idp.springer.com:443
2025-02-10 01:16:46,688 - DEBUG - https://idp.springer.com:443 "GET /authorize?response_type=cookie&client_id=springerlink&redirect_uri=https%3A%2F%2Flink.springer.com%2Fcontent%2Fpdf%2F10.1007%2Fs11747-019-00696-0.pdf HTTP/1.1" 302 0
2025-02-10 01:16:47,499 - DEBUG - https://link.springer.com:443 "GET /content/pdf/10.1007/s11747-019-00696-0.pdf HTTP/1.1" 200 721268
2025-02-10 01:16:49,668 - DEBUG - 텍스트 추출 및 저장 완료: texts/How artificial intelligence will change the future of marketing_2196.txt
2025-02-10 01:16:49,670 - DEBUG - Starting new HTTPS connection (1): www.econstor.eu:443
2025-02-10 01:16:52,172 - DEBUG - https://www.econstor.eu:443 "GET /bitstream/10419/248081/1/1755900031.pdf HTTP/1.1" 200 None
2025-02-10 01:16:53,581 - DEBUG - 텍스트 추출 및 저장 완료: texts/Revolutionised technologies for marketing Theoretical review with focus on artificial intelligence_2197.txt
2025-02-10 01:16:53,582 - DEBUG - Starting new HTTPS connection (1): www.researchgate.net:443
2025-02-10 01:16:53,848 - DEBUG - https://www.researchgate.net:443 "GET /profile/Nassera-Habbat/publication/373759557_Strategic_Framework_for_Leveraging_Artificial_Intelligence_in_Future_Marketing_Decision-Making/links/65dcba82c3b52a1170fbbff2/Strategic-Framework-for-Leveraging-Artificial-Intelligence-in-Future-Marketing-Decision-Making.pdf HTTP/1.1" 403 None
2025-02-10 01:16:53,855 - DEBUG - Error: HTTP 응답 코드 403 - texts/Strategic framework for leveraging artificial intelligence in future marketing decision-making_2198.txt
2025-02-10 01:16:53,858 - DEBUG - Starting new HTTPS connection (1): www.tandfonline.com:443
2025-02-10 01:16:54,089 - DEBUG - https://www.tandfonline.com:443 "GET /doi/pdf/10.1080/09537287.2021.1882690 HTTP/1.1" 403 None
2025-02-10 01:16:54,091 - DEBUG - Error: HTTP 응답 코드 403 - texts/Artificial intelligence in operations management and supply chain management An exploratory case study_2199.txt
2025-02-10 01:16:54,094 - DEBUG - Starting new HTTP connection (1): bgsiran.ir:80
2025-02-10 01:16:58,878 - DEBUG - http://bgsiran.ir:80 "GET /journal/ojs-3.1.1-4/index.php/IJIEOR/article/download/43/33 HTTP/1.1" 200 726408
2025-02-10 01:17:00,532 - DEBUG - 텍스트 추출 및 저장 완료: texts/Improving performance of supply chain by applying artificial intelligence_2200.txt
2025-02-10 01:17:00,536 - DEBUG - Starting new HTTPS connection (1): www.researchgate.net:443
2025-02-10 01:17:00,704 - DEBUG - https://www.researchgate.net:443 "GET /profile/Samuel-Fosso-Wamba/publication/350943552_Industry_experiences_of_artificial_intelligence_AI_benefits_and_challenges_in_operations_and_supply_chain_management/links/62384ae5d545b77294090c87/Industry-experiences-of-artificial-intelligence-AI-benefits-and-challenges-in-operations-and-supply-chain-management.pdf?origin=journalDetail&_tp=eyJwYWdlIjoiam91cm5hbERldGFpbCJ9 HTTP/1.1" 403 None
2025-02-10 01:17:00,705 - DEBUG - Error: HTTP 응답 코드 403 - texts/Industry experiences of artificial intelligence (AI) benefits and challenges in operations and supply chain management_2201.txt
2025-02-10 01:17:00,706 - DEBUG - Starting new HTTPS connection (1): www.researchgate.net:443
2025-02-10 01:17:00,886 - DEBUG - https://www.researchgate.net:443 "GET /profile/Shivam_Gupta30/publication/351993491_AI_Technologies_and_their_Impact_on_Supply_Chain_Resilience_during_Covid-19/links/60cc8030458515dc178e0540/AI-Technologies-and-their-Impact-on-Supply-Chain-Resilience-during-Covid-19.pdf HTTP/1.1" 403 None
2025-02-10 01:17:00,890 - DEBUG - Error: HTTP 응답 코드 403 - texts/AI technologies and their impact on supply chain resilience during COVID-19_2202.txt
2025-02-10 01:17:00,893 - DEBUG - Starting new HTTPS connection (1): text2fa.ir:443
2025-02-10 01:17:02,563 - DEBUG - https://text2fa.ir:443 "GET /wp-content/uploads/Text2fa.ir-Leveraging-artificial-intelligence-for-enhanced-supply.pdf HTTP/1.1" 403 None
2025-02-10 01:17:02,566 - DEBUG - Error: HTTP 응답 코드 403 - texts/Leveraging artificial intelligence for enhanced supply chain optimization_2203.txt
2025-02-10 01:17:02,576 - DEBUG - Starting new HTTPS connection (1): www.tandfonline.com:443
2025-02-10 01:17:02,813 - DEBUG - https://www.tandfonline.com:443 "GET /doi/pdf/10.1080/00207543.2023.2281663 HTTP/1.1" 403 None
2025-02-10 01:17:02,816 - DEBUG - Error: HTTP 응답 코드 403 - texts/A review of explainable artificial intelligence in supply chain management using neurosymbolic approaches_2204.txt
2025-02-10 01:17:02,820 - DEBUG - Starting new HTTPS connection (1): researchonline.ljmu.ac.uk:443
2025-02-10 01:17:06,762 - DEBUG - https://researchonline.ljmu.ac.uk:443 "GET /id/eprint/15291/3/Artificial%20intelligence%20for%20supply%20chain%20resilience%20%20Learning%20from%20Covid-19.pdf HTTP/1.1" 200 1260875
2025-02-10 01:17:11,112 - DEBUG - 텍스트 추출 및 저장 완료: texts/Artificial intelligence for supply chain resilience learning from Covid-19_2205.txt
2025-02-10 01:17:11,114 - DEBUG - Starting new HTTPS connection (1): keele-repository.worktribe.com:443
2025-02-10 01:17:12,956 - DEBUG - https://keele-repository.worktribe.com:443 "GET /preview/457584/2018_IJPR.pdf HTTP/1.1" 200 468518
2025-02-10 01:17:24,339 - DEBUG - 텍스트 추출 및 저장 완료: texts/Supply chain risk management and artificial intelligence state of the art and future research directions_2206.txt
2025-02-10 01:17:24,342 - DEBUG - Starting new HTTPS connection (1): www.researchgate.net:443
2025-02-10 01:17:24,764 - DEBUG - https://www.researchgate.net:443 "GET /profile/Saikouk-Tarik/post/Instructions_on_how_to_conduct_a_systematic_literature_review/attachment/603d54fe6e8959000110b556/AS%3A996653792247811%401614632189911/download/Artificialintelligenceapplicationsinsupplychain.pdf HTTP/1.1" 403 None
2025-02-10 01:17:24,774 - DEBUG - Error: HTTP 응답 코드 403 - texts/Artificial intelligence applications in supply chain A descriptive bibliometric analysis and future research directions_2207.txt
2025-02-10 01:17:24,778 - DEBUG - Starting new HTTPS connection (1): onlinelibrary.wiley.com:443
2025-02-10 01:17:24,854 - DEBUG - https://onlinelibrary.wiley.com:443 "GET /doi/pdf/10.1155/2021/1476043 HTTP/1.1" 403 None
2025-02-10 01:17:24,855 - DEBUG - Error: HTTP 응답 코드 403 - texts/Application of machine learning in supply chain management a comprehensive overview of the main areas_2208.txt
2025-02-10 01:17:24,856 - DEBUG - Starting new HTTPS connection (1): www.researchgate.net:443
2025-02-10 01:17:25,023 - DEBUG - https://www.researchgate.net:443 "GET /profile/Samrat-Ray/publication/357901708_Industrial_IoT_and_AI_implementation_in_vehicular_logistics_and_supply_chain_management_for_vehicle_mediated_transportation_systems/links/61e6abcd5779d35951b92127/Industrial-IoT-and-AI-implementation-in-vehicular-logistics-and-supply-chain-management-for-vehicle-mediated-transportation-systems.pdf HTTP/1.1" 403 None
2025-02-10 01:17:25,039 - DEBUG - Error: HTTP 응답 코드 403 - texts/Industrial IoT and AI implementation in vehicular logistics and supply chain management for vehicle mediated transportation systems_2209.txt
2025-02-10 01:17:25,042 - DEBUG - Starting new HTTPS connection (1): link.springer.com:443
2025-02-10 01:17:25,394 - DEBUG - https://link.springer.com:443 "GET /content/pdf/10.1007/s10479-021-03956-x.pdf HTTP/1.1" 303 0
2025-02-10 01:17:25,396 - DEBUG - Starting new HTTPS connection (1): idp.springer.com:443
2025-02-10 01:17:25,693 - DEBUG - https://idp.springer.com:443 "GET /authorize?response_type=cookie&client_id=springerlink&redirect_uri=https%3A%2F%2Flink.springer.com%2Fcontent%2Fpdf%2F10.1007%2Fs10479-021-03956-x.pdf HTTP/1.1" 302 0
2025-02-10 01:17:28,348 - DEBUG - https://link.springer.com:443 "GET /content/pdf/10.1007/s10479-021-03956-x.pdf HTTP/1.1" 200 1243264
2025-02-10 01:17:30,397 - DEBUG - 텍스트 추출 및 저장 완료: texts/Artificial intelligence-driven innovation for enhancing supply chain resilience and performance under the effect of supply chain dynamism an empirical investigation_2210.txt
2025-02-10 01:17:30,399 - DEBUG - Starting new HTTPS connection (1): arxiv.org:443
2025-02-10 01:17:30,748 - DEBUG - https://arxiv.org:443 "GET /pdf/2303.09491 HTTP/1.1" 200 4251000
2025-02-10 01:17:35,031 - DEBUG - 텍스트 추출 및 저장 완료: texts/Challenges and opportunities in quantum machine learning_2211.txt
2025-02-10 01:17:35,032 - DEBUG - Starting new HTTPS connection (1): www.mdpi.com:443
2025-02-10 01:17:35,502 - DEBUG - https://www.mdpi.com:443 "GET /1099-4300/25/2/287/pdf HTTP/1.1" 302 None
2025-02-10 01:17:35,505 - DEBUG - Starting new HTTPS connection (1): mdpi-res.com:443
2025-02-10 01:17:36,856 - DEBUG - https://mdpi-res.com:443 "GET /d_attachment/entropy/entropy-25-00287/article_deploy/entropy-25-00287-v2.pdf?version=1675645226 HTTP/1.1" 200 1307483
2025-02-10 01:17:38,287 - DEBUG - 텍스트 추출 및 저장 완료: texts/Quantum machine learning A review and case studies_2212.txt
2025-02-10 01:17:38,289 - DEBUG - Starting new HTTPS connection (1): onlinelibrary.wiley.com:443
2025-02-10 01:17:38,342 - DEBUG - https://onlinelibrary.wiley.com:443 "GET /doi/pdf/10.1002/que2.34 HTTP/1.1" 403 None
2025-02-10 01:17:38,349 - DEBUG - Error: HTTP 응답 코드 403 - texts/Recent advances in quantum machine learning_2213.txt
2025-02-10 01:17:38,350 - DEBUG - Starting new HTTPS connection (1): www.nature.com:443
2025-02-10 01:17:38,879 - DEBUG - https://www.nature.com:443 "GET /articles/s41467-021-22539-9.pdf HTTP/1.1" 303 150
2025-02-10 01:17:38,882 - DEBUG - Starting new HTTPS connection (1): idp.nature.com:443
2025-02-10 01:17:39,632 - DEBUG - https://idp.nature.com:443 "GET /authorize?response_type=cookie&client_id=grover&redirect_uri=https%3A%2F%2Fwww.nature.com%2Farticles%2Fs41467-021-22539-9.pdf HTTP/1.1" 302 0
2025-02-10 01:17:39,908 - DEBUG - https://idp.nature.com:443 "GET /transit?redirect_uri=https%3A%2F%2Fwww.nature.com%2Farticles%2Fs41467-021-22539-9.pdf&code=dbcb1dc0-08fc-435b-9555-09c89d999d07 HTTP/1.1" 302 0
2025-02-10 01:17:40,635 - DEBUG - https://www.nature.com:443 "GET /articles/s41467-021-22539-9.pdf HTTP/1.1" 200 1934084
2025-02-10 01:17:48,482 - DEBUG - 텍스트 추출 및 저장 완료: texts/Power of data in quantum machine learning_2214.txt
2025-02-10 01:17:48,484 - DEBUG - Starting new HTTPS connection (1): arxiv.org:443
2025-02-10 01:17:48,520 - DEBUG - https://arxiv.org:443 "GET /pdf/1803.07128 HTTP/1.1" 200 2293095
2025-02-10 01:17:50,567 - DEBUG - 텍스트 추출 및 저장 완료: texts/Quantum machine learning in feature hilbert spaces_2215.txt
2025-02-10 01:17:50,569 - DEBUG - Starting new HTTPS connection (1): pubs.rsc.org:443
2025-02-10 01:17:51,891 - DEBUG - request중 오류 발생
2025-02-10 01:17:51,895 - DEBUG - Starting new HTTPS connection (1): link.aps.org:443
2025-02-10 01:17:52,684 - DEBUG - https://link.aps.org:443 "GET /pdf/10.1103/PRXQuantum.3.030101 HTTP/1.1" 302 0
2025-02-10 01:17:52,686 - DEBUG - Starting new HTTPS connection (1): journals.aps.org:443
2025-02-10 01:17:52,869 - DEBUG - https://journals.aps.org:443 "GET /prxquantum/pdf/10.1103/PRXQuantum.3.030101 HTTP/1.1" 403 None
2025-02-10 01:17:52,872 - DEBUG - Error: HTTP 응답 코드 403 - texts/Is quantum advantage the right goal for quantum machine learning_2217.txt
2025-02-10 01:17:52,874 - DEBUG - Starting new HTTPS connection (1): qiniu.pattern.swarma.org:443
2025-02-10 01:17:53,661 - DEBUG - https://qiniu.pattern.swarma.org:443 "GET /pdf/arxiv/2003.02989.pdf HTTP/1.1" 200 4135838
2025-02-10 01:18:17,955 - DEBUG - 텍스트 추출 및 저장 완료: texts/Tensorflow quantum A software framework for quantum machine learning_2218.txt
2025-02-10 01:18:17,958 - DEBUG - Starting new HTTPS connection (1): www.nature.com:443
2025-02-10 01:18:19,364 - DEBUG - https://www.nature.com:443 "GET /articles/s41467-024-49877-8.pdf HTTP/1.1" 303 150
2025-02-10 01:18:19,367 - DEBUG - Starting new HTTPS connection (1): idp.nature.com:443
2025-02-10 01:18:19,875 - DEBUG - https://idp.nature.com:443 "GET /authorize?response_type=cookie&client_id=grover&redirect_uri=https%3A%2F%2Fwww.nature.com%2Farticles%2Fs41467-024-49877-8.pdf HTTP/1.1" 302 0
2025-02-10 01:18:20,157 - DEBUG - https://idp.nature.com:443 "GET /transit?redirect_uri=https%3A%2F%2Fwww.nature.com%2Farticles%2Fs41467-024-49877-8.pdf&code=fe45acd5-442f-44e4-8dfd-0cccd6694809 HTTP/1.1" 302 0
2025-02-10 01:18:20,694 - DEBUG - https://www.nature.com:443 "GET /articles/s41467-024-49877-8.pdf HTTP/1.1" 200 702425
2025-02-10 01:18:24,163 - DEBUG - 텍스트 추출 및 저장 완료: texts/Shadows of quantum machine learning_2219.txt
2025-02-10 01:18:24,165 - DEBUG - Starting new HTTPS connection (1): link.aps.org:443
2025-02-10 01:18:24,803 - DEBUG - https://link.aps.org:443 "GET /pdf/10.1103/PRXQuantum.3.030341 HTTP/1.1" 302 0
2025-02-10 01:18:24,806 - DEBUG - Starting new HTTPS connection (1): journals.aps.org:443
2025-02-10 01:18:24,952 - DEBUG - https://journals.aps.org:443 "GET /prxquantum/pdf/10.1103/PRXQuantum.3.030341 HTTP/1.1" 403 None
2025-02-10 01:18:24,954 - DEBUG - Error: HTTP 응답 코드 403 - texts/Group-invariant quantum machine learning_2220.txt
2025-02-10 01:18:24,959 - DEBUG - Starting new HTTPS connection (1): www.mdpi.com:443
2025-02-10 01:18:25,450 - DEBUG - https://www.mdpi.com:443 "GET /2079-9292/12/11/2379/pdf HTTP/1.1" 302 None
2025-02-10 01:18:25,452 - DEBUG - Starting new HTTPS connection (1): mdpi-res.com:443
2025-02-10 01:18:26,458 - DEBUG - https://mdpi-res.com:443 "GET /d_attachment/electronics/electronics-12-02379/article_deploy/electronics-12-02379-v2.pdf?version=1685002644 HTTP/1.1" 200 6031644
2025-02-10 01:18:30,162 - DEBUG - 텍스트 추출 및 저장 완료: texts/Quantum machine learning—an overview_2221.txt
2025-02-10 01:18:30,164 - DEBUG - Starting new HTTPS connection (1): link.aps.org:443
2025-02-10 01:18:30,780 - DEBUG - https://link.aps.org:443 "GET /pdf/10.1103/PRXQuantum.2.040321 HTTP/1.1" 302 0
2025-02-10 01:18:30,783 - DEBUG - Starting new HTTPS connection (1): journals.aps.org:443
2025-02-10 01:18:30,924 - DEBUG - https://journals.aps.org:443 "GET /prxquantum/pdf/10.1103/PRXQuantum.2.040321 HTTP/1.1" 403 None
2025-02-10 01:18:30,927 - DEBUG - Error: HTTP 응답 코드 403 - texts/Generalization in quantum machine learning A quantum information standpoint_2222.txt
2025-02-10 01:18:30,930 - DEBUG - Starting new HTTPS connection (1): iopscience.iop.org:443
2025-02-10 01:18:32,008 - DEBUG - https://iopscience.iop.org:443 "GET /article/10.1088/2632-2153/abc17d/pdf HTTP/1.1" 302 None
2025-02-10 01:18:32,010 - DEBUG - Starting new HTTPS connection (1): validate.perfdrive.com:443
2025-02-10 01:18:32,929 - DEBUG - https://validate.perfdrive.com:443 "GET /9730847aceed30627ebd520e46ee70b2/?ssa=c43d5735-d67b-40a8-968c-1ab5a92f7fbc&ssb=84009223624&ssc=https%3A%2F%2Fiopscience.iop.org%2Farticle%2F10.1088%2F2632-2153%2Fabc17d%2Fpdf&ssi=ca00c472-cnvj-4549-8faf-6224f10303a7&ssk=botmanager_support@radware.com&ssm=78777006310275926104351287984210&ssn=d61bc690e5cb06cc8668b436fd8a3f86d6e5fb274e8c-1e47-4ab2-89e742&sso=da251ce8-48933e445dcd1ef4abaf89e6aaa97ceb454ec90e577db8b4&ssp=25406030901739162288173911018752342&ssq=73154141791181595413817911409807886552201&ssr=MjIwLjY1LjI0MC4yMTY=&sst=python-requests/2.32.3&ssu=&ssv=&ssw=&ssx=eyJyZCI6ImlvcC5vcmciLCJ1em14IjoiN2Y5MDAwOWNkNjI4ZmMtY2E2Ny00MjE5LWI1ODAtYjc1ZmJiODYyNjY3MS0xNzM5MTE3OTExODcyMC00MmZmNjMyNTk5ZjZkOWI3MTAiLCJfX3V6bWYiOiI3ZjYwMDA0OWFiNjAwMS0wYTA1LTRhNjAtYWY4Yy0wOTVlNDA5ZDlkZDAxNzM5MTE3OTExODcyMC1lZWMzNDYzMGMzNTYxYWQ3MTAifQ== HTTP/1.1" 200 5343
2025-02-10 01:18:32,935 - DEBUG - PDF 파일 읽기 오류: EOF marker not found
2025-02-10 01:18:32,940 - DEBUG - Starting new HTTPS connection (1): arxiv.org:443
2025-02-10 01:18:33,243 - DEBUG - https://arxiv.org:443 "GET /pdf/2101.11020 HTTP/1.1" 200 5701331
2025-02-10 01:18:39,433 - DEBUG - 텍스트 추출 및 저장 완료: texts/Supervised quantum machine learning models are kernel methods_2224.txt
2025-02-10 01:18:39,434 - DEBUG - Starting new HTTPS connection (1): arxiv.org:443
2025-02-10 01:18:40,755 - DEBUG - https://arxiv.org:443 "GET /pdf/2006.12270 HTTP/1.1" 200 1380268
2025-02-10 01:18:41,837 - DEBUG - 텍스트 추출 및 저장 완료: texts/Classification with quantum machine learning A survey_2225.txt
2025-02-10 01:18:41,838 - DEBUG - Starting new HTTPS connection (1): www.nature.com:443
2025-02-10 01:18:42,165 - DEBUG - https://www.nature.com:443 "GET /articles/s41467-022-32550-3.pdf HTTP/1.1" 303 150
2025-02-10 01:18:42,169 - DEBUG - Starting new HTTPS connection (1): idp.nature.com:443
2025-02-10 01:18:42,650 - DEBUG - https://idp.nature.com:443 "GET /authorize?response_type=cookie&client_id=grover&redirect_uri=https%3A%2F%2Fwww.nature.com%2Farticles%2Fs41467-022-32550-3.pdf HTTP/1.1" 302 0
2025-02-10 01:18:42,930 - DEBUG - https://idp.nature.com:443 "GET /transit?redirect_uri=https%3A%2F%2Fwww.nature.com%2Farticles%2Fs41467-022-32550-3.pdf&code=90b097e7-8ef7-432f-9808-ab4202075b6a HTTP/1.1" 302 0
2025-02-10 01:18:43,877 - DEBUG - https://www.nature.com:443 "GET /articles/s41467-022-32550-3.pdf HTTP/1.1" 200 1748128
2025-02-10 01:18:52,192 - DEBUG - 텍스트 추출 및 저장 완료: texts/Generalization in quantum machine learning from few training data_2226.txt
2025-02-10 01:18:52,195 - DEBUG - Starting new HTTPS connection (1): arxiv.org:443
2025-02-10 01:18:53,328 - DEBUG - https://arxiv.org:443 "GET /pdf/2111.15366 HTTP/1.1" 200 436228
2025-02-10 01:18:53,693 - DEBUG - 텍스트 추출 및 저장 완료: texts/AI and the everything in the whole wide world benchmark_2227.txt
2025-02-10 01:18:53,695 - DEBUG - Starting new HTTPS connection (1): arxiv.org:443
2025-02-10 01:18:53,983 - DEBUG - https://arxiv.org:443 "GET /pdf/1910.06663 HTTP/1.1" 200 2343370
2025-02-10 01:18:56,444 - DEBUG - 텍스트 추출 및 저장 완료: texts/Ai benchmark All about deep learning on smartphones in 2019_2228.txt
2025-02-10 01:18:56,452 - DEBUG - Starting new HTTPS connection (1): proceedings.neurips.cc:443
2025-02-10 01:18:57,094 - DEBUG - https://proceedings.neurips.cc:443 "GET /paper_files/paper/2023/file/112db88215e25b3ae2750e9eefcded94-Paper-Datasets_and_Benchmarks.pdf HTTP/1.1" 200 1920856
2025-02-10 01:18:58,927 - DEBUG - 텍스트 추출 및 저장 완료: texts/Dataperf Benchmarks for data-centric ai development_2229.txt
2025-02-10 01:18:58,930 - DEBUG - Starting new HTTPS connection (1): arxiv.org:443
2025-02-10 01:19:00,030 - DEBUG - https://arxiv.org:443 "GET /pdf/2402.09880 HTTP/1.1" 200 513420
2025-02-10 01:19:01,082 - DEBUG - 텍스트 추출 및 저장 완료: texts/Inadequacies of large language model benchmarks in the era of generative artificial intelligence_2230.txt
2025-02-10 01:19:01,084 - DEBUG - Starting new HTTPS connection (1): arxiv.org:443
2025-02-10 01:19:02,376 - DEBUG - https://arxiv.org:443 "GET /pdf/1908.11348 HTTP/1.1" 200 890699
2025-02-10 01:19:02,853 - DEBUG - 텍스트 추출 및 저장 완료: texts/Survey and benchmarking of machine learning accelerators_2231.txt
2025-02-10 01:19:02,855 - DEBUG - Starting new HTTPS connection (1): arxiv.org:443
2025-02-10 01:19:03,466 - DEBUG - https://arxiv.org:443 "GET /pdf/2104.14337.pdf?utm_campaign=Sunday%20Newsletter&utm_medium=email&_hsmi=129185965&_hsenc=p2ANqtz-9wHvZRrtxFiuQw3X4biY4Yv58gzqtGQjXS3TDfhxNMP5EzdnT4fIoelxTlyxUl9gkWPPdCQKBf5wB63cqQYpl1PALQcg&utm_content=129185965&utm_source=hs_email HTTP/1.1" 301 249
2025-02-10 01:19:03,468 - DEBUG - Starting new HTTP connection (1): arxiv.org:80
2025-02-10 01:19:03,491 - DEBUG - http://arxiv.org:80 "GET /pdf/2104.14337 HTTP/1.1" 200 468748
2025-02-10 01:19:03,828 - DEBUG - 텍스트 추출 및 저장 완료: texts/Dynabench Rethinking benchmarking in NLP_2232.txt
2025-02-10 01:19:03,830 - DEBUG - Starting new HTTPS connection (1): proceedings.mlr.press:443
2025-02-10 01:19:05,315 - DEBUG - https://proceedings.mlr.press:443 "GET /v162/lai22a/lai22a.pdf HTTP/1.1" 200 864060
2025-02-10 01:19:05,979 - DEBUG - 텍스트 추출 및 저장 완료: texts/Fedscale Benchmarking model and system performance of federated learning at scale_2233.txt
2025-02-10 01:19:05,980 - DEBUG - Starting new HTTPS connection (1): arxiv.org:443
2025-02-10 01:19:06,023 - DEBUG - https://arxiv.org:443 "GET /pdf/1911.02549 HTTP/1.1" 200 1185996
2025-02-10 01:19:06,581 - DEBUG - 텍스트 추출 및 저장 완료: texts/Mlperf inference benchmark_2234.txt
2025-02-10 01:19:06,582 - DEBUG - Starting new HTTPS connection (1): drive.google.com:443
2025-02-10 01:19:07,145 - DEBUG - https://drive.google.com:443 "GET /file/d/1IwFt7hk3Sb12CEPDyhpYVch_Ophe-Y9z/view HTTP/1.1" 200 None
2025-02-10 01:19:07,350 - DEBUG - PDF 파일 읽기 오류: EOF marker not found
2025-02-10 01:19:07,353 - DEBUG - Starting new HTTPS connection (1): arxiv.org:443
2025-02-10 01:19:08,169 - DEBUG - https://arxiv.org:443 "GET /pdf/1903.05566 HTTP/1.1" 200 132725
2025-02-10 01:19:08,592 - DEBUG - 텍스트 추출 및 저장 완료: texts/Benchmarking natural language understanding services for building conversational agents_2236.txt
2025-02-10 01:19:08,595 - DEBUG - Starting new HTTPS connection (1): arxiv.org:443
2025-02-10 01:19:09,499 - DEBUG - https://arxiv.org:443 "GET /pdf/2106.08087 HTTP/1.1" 200 1662435
2025-02-10 01:19:10,669 - DEBUG - 텍스트 추출 및 저장 완료: texts/Cblue A chinese biomedical language understanding evaluation benchmark_2237.txt
2025-02-10 01:19:10,670 - DEBUG - Starting new HTTPS connection (1): arxiv.org:443
2025-02-10 01:19:10,704 - DEBUG - https://arxiv.org:443 "GET /pdf/2403.03218 HTTP/1.1" 200 920832
2025-02-10 01:19:11,497 - DEBUG - 텍스트 추출 및 저장 완료: texts/The wmdp benchmark Measuring and reducing malicious use with unlearning_2238.txt
2025-02-10 01:19:11,498 - DEBUG - Starting new HTTPS connection (1): arxiv.org:443
2025-02-10 01:19:11,762 - DEBUG - https://arxiv.org:443 "GET /pdf/1911.01547.pdf?trk=public_post_comment-text HTTP/1.1" 301 259
2025-02-10 01:19:11,772 - DEBUG - https://arxiv.org:443 "GET /pdf/1911.01547 HTTP/1.1" 200 1280262
2025-02-10 01:19:12,530 - DEBUG - 텍스트 추출 및 저장 완료: texts/On the measure of intelligence_2239.txt
2025-02-10 01:19:12,532 - DEBUG - Starting new HTTPS connection (1): pubs.acs.org:443
2025-02-10 01:19:12,677 - DEBUG - https://pubs.acs.org:443 "GET /doi/pdf/10.1021/acs.jcim.8b00839 HTTP/1.1" 403 None
2025-02-10 01:19:12,678 - DEBUG - Error: HTTP 응답 코드 403 - texts/GuacaMol benchmarking models for de novo molecular design_2240.txt
2025-02-10 01:19:12,680 - DEBUG - Starting new HTTPS connection (1): link.springer.com:443
2025-02-10 01:19:13,043 - DEBUG - https://link.springer.com:443 "GET /content/pdf/10.1007/s10618-023-00933-9.pdf HTTP/1.1" 303 0
2025-02-10 01:19:13,045 - DEBUG - Starting new HTTPS connection (1): idp.springer.com:443
2025-02-10 01:19:13,434 - DEBUG - https://idp.springer.com:443 "GET /authorize?response_type=cookie&client_id=springerlink&redirect_uri=https%3A%2F%2Flink.springer.com%2Fcontent%2Fpdf%2F10.1007%2Fs10618-023-00933-9.pdf HTTP/1.1" 302 0
2025-02-10 01:19:14,131 - DEBUG - https://link.springer.com:443 "GET /content/pdf/10.1007/s10618-023-00933-9.pdf HTTP/1.1" 200 4790048
2025-02-10 01:19:20,040 - DEBUG - 텍스트 추출 및 저장 완료: texts/Benchmarking and survey of explanation methods for black box models_2241.txt
2025-02-10 01:19:20,044 - DEBUG - Starting new HTTP connection (1): openaccess.thecvf.com:80
2025-02-10 01:19:20,668 - DEBUG - http://openaccess.thecvf.com:80 "GET /content_ICCV_2019/papers/Savva_Habitat_A_Platform_for_Embodied_AI_Research_ICCV_2019_paper.pdf HTTP/1.1" 302 395
2025-02-10 01:19:20,670 - DEBUG - Starting new HTTPS connection (1): openaccess.thecvf.com:443
2025-02-10 01:19:21,249 - DEBUG - https://openaccess.thecvf.com:443 "GET /content_ICCV_2019/papers/Savva_Habitat_A_Platform_for_Embodied_AI_Research_ICCV_2019_paper.pdf HTTP/1.1" 200 1415566
2025-02-10 01:19:23,294 - DEBUG - 텍스트 추출 및 저장 완료: texts/Habitat A platform for embodied ai research_2242.txt
2025-02-10 01:19:23,297 - DEBUG - Starting new HTTPS connection (1): arxiv.org:443
2025-02-10 01:19:23,342 - DEBUG - https://arxiv.org:443 "GET /pdf/1707.08114 HTTP/1.1" 200 1155660
2025-02-10 01:19:24,064 - DEBUG - 텍스트 추출 및 저장 완료: texts/A survey on multi-task learning_2243.txt
2025-02-10 01:19:24,066 - DEBUG - Starting new HTTPS connection (1): arxiv.org:443
2025-02-10 01:19:24,492 - DEBUG - https://arxiv.org:443 "GET /pdf/2109.09138 HTTP/1.1" 200 978873
2025-02-10 01:19:25,417 - DEBUG - 텍스트 추출 및 저장 완료: texts/Multi-task learning in natural language processing An overview_2244.txt
2025-02-10 01:19:25,419 - DEBUG - Starting new HTTP connection (1): proceedings.mlr.press:80
2025-02-10 01:19:26,536 - DEBUG - http://proceedings.mlr.press:80 "GET /v119/standley20a/standley20a.pdf HTTP/1.1" 200 5756412
2025-02-10 01:19:28,752 - DEBUG - 텍스트 추출 및 저장 완료: texts/Which tasks should be learned together in multi-task learning_2245.txt
2025-02-10 01:19:28,755 - DEBUG - Starting new HTTPS connection (1): arxiv.org:443
2025-02-10 01:19:28,789 - DEBUG - https://arxiv.org:443 "GET /pdf/2009.09796 HTTP/1.1" 200 4144066
2025-02-10 01:19:30,580 - DEBUG - 텍스트 추출 및 저장 완료: texts/Multi-task learning with deep neural networks A survey_2246.txt
2025-02-10 01:19:30,582 - DEBUG - Starting new HTTPS connection (1): openaccess.thecvf.com:443
2025-02-10 01:19:31,158 - DEBUG - https://openaccess.thecvf.com:443 "GET /content_CVPR_2019/papers/Liu_End-To-End_Multi-Task_Learning_With_Attention_CVPR_2019_paper.pdf HTTP/1.1" 200 1703290
2025-02-10 01:19:32,828 - DEBUG - 텍스트 추출 및 저장 완료: texts/End-to-end multi-task learning with attention_2247.txt
2025-02-10 01:19:32,830 - DEBUG - Starting new HTTPS connection (1): proceedings.neurips.cc:443
2025-02-10 01:19:33,501 - DEBUG - https://proceedings.neurips.cc:443 "GET /paper_files/paper/2021/file/e77910ebb93b511588557806310f78f1-Paper.pdf HTTP/1.1" 200 2008659
2025-02-10 01:19:37,055 - DEBUG - 텍스트 추출 및 저장 완료: texts/Efficiently identifying task groupings for multi-task learning_2248.txt
2025-02-10 01:19:37,056 - DEBUG - Starting new HTTPS connection (1): proceedings.neurips.cc:443
2025-02-10 01:19:37,702 - DEBUG - https://proceedings.neurips.cc:443 "GET /paper_files/paper/2019/file/685bfde03eb646c27ed565881917c71c-Paper.pdf HTTP/1.1" 200 502261
2025-02-10 01:19:38,597 - DEBUG - 텍스트 추출 및 저장 완료: texts/Pareto multi-task learning_2249.txt
2025-02-10 01:19:38,598 - DEBUG - Starting new HTTPS connection (1): arxiv.org:443
2025-02-10 01:19:39,910 - DEBUG - https://arxiv.org:443 "GET /pdf/2004.13379 HTTP/1.1" 200 4650752
2025-02-10 01:19:42,876 - DEBUG - 텍스트 추출 및 저장 완료: texts/Multi-task learning for dense prediction tasks A survey_2250.txt
2025-02-10 01:19:42,878 - DEBUG - Starting new HTTPS connection (1): proceedings.neurips.cc:443
2025-02-10 01:19:43,535 - DEBUG - https://proceedings.neurips.cc:443 "GET /paper_files/paper/2020/file/3fe78a8acf5fda99de95303940a2420c-Paper.pdf HTTP/1.1" 200 1670010
2025-02-10 01:19:44,793 - DEBUG - 텍스트 추출 및 저장 완료: texts/Gradient surgery for multi-task learning_2251.txt
2025-02-10 01:19:44,794 - DEBUG - Starting new HTTP connection (1): proceedings.mlr.press:80
2025-02-10 01:19:46,058 - DEBUG - http://proceedings.mlr.press:80 "GET /v119/guo20e/guo20e.pdf HTTP/1.1" 200 3694213
2025-02-10 01:19:47,698 - DEBUG - 텍스트 추출 및 저장 완료: texts/Learning to branch for multi-task learning_2252.txt
2025-02-10 01:19:47,700 - DEBUG - Starting new HTTPS connection (1): proceedings.neurips.cc:443
2025-02-10 01:19:48,369 - DEBUG - https://proceedings.neurips.cc:443 "GET /paper/2020/file/634841a6831464b64c072c8510c7f35c-Paper.pdf HTTP/1.1" 200 918355
2025-02-10 01:19:50,035 - WARNING - FloatObject (b'0.00-25621316') invalid; use 0.0 instead
2025-02-10 01:19:50,158 - WARNING - FloatObject (b'0.00-2642008') invalid; use 0.0 instead
2025-02-10 01:19:50,159 - WARNING - FloatObject (b'0.00-16310552') invalid; use 0.0 instead
2025-02-10 01:19:50,160 - WARNING - FloatObject (b'0.00-113558934') invalid; use 0.0 instead
2025-02-10 01:19:50,171 - WARNING - FloatObject (b'0.00-4815795') invalid; use 0.0 instead
2025-02-10 01:19:50,172 - WARNING - FloatObject (b'0.00-4815795') invalid; use 0.0 instead
2025-02-10 01:19:50,213 - DEBUG - 텍스트 추출 및 저장 완료: texts/Adashare Learning what to share for efficient deep multi-task learning_2253.txt
2025-02-10 01:19:50,215 - DEBUG - Starting new HTTPS connection (1): arxiv.org:443
2025-02-10 01:19:51,526 - DEBUG - https://arxiv.org:443 "GET /pdf/2007.01126 HTTP/1.1" 200 577649
2025-02-10 01:19:51,879 - DEBUG - 텍스트 추출 및 저장 완료: texts/A brief review of deep multi-task learning and auxiliary task learning_2254.txt
2025-02-10 01:19:51,881 - DEBUG - Starting new HTTPS connection (1): arxiv.org:443
2025-02-10 01:19:53,472 - DEBUG - https://arxiv.org:443 "GET /pdf/2005.00944 HTTP/1.1" 200 1497478
2025-02-10 01:19:55,067 - DEBUG - 텍스트 추출 및 저장 완료: texts/Understanding and improving information transfer in multi-task learning_2255.txt
2025-02-10 01:19:55,069 - DEBUG - Starting new HTTPS connection (1): homes.esat.kuleuven.be:443
2025-02-10 01:19:59,826 - DEBUG - https://homes.esat.kuleuven.be:443 "GET /~konijn/publications/2020/vandenhende.pdf HTTP/1.1" 200 4535699
2025-02-10 01:20:06,161 - DEBUG - 텍스트 추출 및 저장 완료: texts/Revisiting multi-task learning in the deep learning era_2256.txt
2025-02-10 01:20:06,167 - DEBUG - Starting new HTTPS connection (1): arxiv.org:443
2025-02-10 01:20:06,616 - DEBUG - https://arxiv.org:443 "GET /pdf/2207.01138 HTTP/1.1" 200 356503
2025-02-10 01:20:06,906 - DEBUG - 텍스트 추출 및 저장 완료: texts/Abaw Learning from synthetic data & multi-task learning challenges_2257.txt
2025-02-10 01:20:06,907 - DEBUG - Starting new HTTPS connection (1): onlinelibrary.wiley.com:443
2025-02-10 01:20:06,987 - DEBUG - https://onlinelibrary.wiley.com:443 "GET /doi/pdfdirect/10.1002/minf.201800108 HTTP/1.1" 403 None
2025-02-10 01:20:06,989 - DEBUG - Error: HTTP 응답 코드 403 - texts/A survey of multi‐task learning methods in chemoinformatics_2258.txt
2025-02-10 01:20:06,990 - DEBUG - Starting new HTTPS connection (1): arxiv.org:443
2025-02-10 01:20:07,045 - DEBUG - https://arxiv.org:443 "GET /pdf/2001.06902 HTTP/1.1" 200 6251689
2025-02-10 01:20:09,636 - DEBUG - 텍스트 추출 및 저장 완료: texts/Mti-net Multi-scale task interaction networks for multi-task learning_2259.txt
2025-02-10 01:20:09,638 - DEBUG - Starting new HTTPS connection (1): arxiv.org:443
2025-02-10 01:20:09,660 - DEBUG - https://arxiv.org:443 "GET /pdf/2202.01017 HTTP/1.1" 200 6965544
2025-02-10 01:20:12,204 - DEBUG - 텍스트 추출 및 저장 완료: texts/Multi-task learning as a bargaining game_2260.txt
2025-02-10 01:20:12,206 - DEBUG - Starting new HTTPS connection (1): proceedings.neurips.cc:443
2025-02-10 01:20:12,809 - DEBUG - https://proceedings.neurips.cc:443 "GET /paper_files/paper/2021/file/9d27fdf2477ffbff837d73ef7ae23db9-Paper.pdf HTTP/1.1" 200 6665923
2025-02-10 01:20:15,839 - DEBUG - 텍스트 추출 및 저장 완료: texts/Conflict-averse gradient descent for multi-task learning_2261.txt
2025-02-10 01:20:15,841 - DEBUG - Starting new HTTPS connection (1): cbmm.mit.edu:443
2025-02-10 01:20:17,059 - DEBUG - https://cbmm.mit.edu:443 "GET /sites/default/files/documents/Science%20Perspectives%20Ullman%202019.pdf HTTP/1.1" 200 664118
2025-02-10 01:20:19,671 - DEBUG - 텍스트 추출 및 저장 완료: texts/Using neuroscience to develop artificial intelligence_2262.txt
2025-02-10 01:20:19,674 - DEBUG - Starting new HTTPS connection (1): www.frontiersin.org:443
2025-02-10 01:20:20,503 - DEBUG - https://www.frontiersin.org:443 "GET /articles/10.3389/fnins.2019.01346/pdf HTTP/1.1" 301 None
2025-02-10 01:20:51,331 - DEBUG - https://www.frontiersin.org:443 "GET /journals/neuroscience/articles/10.3389/fnins.2019.01346/pdf HTTP/1.1" 504 None
2025-02-10 01:20:51,339 - DEBUG - Error: HTTP 응답 코드 504 - texts/Explainable artificial intelligence for neuroscience behavioral neurostimulation_2263.txt
2025-02-10 01:20:51,354 - DEBUG - Starting new HTTPS connection (1): www.researchgate.net:443
2025-02-10 01:20:51,547 - DEBUG - https://www.researchgate.net:443 "GET /profile/Alexander-Ororbia/publication/373142044_Brain-Inspired_Computational_Intelligence_via_Predictive_Coding/links/65603ab1b86a1d521b030750/Brain-Inspired-Computational-Intelligence-via-Predictive-Coding.pdf HTTP/1.1" 403 None
2025-02-10 01:20:51,552 - DEBUG - Error: HTTP 응답 코드 403 - texts/Brain-inspired computational intelligence via predictive coding_2264.txt
2025-02-10 01:20:51,556 - DEBUG - Starting new HTTPS connection (1): www.researchgate.net:443
2025-02-10 01:20:51,819 - DEBUG - https://www.researchgate.net:443 "GET /profile/Motohisa-Osaka-2/publication/388497176_REVISTA_DE_INTELIGENCIA_ARTIFICIAL_EN_MEDICINA_Fundamentals_of_Artificial_Neural_Networks_Applications_in_Neuroscientific_Research/links/679b08c18311ce680c42ea0d/REVISTA-DE-INTELIGENCIA-ARTIFICIAL-EN-MEDICINA-Fundamentals-of-Artificial-Neural-Networks-Applications-in-Neuroscientific-Research.pdf HTTP/1.1" 403 None
2025-02-10 01:20:51,825 - DEBUG - Error: HTTP 응답 코드 403 - texts/Fundamentals of Artificial Neural Networks Applications in Neuroscientific Research_2265.txt
2025-02-10 01:20:51,830 - DEBUG - Starting new HTTPS connection (1): www.frontiersin.org:443
2025-02-10 01:20:52,980 - DEBUG - https://www.frontiersin.org:443 "GET /articles/10.3389/frobt.2019.00053/pdf HTTP/1.1" 301 None
2025-02-10 01:20:54,208 - DEBUG - https://www.frontiersin.org:443 "GET /journals/robotics-and-ai/articles/10.3389/frobt.2019.00053/pdf HTTP/1.1" 200 911536
2025-02-10 01:20:55,984 - DEBUG - 텍스트 추출 및 저장 완료: texts/Sentiment analysis for words and fiction characters from the perspective of computational (neuro-) poetics_2266.txt
2025-02-10 01:20:55,986 - DEBUG - Starting new HTTPS connection (1): www.nature.com:443
2025-02-10 01:20:56,335 - DEBUG - https://www.nature.com:443 "GET /articles/s41467-023-37180-x.pdf HTTP/1.1" 303 150
2025-02-10 01:20:56,338 - DEBUG - Starting new HTTPS connection (1): idp.nature.com:443
2025-02-10 01:20:56,630 - DEBUG - https://idp.nature.com:443 "GET /authorize?response_type=cookie&client_id=grover&redirect_uri=https%3A%2F%2Fwww.nature.com%2Farticles%2Fs41467-023-37180-x.pdf HTTP/1.1" 302 0
2025-02-10 01:20:56,902 - DEBUG - https://idp.nature.com:443 "GET /transit?redirect_uri=https%3A%2F%2Fwww.nature.com%2Farticles%2Fs41467-023-37180-x.pdf&code=62328ef5-95d6-431b-990c-5b4bcefc2416 HTTP/1.1" 302 0
2025-02-10 01:20:57,347 - DEBUG - https://www.nature.com:443 "GET /articles/s41467-023-37180-x.pdf HTTP/1.1" 200 767425
2025-02-10 01:21:03,149 - DEBUG - 텍스트 추출 및 저장 완료: texts/Catalyzing next-generation artificial intelligence through neuroai_2267.txt
2025-02-10 01:21:03,160 - DEBUG - Starting new HTTPS connection (1): content.iospress.com:443
2025-02-10 01:21:03,941 - DEBUG - https://content.iospress.com:443 "GET /download/semantic-web/sw223228?id=semantic-web%2Fsw223228 HTTP/1.1" 403 None
2025-02-10 01:21:03,945 - DEBUG - Error: HTTP 응답 코드 403 - texts/Is neuro-symbolic AI meeting its promises in natural language processing A structured review_2268.txt
2025-02-10 01:21:03,948 - DEBUG - Starting new HTTPS connection (1): arxiv.org:443
2025-02-10 01:21:03,979 - DEBUG - https://arxiv.org:443 "GET /pdf/2109.06133 HTTP/1.1" 200 953237
2025-02-10 01:21:04,529 - DEBUG - 텍스트 추출 및 저장 완료: texts/Neuro-symbolic ai An emerging class of ai workloads and their characterization_2269.txt
2025-02-10 01:21:04,530 - DEBUG - Starting new HTTPS connection (1): www.authorea.com:443
2025-02-10 01:21:04,800 - DEBUG - https://www.authorea.com:443 "GET /doi/pdf/10.36227/techrxiv.21837027.v1 HTTP/1.1" 403 None
2025-02-10 01:21:04,808 - DEBUG - Error: HTTP 응답 코드 403 - texts/Brain-inspired computing A systematic survey and future trends_2270.txt
2025-02-10 01:21:04,811 - DEBUG - Starting new HTTPS connection (1): arxiv.org:443
2025-02-10 01:21:05,075 - DEBUG - https://arxiv.org:443 "GET /pdf/2003.08316 HTTP/1.1" 200 144531
2025-02-10 01:21:05,322 - DEBUG - 텍스트 추출 및 저장 완료: texts/From statistical relational to neuro-symbolic artificial intelligence_2271.txt
2025-02-10 01:21:05,324 - DEBUG - Starting new HTTPS connection (1): par.nsf.gov:443
2025-02-10 01:21:06,101 - DEBUG - https://par.nsf.gov:443 "GET /servlets/purl/10335108 HTTP/1.1" 200 16942115
2025-02-10 01:21:55,986 - DEBUG - 텍스트 추출 및 저장 완료: texts/A massive 7T fMRI dataset to bridge cognitive neuroscience and artificial intelligence_2272.txt
2025-02-10 01:21:55,988 - DEBUG - Starting new HTTPS connection (1): www.cell.com:443
2025-02-10 01:21:56,367 - DEBUG - https://www.cell.com:443 "GET /neuron/pdf/S0896-6273(19)30740-8.pdf HTTP/1.1" 403 None
2025-02-10 01:21:56,371 - DEBUG - Error: HTTP 응답 코드 403 - texts/Engineering a less artificial intelligence_2273.txt
2025-02-10 01:21:56,373 - DEBUG - Starting new HTTPS connection (1): lirias.kuleuven.be:443
2025-02-10 01:21:57,914 - DEBUG - https://lirias.kuleuven.be:443 "GET /retrieve/723053 HTTP/1.1" 200 425166
2025-02-10 01:21:59,776 - DEBUG - 텍스트 추출 및 저장 완료: texts/Neuro-symbolic artificial intelligence The state of the art_2274.txt
2025-02-10 01:21:59,779 - DEBUG - Starting new HTTPS connection (1): ascpt.onlinelibrary.wiley.com:443
2025-02-10 01:21:59,901 - DEBUG - https://ascpt.onlinelibrary.wiley.com:443 "GET /doi/pdf/10.1111/cts.12884 HTTP/1.1" 403 None
2025-02-10 01:21:59,903 - DEBUG - Error: HTTP 응답 코드 403 - texts/Precision medicine, AI, and the future of personalized health care_2275.txt
2025-02-10 01:21:59,905 - DEBUG - Starting new HTTPS connection (1): link.springer.com:443
2025-02-10 01:22:00,319 - DEBUG - https://link.springer.com:443 "GET /content/pdf/10.1186/s12967-020-02658-5.pdf HTTP/1.1" 303 0
2025-02-10 01:22:00,322 - DEBUG - Starting new HTTPS connection (1): idp.springer.com:443
2025-02-10 01:22:00,620 - DEBUG - https://idp.springer.com:443 "GET /authorize?response_type=cookie&client_id=springerlink&redirect_uri=https%3A%2F%2Flink.springer.com%2Fcontent%2Fpdf%2F10.1186%2Fs12967-020-02658-5.pdf HTTP/1.1" 302 0
2025-02-10 01:22:01,290 - DEBUG - https://link.springer.com:443 "GET /content/pdf/10.1186/s12967-020-02658-5.pdf HTTP/1.1" 200 1084702
2025-02-10 01:22:05,567 - DEBUG - 텍스트 추출 및 저장 완료: texts/Precision medicine in the era of artificial intelligence implications in chronic disease management_2276.txt
2025-02-10 01:22:05,569 - DEBUG - Starting new HTTPS connection (1): www.frontiersin.org:443
2025-02-10 01:22:06,325 - DEBUG - https://www.frontiersin.org:443 "GET /articles/10.3389/fgene.2019.00049/pdf HTTP/1.1" 301 None
2025-02-10 01:22:07,656 - DEBUG - https://www.frontiersin.org:443 "GET /journals/genetics/articles/10.3389/fgene.2019.00049/pdf HTTP/1.1" 200 2130706
2025-02-10 01:22:10,112 - DEBUG - 텍스트 추출 및 저장 완료: texts/Advancing personalized medicine through the application of whole exome sequencing and big data analytics_2277.txt
2025-02-10 01:22:10,115 - DEBUG - Starting new HTTPS connection (1): www.cell.com:443
2025-02-10 01:22:10,295 - DEBUG - https://www.cell.com:443 "GET /cell/pdf/S0092-8674(19)30222-3.pdf HTTP/1.1" 403 None
2025-02-10 01:22:10,299 - DEBUG - Error: HTTP 응답 코드 403 - texts/Personalized medicine and the power of electronic health records_2278.txt
2025-02-10 01:22:10,300 - DEBUG - Starting new HTTPS connection (1): www.nature.com:443
2025-02-10 01:22:10,642 - DEBUG - https://www.nature.com:443 "GET /articles/s41591-022-01981-2.pdf HTTP/1.1" 303 150
2025-02-10 01:22:10,646 - DEBUG - Starting new HTTPS connection (1): idp.nature.com:443
2025-02-10 01:22:10,958 - DEBUG - https://idp.nature.com:443 "GET /authorize?response_type=cookie&client_id=grover&redirect_uri=https%3A%2F%2Fwww.nature.com%2Farticles%2Fs41591-022-01981-2.pdf HTTP/1.1" 302 0
2025-02-10 01:22:11,821 - DEBUG - https://idp.nature.com:443 "GET /transit?redirect_uri=https%3A%2F%2Fwww.nature.com%2Farticles%2Fs41591-022-01981-2.pdf&code=3e4130ba-8ad5-464d-bfba-04386d70485a HTTP/1.1" 302 0
2025-02-10 01:22:12,239 - DEBUG - https://www.nature.com:443 "GET /articles/s41591-022-01981-2.pdf HTTP/1.1" 303 249
2025-02-10 01:22:12,892 - DEBUG - https://www.nature.com:443 "GET /articles/s41591-022-01981-2 HTTP/1.1" 200 None
2025-02-10 01:22:13,150 - DEBUG - PDF 파일 읽기 오류: EOF marker not found
2025-02-10 01:22:13,152 - DEBUG - Starting new HTTPS connection (1): philpapers.org:443
2025-02-10 01:22:13,391 - DEBUG - https://philpapers.org:443 "GET /archive/ALZAII.PDF HTTP/1.1" 403 None
2025-02-10 01:22:13,396 - DEBUG - Error: HTTP 응답 코드 403 - texts/Artificial Intelligence in Healthcare Transforming Patient Care and Medical Practices_2280.txt
2025-02-10 01:22:13,399 - DEBUG - Starting new HTTPS connection (1): www.mdpi.com:443
2025-02-10 01:22:14,168 - DEBUG - https://www.mdpi.com:443 "GET /2075-4426/11/8/745/pdf HTTP/1.1" 302 None
2025-02-10 01:22:14,173 - DEBUG - Starting new HTTPS connection (1): mdpi-res.com:443
2025-02-10 01:22:15,596 - DEBUG - https://mdpi-res.com:443 "GET /d_attachment/jpm/jpm-11-00745/article_deploy/jpm-11-00745.pdf?version=1627551094 HTTP/1.1" 200 1041309
2025-02-10 01:22:16,844 - DEBUG - 텍스트 추출 및 저장 완료: texts/Digital twins from personalised medicine to precision public health_2281.txt
2025-02-10 01:22:16,846 - DEBUG - Starting new HTTPS connection (1): link.springer.com:443
2025-02-10 01:22:17,608 - DEBUG - https://link.springer.com:443 "GET /content/pdf/10.1186/s12909-023-04698-z.pdf HTTP/1.1" 303 0
2025-02-10 01:22:17,610 - DEBUG - Starting new HTTPS connection (1): idp.springer.com:443
2025-02-10 01:22:18,370 - DEBUG - https://idp.springer.com:443 "GET /authorize?response_type=cookie&client_id=springerlink&redirect_uri=https%3A%2F%2Flink.springer.com%2Fcontent%2Fpdf%2F10.1186%2Fs12909-023-04698-z.pdf HTTP/1.1" 302 0
2025-02-10 01:22:19,040 - DEBUG - https://link.springer.com:443 "GET /content/pdf/10.1186/s12909-023-04698-z.pdf HTTP/1.1" 200 1936172
2025-02-10 01:22:21,487 - DEBUG - 텍스트 추출 및 저장 완료: texts/Revolutionizing healthcare the role of artificial intelligence in clinical practice_2282.txt
2025-02-10 01:22:21,489 - DEBUG - Starting new HTTPS connection (1): link.springer.com:443
2025-02-10 01:22:21,830 - DEBUG - https://link.springer.com:443 "GET /content/pdf/10.1007/s11227-020-03481-x.pdf HTTP/1.1" 303 0
2025-02-10 01:22:21,832 - DEBUG - Starting new HTTPS connection (1): idp.springer.com:443
2025-02-10 01:22:22,146 - DEBUG - https://idp.springer.com:443 "GET /authorize?response_type=cookie&client_id=springerlink&redirect_uri=https%3A%2F%2Flink.springer.com%2Fcontent%2Fpdf%2F10.1007%2Fs11227-020-03481-x.pdf HTTP/1.1" 302 0
2025-02-10 01:22:22,818 - DEBUG - https://link.springer.com:443 "GET /content/pdf/10.1007/s11227-020-03481-x.pdf HTTP/1.1" 200 1409096
2025-02-10 01:22:27,909 - DEBUG - 텍스트 추출 및 저장 완료: texts/AI-based smart prediction of clinical disease using random forest classifier and Naive Bayes_2283.txt
2025-02-10 01:22:27,910 - DEBUG - Starting new HTTPS connection (1): www.cell.com:443
2025-02-10 01:22:28,137 - DEBUG - https://www.cell.com:443 "GET /cell-reports/pdfExtended/S2211-1247(20)30537-4 HTTP/1.1" 403 None
2025-02-10 01:22:28,140 - DEBUG - Error: HTTP 응답 코드 403 - texts/Challenges in establishing pure lung cancer organoids limit their utility for personalized medicine_2284.txt
2025-02-10 01:22:28,143 - DEBUG - Starting new HTTPS connection (1): www.mdpi.com:443
2025-02-10 01:22:29,204 - DEBUG - https://www.mdpi.com:443 "GET /1422-0067/21/1/296/pdf HTTP/1.1" 302 None
2025-02-10 01:22:29,206 - DEBUG - Starting new HTTPS connection (1): mdpi-res.com:443
2025-02-10 01:22:30,329 - DEBUG - https://mdpi-res.com:443 "GET /d_attachment/ijms/ijms-21-00296/article_deploy/ijms-21-00296-v2.pdf?version=1578371555 HTTP/1.1" 200 5126617
2025-02-10 01:22:32,736 - DEBUG - 텍스트 추출 및 저장 완료: texts/“Bridging the Gap” Everything that Could Have Been Avoided If We Had Applied Gender Medicine, Pharmacogenetics and Personalized Medicine in the Gender …_2285.txt
2025-02-10 01:22:32,739 - DEBUG - Starting new HTTPS connection (1): link.springer.com:443
2025-02-10 01:22:33,053 - DEBUG - https://link.springer.com:443 "GET /content/pdf/10.1186/s13000-021-01085-4.pdf HTTP/1.1" 303 0
2025-02-10 01:22:33,058 - DEBUG - Starting new HTTPS connection (1): idp.springer.com:443
2025-02-10 01:22:33,619 - DEBUG - https://idp.springer.com:443 "GET /authorize?response_type=cookie&client_id=springerlink&redirect_uri=https%3A%2F%2Flink.springer.com%2Fcontent%2Fpdf%2F10.1186%2Fs13000-021-01085-4.pdf HTTP/1.1" 302 0
2025-02-10 01:22:33,992 - DEBUG - https://link.springer.com:443 "GET /content/pdf/10.1186/s13000-021-01085-4.pdf HTTP/1.1" 200 431874
2025-02-10 01:22:34,696 - DEBUG - 텍스트 추출 및 저장 완료: texts/Artificial intelligence (AI) in medicine, current applications and future role with special emphasis on its potential and promise in pathology present and future impact …_2286.txt
