title,snippet,link
Applications for deep learning in ecology,"… However, to our knowledge, we currently lack an insightful overview on when deep learning could be useful to ecologists. This review shows that the flexibility of deep learning can …",https://besjournals.onlinelibrary.wiley.com/doi/pdf/10.1111/2041-210X.13256
Machine learning and deep learning,"… Machine learning describes the capacity of systems to learn … Deep learning is a machine learning concept based on … , deep learning models outperform shallow machine learning …",https://link.springer.com/content/pdf/10.1007/s12525-021-00475-2.pdf
Fundamentals of deep learning,"… , computer vision, and reinforcement learning with deep dives into the latest advancements … field of deep learning. We hope that these updates inspire you to practice deep learning on …",https://coursesteach.com/pluginfile.php/7459/mod_resource/content/1/Fundamentals%20of%20Deep%20Learning%202nd%20Edition%20pdf.pdf
Deep learning for AI,"… We reviewed the basic concepts and some of the breakthrough achievements of deep learning several years ago.Here we briefly describe the origins of deep learning, describe a few …",https://dl.acm.org/doi/pdf/10.1145/3448250
The computational limits of deep learning,"… deep learning is so computationally expensive, we analyze its statistical and computational scaling in theory. We show that deep learning is … burden of deep learning models is scaling …",https://assets.pubpub.org/9c76pmmn/11686018723236.pdf
Energy and policy considerations for modern deep learning research,"… In this article, we summarize previous work characterizing the energy required to train and develop recent deep learning models for NLP, and share conclusions and recommendations …",https://ojs.aaai.org/index.php/AAAI/article/download/7123/6977
Accelerating 3d deep learning with pytorch3d,"… deep learning remains relatively underexplored. We believe that some of this disparity is due to the engineering challenges involved in 3D deep learning, … research in 3D deep learning. …",https://arxiv.org/pdf/2007.08501
What is the effect of importance weighting in deep learning?,"… from recent developments in the theory of deep learning. In particular we are motivated by … cover only shallow linear, deep linear, and deep convolutional linear neural networks, our …",http://proceedings.mlr.press/v97/byrd19a/byrd19a.pdf
A guide to deep learning in healthcare,"… Here we present deep-learning techniques for healthcare, centering our discussion on deep learning in computer vision, natural language processing, reinforcement learning, and …",https://www.researchgate.net/profile/Alexandre-Robicquet/publication/330203264_A_guide_to_deep_learning_in_healthcare/links/5db3782f92851c577ec35e39/A-guide-to-deep-learning-in-healthcare.pdf
Deep challenges associated with deep learning,… Abstract—Deep learning is a recent emerging field of research in data science. Deep learning is essentially a combination of artificial intelligence and machine learning. Inspired by …,https://www.researchgate.net/profile/Ochin-Sharma/publication/336440781_Deep_Challenges_Associated_with_Deep_Learning/links/60d05760458515dc179972e1/Deep-Challenges-Associated-with-Deep-Learning.pdf
Deep learning for audio signal processing,"… of deep learn- ing, this paper provides a review of the state-of-the-art deep learning techniques … , log-mel spectra and raw waveform) and deep learning models are reviewed, including …",https://arxiv.org/pdf/1905.00078
Measuring Calibration in Deep Learning.,The reliability of a machine learning model’s confidence in its predictions is critical for high-risk applications. Calibration—the idea that a model’s predicted probabilities of outcomes …,http://openaccess.thecvf.com/content_CVPRW_2019/papers/Uncertainty%20and%20Robustness%20in%20Deep%20Visual%20Learning/Nixon_Measuring_Calibration_in_Deep_Learning_CVPRW_2019_paper.pdf
A selective overview of deep learning,"… Along the way, we highlight new characteristics of deep learning (including depth … deep learning, many of which are only suggestive. While a complete understanding of deep learning …",https://pmc.ncbi.nlm.nih.gov/articles/PMC8300482/pdf/nihms-1639566.pdf
Review on Convolutional Neural Networks (CNN) in vegetation remote sensing,"… learning method of Convolutional Neural Networks (CNN) is very … This review introduces the principles of CNN and distils why … data, as well as CNN approaches and architectures. The …",https://www.academia.edu/download/65705615/Kattenborn_et_al._2021_Review_on_Convolutional_Neural_Networks_CNN_in_vegetation_remote_sensing.pdf
Review on convolutional neural network (CNN) applied to plant leaf disease classification,"… those based on convolutional neural network (CNN), have … In this work, we reviewed the latest CNN networks pertinent to … and corresponding solutions of CNN used for plant disease …",https://www.mdpi.com/2077-0472/11/8/707/pdf
"A survey of convolutional neural networks: analysis, applications, and prospects","… CNN is a kind of feedforward neural network that is able to extract features from data with convolution … Different from the traditional feature extraction methods [17]–[19], CNN does not …",https://arxiv.org/pdf/2004.02806
Classification of image using convolutional neural network (CNN),… is the Convolutional Neural Network. We design Convolutional Neural Network to recognize … Almost all CNN architectures follow the same general design principles of successively …,https://www.researchgate.net/profile/Md-Anwar-Hossain-6/publication/333191474_Classification_of_Image_using_Convolutional_Neural_Network_CNN/links/5ce0158c299bf14d95a4cf14/Classification-of-Image-using-Convolutional-Neural-Network-CNN.pdf
Speech emotion recognition using convolutional neural network (CNN),"… Here, the speech emotion recognition is based on the Convolutional Neural Network (CNN) algorithm which uses different modules for the emotion recognition and the classifiers are …",https://www.researchgate.net/profile/Harini-Murugan-2/publication/342231090_Speech_Emotion_Recognition_Using_CNN/links/5eece25e92851ce9e7f10df8/Speech-Emotion-Recognition-Using-CNN.pdf
Improved handwritten digit recognition using convolutional neural networks (CNN),"… , deep belief networks and deep Boltzmann machines. Here, we introduce a convolutional neural network, which is a specific type of deep neural network having wide applications in …",https://www.mdpi.com/1424-8220/20/12/3344/pdf
A survey of the recent architectures of deep convolutional neural networks,"… reported deep CNN architectures and, consequently, classifies the recent innovations in CNN … Additionally, the elementary understanding of CNN components, current challenges, and …",https://arxiv.org/pdf/1901.06032
Convolutional neural network (CNN) for automatic skin cancer classification system,… The system was developed in this study could identify skin cancer and benign tumor lesions automatically using the Convolutional Neural Network (CNN). The proposed model consists …,https://iopscience.iop.org/article/10.1088/1757-899X/982/1/012005/pdf
CNN explainer: learning convolutional neural networks with interactive visualization,"… CNN EXPLAINER, an interactive visualization tool designed for non-experts to learn and examine convolutional neural networks (… CNN EXPLAINER tightly integrates a model overview …",https://arxiv.org/pdf/2004.15004
Transfer learning with deep convolutional neural network (CNN) for pneumonia detection using chest X-ray,… highlighted a visualization technique in CNN to find the region of … convolutional network (FCN) model and pneumonia category classification using a deep convolutional neural network (…,https://www.mdpi.com/2076-3417/10/9/3233/pdf
Emotion recognition using convolutional neural network (CNN),"… CNN, this study proposed a mobile-based emotion recognition using Convolutional Neural Network (CNN… by the implementation of Convolutional Neural Network (CNN) for recognizing …",https://iopscience.iop.org/article/10.1088/1742-6596/1962/1/012040/pdf
Optimizing the topology of convolutional neural network (CNN) and artificial neural network (ANN) for brain tumor diagnosis (BTD) through MRIs,"… of a Convolutional Neural Network (CNN) for the segmentation of brain MRIs is introduced in this article. Ensuring optimal image segmentation quality, this CNN's adjustable hyper-…",https://www.cell.com/heliyon/pdf/S2405-8440(24)11114-0.pdf
XNet: a convolutional neural network (CNN) implementation for medical x-ray image segmentation suitable for small datasets,… This means institutions wishing to train such a network must provide and label their … of neural networks for X-Ray segmentation. We design a unique Convolutional Neural Network (CNN…,https://arxiv.org/pdf/1812.00548
Artificial intelligence (AI) diagnostic tools: Utilizing a convolutional neural network (CNN) to assess periodontal bone level radiographically—A retrospective study,… The purpose of this investigation was to develop a computer-assisted detection system based on a deep convolutional neural network (CNN) algorithm and to evaluate the accuracy …,https://link.springer.com/content/pdf/10.1186/s12903-022-02436-3.pdf
Review on Convolutional Neural Networks (CNN) in vegetation remote sensing,… This review introduces the principles of CNN and distils why they are particularly suitable for … well as CNN approaches and architectures. The literature review showed that CNN can be …,https://www.academia.edu/download/65705615/Kattenborn_et_al._2021_Review_on_Convolutional_Neural_Networks_CNN_in_vegetation_remote_sensing.pdf
"Review of deep learning: concepts, CNN architectures, challenges, applications, future directions","… The main advantage of CNN compared to its predecessors is that it … CNN by presenting the main components of it. Furthermore, we have elaborated in detail the most common CNN …",https://link.springer.com/content/pdf/10.1186/s40537-021-00444-8.pdf
"CNN variants for computer vision: History, architecture, application, challenges and future scope","… As a result, there are several variants of the basic CNN design. This manuscript covers an introduction to CNN, the evolution of CNN over time, various features of CNN design, and the …",https://www.mdpi.com/2079-9292/10/20/2470/pdf
Mesh r-cnn,"… Like Mask R-CNN, we maintain correspondence between the input image and features … [34] as the backbone CNN; the box and mask branches are identical to Mask R-CNN. The voxel …",https://openaccess.thecvf.com/content_ICCV_2019/papers/Gkioxari_Mesh_R-CNN_ICCV_2019_paper.pdf
CNN-generated images are surprisingly easy to spot... for now,… trained on CNN-generated images exhibit a surprising amount of generalization to other CNN synthesis methods; 2) we propose a new dataset and evaluation metric for detecting CNN-…,http://openaccess.thecvf.com/content_CVPR_2020/papers/Wang_CNN-Generated_Images_Are_Surprisingly_Easy_to_Spot..._for_Now_CVPR_2020_paper.pdf
Grid r-cnn,"This paper proposes a novel object detection framework named Grid R-CNN, which adopts a grid guided localization mechanism for accurate object detection. Different from the …",http://openaccess.thecvf.com/content_CVPR_2019/papers/Lu_Grid_R-CNN_CVPR_2019_paper.pdf
Fast point r-cnn,"We present a unified, efficient and effective framework for point-cloud based 3D object detection. Our two-stage approach utilizes both voxel representation and raw point cloud data to …",http://openaccess.thecvf.com/content_ICCV_2019/papers/Chen_Fast_Point_R-CNN_ICCV_2019_paper.pdf
Performance analysis of state-of-the-art cnn architectures for luna16,"The convolutional neural network (CNN) has become a … This study focuses on the intrinsic various CNN architectures: LeNet, … The performances of the three CNN architectures were …",https://www.mdpi.com/1424-8220/22/12/4426/pdf
Understanding of convolutional neural network (cnn): A review,"… CNN has become the most representative neural network in deep learning [12]. CNN has been … After knowing several layers in CNN, we will discuss some popular CNN architectures in …",https://pubs2.ascee.org/index.php/IJRCS/article/download/888/341
Oriented R-CNN for object detection,"… The second stage of oriented R-CNN is oriented R-CNN … Without bells and whistles, we evaluate our oriented RCNN on two … Thus, the oriented R-CNN is a practical object detection …",http://openaccess.thecvf.com/content/ICCV2021/papers/Xie_Oriented_R-CNN_for_Object_Detection_ICCV_2021_paper.pdf
Boundary-preserving mask r-cnn,"… [35], BMask R-CNN achieves considerably significant improvements compared with Mask R-CNN regardless of the backbones. Note that our BMask R-CNN provides larger gains if it …",https://arxiv.org/pdf/2007.08921
Mask scoring r-cnn,"… CNN results and our MS R-CNN results. As Table 1 shows, comparing with Mask R-CNN, our MS R-CNN … backbone networks: Our MS R-CNN can get a remarkable improvement (about …",http://openaccess.thecvf.com/content_CVPR_2019/papers/Huang_Mask_Scoring_R-CNN_CVPR_2019_paper.pdf
Speech emotion recognition using convolutional neural network (CNN),"The Automated Speech Emotion Recognition is a tough process because of the gap among acoustic characteristics and human emotions, which depends strongly on the discriminative …",https://www.researchgate.net/profile/Harini-Murugan-2/publication/342231090_Speech_Emotion_Recognition_Using_CNN/links/5eece25e92851ce9e7f10df8/Speech-Emotion-Recognition-Using-CNN.pdf
More on convolution neural network CNN,"Since the rise of social media and social media platforms, automatic age segregation has become increasingly significant in many programmes. Significant gains in performance may …",https://www.ijsdcs.com/index.php/ijsdcs/article/download/80/86
Crack detection and comparison study based on faster R-CNN and mask R-CNN,"… , and Faster R-CNN and Mask R-CNN are compared and … that both Faster R-CNN and Mask R-CNN complete the crack … effectiveness of the bounding box detected by Mask R-CNN. …",https://www.mdpi.com/1424-8220/22/3/1215/pdf
CNN-Based Chinese NER with Lexicon Rethinking.,"… The first issue is handled using a CNN to process the whole … : 1) We propose a novel CNN structure for incorporating lexicons … In this work, we propose a novel CNN architecture that can …",https://www.ijcai.org/Proceedings/2019/0692.pdf
Completely automated CNN architecture design based on blocks,… to design a CNN with … CNN architectures by using a genetic algorithm (GA) based on ResNet and DenseNet blocks. The proposed algorithm is completely automatic in designing CNN …,https://openaccess.wgtn.ac.nz/articles/journal_contribution/Completely_Automated_CNN_Architecture_Design_Based_on_Blocks/13158305/1/files/25303571.pdf
Fundamentals of recurrent neural network (RNN) and long short-term memory (LSTM) network,"… , the Recurrent Neural Network (RNN), which is the general class of a neural network that is the … We focus on the RNN first, because the LSTM network is a type of an RNN, and since the …",https://arxiv.org/pdf/1808.03314
Recurrent neural networks (rnns): A gentle introduction and overview,"… In theory, this unfolds the RNN to construct a traditional Feedfoward Neural Network where we can apply backpropagation. For that, we use the same notations for the RNN as proposed …",https://arxiv.org/pdf/1912.05911
Stock market prediction using LSTM recurrent neural network,… This article aims to build a model using Recurrent Neural Networks (RNN) and especially Long-Short Term Memory model (LSTM) to predict future stock market values. The main …,https://www.sciencedirect.com/science/article/pii/S1877050920304865/pdf?md5=f0f2446923ca23a6818f69ae22186b4c&pid=1-s2.0-S1877050920304865-main.pdf
Understanding LSTM--a tutorial into long short-term memory recurrent neural networks,"… A partial recurrent neural network with a fully connected recurrent hidden … recurrent neural networks are Backpropagation Through Time (BPTT) [62, 74, 75] and Real-Time Recurrent …",https://arxiv.org/pdf/1909.09586
Recurrent neural network wave functions,… Some of the most important algorithmic advances in NLP have been developed in the context of sequence learning using recurrent neural networks (RNNs) [20–24]. These have …,https://link.aps.org/pdf/10.1103/PhysRevResearch.2.023358
Recurrent neural networks: An embedded computing perspective,"… imposes some optimizations to RNN applications. Embedded … RNN applications efficiently on embedded platforms, RNN … article, we study RNN models and specifically focus on RNN …",https://ieeexplore.ieee.org/iel7/6287639/8948470/09044359.pdf
Evaluating recurrent neural network explanations,"… Along-the-way we purposely adapted a simple toy task, to serve as a testbed for recurrent neural networks explanations. Lastly, we explore how word relevances can be used to build …",https://arxiv.org/pdf/1904.11829
Wave physics as an analog recurrent neural network,"… the computation in recurrent neural networks. This mapping … , using standard training techniques for neural networks. As a … implementation of a recurrent neural network. These findings …",https://www.science.org/doi/pdf/10.1126/sciadv.aay6946
ChronoNet: A deep recurrent neural network for abnormal EEG identification,"… In this section, we will use the concepts of inception modules and densely connected networks to build novel recurrent neural networks architectures for time-series classification. …",https://arxiv.org/pdf/1802.00308
Sentiment analysis using recurrent neural network,… sentiment analysis classification model using deep learning and neural networks. This study used the algorithm Recurrent Neural Network (RNN) and Word2vec. No previous research …,https://iopscience.iop.org/article/10.1088/1742-6596/1471/1/012018/pdf
Using a long short-term memory recurrent neural network (LSTM-RNN) to classify network attacks,"… Commonly used deep learning-based approaches include the deep neural network (DNN) [12,13], the recurrent neural network (RNN) [14,15], the convolutional neural network (CNN) […",https://www.mdpi.com/2078-2489/11/5/243/pdf
Predrnn: A recurrent neural network for spatiotemporal predictive learning,"… In this paper, we train neural networks parametrized by u. Concretely, we use stochastic … the Predictive Recurrent Neural Network (PredRNN). For Challenge I, we present a new RNN …",https://arxiv.org/pdf/2103.09504
Fundamentals of recurrent neural network (RNN) and long short-term memory (LSTM) network,"… with training the standard RNN and address them by transforming the RNN into the “Vanilla … on the RNN first, because the LSTM network is a type of an RNN, and since the RNN is a …",https://arxiv.org/pdf/1808.03314
Do RNN and LSTM have long memory?,"… We incorporate this memory filter structure into RNN and LSTM and introduce Memoryaugmented RNN (… Thus, we compare our models with MIST RNN and RWA in the experiments. …",http://proceedings.mlr.press/v119/zhao20c/zhao20c.pdf
A comparative study on transformer vs rnn in speech applications,… (RNN) in natural language processing tasks. This paper provides intensive comparisons of its performance with that of RNN … ) than the conventional RNN based models. Our goal is to …,https://arxiv.org/pdf/1909.06317
Deep rnn framework for visual sequential applications,"… RNN framework with 15 layers, 7× than conventional RNN net… relative improvements over shallow RNN models on Kinetics, … replacing the shallow RNN part of Polygon-RNN with our 15-…",https://openaccess.thecvf.com/content_CVPR_2019/papers/Pang_Deep_RNN_Framework_for_Visual_Sequential_Applications_CVPR_2019_paper.pdf
A formal hierarchy of RNN architectures,"… the internal structure of the RNN can be described by WFAs. … On the other hand, we show that the saturated Elman RNN … power beyond any saturated RNN we consider—including the …",https://arxiv.org/pdf/2004.08500
Advancing RNN transducer technology for speech recognition,"… We investigate a set of techniques for RNN Transducers (RNN-Ts) that were instrumental in … Second, we discuss the applicability of i-vector speaker adaptation to RNNTs in conjunction …",https://arxiv.org/pdf/2103.09935
Design and development of RNN anomaly detection model for IoT networks,"… The primary aim of this paper is to develop an RNN based … layers to develop a novel RNN and CNNRNN based model for … Overfitting of the RNN model was assessed using drop layer, …",https://ieeexplore.ieee.org/iel7/6287639/6514899/09777970.pdf
A CNN-RNN framework for crop yield prediction,"… The proposed CNN-RNN model, along with other … CNN-RNN has three salient features that make it a potentially useful method for other crop yield prediction studies. (1) The CNN-RNN …",https://www.frontiersin.org/journals/plant-science/articles/10.3389/fpls.2019.01750/pdf
Accurate photovoltaic power forecasting models using deep LSTM-RNN,"… In this paper, we propose the use of long short-term memory recurrent neural network (LSTM-RNN) to accurately forecast the output power of PV systems. The LSTM networks can …",https://www.academia.edu/download/55351805/10.1007_s00521-017-3225-z.pdf
Improving RNN transducer modeling for end-to-end speech recognition,"… propose how to improve the RNN-T training by reducing the memory consumption which constrains the training minibatch size because of the large-size tensors in RNN-T. In Section 4, …",https://arxiv.org/pdf/1909.12415
Human activity recognition using LSTM-RNN deep neural network architecture,"… LSTM has been designed to overcome these issues that arise in RNN architectures. LSTM and … In other words, traditional RNN cells have a single internal layer that acts on the current …",https://arxiv.org/pdf/1905.00599
"Performance evaluation of deep neural networks applied to speech recognition: RNN, LSTM and GRU","… Recurrent Neural Network (RNN) is another class of network … Speech involves a dynamic process, and thus, RNN seems a … same as bidirectional RNN, however, instead of RNN we use …",https://sciendo.com/pdf/10.2478/jaiscr-2019-0006
Using a long short-term memory recurrent neural network (LSTM-RNN) to classify network attacks,"… ) with a recurrent neural network (RNN). We found that using LSTM-RNN classifiers with the … In this section, we will describe the architecture of RNN and long short-term memory (LSTM)…",https://www.mdpi.com/2078-2489/11/5/243/pdf
Fundamentals of recurrent neural network (RNN) and long short-term memory (LSTM) network,"… learn about the Long Short-Term Memory network (henceforth, “the LSTM network”) … RNN and LSTM network architectures. Naturally, some practitioners, even if new to the RNN/LSTM …",https://arxiv.org/pdf/1808.03314
Application of long short-term memory (LSTM) neural network for flood forecasting,"… This paper suggests a Long Short-Term Memory (LSTM) neural network model for flood forecasting, where the daily discharge and rainfall were used as input data. Moreover, …",https://www.mdpi.com/2073-4441/11/7/1387/pdf
Intrusion detection systems using long short-term memory (LSTM),"… In this paper, we implemented deep learning solutions for detecting attacks based on Long Short-Term Memory (LSTM). PCA (principal component analysis) and Mutual information (MI) …",https://link.springer.com/content/pdf/10.1186/s40537-021-00448-4.pdf
A review on the long short-term memory model,"… As for the search criteria on which this literature review is based, we evaluated 409 papers containing the terms “Long short-term memory” or “LSTM” in either the title, abstract or …",https://www.researchgate.net/profile/Gonzalo-Napoles/publication/340493274_A_Review_on_the_Long_Short-Term_Memory_Model/links/5ec26516458515626cb0bcff/A-Review-on-the-Long-Short-Term-Memory-Model.pdf?_sg%5B0%5D=started_experiment_milestone&_sg%5B1%5D=started_experiment_milestone&origin=journalDetail
Long short-term memory (LSTM) recurrent neural network for low-flow hydrological time series forecasting,… of a long short-term memory recurrent neural network (LSTM-RNN) and artificial intelligence (AI) method for low-flow time series forecasting. The long short-term memory works on the …,https://www.researchgate.net/profile/Bibhuti-Sahoo-4/publication/334595611_Long_short-term_memory_LSTM_recurrent_neural_network_for_low-flow_hydrological_time_series_forecasting/links/5f697a1ba6fdcc0086342ba9/Long-short-term-memory-LSTM-recurrent-neural-network-for-low-flow-hydrological-time-series-forecasting.pdf
Brain tumor detection: a long short-term memory (LSTM)-based learning model,"… , a novel approach is proposed based on long short-term memory (LSTM) model using magnetic … The presented deep LSTM model having four layers is utilized for classification. In each …",https://www.academia.edu/download/112816704/s00521-019-04650-720240328-1-r5fnxt.pdf
Hydrological concept formation inside long short-term memory (LSTM) networks,"… have demonstrated that the internal states of long short-term memory networks (LSTMs), a … the LSTM captures about the hydrological system. We assess the hypothesis that the LSTM …",https://hess.copernicus.org/articles/26/3079/2022/hess-26-3079-2022.pdf
Long short-term memory-Fully connected (LSTM-FC) neural network for PM2. 5 concentration prediction,… two components: (1) Using a long short-term memory (LSTM)-based temporal simulator to … long short-term memory (LSTM) models on the same dataset. The results show that our LSTM-…,https://pris.bit.edu.cn/docs/20200615072240489223.pdf
Sentiment analysis using Word2vec and long short-term memory (LSTM) for Indonesian hotel reviews,… of Long-Short Term Memory (LSTM) model as well as the Word2Vec model. The integration of Word2Vec and LSTM … Whereas the parameter combinations for LSTM are dropout value is …,https://www.sciencedirect.com/science/article/pii/S1877050921000752/pdf?md5=f306c4792b8603dacddc40b33cab1e8c&pid=1-s2.0-S1877050921000752-main.pdf
Reconstruction of missing groundwater level data by using Long Short-Term Memory (LSTM) deep neural network,"… This study evaluates Long Short-Term Memory (LSTM) neural network modeling to reconstruct GWLs, fill gaps and extend existing time-series. The approach is illustrated by using …",https://www.sciencedirect.com/science/article/am/pii/S0022169420312373
Using a long short-term memory recurrent neural network (LSTM-RNN) to classify network attacks,"… ) with a recurrent neural network (RNN). We found that using LSTM-RNN classifiers with the … In this section, we will describe the architecture of RNN and long short-term memory (LSTM)…",https://www.mdpi.com/2078-2489/11/5/243/pdf
Deep learning with long short-term memory for time series prediction,"… able computing cost of LSTM, we put forward a … , Long Short-Term Memory (LSTM) has been revolutionarily designed by changing the structure of the hidden neurons in traditional RNN […",https://arxiv.org/pdf/1810.10161
Mogrifier lstm,"… While the LSTM is typically presented as a solution to the … In this sense, the LSTM nudges Elman Networks towards … Here, instead, we take a more cautious step, and equip the LSTM …",https://arxiv.org/pdf/1909.01792
Fundamentals of recurrent neural network (RNN) and long short-term memory (LSTM) network,"… and the method for presenting the LSTM system emphasizes ease of … LSTM system and incorporate these extensions into the Vanilla LSTM network, producing the most general LSTM …",https://arxiv.org/pdf/1808.03314
Deep learning: RNNs and LSTM,… LSTM and GRUs give exponentially many paths between … We first remark that many different variants of LSTM and GRUs … The most common variant of LSTM is described by(21.37) f t = …,https://sci-hub.gg/downloads/2019-10-27/15/10.1016@B978-0-12-816176-0.00026-0.pdf
The performance of LSTM and BiLSTM in forecasting time series,"… layers of training data into the LSTM. To investigate whether incorporating additional layers … an LSTM improves its prediction, this paper explores the performance of Bidirectional LSTM (…",https://par.nsf.gov/servlets/purl/10186554
A survey on LSTM memristive neural network architectures and applications,… why LSTM neural network has been developed. We provide a tutorial survey on the existing LSTM methods and highlight the recent developments in memristive LSTM architectures. …,https://www.researchgate.net/profile/A-James-3/publication/333321491_A_survey_on_LSTM_memristive_neural_network_architectures_and_applications/links/5ce6d011a6fdccc9ddca5325/A-survey-on-LSTM-memristive-neural-network-architectures-and-applications.pdf
EA-LSTM: Evolutionary attention-based LSTM for time series prediction,"… on LSTM. Then, inspired by the input information of the human brain’s attention mechanism, we introduced a layer of attention in LSTM. … defects of the traditional LSTM. Furthermore, our …",https://arxiv.org/pdf/1811.03760
Working memory connections for LSTM,"… model (LSTM-WC) to a traditional LSTM and to an LSTM with peephole connections (LSTM-PH). … In both settings, our LSTM-WM outperforms traditional LSTM and LSTM-PH by a clear …",https://arxiv.org/pdf/2109.00020
At-lstm: An attention-based lstm model for financial time series prediction,"… LSTM model and AT-LSTM for financial time series prediction is shown in figure 1. Since the encoding of the attention model requires the LSTM units, we will introduce the LSTM neural …",https://iopscience.iop.org/article/10.1088/1757-899X/569/5/052037/pdf
Short-term load forecasts using LSTM networks,"… However, further data processing is not required for LSTM except the removal of yearly seasonality because we have only one years’ data to train which would lead the LSTM network …",https://www.sciencedirect.com/science/article/pii/S1876610219310008/pdf?md5=006969cac5857353de6c9e8f0311c273&pid=1-s2.0-S1876610219310008-main.pdf
Unsupervised anomaly detection with LSTM neural networks,… length data sequences through an LSTM-based structure to … train the parameters of the LSTM architecture and the OC-… the LSTM architecture and optimize the parameters of the LSTM …,https://arxiv.org/pdf/1710.09207
Large-batch training for LSTM and beyond,"… ) with LSTM, we are able to scale the batch size by a factor of 16 without losing accuracy and without tuning the hyper-parameters mentioned above. For the PTB dataset with LSTM, we …",https://arxiv.org/pdf/1901.08256
A CNN‐LSTM‐based model to forecast stock prices,"… adopt LSTM to predict the stock price with the extracted feature data. According to the experimental results, the CNN-LSTM … with LSTM, after CNN layer, MAE and RMSE of CNN-LSTM …",https://onlinelibrary.wiley.com/doi/pdf/10.1155/2020/6622927
Co-LSTM: Convolutional LSTM model for sentiment analysis in social big data,"… In this paper, normal LSTM model is adopted instead of bidirectional LSTM as bidirectional LSTM are found to be more complex and needs huge computational power. They also need …",https://www.researchgate.net/profile/Sanjay-Misra-6/publication/347379205_Co-LSTM_Convolutional_LSTM_model_for_sentiment_analysis_in_social_big_data/links/5fdde05945851553a0cefa15/Co-LSTM-Convolutional-LSTM-model-for-sentiment-analysis-in-social-big-data.pdf
Groundwater level prediction with meteorologically sensitive Gated Recurrent Unit (GRU) neural networks,"… of Gated Recurrent Unit (GRU) deep learning-based neural network models via the module of sequence-to-sequence regression are designed. In this sense, 180-time series datasets of …",https://openaccess.hku.edu.tr/xmlui/bitstream/handle/20.500.11782/3040/makale%20-%20yay%C4%B1nc%C4%B1%20s%C3%BCr%C3%BCm%C3%BC.pdf?sequence=1&isAllowed=y
Application of gated recurrent unit (GRU) neural network for smart batch production prediction,"… This study proposed a Gated Recurrent Unit (GRU) neural network-based model to achieve batch production forecasting in M conglomerate reservoir of China, which tackles the …",https://www.mdpi.com/1996-1073/13/22/6121/pdf
OGRU: An optimized gated recurrent unit neural network,"… deep GRU neural network model, this paper proposes an optimized Gated Recurrent Unit (… optimizes the learning mechanism of the standard GRU model gating unit. The output of the …",https://iopscience.iop.org/article/10.1088/1742-6596/1325/1/012089/pdf
Predicting machine failure using recurrent neural network-gated recurrent unit (RNN-GRU) through time series data,… recurrent neural network-gated recurrent unit (RNN-GRU) to forecast the state of machines producing the time series data in an oil and gas sector. RNN-GRU is an affiliation of recurrent …,https://beei.org/index.php/EEI/article/download/2036/2127
Data-gru: Dual-attention time-aware gated recurrent unit for irregular multivariate time series,"… Therefore, we propose a novel end-to-end Dual-Attention Time-Aware Gated Recurrent Unit (DATA-GRU) for IMTS to predict the mortality risk of patients. In particular, DATA-GRU is …",https://ojs.aaai.org/index.php/AAAI/article/view/5440/5296
ET-GRU: using multi-layer gated recurrent units to identify electron transport proteins,"… In this paper, we present a novel approach by using deep gated recurrent units (GRU) on full PSSMs to resolve this problem. Our approach can precisely predict the electron …",https://link.springer.com/content/pdf/10.1186/s12859-019-2972-5.pdf
Recurrent attention unit: A new gated recurrent unit for long-term memory of important parts in sequential data,"… Gated recurrent unit (GRU) is a variant of the recurrent neural network (RNN). It has been widely used in many applications, such as handwriting recognition and natural language …",https://researchportal.port.ac.uk/files/65336197/Recurrent_attention_unit_A_new_gated_recurrent_unit_pp.pdf
A gated recurrent unit approach to bitcoin price prediction,"… In particular, we developed a gated recurring unit (GRU) architecture that can learn the Bitcoin price fluctuations more efficiently than the traditional LSTM. We compare our model with a …",https://www.mdpi.com/1911-8074/13/2/23/pdf
DIDDOS: An approach for detection and identification of Distributed Denial of Service (DDoS) cyberattacks using Gated Recurrent Units (GRU),… attacks using Gated Recurrent Unit (GRU) a type of Recurrent Neural … Gated Recurrent Unit (GRU) aims to solve the vanishing gradient problem which comes with a standard recurrent …,https://e-space.mmu.ac.uk/627611/1/FGCS-%20DIDDOS-%20DeepDDosDetectionAnalysis.pdf
Forecasting of COVID-19 using deep layer recurrent neural networks (RNNs) with gated recurrent units (GRUs) and long short-term memory (LSTM) cells,"… of the forget gate, output gate, input gate and update … gate decides what to forget from the previous memory units, the input gate decides what to accept into the neuron, the update gate …",https://www.sciencedirect.com/science/article/am/pii/S0960077921002149
Water level prediction model applying a long short-term memory (lstm)–gated recurrent unit (gru) method for flood prediction,"… A key parameter of flooding is water level data, and this paper proposes a water level prediction model using long short-term memory (LSTM) and a gated recurrent unit (GRU). As …",https://www.mdpi.com/2073-4441/14/14/2221/pdf
SiTGRU: single-tunnelled gated recurrent unit for abnormality detection,"… Gated Recurrent Unit (GRU), called Single-Tunnelled GRU for abnormality detection. Particularly, the Single-Tunnelled GRU discards the heavy-weighted reset gate from GRU … -gated-…",https://arxiv.org/pdf/2003.13528
An autoencoder gated recurrent unit for remaining useful life prediction,"… Gated Recurrent Unit (AE-GRU), in which the Autoencoder (AE) extracts the important features from the raw data and the Gated Recurrent Unit (GRU… of the proposed AE-GRU model, an …",https://www.mdpi.com/2227-9717/8/9/1155/pdf
"Predicting energy consumption using LSTM, multi-layer GRU and drop-GRU neural networks","… (LSTM), the Gated Recurrent Unit (GRU) and the Drop-GRU. We are going to use the power … produces a better result than the GRU and the Drop-GRU forecasting methods. There are …",https://www.mdpi.com/1424-8220/22/11/4062/pdf
Comparing LSTM and GRU models to predict the condition of a pulp paper press,"… The GRU internal unit is similar to the LSTM internal unit [62], except that the GRU … In [63], a new system called the multi-GRU prediction system was developed based on GRU …",https://www.mdpi.com/1996-1073/14/21/6958/pdf
Network intrusion detection model based on CNN and GRU,"… single model of CNN and GRU, the CNN-GRU model can effectively extract … GRU structure can extract temporal features of the data better. The model in this paper fuses CNN and GRU …",https://www.mdpi.com/2076-3417/12/9/4184/pdf
Stock prediction based on optimized LSTM and GRU models,… the prediction accuracy of the two GRU models is higher than … Yahoo Finance mobile phone and GRU model to predict the … The LSTM and GRU models are then utilized in this paper to …,https://onlinelibrary.wiley.com/doi/pdf/10.1155/2021/4055281
"A comprehensive overview and comparative analysis on deep learning models: CNN, RNN, LSTM, GRU","Deep learning (DL) has emerged as a powerful subset of machine learning (ML) and artificial intelligence (AI), outperforming traditional ML methods, especially in handling unstructured …",https://arxiv.org/pdf/2305.17473
A comparison of LSTM and GRU networks for learning symbolic sequences,We explore the architecture of recurrent neural networks (RNNs) by studying the complexity of string sequences that it is able to memorize. Symbolic sequences of different complexity …,https://arxiv.org/pdf/2107.02248
Lstm and gru neural network performance comparison study: Taking yelp review dataset as an example,Long short-term memory networks(LSTM) and gate recurrent unit networks(GRU) are two popular variants of recurrent neural networks(RNN) with long-term memory. This study …,https://www.researchgate.net/profile/Shudong-Yang/publication/347267378_LSTM_and_GRU_Neural_Network_Performance_Comparison_Study_Taking_Yelp_Review_Dataset_as_an_Example/links/607ecd28907dcf667bafa669/LSTM-and-GRU-Neural-Network-Performance-Comparison-Study-Taking-Yelp-Review-Dataset-as-an-Example.pdf
GRU-INC: An inception-attention based approach using GRU for human activity recognition,"… Gated Recurrent Unit-Inception (GRU-INC) model has been proposed, which is an Inception-Attention based approach using Gated Recurrent Unit (GRU) that effectively makes use of …",https://www.researchgate.net/profile/Mohammad-Yousuf/publication/366180314_GRU-INC_An_inception-attention_based_approach_using_GRU_for_human_activity_recognition/links/6698aba24a172d2988aa31a6/GRU-INC-An-inception-attention-based-approach-using-GRU-for-human-activity-recognition.pdf
A GRU deep learning system against attacks in software defined networks,The management of modern network environments is becoming more and more complex due to new requirements of devices' heterogeneity regarding the popularization of the Internet …,https://riunet.upv.es/bitstream/handle/10251/189732/AssisCarvalhoLloret%20-%20A%20GRU%20deep%20learning%20system%20against%20attacks%20in%20software%20defined%20networks.pdf?sequence=3
Water level prediction model based on GRU and CNN,… (GRU) and convolutional neural network (CNN) are combined to build a CNN-GRU model in which the GRU … The CNN-GRU model that using data from multiple locations to predict the …,https://ieeexplore.ieee.org/iel7/6287639/8948470/09044367.pdf
Are GRU cells more specific and LSTM cells more sensitive in motive classification of text?,"… to use GRU and when to use LSTM cells. We think that because of the architecture, the GRU … So the aim of this study is to compare GRU and LSTM cells for automated motive coding, a …",https://www.frontiersin.org/articles/10.3389/frai.2020.00040/pdf
A deep bidirectional GRU network model for biometric electrocardiogram classification based on recurrent neural networks,"In this paper, we propose a deep Recurrent Neural Networks (RNNs) based on Gated Recurrent Unit (GRU) in a bidirectional manner (BGRU) for human identification from …",https://ieeexplore.ieee.org/iel7/6287639/8600701/08826253.pdf
Short-term runoff prediction with GRU and LSTM networks without requiring time step optimization during sample generation,"… and GRU models perform better than ANN models when the time step is optimized. GRU models … models, and our results show that GRU models perform equally well as LSTM models. …",https://drive.google.com/file/d/12IoMyP2TLyO_XeUHDF4pbiDyNers7yGc/view
Simple but effective GRU variants,"… In this study, we revise GRU networks and propose two simple but effective variants of GRU. We used an empirical approach and tried to clarify the effectiveness of the current units and …",https://www.researchgate.net/profile/Gulsum-Yigit/publication/354970612_Simple_But_Effective_GRU_Variants/links/652e8bcc6725c324010d6016/Simple-But-Effective-GRU-Variants.pdf
"Introduction to sequence learning models: RNN, LSTM, GRU",Sequences consist of data points that can be meaningfully ordered such that observations at one location in the sequence provide useful information about observations at other …,https://www.researchgate.net/profile/Sakib-Zargar-2/publication/350950396_Introduction_to_Sequence_Learning_Models_RNN_LSTM_GRU/links/607b41c0907dcf667ba83ade/Introduction-to-Sequence-Learning-Models-RNN-LSTM-GRU.pdf
A novel CNN-GRU-based hybrid approach for short-term residential load forecasting,"… Inspired by the results of CNN-GRU, we developed a hybrid model incorporating CNNs with multi-layered GRU model and achieved up-to-date results. The architecture of the proposed …",https://ieeexplore.ieee.org/iel7/6287639/8948470/09141253.pdf
Ae2-nets: Autoencoder in autoencoder networks,"… Autoencoder in Autoencoder Networks (AE^ 2-Nets), which integrates information from heterogeneous sources into an intact representation by the nested autoencoder … autoencoder …",http://openaccess.thecvf.com/content_CVPR_2019/papers/Zhang_AE2-Nets_Autoencoder_in_Autoencoder_Networks_CVPR_2019_paper.pdf
NVAE: A deep hierarchical variational autoencoder,"Normalizing flows, autoregressive models, variational autoencoders (VAEs), and deep energy-based models are among competing likelihood-based frameworks for deep generative …",https://proceedings.neurips.cc/paper/2020/file/e3b21256183cf7c2c7a66be163579d37-Paper.pdf
An introduction to autoencoders,"… autoencoders. This article covers the mathematics and the fundamental concepts of autoencoders. … We will start with a general introduction to autoencoders, and we will discuss the …",https://arxiv.org/pdf/2201.03898
Context autoencoder for self-supervised representation learning,"We present a novel masked image modeling (MIM) approach, context autoencoder (CAE), for self-supervised representation pretraining. We pretrain an encoder by making predictions …",https://arxiv.org/pdf/2202.03026
Controlvae: Controllable variational autoencoder,"… Variational Autoencoders (VAE) and their variants have been widely used in a variety of … To address these issues, we propose a novel controllable variational autoencoder framework, …",http://proceedings.mlr.press/v119/shao20b/shao20b.pdf
Dirichlet variational autoencoder,"This paper proposes Dirichlet Variational Autoencoder (DirVAE) using a Dirichlet prior. To infer the parameters of DirVAE, we utilize the stochastic gradient method by approximating the …",https://arxiv.org/pdf/1901.02739
DAEN: Deep autoencoder networks for hyperspectral unmixing,"… In this paper, we develop a new deep autoencoder network (… In the second step, we employ a variational autoencoder (VAE… learning and inherit autoencoder architecture which can be …",https://www2.umbc.edu/rssipl/people/aplaza/Papers/Journals/2019.TGRS.DAEN.pdf
ALIME: Autoencoder based approach for local interpretability,"… We use a variant of autoencoder called denoising autoencoder [14], … We train an autoencoder with the help of the training data to be … Then, the autoencoder is made to reconstruct the …",https://arxiv.org/pdf/1909.02437
In-context autoencoder for context compression in a large language model,"We propose the In-context Autoencoder (ICAE), leveraging the power of a large language model (LLM) to compress a long context into short compact memory slots that can be directly …",https://arxiv.org/pdf/2307.06945
Tutorial: Deriving the standard variational autoencoder (vae) loss function,… Variational Autoencoders (VAE) are one important example where variational inference is … lower bound loss function of the standard variational autoencoder. We do so in the instance of …,https://arxiv.org/pdf/1907.08956
Autoencoders,"… This chapter surveys the different types of autoencoders that are mainly used today. It also … of linear autoencoder where we also drop the nonlinear operations, the autoencoder would …",https://arxiv.org/pdf/2003.05991
Multi-level convolutional autoencoder networks for parametric prediction of spatio-temporal dynamics,… autoencoder is used as the top level to encode the high dimensional input data along spatial dimensions into a sequence of latent variables. A temporal convolutional autoencoder (…,https://www.sciencedirect.com/science/article/am/pii/S0045782520305648
DEVDAN: Deep evolving denoising autoencoder,"… Autoencoder (DAE) enhances the flexibility of data stream method in exploiting unlabeled … Deep evolving denoising autoencoder (DEVDAN), is proposed in this paper. It features an …",https://arxiv.org/pdf/1910.04062
Contrastive audio-visual masked autoencoder,"In this paper, we first extend the recent Masked Auto-Encoder (MAE) model from a single modality to audio-visual multi-modalities. Subsequently, we propose the Contrastive Audio-…",https://arxiv.org/pdf/2210.07839
Tutorial: Deriving the standard variational autoencoder (vae) loss function,"… ) are one important example where variational inference is utilized. In this tutorial, we derive the variational lower bound loss function of the standard variational autoencoder. We do so …",https://arxiv.org/pdf/1907.08956
The autoencoding variational autoencoder,"… In this section, we will justify the VAE from an alternative perspective of learning a variational approximation in an extended model, essentially first arriving at an identical algorithm to the …",https://proceedings.neurips.cc/paper/2020/file/ac10ff1941c540cd87c107330996f4f6-Paper.pdf
Dynamical variational autoencoders: A comprehensive review,"… variational autoencoders (DVAEs), … variational lower bound (VLB), over a training dataset.Hereinafter, we refer to this general variational inference and training methodology as the …",https://arxiv.org/pdf/2008.12595
D-vae: A variational autoencoder for directed acyclic graphs,"… Inspired by this work, we propose to also train a variational autoencoder for DAGs, and … In this section, we describe our proposed DAG variational autoencoder (D-VAE). D-VAE uses an …",https://proceedings.neurips.cc/paper_files/paper/2019/file/e205ee2a5de471a70c1fd1b46033a75f-Paper.pdf
Application of variational autoEncoder (VAE) model and image processing approaches in game design,"… combine with the Variational AutoEncoder (VAE) model to … effectiveness of the Variational AutoEncoder (VAE) model in … that consists of a variational autoencoder, which is equipped …",https://www.mdpi.com/1424-8220/23/7/3457/pdf
Recvae: A new variational autoencoder for top-n recommendations with implicit feedback,"… Mult-VAE model, which used the multinomial likelihood variational autoencoders, has shown … In this work, we propose the Recommender VAE (RecVAE) model that originates from our …",https://arxiv.org/pdf/1912.11160
Guided variational autoencoder for disentanglement learning,"… We propose an algorithm, guided variational autoencoder (Guided-VAE), that is able to learn a controllable generative model by performing latent representation disentanglement …",https://openaccess.thecvf.com/content_CVPR_2020/papers/Ding_Guided_Variational_Autoencoder_for_Disentanglement_Learning_CVPR_2020_paper.pdf
GF-VAE: a flow-based variational autoencoder for molecule generation,… -VAE which is short for Graph Flow - Variational AutoEncoder to generate molecular graphs. The key idea behind it is to attach a VAE-… This is a perfect marriage between VAE model and …,https://dl.acm.org/doi/pdf/10.1145/3459637.3482260
VAE-Sim: a novel molecular similarity measure based on a variational autoencoder,"… , in the form of a variational autoencoder (VAE). This learns the … (C) The variational autoencoder (VAE) architecture used in … (C) The variational autoencoder (VAE) architecture used in …",https://www.mdpi.com/1420-3049/25/15/3446/pdf
"Factor analysis, probabilistic principal component analysis, variational inference, and variational autoencoder: Tutorial and survey","… Using the EM introduced in variational inference, the ELBO is maximized and the … details of factor analysis, PPCA, variational inference, and VAE. The remainder of this paper …",https://arxiv.org/pdf/2101.00734
A stable variational autoencoder for text modelling,… HR-VAE model with three strong baselines using VAE for text modelling: VAE-LSTM-base3: A variational autoencoder … 2016); VAE-CNN4: A variational autoencoder model with a LSTM …,https://arxiv.org/pdf/1911.05343
VAE-Stega: linguistic steganography based on variational auto-encoder,"… Variational Auto-Encoder (VAE), which can be called VAE-Stega. We use the encoder in VAE… texts, and then use the decoder in VAE-Stega to generate steganographic sentences which …",https://www.researchgate.net/profile/Zhongliang-Yang-2/publication/343840385_VAE-Stega_Linguistic_Steganography_Based_on_Variational_Auto-Encoder/links/5f44616e299bf13404efa79b/VAE-Stega-Linguistic-Steganography-Based-on-Variational-Auto-Encoder.pdf
A robust variational autoencoder using beta divergence,… Here we focus on variational autoencoders (VAEs). While the VAE is a popular framework for … We propose a variational lower bound that leads to a robust VAE model that has the same …,https://www.sciencedirect.com/science/article/am/pii/S0950705121010534
Diagnosing and enhancing VAE models,"… we rigorously analyze the VAE objective, … VAE, which is merely a VAE model with explicit Gaussian assumptions and parameterizations: Definition 1 A κ-simple VAE is defined as a VAE …",https://arxiv.org/pdf/1903.05789
Tutorial: Deriving the standard variational autoencoder (vae) loss function,"… VAE yields a likelihood distribution p(x|z), … VAE as pφ(x|z). The output of the encoder are parameters of the latent distribution, which is sampled to yield the input into the decoder. A VAE …",https://arxiv.org/pdf/1907.08956
Simple and effective VAE training with calibrated decoders,"… sian variance the σ-VAE. In our experiments, the σ-VAE outperforms the alternative of learning … We validate our results on several VAE and sequence VAE models and a range of image …",http://proceedings.mlr.press/v139/rybkin21a/rybkin21a.pdf
Generating diverse high-fidelity images with vq-vae-2,"We explore the use of Vector Quantized Variational AutoEncoder (VQ-VAE) models for large scale image generation. To this end, we scale and enhance the autoregressive priors used …",https://proceedings.neurips.cc/paper/2019/file/5f8e2fa1718d1bbcadf1cd9c7a54fb8c-Paper.pdf
Anomaly detection for time series using vae-lstm hybrid model,"… VAE-LSTM hybrid model as an unsupervised approach for anomaly detection in time series. Our model utilizes both a VAE … top of the features inferred from the VAE module. As a result, …",https://www.oxford-man.ox.ac.uk/wp-content/uploads/2020/06/ANOMALY-DETECTION-FOR-TIME-SERIES-USING-VAE-LSTM-HYBRID-MODEL.pdf
Gp-vae: Deep probabilistic time series imputation,… We propose a VAE architecture for multivariate time series imputation with a GP prior in the latent space to capture temporal dynamics. We propose a Cauchy kernel to allow the time …,http://proceedings.mlr.press/v108/fortuin20a/fortuin20a.pdf
Vv-net: Voxel vae net with group convolutions for point cloud segmentation,"We present a novel algorithm for point cloud segmentation. Our approach transforms unstructured point clouds into regular voxel grids, and further uses a kernel-based interpolated …",https://openaccess.thecvf.com/content_ICCV_2019/papers/Meng_VV-Net_Voxel_VAE_Net_With_Group_Convolutions_for_Point_Cloud_ICCV_2019_paper.pdf
Don't blame the elbo! a linear vae perspective on posterior collapse,… objective for the linear VAE does not introduce additional spurious local maxima relative to log marginal likelihood. We show further that training a linear VAE with exact variational …,https://proceedings.neurips.cc/paper_files/paper/2019/file/7e3315fe390974fcf25e44a9445bd821-Paper.pdf
Muse-vae: Multi-scale vae for environment-aware long term trajectory prediction,"… , we propose MUSE-VAE, a new … VAE backbones across the two stages make it possible to naturally account for the joint uncertainty at both levels of granularity. As a result, MUSE-VAE …",http://openaccess.thecvf.com/content/CVPR2022/papers/Lee_MUSE-VAE_Multi-Scale_VAE_for_Environment-Aware_Long_Term_Trajectory_Prediction_CVPR_2022_paper.pdf
LSTM-based VAE-GAN for time-series anomaly detection,"… To make the VAE-GAN learn the temporal dependence of time series, we combine the VAE-GAN with LSTM by using LSTM as the encoder, the generator and the discriminator of VAE-…",https://www.mdpi.com/1424-8220/20/13/3738/pdf
Nerf-vae: A geometry aware 3d scene generative model,"… NeRF-VAE, a … -VAE’s explicit 3D rendering process further contrasts previous generative models with convolution-based rendering which lacks geometric structure. Our model is a VAE …",http://proceedings.mlr.press/v139/kosiorek21a/kosiorek21a.pdf
Dr. VAE: improving drug response prediction via modeling of drug perturbation effects,… VAE is a deep generative model based on variational autoencoders. Our experimental results showed Dr.VAE to … VAE can be credited to the incorporation of drug-induced perturbation …,https://academic.oup.com/bioinformatics/article-pdf/35/19/3743/48975711/btz158.pdf
Multi-VAE: Learning disentangled view-common and view-peculiar visual representations for multi-view clustering,"… issue, we present a novel VAE-based multi-view clustering framework (Multi-VAE) by learning … Experimental results demonstrate that Multi-VAE enjoys the disentangled and explainable …",http://openaccess.thecvf.com/content/ICCV2021/papers/Xu_Multi-VAE_Learning_Disentangled_View-Common_and_View-Peculiar_Visual_Representations_for_Multi-View_ICCV_2021_paper.pdf
Videogpt: Video generation using vq-vae and transformers,"… We compare VQ-VAE with and without axial attention blocks as shown in Table 3. Empirically, incorporating axial attention into the VQ-VAE architecture improves reconstruction (NMSE) …",https://arxiv.org/pdf/2104.10157
Generating diverse structure for image inpainting with hierarchical VQ-VAE,"… VAE (VQ-VAE) [20] is suitable for our study1. First, there is a vector quantization step in VQ-VAE … Based on the hierarchical VQ-VAE, we propose a twostage model for multiple-solution …",https://openaccess.thecvf.com/content/CVPR2021/papers/Peng_Generating_Diverse_Structure_for_Image_Inpainting_With_Hierarchical_VQ-VAE_CVPR_2021_paper.pdf
Application of generative adversarial networks (GAN) for ophthalmology image domains: a survey,"… generative adversarial network (GAN), which consists of two competing types of deep neural networks, … The adoption of GAN for medical imaging is increasing for image generation and …",https://link.springer.com/content/pdf/10.1186/s40662-022-00277-3.pdf
Generative adversarial networks,… GAN-like models called domain-adversarial networks can be used for domain adaptation.GANs can be used for a variety of interactive digital media effects where the end goal is to …,https://dl.acm.org/doi/pdf/10.1145/3422622
Study of prevention of mode collapse in generative adversarial network (GAN),"… Abstract—With the advancement of Deep Neural Network and its increased applications, … requirement Deep generative models specifically Generative Adversarial Networks (GANs) …",https://www.researchgate.net/profile/Vandana-Kushwaha/publication/348366663_Study_of_Prevention_of_Mode_Collapse_in_Generative_Adversarial_Network_GAN/links/630307b3ceb9764f7214b539/Study-of-Prevention-of-Mode-Collapse-in-Generative-Adversarial-Network-GAN.pdf
Generating realistic building electrical load profiles through the Generative Adversarial Network (GAN),"… buildings through the Generative Adversarial Network (GAN), … , and (3) using GAN to generate daily load profiles for each … the load profiles generated by GAN can capture not only the …",https://www.sciencedirect.com/science/article/am/pii/S0378778820307234
Applications of generative adversarial networks (gans): An updated review,… VAE and a generative adversarial network (GAN) [34]. It can be used the GAN discriminator to measure sample similarity. They achieved this by combining a VAE with a GAN as shown …,https://kc.kku.edu.sa/research_library/GANs_Applications_Review.pdf
"A survey on generative adversarial networks: Variants, applications, and training",… The Generative Models have gained considerable attention in unsupervised … Generative Adversarial Networks (GAN) due to their outstanding data generation capability. Many GAN …,https://arxiv.org/pdf/2006.05132
Generative adversarial networks (GAN) based efficient sampling of chemical composition space for inverse design of inorganic materials,"… , we propose the first generative adversarial network model for … Project 16 , and ICSD, our GAN models are able to learn the … The analysis shows that our generative GAN can achieve …",https://www.nature.com/articles/s41524-020-00352-0.pdf
"A review on generative adversarial networks: Algorithms, theory, and applications","… Abstract—Generative adversarial networks (GANs) have … to provide a review of the various GAN methods from the … , and structures of most GAN algorithms are introduced in detail, and …",https://arxiv.org/pdf/2001.06937
Training generative adversarial networks with limited data,"… Training generative adversarial networks (GAN) using too little data typically leads to discriminator overfitting, causing training to diverge. We propose an adaptive discriminator …",https://proceedings.neurips.cc/paper/2020/file/8d30aa96e72440759f74bd2306c1fa3d-Paper.pdf
A generative adversarial network (gan) technique for internet of medical things data,"… In this work, we apply the concept of generative adversarial networks (GANs) to perform a data … datasets created through a well-structured GAN are comparable with a real dataset, as …",https://www.mdpi.com/1424-8220/21/11/3726/pdf
Building footprint extraction from high resolution aerial images using generative adversarial network (GAN) architecture,"… Thus, we introduce an end-to-end convolutional neural network called Generative Adversarial Network (GAN) in this study to tackle these issues. In the generative model, we utilized …",https://ieeexplore.ieee.org/iel7/6287639/8948470/09260150.pdf
Evolutionary generative adversarial networks,"… In this paper, we build an evolutionary GAN (E-GAN), which treats the adversarial training procedure as an evolutionary problem. Specifically, a discriminator acts as the environment (ie…",https://arxiv.org/pdf/1803.00657
MAD-GAN: Multivariate anomaly detection for time series data with generative adversarial networks,"… on Generative Adversarial Networks (GANs), using the Long-Short-Term-Memory Recurrent Neural Networks … generator and discriminator) in the GAN framework to capture the temporal …",https://arxiv.org/pdf/1901.04997
Generative adversarial networks and its applications in biomedical informatics,"… The basic Generative Adversarial Networks (GAN) model is composed of the input vector, generator, and discriminator. Among them, the generator and discriminator are implicit …",https://www.frontiersin.org/articles/10.3389/fpubh.2020.00164/pdf
Storygan: A sequential conditional gan for story visualization,"In this work, we propose a new task called Story Visualization. Given a multi-sentence paragraph, the story is visualized by generating a sequence of images, one for each sentence. In …",http://openaccess.thecvf.com/content_CVPR_2019/papers/Li_StoryGAN_A_Sequential_Conditional_GAN_for_Story_Visualization_CVPR_2019_paper.pdf
Pros and cons of GAN evaluation measures: New developments,"… relatively more popular, GAN evaluation is not a … GAN evaluation and deepfakes. These are important areas of concern in the machine learning community today and progress in GAN …",https://arxiv.org/pdf/2103.09396
Gan inversion: A survey,"… latent spaces of GAN models, representative GAN inversion methods, and their properties. As the StyleGAN models achieve state-of-the-art image synthesis, numerous GAN inversion …",https://arxiv.org/pdf/2101.05278
Pros and cons of GAN evaluation measures,"… to understand GAN … GAN measures and help the researchers objectively assess them. At the end, I will offer some suggestions for designing more efficient measures for fair GAN …",https://arxiv.org/pdf/1802.03446
Seeing what a gan cannot generate,"… Network (GAN) to synthesize realistic images leads us to ask: How can we know what a GAN is unable to generate? Modedropping or mode collapse, where a GAN omits portions of the …",http://openaccess.thecvf.com/content_ICCV_2019/papers/Bau_Seeing_What_a_GAN_Cannot_Generate_ICCV_2019_paper.pdf
Building layout generation using site-embedded GAN model,"… domains enabled by GAN including floorplan generation, street-… to apply deep generative methods including GAN and VAE (… For example, Fedorova [34] used a GAN-based approach to …",https://drive.google.com/file/d/12PNXSspXZKV2K-ZlGMo8MfGy5t4DgQox/view
From gan to wgan,… This paper explains the math behind a generative adversarial network (GAN) [1] model and why it is hard to be trained. Wasserstein GAN is intended to improve GANs’ training by …,https://arxiv.org/pdf/1904.08994
Data-efficient gan training beyond (just) augmentations: A lottery ticket perspective,"… data-efficient GAN training: by first identifying the lottery ticket from the original GAN using the … of our proposed framework, across various GAN architectures (SNGAN, BigGAN, and …",https://proceedings.neurips.cc/paper/2021/file/af4f00ca48321fb026865c5a1772dafd-Paper.pdf
"GaN-based power devices: Physics, reliability, and perspectives","… GaN-based power devices: in the first part of the article, starting from a discussion of the main properties of the material, the characteristics of lateral and vertical GaN … of traps in GaN and …",https://iris.unimore.it/bitstream/11380/1255364/1/JAP21-TU-WBGM2022-03402.pdf
Image augmentations for gan training,"… real images and samples generated during GAN training. Through extensive experiments… GAN training, whereas augmenting both real and generated images consistently improve GAN …",https://arxiv.org/pdf/2006.02595
GaN transistors for efficient power conversion,"… learning curve in GaN technology advancements. Acknowledging that GaN transistors are not … a practical guide for understanding basic GaN transistor construction, characteristics, and …",https://epc-co.com/epc/Portals/0/epc/documents/presentations/IIC-2012.pdf
Actformer: A gan-based transformer towards general action-conditioned 3d human motion generation,"We present a GAN-based Transformer for general action-conditioned 3D human motion generation, including not only single-person actions but also multi-person interactive actions. …",http://openaccess.thecvf.com/content/ICCV2023/papers/Xu_ActFormer_A_GAN-based_Transformer_towards_General_Action-Conditioned_3D_Human_Motion_ICCV_2023_paper.pdf
Image processing using multi-code gan prior,"… ) in image synthesis, applying trained GAN models to real image … reconstruction enables the trained GAN models as prior to … -wise representation learned by GAN models and shed light …",https://openaccess.thecvf.com/content_CVPR_2020/papers/Gu_Image_Processing_Using_Multi-Code_GAN_Prior_CVPR_2020_paper.pdf
HiGAN+: handwriting imitation GAN with disentangled representations,"… To address the above challenges, in our previous conference work [Gan and Wang 2021], we have proposed a novel handwriting imitation GAN (HiGAN) for HI, which can generate …",https://dl.acm.org/doi/pdf/10.1145/3550070
On data augmentation for GAN training,"… using our proposed DAG aligns with the original GAN in minimizing the Jensen–Shannon (… DAG to different GAN models: unconditional GAN, conditional GAN, self-supervised GAN and …",https://arxiv.org/pdf/2006.05338
An accurate datasheet-based full-characteristics analytical model of GaN HEMTs for deadtime optimization,"… of GaN HEMTs, including circuit's parasitic inductances, the nonlinear capacitances, the unique reverse characteristics, etc. Taking a GaN… the high-frequency application of GaN HEMTs. …",https://www.researchgate.net/profile/Zhiyuan-Qi/publication/347610052_An_Accurate_Datasheet-Based_Full-Characteristics_Analytical_Model_of_GaN_HEMTs_for_Deadtime_Optimization/links/60442fe5a6fdcc9c781ad7c6/An-Accurate-Datasheet-Based-Full-Characteristics-Analytical-Model-of-GaN-HEMTs-for-Deadtime-Optimization.pdf
Deep reinforcement learning,"… This kind of task requires the so-called deep reinforcement learning (DRL), which is an indepth combination of artificial neural network (ANN) and reinforcement learning (RL). The “deep…",https://arxiv.org/pdf/1810.06339
Exploration in deep reinforcement learning: A survey,"… deep reinforcement learning. Note that this review is intended for beginners in exploration for deep reinforcement learning; … the paper, we will use ’reinforcement learning’ as it is a more …",https://arxiv.org/pdf/2205.00824
Deep reinforcement learning,"… Deep Reinforcement Learning. By combining the concepts from deep learning and Reinforcement Learning, … research in the field of Deep Reinforcement Learning, this book also covers …",https://www.researchgate.net/profile/Mohit-Sewak/publication/334079091_Deep_Reinforcement_Learning_Frontiers_of_Artificial_Intelligence/links/5ebd05c5299bf1c09abbdd5b/Deep-Reinforcement-Learning-Frontiers-of-Artificial-Intelligence.pdf
Deep reinforcement learning: a survey,… Road tracking using deep reinforcement learning for self-driving car applications. Int Conf … Deep reinforcement learning in a handful of trials using probabilistic dynamics models. Proc …,https://www.fitee.zjujournals.com/rc-pub/front/front-article/download/24331220/lowqualitypdf/%C3%A6%C2%B7%C2%B1%C3%A5%C2%BA%C2%A6%C3%A5%C2%BC%C2%BA%C3%A5%C5%92%E2%80%93%C3%A5%C2%AD%C2%A6%C3%A4%C2%B9%C2%A0%C3%A7%C2%BB%C2%BC%C3%A8%C2%BF%C2%B0.pdf
Deep reinforcement learning and its neuroscientific implications,"… computers, allowing scaling of supervised deep learning systems to much more interesting … , deep reinforcement learning (RL). As we will detail, deep RL brings deep learning together …",https://www.cell.com/neuron/pdf/S0896-6273(20)30468-2.pdf
Explainability in deep reinforcement learning,"… of Deep Reinforcement Learning … reinforcement learning (RL), has not been extensively studied. We review recent works in the direction to attain Explainable Reinforcement Learning (…",https://www.sciencedirect.com/science/article/am/pii/S0950705120308145
Applications of deep reinforcement learning in communications and networking: A survey,"… It can overcome the limitations of reinforcement learning, and thus open a new era for the development of reinforcement learning, namely Deep Reinforcement Learning (DRL). DRL …",https://arxiv.org/pdf/1810.07862
Multi-agent deep reinforcement learning: a survey,"… , multi-agent reinforcement learning gains rapid traction, and … deep reinforcement learning. We focus primarily on literature from recent years that combines deep reinforcement learning …",https://link.springer.com/content/pdf/10.1007/s10462-021-09996-w.pdf
Chainerrl: A deep reinforcement learning library,"… deep reinforcement learning (DRL) library built using Python and the Chainer deep learning … Keywords: reinforcement learning, deep reinforcement learning, reproducibility, open …",https://www.jmlr.org/papers/volume22/20-376/20-376.pdf
Deep reinforcement learning for autonomous driving: A survey,"… a powerful learning framework now capable of learning com… This review summarises deep reinforcement learning (DRL) … , imitation learning, inverse reinforcement learning that are …",https://arxiv.org/pdf/2002.00444
Deep reinforcement learning for power system applications: An overview,"… and response, is a machine learning method. It has become in… tion with deep learning, called deep reinforcement learning, … the application of deep reinforcement learning in power sys…",https://ieeexplore.ieee.org/iel7/7054730/9020217/08859593.pdf
Deep reinforcement learning in computer vision: a comprehensive survey,"… reinforcement learning. We then propose a categorization of deep reinforcement learning … In particular, we divide deep reinforcement learning into seven main categories according to …",https://arxiv.org/pdf/2108.11510
Suphx: Mastering mahjong with deep reinforcement learning,"… We design an AI for Mahjong, named Suphx, based on deep reinforcement learning with some newly introduced techniques including global reward prediction, oracle guiding, and run-…",https://arxiv.org/pdf/2003.13590
Drone deep reinforcement learning: A review,"… In this paper, we described the state of the art of one subset of these algorithms: the deep reinforcement learning (DRL) techniques. We made a detailed description of them, and we …",https://www.mdpi.com/2079-9292/10/9/999/pdf
Optimization of molecules via deep reinforcement learning,"… and reinforcement learning, which we call Molecule Deep Q-… employ the deep reinforcement learning technique of Deep Q-… of multi-objective deep reinforcement learning, our model is …",https://www.nature.com/articles/s41598-019-47148-x.pdf
Deep reinforcement learning for trading,… We adopt Deep Reinforcement Learning algorithms to design trading strategies for continuous futures contracts. Both discrete and continuous action spaces are considered and …,https://arxiv.org/pdf/1911.10107
Deep learning in image classification using residual network (ResNet) variants for detection of colorectal cancer,"… Based on the results of the implementation of the Deep Residual Network (ResNet) method … There are two ResNet architectural models, particularly ResNet-18 and ResNet-50, with …",https://www.sciencedirect.com/science/article/pii/S1877050921000284/pdf?md5=5486e43b489047004e08921def981006&pid=1-s2.0-S1877050921000284-main.pdf
Spiking deep residual networks,… residual network (ResNet) [24] to its spiking equivalent. ResNet is a cutting-edge convolutional neural network (CNN) architecture that allows a network to go extremely deep and has …,https://arxiv.org/pdf/1805.01352
Improved residual networks for image and video recognition,… Improved information flow through the network A residual network (ResNet) [5] is constructed by stacking together many residual building blocks (ResBlocks). An example of a residual …,https://arxiv.org/pdf/2004.04989
Dn-resnet: Efficient deep residual network for image denoising,… Residual Network (DN-ResNet) which is more efficient and accurate than prior art. DN-ResNet consists of residual blocks (ResBlock) which are gradually inserted into the network stage …,https://arxiv.org/pdf/1810.06766
Study of residual networks for image recognition,"… In this project, we designed ResNet models that can perform a simple image … of these ResNet models with their equivalent Convolutional Network (ConvNet) by removing the residual …",https://arxiv.org/pdf/1805.00325
Why resnet works? residuals generalize,"… article, we consider a neural network constructed by adding multiple residual connections to … neural networks with residual connections and provide a generalization bound for ResNet …",https://arxiv.org/pdf/1904.01367
Invertible residual networks,"… We show that standard ResNet architectures can be made invertible, allowing the same … to the Jacobian log-determinant of a residual block. Our empirical evaluation shows that …",http://proceedings.mlr.press/v97/behrmann19a/behrmann19a.pdf
Feature reuse residual networks for insect pest recognition,"… network (FR-ResNet) and evaluated the performance on IP102 benchmark dataset. The experimental results showed that FR-ResNet … residual networks, including ResNet, Pre-ResNet, …",https://ieeexplore.ieee.org/iel7/6287639/8600701/08819933.pdf
Norm-preservation: Why residual networks can become extremely deep?,"… Section 2, and to empirically demonstrate the behavior and effectiveness of the proposed modifications, we experimented with Residual Network (ResNet) and the proposed Procrustes …",https://arxiv.org/pdf/1805.07477
Deep residual learning for image recognition: A survey,"… In this survey, we will try to explain what Deep Residual Networks are, how they achieve their … In 2015, a new deep learning model known as a deep residual network (ResNet) was …",https://www.mdpi.com/2076-3417/12/18/8972/pdf
Residual networks as flows of diffeomorphisms,"… understanding and characterization of residual networks (ResNet), which … ResNet implementation. We further discuss the resulting theoretical and computational insights into ResNet …",https://hal.science/hal-01796729/document
Wider or deeper: Revisiting the resnet model for visual recognition,"… residual network into an exponentially wider one, and assorted the success of residual networks … on this topic, ie, the unravelled view of residual networks. Based on that, we try to find a …",https://www.researchgate.net/profile/Zifeng-Wu-2/publication/311222763_Wider_or_Deeper_Revisiting_the_ResNet_Model_for_Visual_Recognition/links/584127b108ae2d217560f418/Wider-or-Deeper-Revisiting-the-ResNet-Model-for-Visual-Recognition.pdf
Towards understanding the importance of shortcut connections in residual networks,"… Residual Network (ResNet) is undoubtedly a milestone in deep learning. ResNet is equipped … In this paper, we study a two-layer non-overlapping convolutional ResNet. Training such a …",https://proceedings.neurips.cc/paper_files/paper/2019/file/7716d0fc31636914783865d34f6cdfd5-Paper.pdf
Resnet-se: Channel attention-based deep residual network for complex activity recognition using wrist-worn wearable sensors,"… This study represents the first attempt at establishing a ResNet-based structure as a generic framework for complex action recognition. • A deep residual network, known as ResNet-SE, …",https://ieeexplore.ieee.org/iel7/6287639/6514899/09771436.pdf
Deep residual learning in spiking neural networks,"… can hardly implement residual learning. In this paper, we propose the spikeelement-wise (SEW) ResNet to realize residual learning in deep SNNs. We prove that the SEW ResNet can …",https://proceedings.neurips.cc/paper/2021/file/afe434653a898da20044041262b3ac74-Paper.pdf
Soft error resilience of deep residual networks for object recognition,"… Residual Networks (ResNet) are known with their depth (ie able to accept more … As ResNet is believed to be one of the best CNN models used in classification tasks. Moreover, ResNet …",https://ieeexplore.ieee.org/iel7/6287639/8948470/08963961.pdf
Why resnet works? residuals generalize,"… margin-based multiclass generalization bound is obtained for ResNet, as an exemplary … ResNet (see Lemma 4). Eventually, we provide a proof of the generalization bound for ResNet …",https://arxiv.org/pdf/1904.01367
Resnet strikes back: An improved training procedure in timm,"… paper, we focus on the vanilla ResNet-50 architecture2 as … of the ResNet-50 such as SE-ResNet-50 [20] or ResNet-50-… to be strong baselines for a vanilla ResNet-50 used at inference …",https://arxiv.org/pdf/2110.00476
"What can resnet learn efficiently, going beyond kernels?","… How can neural networks such as ResNet efficiently learn CIFAR-10 with test accuracy more … In the end, we also prove a computation complexity advantage of ResNet with respect to …",https://proceedings.neurips.cc/paper_files/paper/2019/file/5857d68cd9280bc98d079fa912fd6740-Paper.pdf
Inception and ResNet features are (almost) equivalent,"… ResNet, in terms of the properties they extract from images. We find that the properties extracted by Inception are very similar to the properties extracted by ResNet, … images by ResNet is …",https://www.sciencedirect.com/science/article/am/pii/S1389041719305066
Resnet or densenet? introducing dense shortcuts to resnet,"… For ResNet, the identity shortcut that stabilizes training might … Partially due to this, it is not a trivial choice between ResNet … philosophy of simple design in ResNet and DenseNet. On …",http://openaccess.thecvf.com/content/WACV2021/papers/Zhang_ResNet_or_DenseNet_Introducing_Dense_Shortcuts_to_ResNet_WACV_2021_paper.pdf
CO-ResNet: Optimized ResNet model for COVID-19 diagnosis from X-ray images,"… CO-ResNet is applied to a novel dataset of 5,935 X-ray … testing different epochs our CO-ResNet was optimized for detecting COVID-… Our proposed CO-ResNet obtains consistently best …",https://journals.sagepub.com/doi/pdf/10.3233/HIS-210008
Image classification based on RESNET,"… RESNET in an acceptable time, and compared several deep learning models, which proved that RESNET … show the inception RESNET modules used in inception RESNET V1 and the …",https://iopscience.iop.org/article/10.1088/1742-6596/1634/1/012110/pdf
Object detection based on VGG with ResNet network,… We implement ResNet network in VGG that minimize VGG networks training error and able … The output of conv6 passes through to improved ResNet network. The modified ResNet …,https://www.researchgate.net/profile/Foysal-Haque/publication/333232428_Object_Detection_Based_on_VGG_with_ResNet_Network/links/6077fea12fb9097c0ce570e9/Object-Detection-Based-on-VGG-with-ResNet-Network.pdf
Deep learning in image classification using residual network (ResNet) variants for detection of colorectal cancer,… seen that ResNet-50 has a higher level of accuracy than ResNet-18. The sensitivity value on the same data sets shows ResNet-18 has a minimum sensitivity value of 64% and Resnet-…,https://www.sciencedirect.com/science/article/pii/S1877050921000284/pdf?md5=5486e43b489047004e08921def981006&pid=1-s2.0-S1877050921000284-main.pdf
Covid-resnet: A deep learning framework for screening of covid19 from radiographs,… This work presents a 3-step technique to fine-tune a pre-trained ResNet-50 architecture to improve model performance and reduce training time – we call it COVID-ResNet. This is …,https://arxiv.org/pdf/2003.14395
Masked face recognition using resnet-50,"… In this paper, the authors train a ResNet-50 based architecture that performs well at recognizing masked faces. The outcome of this study could be seamlessly integrated into existing …",https://arxiv.org/pdf/2104.08997
Rrl: Resnet as representation for reinforcement learning,"… Is Resnet lucky? To investigate if architectural choice of Resnet is lucky, in Figure 6 we test … Not much degradation in performance is observed with respect to the Resnet model. This …",https://arxiv.org/pdf/2107.03380
COV19-CNNet and COV19-ResNet: diagnostic inference Engines for early detection of COVID-19,… We named these engines COV19-CNNet and COV19-ResNet. The former is based on convolutional neural network architecture; the latter is on residual neural network (ResNet) …,https://link.springer.com/content/pdf/10.1007/s12559-020-09795-5.pdf
Multiple feature reweight densenet for image classification,"… inter-layer feature reweight DenseNet (ILFR-DenseNet). In the last step, we designed the MFR-DenseNet by combining the CFR-DenseNet and the ILFR-DenseNet with an ensemble …",https://ieeexplore.ieee.org/iel7/6287639/8600701/08611344.pdf
Resnet or densenet? introducing dense shortcuts to resnet,"… Nonetheless, DenseNet requires heavy GPU memory due to concatenation … of DenseNet by 20% [37]. The main reason that DenseNet requires more training time is that DenseNet uses …",http://openaccess.thecvf.com/content/WACV2021/papers/Zhang_ResNet_or_DenseNet_Introducing_Dense_Shortcuts_to_ResNet_WACV_2021_paper.pdf
DenseNet convolutional neural networks application for predicting COVID-19 using CT image,"… Another feature of DenseNet is that it has a smaller set of parameters to be optimized than … Thus, DenseNet is less complicated. To acquire greater accuracy, we applied a DenseNet …",https://link.springer.com/content/pdf/10.1007/s42979-021-00782-7.pdf
Application of DenseNet in Camera Model Identification and Post-processing Detection.,"… In this paper, we present a DenseNet pipeline to solve the problem of identifying the source … We use this extended dataset to train a Neural Network with the DenseNet-201 architecture. …",https://openaccess.thecvf.com/content_CVPRW_2019/papers/Media%20Forensics/Rafi_Application_of_DenseNet_in_Camera_Model_Identification_and_Post-processing_Detection_CVPRW_2019_paper.pdf
An efficient densenet-based deep learning model for malware detection,… deep learning DenseNet model [14] enhanced with a class-balanced loss for reweighting the categorical cross-entropy loss. The proposed modification of the DenseNet model ensures …,https://www.mdpi.com/1099-4300/23/3/344/pdf
DenseNet-II: An improved deep convolutional neural network for melanoma cancer detection,"… The main motivation of this work is to develop DenseNet-II to make the process of diagnosis of melanoma quicker and more efficient which further reduces the application of CT scans, X-…",https://link.springer.com/content/pdf/10.1007/s00500-022-07406-z.pdf
COVID-DenseNet: A deep learning architecture to detect COVID-19 from chest radiology images,"… DenseNet-121 for disease prediction from radiology images of the ChestRadiology-14 … performance of DenseNet on radiology images (eg paper [7] and [8]), we used DenseNet-121 as …",https://www.academia.edu/download/102944248/download.pdf
FCN-based DenseNet framework for automated detection and classification of skin lesions in dermoscopy images,"… the second step is the classification of detected lesions with an FCN-based DenseNet system. In the … In the second step, we devised an FCN-based DenseNet framework which utilized a …",https://ieeexplore.ieee.org/iel7/6287639/6514899/09167192.pdf
Cancer image classification based on DenseNet model,"… In this paper, we design a novel DenseNet based model for metastatic cancer image classification. Our model employs DenseNet Block to effectively capture the important characteristic …",https://iopscience.iop.org/article/10.1088/1742-6596/1651/1/012143/pdf
Effective combination of DenseNet and BiLSTM for keyword spotting,"… to make DenseNet suitable for KWS, we propose a variant DenseNet, called DenseNet-… local features of DenseNet, we propose a method of combining DenseNet and BiLSTM to …",https://ieeexplore.ieee.org/iel7/6287639/8600701/08607038.pdf
Finger-vein recognition based on deep DenseNet using composite image,"… DenseNet in a known problem of finger-vein recognition, this study has the value as the first finger-vein recognition study using a deep DenseNet… overall structure of DenseNet-161 used …",https://ieeexplore.ieee.org/iel7/6287639/6514899/08721065.pdf
Improved YOLO-V3 with DenseNet for multi-scale remote sensing target detection,"Remote sensing targets have different dimensions, and they have the characteristics of dense distribution and a complex background. This makes remote sensing target detection …",https://www.mdpi.com/1424-8220/20/15/4276/pdf
DF-SSD: An improved SSD object detection algorithm based on DenseNet and feature fusion,"… Both ResNet [14] and DenseNet [15] have skip-connection, which satisfy this requirement. We design the feature extraction network DenseNet-S-32-1 based on the idea of DenseNet. …",https://ieeexplore.ieee.org/iel7/6287639/8948470/08978787.pdf
Uncertainty quantification in DenseNet model using myocardial infarction ECG signals,… DenseNet model training Hyperparameters and layers of the DenseNet model used in this study have been previously described [8] and are summarized in Table 1. The model was …,https://www.sciencedirect.com/science/article/am/pii/S0169260722006897
Channel-attention-based DenseNet network for remote sensing image scene classification,"… We propose a novel channel-attention-based DenseNet (CAD) network to better extract … In the channel domain, the channel attention mechanism is integrated into DenseNet. The cross …",https://ieeexplore.ieee.org/iel7/4609443/4609444/09141394.pdf
Deepcaps: Going deeper with capsule networks,"… In existing capsule networks and decoders, it is not possible to guarantee … capsule network architecture by leveraging two key ideas: Dynamic routing and Going deeper in the network. …",http://openaccess.thecvf.com/content_CVPR_2019/papers/Rajasegaran_DeepCaps_Going_Deeper_With_Capsule_Networks_CVPR_2019_paper.pdf
Self-routing capsule networks,"… , a new network architecture called capsule networks (… In this design of networks, each capsule contains a pose (or … Active capsules in one layer make pose predictions for capsules in …",https://proceedings.neurips.cc/paper_files/paper/2019/file/e46bc064f8e92ac2c404b9871b2a4ef2-Paper.pdf
3D point capsule networks,"… -capsule networks, an auto-encoder designed to process sparse 3D point clouds while preserving spatial arrangements of the input data. 3D capsule networks … by our capsule networks …",http://openaccess.thecvf.com/content_CVPR_2019/papers/Zhao_3D_Point_Capsule_Networks_CVPR_2019_paper.pdf
Capsule-forensics: Using capsule networks to detect forged images and videos,… The method introduced in this paper uses a capsule network to detect various kinds of … deep convolutional neural networks. It extends the application of capsule networks beyond their …,https://arxiv.org/pdf/1810.11215
Pushing the limits of capsule networks,Convolutional neural networks use pooling and other downscaling … deep networks. A team at Google Brain recently made news with an attempt to fix this problem: Capsule Networks. …,https://arxiv.org/pdf/2103.08074
Towards scalable and reliable capsule networks for challenging NLP applications,"… to have made capsule networks more suitable to large-scale problems and, hence, more mature for real-world applications. In the future, we plan to apply capsule networks to even …",https://arxiv.org/pdf/1906.02829
Path capsule networks,"… (CapsNet) was introduced as an enhancement over convolutional neural networks, … of the capsules. To address these limitations, we introduce Path Capsule Network (PathCapsNet), a …",https://arxiv.org/pdf/1902.03760
Efficient-capsnet: Capsule network with self-attention routing,"… networks and endow artificial visual perception with a process to encode more efficiently all feature affine transformations. Indeed, a properly working capsule network … capsule networks …",https://www.nature.com/articles/s41598-021-93977-0.pdf
Investigating the transferring capability of capsule networks for text classification,"… capsule networks outperform the compared models on 4 out of 6 datasets, suggesting the effectiveness of the capsule networks … cross-domain capsule network (TL-Capsule) by …",https://drive.google.com/file/d/1GA0ofwXUU5p341UATeN6DzRLyO54aEtm/view
Speech emotion recognition using capsule networks,"… features and introducing neural network methods, eg, convolutional neural networks (CNNs)… This paper presents a novel architecture based on the capsule networks (CapsNets) for SER…",https://www1.se.cuhk.edu.hk/~hccl/publications/pub/icassp2019_SER_Capsule_final.pdf
Improving the robustness of capsule networks to image affine transformations,"… Concretely, we propose to use the same transformation function for all primary capsules (ie, ensuring tj|i(·) ≡ tj|k(·)). We implement a robust affine capsule network (Aff-CapsNet) by …",https://openaccess.thecvf.com/content_CVPR_2020/papers/Gu_Improving_the_Robustness_of_Capsule_Networks_to_Image_Affine_Transformations_CVPR_2020_paper.pdf
Hierarchical multi-label classification of text with capsule networks,… can the capabilities of capsule networks be transferred and ap… we compare HMCadjusted capsule networks to several baseline neu… The main benefit of capsules is their ability to encode …,https://aclanthology.org/P19-2045.pdf
Diabetic retinopathy detection and classification using capsule networks,… The recent developments like capsule networks in … capsule network is developed for the detection and classification of diabetic retinopathy. Using the convolution and primary capsule …,https://link.springer.com/content/pdf/10.1007/s40747-021-00318-9.pdf
Comparative study of capsule neural network in various applications,"… especially for the tasks in computer vision, the capsule network have been designed as an … capsule network employed in the fault diagnosis enhances the accuracy of the classification …",https://www.researchgate.net/profile/T-Vijayakumar-2/publication/336466044_COMPARATIVE_STUDY_OF_CAPSULE_NEURAL_NETWORK_IN_VARIOUS_APPLICATIONS/links/6070127aa6fdcc5f7790b004/COMPARATIVE-STUDY-OF-CAPSULE-NEURAL-NETWORK-IN-VARIOUS-APPLICATIONS.pdf?_sg%5B0%5D=started_experiment_milestone&origin=journalDetail
Capsule networks with max-min normalization,… Capsule Networks (CapsNets) have the potential to perform … -level capsules between adjacent layers in the network. Each … -level capsule should be assigned to a higher-level capsule. …,https://arxiv.org/pdf/1903.09662
Forecasting transportation network speed using deep capsule networks with nested LSTM models,… cated transportation networks is of vital importance to modern transportation management. … a new capsule network (CapsNet) to extract the spatial features of traffic networks and utilize …,https://arxiv.org/pdf/1811.04745
Star-caps: Capsule networks with straight-through attentive routing,"… Though a capsule network architecture has a fixed number of parameters, training and … To address the computational complexity of capsule networks, we replace the recurrent dynamic …",https://proceedings.neurips.cc/paper_files/paper/2019/file/cf040fc71060367913e81ac1eb050aea-Paper.pdf
Graph transformer networks,"… Here, we develop Graph Transformer Network (GTN) that learns to transform a … GTNs can be viewed as a graph analogue of Spatial Transformer Networks [16] which explicitly learn …",https://proceedings.neurips.cc/paper_files/paper/2019/file/9d63484abb477c97640154d40595a3bb-Paper.pdf
A generalization of transformer networks to graphs,… This work presented a simple yet effective approach to generalize transformer networks on arbitrary graphs and introduced the corresponding architecture. Our experiments consistently …,https://arxiv.org/pdf/2012.09699
Video transformer network,… transformer-based framework for video recognition. Inspired by recent developments in vision transformers… Our approach is generic and builds on top of any given 2D spatial network. In …,https://openaccess.thecvf.com/content/ICCV2021W/CVEU/papers/Neimark_Video_Transformer_Network_ICCVW_2021_paper.pdf
Transformer networks for trajectory forecasting,"… Here we argue that Transformer Networks … Transformer Networks [15], first to model sequences merely by attention mechanisms. Aside TF, we consider the Bidirectional Transformers …",https://ieeexplore.ieee.org/iel7/9411940/9411911/09412190.pdf
Contextual transformer networks for visual recognition,"… By directly replacing each 3Â3 convolution in a ResNet structure with CoT block, we present a new Contextual Transformer Networks (dubbed as CoTNet) for image representation …",https://ieeexplore.ieee.org/iel7/34/4359286/09747984.pdf
Video action transformer network,"… Our answer is a new video action recognition network, the Action Transformer, that uses a modified Transformer architecture as a ‘head’ to classify the action of a person of interest. It …",https://openaccess.thecvf.com/content_CVPR_2019/papers/Girdhar_Video_Action_Transformer_Network_CVPR_2019_paper.pdf
Spatial-temporal transformer networks for traffic flow forecasting,"… In this section, we introduce the proposed spatial-temporal transformer network. We first … Subsequently, we elaborate the proposed spatial transformer and temporal transformer in …",https://arxiv.org/pdf/2001.02908
Transformer networks of human conceptual knowledge.,… Our approach involves a pretrained transformer network that is further fine-tuned on large data sets of participant-generated feature norms. We show that such a model can successfully …,https://psycnet.apa.org/manuscript/2023-13379-001.pdf
Equivariant transformer networks,"… How can prior knowledge on the transformation invariances of a domain be incorporated into the architecture of a neural network? We propose Equivariant Transformers (ETs), a family …",http://proceedings.mlr.press/v97/tai19a/tai19a.pdf
Tranad: Deep transformer networks for anomaly detection in multivariate time series data,"… In this paper, we propose TranAD, a deep transformer network based anomaly detection and diagnosis model which uses attentionbased sequence encoders to swiftly perform …",https://arxiv.org/pdf/2201.07284
Variational transformer networks for layout generation,"… Our proposed Variational Transformer Network (VTN) is capable of learning margins, alignments and other global design rules without explicit supervision. Layouts sampled from our …",https://openaccess.thecvf.com/content/CVPR2021/papers/Arroyo_Variational_Transformer_Networks_for_Layout_Generation_CVPR_2021_paper.pdf
Neural speech synthesis with transformer network,"… recurrent neural networks (RNNs). Inspired by the success of Transformer network in neural … Using phoneme sequences as input, our Transformer TTS network generates mel spec…",https://ojs.aaai.org/index.php/AAAI/article/download/4642/4520
Kernel transformer networks for compact spherical convolution,"… accuracy—especially for deeper networks—due to an implicit … , we propose the Kernel Transformer Network (KTN). The … network (eg, increasing the footprint of a VGG network by only 25…",https://openaccess.thecvf.com/content_CVPR_2019/papers/Su_Kernel_Transformer_Networks_for_Compact_Spherical_Convolution_CVPR_2019_paper.pdf
The transformer network for the traveling salesman problem,"… of promising techniques where (graph) neural networks have been capable to learn new … In this work, we propose to adapt the recent successful Transformer architecture originally …",https://arxiv.org/pdf/2103.03012
Gated transformer networks for multivariate time series classification,"… of the current Transformer Networks with gating, named Gated Transformer Networks (GTN) … With the gating that merges two towers of Transformer which model the channel-wise and …",https://arxiv.org/pdf/2103.14438
Image-and-spatial transformer networks for structure-guided image registration,"… networks to learn representations, we introduce Image-and-Spatial Transformer Networks (ISTNs) where a dedicated Image Transformer Network (ITN) is added to the head of a Spatial …",https://arxiv.org/pdf/1907.09200
Team papelo: Transformer networks at FEVER,"… based on a transformer network. Transformer networks (Vaswani et al., 2017) are deep … Therefore, we run most later comparisons with extended ESIM or transformer networks as the …",https://arxiv.org/pdf/1901.02534
Point 4d transformer networks for spatio-temporal modeling in point cloud videos,"… a novel Point 4D Transformer Network (P4Transformer) to … transformer. Second, instead of grouping these embedded local areas with tracking [36], we propose to utilize the transformer …",http://openaccess.thecvf.com/content/CVPR2021/papers/Fan_Point_4D_Transformer_Networks_for_Spatio-Temporal_Modeling_in_Point_Cloud_CVPR_2021_paper.pdf
Medical image segmentation using transformer networks,"… PROPOSED NETWORK Our proposed transformer network for 3D medical image segmentation is shown in Figure 1. The input to our network is a 3D image block B ∈ IRW ×W ×W ×c, …",https://ieeexplore.ieee.org/iel7/6287639/6514899/09729189.pdf
Sign language recognition with transformer networks,"… In this work, we use a Long Short-Term Memory (LSTM) network as a baseline. We then present and compare three methods based on the transformer network architecture, that …",https://aclanthology.org/2020.lrec-1.737.pdf
Attention mechanisms in computer vision: A survey,"… attention mechanisms in computer vision and categorize them according to approach, such as channel attention, spatial attention, temporal attention, … for attention mechanism research. …",https://link.springer.com/content/pdf/10.1007/s41095-022-0271-y.pdf
Research progress in attention mechanism in deep learning,"… attention mechanism is then provided to a certain extent, and roles of attention mechanism … Finally, this survey identified the future direction and challenges of the attention mechanism. …",http://cje.ustb.edu.cn/en/article/pdf/preview/10.13374/j.issn2095-9389.2021.01.30.005.pdf
Attention branch network: Learning of attention mechanism for visual explanation,"… In this work, we propose Attention Branch Network (… attention mechanism. ABN can be applicable to several image recognition tasks by introducing a branch for the attention mechanism …",https://openaccess.thecvf.com/content_CVPR_2019/papers/Fukui_Attention_Branch_Network_Learning_of_Attention_Mechanism_for_Visual_Explanation_CVPR_2019_paper.pdf
An introductory survey on attention mechanisms in NLP problems,"… translation for automatic token alignment, attention mechanism, a simple method that can … and conduct an introductory summary of the attention mechanism in different NLP problems, …",https://arxiv.org/pdf/1811.05544
Attention mechanisms and their applications to complex systems,"… years, attention mechanisms have emerged as a promising solution to these problems. In this review, we describe the key aspects of attention mechanisms and some relevant attention …",https://www.mdpi.com/1099-4300/23/3/283/pdf
An empirical study of spatial attention mechanisms in deep networks,"… Towards disentangling the effects of different attention factors and mechanisms, … attention, in which various elements of attention mechanisms are ablated within a generalized attention …",https://openaccess.thecvf.com/content_ICCV_2019/papers/Zhu_An_Empirical_Study_of_Spatial_Attention_Mechanisms_in_Deep_Networks_ICCV_2019_paper.pdf
Global attention mechanism: Retain information to enhance channel-spatial interactions,"… To magnify cross-dimension interactions, we propose an attention mechanism that is … We adopt the sequential channel-spatial attention mechanism from CBAM and redesign the …",https://arxiv.org/pdf/2112.05561
A survey on attention mechanisms for medical applications: are we moving toward better Algorithms?,… reviews the use of attention mechanisms in machine learning … and potentialities of attention mechanisms presented in the … integrating process of attention mechanisms into established …,https://ieeexplore.ieee.org/iel7/6287639/9668973/09889720.pdf
STAT: Spatial-temporal attention mechanism for video captioning,"… attention mechanism suffer from the problems of recognition error and detail missing, because temporal attention mechanism … novel spatial-temporal attention mechanism (STAT) within …",https://drive.google.com/file/d/13GSjwxXpMGbYlpaxnBFG5IUJWuZ67fTK/view
Classification of hyperspectral image based on double-branch dual-attention mechanism network,"… In recent years, researchers have paid increasing attention on … double-branch dual-attention mechanism network (DBDA) for … , a channel attention block and a spatial attention block are …",https://www.mdpi.com/2072-4292/12/3/582/pdf
Bi-LSTM model to increase accuracy in text classification: Combining Word2vec CNN and attention mechanism,… attention-based Bi-LSTM+CNN hybrid model that capitalize on the advantages of LSTM and CNN with an additional attention mechanism… that the proposed hybrid attention Bi-LSTM+…,https://www.mdpi.com/2076-3417/10/17/5841/pdf
Self-supervised equivariant attention mechanism for weakly supervised semantic segmentation,"… In this paper, we propose a self-supervised equivariant attention mechanism (SEAM) to discover additional supervision and narrow the gap. Our method is based on the observation …",https://openaccess.thecvf.com/content_CVPR_2020/papers/Wang_Self-Supervised_Equivariant_Attention_Mechanism_for_Weakly_Supervised_Semantic_Segmentation_CVPR_2020_paper.pdf
Neural malware analysis with attention mechanism,"… is to exploit a CNN with the attention mechanism in order to make manual analysis efficient. … into images and then apply a CNN with the attention mechanism to the images. In doing so, …",https://www.researchgate.net/profile/Hiromu-Yakura/publication/335101933_Neural_Malware_Analysis_with_Attention_Mechanism/links/5d5a047d92851cb74c760579/Neural-Malware-Analysis-with-Attention-Mechanism.pdf
Attention on attention for image captioning,… (AoA) to image captioning in this paper; AoA is a general extension to attention mechanisms and can be applied to any of them; AoA determines the relevance between the …,http://openaccess.thecvf.com/content_ICCV_2019/papers/Huang_Attention_on_Attention_for_Image_Captioning_ICCV_2019_paper.pdf
Bidirectional Encoder Representations from Transformers (BERT): A sentiment analysis odyssey,"The purpose of the study is to investigate the relative effectiveness of four different sentiment analysis techniques:(1) unsupervised lexicon-based model using Sent WordNet;(2) traditional supervised machine learning model using logistic regression;(3) supervised deep learning model using Long Short-Term Memory (LSTM); and,(4) advanced supervised deep learning models using Bidirectional Encoder Representations from Transformers (BERT). We use publicly available labeled corpora of 50,000 movie reviews originally posted on …",https://arxiv.org/pdf/2007.01127
What does BERT learn about the structure of language?,… language structure learned by BERT. We first show that BERT’s phrasal representation captures phrase-level information in the lower layers. We also show that BERT’s intermediate …,https://inria.hal.science/hal-02131630/document
A comprehensive survey on pretrained foundation models: A history from bert to chatgpt,"Pretrained Foundation Models (PFMs) are regarded as the foundation for various downstream tasks across different data modalities. A PFM (eg, BERT, ChatGPT, GPT-4) is trained on …",https://arxiv.org/pdf/2302.09419
BERT: a review of applications in natural language processing and understanding,"… relative to the original BERT model, which is logical given that BERT is trained on a general … to use BERT for a target. For example, you can use the representation provided by BERT as …",https://arxiv.org/pdf/2103.11943
Bertje: A dutch bert model,"… a monolingual Dutch BERT model called BERTje. Compared to the multilingual BERT model, … Our pre-trained Dutch BERT model is made available at https://github.com/wietsedv/bertje. …",https://arxiv.org/pdf/1912.09582
A primer in BERTology: What we know about how BERT works,"… This paper is the first survey of over 150 studies of the popular BERT model. We review the current state of knowledge about how BERT works, what kind of information it learns and how …",https://direct.mit.edu/tacl/article-pdf/doi/10.1162/tacl_a_00349/1923281/tacl_a_00349.pdf
Visualizing and understanding the effectiveness of BERT,"… trajectories of fine-tuning BERT on specific datasets. First, we … BERT is highly over-parameterized for downstream tasks. Second, the visualization results indicate that fine-tuning BERT …",https://arxiv.org/pdf/1908.05620
BERTese: Learning to speak to BERT,"… the rewriter’s output to be similar to BERT token embeddings. Moreover, we must guarantee … useful for extracting knowledge from BERT. While we experiment on BERT, our method is …",https://arxiv.org/pdf/2103.05327
Understanding the Behaviors of BERT in Ranking,"… However, on the MS MARCO passage ranking task, fine-tuning BERT and treating ranking … properties of BERT in ad hoc ranking tasks. We explore several ways to use BERT in ranking, …",https://arxiv.org/pdf/1904.07531
What does BERT with vision look at?,"… In addition to all the components of BERT, we introduce a set of visual embeddings, F, to model an image. Each f ∈ F corresponds to a bounding region in the image, derived from an …",https://aclanthology.org/2020.acl-main.469.pdf
Cogltx: Applying bert to long texts,… BERT is incapable of processing long texts due to its … The maximum length limit in BERT reminds us the limited capacity (5∼ 9 … They never appear in the same BERT input window in the …,https://proceedings.neurips.cc/paper_files/paper/2020/file/96671501524948bc3937b4b30d0e57b9-Paper.pdf
I-bert: Integer-only bert quantization,"… In this work, we propose I-BERT, a novel quantization scheme … , I-BERT performs an end-to-end integer-only BERT inference … We show that for both cases, I-BERT achieves similar (and …",http://proceedings.mlr.press/v139/kim21d/kim21d.pdf
Bert-attack: Adversarial attack against bert using bert,"… Motivated by the interesting idea of turning BERT against BERT, we propose BERT-Attack, using the original BERT model to craft adversarial samples to fool the fine-tuned BERT model…",https://arxiv.org/pdf/2004.09984
E-BERT: Efficient-yet-effective entity embeddings for BERT,"… This stands in contrast to previous entity-enhanced versions of BERT, such as ERNIE or … over original BERT, ERNIE and KnowBert. We also find that the original BERT model is overly …",https://arxiv.org/pdf/1911.03681
Vln bert: A recurrent vision-and-language bert for navigation,"… One reason for this is the difficulty adapting the BERT architecture to the partially … a recurrent BERT model that is time-aware for use in VLN. Specifically, we equip the BERT model with …",http://openaccess.thecvf.com/content/CVPR2021/papers/Hong_VLN_BERT_A_Recurrent_Vision-and-Language_BERT_for_Navigation_CVPR_2021_paper.pdf
Publicly available clinical BERT embeddings,"… al., 2015; Stubbs and Uzuner, 2015), general BERT and BioBERT outperform clinical BERT and we argue that fundamental facets of the de-ID context motivate this lack of performance. …",https://arxiv.org/pdf/1904.03323
What Does Bert Look At? An Analysis of Bert's Attention,… An Analysis of Bert’s Attention What Does Bert Look At? An Analysis of Bert’s Attention …,https://fq.pkwyx.com/default/https/aclanthology.org/W19-4828.pdf
Visualizing and measuring the geometry of BERT,"… Investigating how BERT represents syntax, we describe … show suggestive evidence that BERT distinguishes word senses at a … Our object of study is the BERT model introduced in [5]. To …",https://proceedings.neurips.cc/paper_files/paper/2019/file/159c1ffe5b61b41b3c4d8f4c2150f6c4-Paper.pdf
Active learning for BERT: an empirical study,"… Recently, pre-trained NLP models, and BERT in particular, are … on active learning techniques for BERT-based classification, addressing … Our results demonstrate that AL can boost BERT …",https://aclanthology.org/2020.emnlp-main.638.pdf
"Gpt (generative pre-trained transformer)–a comprehensive review on enabling technologies, potential applications, emerging challenges, and future directions","… ABSTRACT The Generative Pre-trained Transformer (GPT) … GPT is based on the transformer architecture, a deep neural … to effectively converse, GPT have gained significant popularity …",https://ieeexplore.ieee.org/iel7/6287639/6514899/10500411.pdf
Generative pre-trained transformer (GPT) in research: A systematic review on data augmentation,"… GPT (Generative Pre-trained Transformer) represents … explores alternative dimensions of GPT and LLM applications, … (1) GPT on Generating Research data, (2) GPT on Data Analysis…",https://www.mdpi.com/2078-2489/15/2/99/pdf
How large language models including generative pre-trained transformer (GPT) 3 and 4 will impact medicine and surgery,"… large language model (LLM), Generative Pre-trained Transformer (GPT)-3 trained with 175 … ChatGPT’s global uptake has been exponential: 40 days post launch, GPT-3, had 10 million …",https://link.springer.com/content/pdf/10.1007/s10151-023-02837-8.pdf
Plagiarism in the age of massive Generative Pre-trained Transformers (GPT-3),"… general intelligence (AGI), GPT3 (Generative Pre-trained Transformer-3) represents an … GPT-3 does not represent much of a methodological innovation compared to previous GPT …",https://www.int-res.com/articles/esep2021/21/e021p017.pdf
Vl-gpt: A generative pre-trained transformer for vision and language understanding and generation,"… Generative Pre-trained Transformer (VL-GPT), a transformer model proficient at concurrently perceiving and generating visual and linguistic data. VL-GPT … Consequently, VL-GPT can …",https://arxiv.org/pdf/2312.09251
Evaluating the performance of Generative Pre-trained Transformer-4 (GPT-4) in standardizing radiology reports,"… The findings of this study suggest that GPT-4 (Generative Pre-trained Transformer 4), an advanced AI model, has the potential to significantly contribute to the standardization and …",https://akademi.mindengineers.co/wp-content/uploads/2024/02/s00330-023-10384-x.pdf
Can generative pre-trained transformers (gpt) pass assessments in higher education programming courses?,"… the ability of generative pre-trained transformers (GPT), … We subjected GPT’s answers and coding task solutions to the … aware of the capabilities of GPT models to write fluent text …",https://dl.acm.org/doi/pdf/10.1145/3587102.3588792
Generative pre-trained transformer for design concept generation: an exploration,"… However, current generative design … of generative pre-trained transformers (GPT) for natural language design concept generation. Our experiments involve the use of GPT-2 and GPT-3 …",https://www.cambridge.org/core/services/aop-cambridge-core/content/view/41894D82DCBC0610B5B6E68967B7047F/S2732527X22001857a.pdf/generative_pretrained_transformer_for_design_concept_generation_an_exploration.pdf
Considering the possibilities and pitfalls of Generative Pre-trained Transformer 3 (GPT-3) in healthcare delivery,"… the recent release of Generative Pre-trained Transformer 3, they could be … However, for GPT-3 and similar applications to be … , OpenAI’s Generative Pre-trained Transformer 3, or GPT-3, …",https://www.nature.com/articles/s41746-021-00464-x.pdf
Towards javascript program repair with generative pre-trained transformer (gpt-2),"… As the Generative Pre-trained Transformer (GPT) model is now available to everyone … we describe the GPT-2 model [2]. The original Generative Pre-trained Transformer, or in short GPT, …",https://real.mtak.hu/150454/1/Lajko-APR22.pdf
Is generative pre-trained transformer artificial intelligence (Chat-GPT) a reliable tool for guidelines synthesis? A preliminary evaluation for biologic CRSwNP therapy,Is generative pre-trained transformer artificial intelligence (Chat-GPT) a reliable tool for guidelines synthesis? A preliminary evaluation for biologic CRSwNP therapy | European …,https://www.researchgate.net/profile/Ignazio-La-Mantia/publication/378075779_Is_generative_pre-trained_transformer_artificial_intelligence_Chat-GPT_a_reliable_tool_for_guidelines_synthesis_A_preliminary_evaluation_for_biologic_CRSwNP_therapy/links/65d07b9a476dd15fb3423ba0/Is-generative-pre-trained-transformer-artificial-intelligence-Chat-GPT-a-reliable-tool-for-guidelines-synthesis-A-preliminary-evaluation-for-biologic-CRSwNP-therapy.pdf
Fluid-gpt (fast learning to understand and investigate dynamics with a generative pre-trained transformer): Efficient predictions of particle trajectories and erosion,… Our work demonstrates that FLUID-GPT is an accurate and efficient ML approach for predicting time-series trajectories and their subsequent spatial erosion patterns in these complex …,https://pubs.acs.org/doi/pdf/10.1021/acs.iecr.3c01639
"Event Stream GPT: a data pre-processing and modeling library for generative, pre-trained transformers over continuous-time sequences of complex events","… We will realize this through a transformer neural network architecture parametrized by θ, such that fθ(ti, xi, hi−1) = p(ti, xi|hi−1). Note that, unlike other GPT modeling settings, it may be …",https://proceedings.neurips.cc/paper_files/paper/2023/file/4c8f197b24e9b05d22028c2de16a45d2-Paper-Datasets_and_Benchmarks.pdf
BioGPT: generative pre-trained transformer for biomedical text generation and mining,"… proposed BioGPT, a generative pre-trained Transformer language model for biomedical text generation and mining. We adopted GPT-2 as our backbone model and pre-trained on |$15…",https://arxiv.org/pdf/2210.10341.pdf?trk=article-ssr-frontend-pulse_x-social-details_comments-action_comment-text
Gpt-4 technical report,"… The GPT-4 base model is only slightly better at this task than GPT-3.5; however, after RLHF … improvements over GPT-3.5.Table 4 shows both a correct and an incorrect answer. GPT-4 …",https://arxiv.org/pdf/2303.08774.pdf?fbclid=IwAR2XS6JT2NLIP4MjFn9npot34FhddoqStNbLwIvWETf5ZGlCPsIbuYneo8s&mibextid=Zxz2cZ
Chatting about ChatGPT: how may AI and GPT impact academia and libraries?,"Purpose This paper aims to provide an overview of key definitions related to ChatGPT, a public tool developed by OpenAI, and its underlying technology, Generative Pretrained …",https://papers.ssrn.com/sol3/Delivery.cfm?abstractid=4333415
What Makes Good In-Context Examples for GPT-?,… found that the empirical results of GPT-3 depend heavily on … (relative to random sampling) that better leverage GPT3’s few-shot … as more informative inputs to unleash GPT-3’s extensive …,https://arxiv.org/pdf/2101.06804
The now and future of ChatGPT and GPT in psychiatry,"… Despite recent improvements of the GPT model in the past few years, the GPT-4 (the latest iteration of GPT) is reported to still have several limitations19. First and foremost, GPT-4 is not …",https://onlinelibrary.wiley.com/doi/pdf/10.1111/pcn.13588
"GPT-3: Its nature, scope, limits, and consequences","In this commentary, we discuss the nature of reversible and irreversible questions, that is, questions that may enable one to identify the nature of the source of their answers. We then …",https://link.springer.com/content/pdf/10.1007/s11023-020-09548-1.pdf
GPT-3: What's it good for?,"GPT-3 made the mainstream media headlines this year, generating far more interest than we’d normally expect of a technical advance in NLP. People are fascinated by its ability to …",https://www.cambridge.org/core/services/aop-cambridge-core/content/view/0E05CFE68A7AC8BF794C8ECBE28AA990/S1351324920000601a.pdf/gpt3_whats_it_good_for.pdf
Gpt-driver: Learning to drive with gpt,"… unified language tokens, and we instruct a GPT-3.5 model to understand these tokens and … potential of GPT-3.5, we propose a prompting-reasoning-finetuning strategy, where GPT-3.5 …",https://arxiv.org/pdf/2310.01415
GPT-4 is here: what scientists think,"Artificial intelligence company OpenAI this week unveiled GPT-4, the latest incarnation of the large language model that powers its popular chatbot ChatGPT. The company says GPT-4 …",http://www.hajim.rochester.edu/che/assets/pdf/gpt-4-is-here-what-scientists-think.pdf
Use of GPT-4 to diagnose complex clinical cases,… We assessed the performance of GPT-4 in real-life … GPT-4 with a prompt and a clinical case (see Supplementary Methods 1 in the Supplementary Appendix). The prompt instructed GPT-…,https://ai.nejm.org/doi/pdf/10.1056/AIp2300031
Capabilities of gpt-4 on medical challenge problems,"… GPT-4 on medical challenge problems. To establish strong baselines for comparison, we evaluate GPT-4 against GPT-… -of-the-box” performance numbers for GPT-4. To that end, we use …",https://arxiv.org/pdf/2303.13375
Using cognitive psychology to understand GPT-3,… model (GPT-3) do experiments from the cognitive psychology literature. We find that GPT-3 can … the cognitive psychology literature to demystify how GPT-3 solves different tasks and use …,https://www.pnas.org/doi/pdf/10.1073/pnas.2218523120
AI model GPT-3 (dis) informs us better than humans,"… by GPT-3 can affect people’s comprehension of information. The purpose of this paper is to assess whether GPT-3 can … To achieve our goals, we asked GPT-3 to write tweets containing …",https://www.science.org/doi/pdf/10.1126/sciadv.adh1850
Gpt-4 passes the bar exam,"… members of the GPT family and the alpha version of GPT-4 we used for this study. GPT-4 delivers … In addition, GPT-4’s MBE score is not only more than 15% above the minimum passing …",https://royalsocietypublishing.org/doi/pdf/10.1098/rsta.2023.0254
What gpt knows about who is who,"… POS and Entity Types While the overall performance indicates that GPT models are comparable to a random model, we hypothesize that for some subset of mention pairs, GPT might …",https://arxiv.org/pdf/2205.07407
Gpt-4o system card,"… In this System Card, we provide a detailed look at GPT-4o's capabilities, limitations, and … , as well as discussion of potential societal impacts of GPT-4o's text and vision capabilities. …",https://arxiv.org/pdf/2410.21276?
Instruction tuning with gpt-4,… instruction-following data generated by GPT-4 leads to superior zero-… GPT-4 to enable a comprehensive evaluation and reward model training. We make our data generated using GPT…,https://arxiv.org/pdf/2304.03277.pdf?trk=public_post_comment-text
GPT-4: a new era of artificial intelligence in medicine,GPT-4 is the latest version of ChatGPT which is reported by OpenAI to have greater problem-solving abilities and an even broader knowledge base. We examined GPT-4’s ability to …,https://akademi.mindengineers.co/wp-content/uploads/2024/02/s11845-023-03377-8.pdf
Dialogxl: All-in-one xlnet for multi-party conversation emotion recognition,"… models such as XLNet. To address this issue, we propose an all-in-one XLNet model, namely … Specifically, we first modify the recurrence mechanism of XLNet from segment-level to …",https://ojs.aaai.org/index.php/AAAI/article/view/17625/17432
Comparing BERT and XLNet from the perspective of computational characteristics,"… and XLNet are two popular models utilizing Transformer. In this paper, we compare the computational characteristics of the inference of BERT and XLNet … features of XLNet, leading to a …",https://scale.snu.ac.kr/papers/2020-01-Conference-ICEIC-BERTvs.XLNet.pdf
Xl-editor: Post-editing sentences with xlnet,"… More importantly, both BERT and XLNet implicitly requires prior knowledge … XLNet for text generation, in this work, we propose XL-Editor, a novel training framework that extends XLNet …",https://arxiv.org/pdf/1910.10479
XLNet-based prediction model for CVSS metric values,"… More specifically, this method utilizes the XLNet model that is fine-tuned with a self-built … To verify the performance of our method, we compare the XLNet model with other pre-trained …",https://www.mdpi.com/2076-3417/12/18/8983/pdf
Speech-XLNet: Unsupervised acoustic model pretraining for self-attention networks,"… and XLNet. In this paper, we present an XLNet-like pretraining scheme “Speech-XLNet” to … Firstly, we find that by shuffling the speech frame orders, Speech-XLNet serves as a strong …",https://arxiv.org/pdf/1910.10387
Improved XLNet modeling for Chinese named entity recognition of edible fungus,"… In our case, the XLNet model is employed instead of the BERT model, and the IDCNN is integrated into the XLNet model to enhance the capture of features between utterances. …",https://www.frontiersin.org/journals/plant-science/articles/10.3389/fpls.2024.1368847/pdf
XLNet-CNN: Combining Global Context Understanding of XLNet with Local Context Capture through Convolution for Improved Multi-Label Text Classification,"… view, we propose XLNet-CNN, which is based on XLNet, an … Our model enhances XLNet’s global context understanding … that XLNet-CNN consistently outperforms XLNet and domain-…",https://dl.acm.org/doi/pdf/10.1145/3704522.3704540
"Bert, xlnet or roberta: the best transfer learning model to detect clickbaits","… In this work we fine-tuned BERT, XLNet and RoBERTa models by integrating novel configuration changes into their default architectures such as model expansion, pruning and data …",https://ieeexplore.ieee.org/iel7/6287639/6514899/09617586.pdf
"Comparative analyses of bert, roberta, distilbert, and xlnet for text-based emotion recognition","Transformers' feat is attributed to its better language understanding abilities to achieve state-of-the-art results in medicine, education, and other major NLP tasks. This paper analyzes …",https://www.researchgate.net/profile/Henry-Nunoo-Mensah/publication/346443459_Comparative_Analyses_of_BERT_RoBERTa_DistilBERT_and_XLNet_for_Text-based_Emotion_Recognition/links/5fc24071458515b7977cfa4c/Comparative-Analyses-of-BERT-RoBERTa-DistilBERT-and-XLNet-for-Text-based-Emotion-Recognition.pdf
Using BERT and XLNET for the Automatic Short Answer Grading Task.,"… Then, we compare the performance of BERT and XLNET with the best graders in the SOTA. We do not consider the question in our ASAG task because BERT and XLNET classifiers …",https://www.academia.edu/download/105673573/94224.pdf
Fake news detection using XLNet fine-tuning model,"… XLNet fine-tuning model to predict fake news in a multi-class and binary class problem. Our results show that the proposed XLNet … Therefore, we propose XLNet base fine tuning model …",https://www.researchgate.net/profile/Ashok-Kumar-Jayaraman-2/publication/358417906_Fake_News_Detection_Using_XLNet_Fine-Tuning_Model/links/62d40ce95aab971198b6d614/Fake-News-Detection-Using-XLNet-Fine-Tuning-Model.pdf
"Exploring transformers in natural language generation: Gpt, bert, and xlnet","… We analyze the implications of three key Transformerbased models—GPT-3, BERT, and XLNet… models, but their focus on Transformers is limited and does not include GPT-3 or XLNet. …",https://arxiv.org/pdf/2102.08036
Robbert: a dutch roberta-based language model,"Pre-trained language models have been dominating the field of natural language processing in recent years, and have led to significant performance gains for various complex natural …",https://arxiv.org/pdf/2001.06286
Emoberta: Speaker-aware emotion recognition in conversation with roberta,"We present EmoBERTa: Speaker-Aware Emotion Recognition in Conversation with RoBERTa, a simple yet expressive scheme of solving the ERC (emotion recognition in conversation) …",https://arxiv.org/pdf/2108.12009
Learning which features matter: RoBERTa acquires a preference for linguistic generalizations (eventually),"… Surface Biases of RoBERTa Our results also suggest some specific conclusions about which kinds of surface features RoBERTa pays attention to.For instance, these models have little …",https://arxiv.org/pdf/2010.05358
RoBERTa-LSTM: a hybrid model for sentiment analysis with transformer and recurrent neural network,"Due to the rapid development of technology, social media has become more and more common in human daily life. Social media is a platform for people to express their feelings, …",https://ieeexplore.ieee.org/iel7/6287639/9668973/09716923.pdf
Trusting roberta over bert: Insights from checklisting the natural language inference task,… 2019b) fine-tuned on MultiNLI (referred to as RoBERTa). We also observe the effects of adversarial training using RoBERTa-large fine-tuned on Adversarial NLI dataset (RoBERTa-ANLI…,https://arxiv.org/pdf/2107.07229
Chemical composition and bioactivity of essential oils and Ethanolic extracts of Ocimum basilicum L. and Thymus algeriensis Boiss. & Reut. from the Algerian …,Background There is increasing interest in the pharmaceutical and food industries to substitute synthetic chemicals with naturally occurring compounds possessing bioactive properties. …,https://link.springer.com/content/pdf/10.1186/s12906-019-2556-y.pdf
Probing across time: What does RoBERTa know and when?,… We test whether RoBERTa scores the grammatical sentence higher than the ungrammatical one. The score for a sentence is calculated by sequentially masking one word at a time and …,https://arxiv.org/pdf/2104.07885
"Clinical and laboratory data, radiological structured report findings and quantitative evaluation of lung involvement on baseline chest CT in COVID-19 patients to …",Objective To evaluate by means of regression models the relationships between baseline clinical and laboratory data and lung involvement on baseline chest CT and to quantify the …,https://link.springer.com/content/pdf/10.1007/s11547-020-01293-w.pdf
Detection and Classification of mental illnesses on social media using RoBERTa,"… We propose a RoBERTa based classifier in order to accomplish this. In addition, we also … RoBERTa model. Table 4 showcases the granular class-wise results of the RoBERTa model. …",https://arxiv.org/pdf/2011.11226
Does syntax matter? a strong baseline for aspect-based sentiment analysis with roberta,… (3) We achieve SOTA or near SOTA performances on six ALSC datasets across four languages based on RoBERTa. We find that the RoBERTa could better adapt to ALSC and help the …,https://arxiv.org/pdf/2104.04986
"Compositional and lexical semantics in RoBERTa, BERT and DistilBERT: A case study on CoQA","… We identify the problematic areas for the finetuned RoBERTa, BERT and DistilBERT models … represent compositional and lexical information between RoBERTa, BERT and DistilBERT. …",https://arxiv.org/pdf/2009.08257
Efficientnet: Rethinking model scaling for convolutional neural networks,"Convolutional Neural Networks (ConvNets) are commonly developed at a fixed resource budget, and then scaled up for better accuracy if more resources are given. In this paper, we …",http://proceedings.mlr.press/v97/tan19a/tan19a.pdf
Practical analysis on architecture of EfficientNet,"… , EfficientNet is one of the state-of-the-art architectures. It can be considered a family of network models. EfficientNet … SE modules on the performance of EfficientNet-B0, the fundamental …",http://islab.ulsan.ac.kr/files/publications/20210708-HSI2021-Van-Thanh_Hoang-FinalVersion.pdf
Plant leaf disease classification using EfficientNet deep learning model,"… In this study, EfficientNet deep learning architecture was … EfficientNet architecture and other deep learning models … B5 and B4 models of EfficientNet architecture achieved the highest …",https://www.academia.edu/download/102337194/j.ecoinf.2020.10118220230517-1-291xh6.pdf
Automated fruit recognition using EfficientNet and MixNet,"… In this sense, we anticipate that both EfficientNet and MixNet … In our work, we compared EfficientNet and MixNet with a … Even though, we believe that the application of EfficientNet …",https://www.researchgate.net/profile/Phuong-Nguyen-51/publication/339798572_Automated_fruit_recognition_using_EfficientNet_and_MixNet/links/5f2ad92ea6fdcccc43ac5b87/Automated-fruit-recognition-using-EfficientNet-and-MixNet.pdf
Classification of remote sensing images using EfficientNet-B3 CNN model with attention,"… propose a solution, named EfficientNet-B3-Attn-2, based on the pre-trained EfficientNet-B3 CNN … We tested the proposed EfficientNet-B3-Attn-2 on six popular remote sensing datasets, …",https://ieeexplore.ieee.org/iel7/6287639/9312710/09320487.pdf
Efficientnet-based robust recognition of peach plant diseases in field images,"… EfficientNet architectures were developed by searching a … The main building block in EfficientNet is the inverted … In this study, we utilized the EfficientNet architectures to detect diseases …",https://cdn.techscience.cn/ueditor/files/cmc/TSP_CMC-71-1/TSP_CMC_18961/TSP_CMC_18961.pdf
Brain tumor classification using dense efficient-net,"… This study proposed a CNN-based dense EfficientNet using … The developed network is a variant of EfficientNet with dense … , the newly designed EfficientNet CNN architecture can be a …",https://www.mdpi.com/2075-1680/11/1/34/pdf
Multi-label classification of fundus images with efficientnet,"… Due to the high efficiency of EfficientNet, we proposed a multi-label classification model of fundus images using EfficientNet as the feature extractor. At the same time, we also used …",https://ieeexplore.ieee.org/iel7/6287639/6514899/09268081.pdf
Boosted efficientnet: Detection of lymph node metastases in breast cancer using convolutional neural networks,"… of EfficientNet on Metastatic Breast Cancer (MBC) classification, and elaborate experiments are conducted to compare the performance of EfficientNet with … of the original EfficientNet. …",https://www.mdpi.com/2072-6694/13/4/661/pdf
Breast cancer diagnosis in two-view mammography using end-to-end trained efficientnet-based convolutional network,"… We use EfficientNet as the basis of our model. We “end-to-end” train the entire system using CBIS-DDSM dataset. To ensure statistical robustness, we test our system twice using: (a) 5-…",https://ieeexplore.ieee.org/iel7/6287639/6514899/09837037.pdf
Brainnet: precision brain tumor classification with optimized efficientnet architecture,"… EfficientNet models specifically for brain tumor classification. By leveraging transfer learning, we utilize the EfficientNet … Reconfiguration of EfficientNet: We have adapted the EfficientNet …",https://onlinelibrary.wiley.com/doi/pdf/10.1155/2024/3583612
A Robust Deep Learning Model for Brain Tumor Detection and Classification Using Efficient Net: A Brief Meta-Analysis,… a comprehensive examination utilizing the EfficientNet family of deep learning architectures … performance of different EfficientNet models (ranging from EfficientNet-B0 to EfficientNet-B7) …,https://pdfs.semanticscholar.org/d523/97aaeb58f24b1458f77c4eb81a2ce7b3aa7e.pdf
Automation of brain tumor identification using efficientnet on magnetic resonance images,"… a technique for the detection of tumors by using EfficientNet, a pre-trained model using the … family of models of EfficientNet namely EfficientNet-B2, EfficientNet-B3, and EfficientNet-B4. …",https://www.sciencedirect.com/science/article/pii/S1877050923001333/pdf?md5=b20c031b47e727d2e2ede99e7ab41f7b&pid=1-s2.0-S1877050923001333-main.pdf
YOLOv10 to its genesis: a decadal and comprehensive review of the you only look once (YOLO) series,"… progression of the You Only Look Once (YOLO) object detection … the advancements introduced by YOLO algorithms, beginning … The study highlights the transformative impact of YOLO …",https://arxiv.org/pdf/2406.19407
"Surveying You Only Look Once (YOLO) Multispectral Object Detection Advancements, Applications And Challenges","… of you only look once (YOLO). Ground-based collection is the most prevalent approach, totaling 63% of the papers reviewed, although uncrewed aerial systems (UAS) for YOLO-… YOLO …",https://ieeexplore.ieee.org/iel8/6287639/10820123/10829595.pdf
Evaluating the evolution of yolo (you only look once) models: A comprehensive benchmark study of yolo11 and its predecessors,"… benchmark analysis of various YOLO (You Only Look Once) algorithms, from YOLOv3 to the … of YOLO11, the latest addition to the YOLO family. It evaluates their performance on three …",https://arxiv.org/pdf/2411.00201
YOLO nano: A highly compact you only look once convolutional neural network for object detection,"… In this study, we introduce YOLO Nano, a highly compact deep convolutional … YOLO Nano, where principled network design prototyping, based on design principles from the YOLO …",https://arxiv.org/pdf/1910.01271
Objek Deteksi Makanan Khas Palembang Menggunakan Algoritma YOLO (You Only Look Once),… detection dengan metode You Only look Once (YOLO). Metode You Only Look Once(YOLO) merupakan salah … YOLO mempunyai banyak versi yang sering diterapkan yaitu mulai versi …,http://journal.jis-institute.org/index.php/jnik/article/download/534/318
Yolov10 to its genesis: A decadal and comprehensive review of the you only look once series,… This review systematically examines the progression of the You Only Look Once (YOLO) object detection algorithms from YOLOv1 to the recently unveiled YOLOv10. Employing a …,https://papers.ssrn.com/sol3/Delivery.cfm?abstractid=4874098
Automated vehicle counting from pre-recorded video using you only look once (YOLO) object detection model,"… In this context, the You Only Look Once (YOLO) object … -recorded videos using the YOLO model with flexible interval counting. … The YOLO model was applied in TensorFlow API with the …",https://www.mdpi.com/2313-433X/9/7/131/pdf
A Review of Yolo algorithm developments,"… You Only Look Once (YOLO) algorithm and its subsequent advanced versions. Through the analysis, we … similarities among the YOLO versions and between YOLO and Convolutional …",https://www.sciencedirect.com/science/article/pii/S1877050922001363/pdf?md5=4bdf4d0a84fcdecfd3bd313649e8e53d&pid=1-s2.0-S1877050922001363-main.pdf
Investigation of a promoted you only look once algorithm and its application in traffic flow monitoring,"… In this paper, we present YOLO-UA, which is a regression-based, high-performance … flows that use the You Only Look Once (YOLO) algorithm as the base [29,30,31]. We employed the …",https://www.mdpi.com/2076-3417/9/17/3619/pdf
You only look one-level feature,"… Also, in one-stage detectors, YOLO [26] and YOLOv2 [27] only use the last output feature of the backbone. They can be super fast but have to bear a performance decline in detection. …",https://openaccess.thecvf.com/content/CVPR2021/papers/Chen_You_Only_Look_One-Level_Feature_CVPR_2021_paper.pdf
Design of A Real-Time Object Detection Prototype System with YOLOv3 (You Only Look Once),"… The You Only Look Once (YOLO) method is one of the fastest and most accurate methods for … You Only Look Once, an object detection method, is very fast because a single neural …",https://ijesty.org/index.php/ijesty/article/download/309/216
"Object detection using YOLO: Challenges, architectural successors, datasets and applications","… Moreover, with the advent of YOLO (You Only Look Once) and its architectural … YOLO and Fast-RCNN respectively, however, inference time is around 300 times faster in case of YOLO. …",https://link.springer.com/content/pdf/10.1007/s11042-022-13644-y.pdf
"YOLO-v1 to YOLO-v8, the rise of YOLO and its complementary nature toward digital manufacturing and industrial defect detection","… This principle has been found within the DNA of all YOLO variants with increasing intensity, … -depth review of the YOLO evolution from the original YOLO to the recent release (YOLO-v8) …",https://www.mdpi.com/2075-1702/11/7/677/pdf
ViT-YOLO: Transformer-based YOLO for object detection,"Drone captured images have overwhelming characteristics including dramatic scale variance, complicated background filled with distractors, and flexible viewpoints, which pose …",https://openaccess.thecvf.com/content/ICCV2021W/VisDrone/papers/Zhang_ViT-YOLOTransformer-Based_YOLO_for_Object_Detection_ICCVW_2021_paper.pdf
Comparison of CNN and YOLO for Object Detection,"… YOLO. This paper presents two representative algorithm series, based on CNN and YOLO … Compared with the latest advanced solution, YOLO v3 achieves a good trade-off between …",https://koreascience.kr/article/JAKO202011161035249.pdf
PP-YOLO: An effective and efficient implementation of object detector,"… Since all experiments in this paper are conducted based on PaddlePaddle, we call it PP-YOLO. By combining multiple tricks, PP-YOLO can achieve a better balance between …",https://arxiv.org/pdf/2007.12099
Yolo-based uav technology: A review of the research and its applications,"… —YOLO-based UAV technology (YBUT). UAVs provide more application scenarios for the YOLO algorithm, and the YOLO … In this way, drone technology and the YOLO algorithm can …",https://www.mdpi.com/2504-446X/7/3/190/pdf
Tinier-YOLO: A real-time object detection method for constrained environments,"… YOLO is one of the state-of-the-art … -YOLO-V3 is its latest variant with a small model that can run on embedded devices. In this paper, Tinier-YOLO, which is originated from TinyYOLO-V3…",https://ieeexplore.ieee.org/iel7/6287639/6514899/08941141.pdf
Damo-yolo: A report on real-time object detection design,"… method dubbed DAMO-YOLO, which achieves higher performance than the state-of-the-art YOLO series. … Hence, we discard the detector head in previous YOLO series works [1…",https://arxiv.org/pdf/2211.15444
A new YOLO-based method for real-time crowd detection from video and performance analysis of YOLO models,"… YOLO models were tested separately in the proposed method and their … YOLO v3 model achieved the highest value in accuracy rate and mAP (both 0.50 and 0.75) metrics, the YOLO …",https://link.springer.com/content/pdf/10.1007/s11554-023-01276-w.pdf
"Yolov5, yolo-x, yolo-r, yolov7 performance comparison: A survey","… Due to its fast & accurate detection, YOLO algorithm has huge … YOLO algorithms are analyzed for the accuracy and speed to yield the best performing model. YOLOv5, YOLO-X, YOLO-R …",https://csitcp.com/paper/12/1216csit02.pdf
Yolov1 to v8: Unveiling each variant–a comprehensive review of yolo,"… of internal architectural enhancements, YOLO has fostered a robustness that extends … -world impact of YOLO. Through specific examples where YOLO has showcased its efficacy, …",https://ieeexplore.ieee.org/iel7/6287639/10380310/10473783.pdf
YOLO* C—Adding context improves YOLO performance,… You Only Look Once (YOLO) algorithms deliver state-of-the-art performance in … YOLO-based algorithm that explicitly models the spatial context inherent in traffic scenes. The new YOLO*…,https://www.researchgate.net/profile/Goran-Oreski-2/publication/372914141_YOLOC_-Adding_context_improves_YOLO_performance/links/64cded20806a9e4e5cea9538/YOLOC-Adding-context-improves-YOLO-performance.pdf
Evolution of Yolo algorithm and Yolov5: The State-of-the-Art object detention algorithm,"… out of the computer vision research community, YOLO has been upgraded to five versions and … of YOLO, YOLOv5, is the latest version not developed by the original author of YOLO. …",https://www.theseus.fi/bitstream/handle/10024/452552/Do_Thuan.pdf?sequence=2.
Analysis of object detection performance based on Faster R-CNN,… performance of Faster R-CNN. This paper analyzed the performance of Faster RCNN models … of Faster R-CNN. The experimental results showed the accuracy and detection speed of …,https://iopscience.iop.org/article/10.1088/1742-6596/1827/1/012085/pdf
An improved faster R-CNN for small object detection,"… a new solution that modified the structure of Faster R-CNN, the network can integrate low-level … of Faster R-CNN, this paper proposes an improved method based on Faster R-CNN for …",https://ieeexplore.ieee.org/iel7/6287639/8600701/08786135.pdf
Faster r-cnn and yolo based vehicle detection: A survey,"… the time complexity of Fast R-CNN to some extent compared to R-CNN but the problem of … algorithm too exists in Fast R-CNN as like R-CNN, in Fast R-CNN too the region proposals …",https://www.researchgate.net/profile/Sriparna-Banerjee/publication/350727309_Faster_R-CNN_and_YOLO_based_Vehicle_detection_A_Survey/links/6521395a3ab6cb4ec6c3d538/Faster-R-CNN-and-YOLO-based-Vehicle-detection-A-Survey.pdf
Improving Faster R‐CNN Framework for Fast Vehicle Detection,"… This paper proposes an improved framework based on Faster R-CNN for fast … in Faster R-CNN. Then, NMS algorithm after the region proposal network in the original Faster R-CNN is …",https://onlinelibrary.wiley.com/doi/pdf/10.1155/2019/3808064
Few-shot adaptive faster r-cnn,"… We apply these three novel techniques to Faster R-CNN model and obtain the few-shot adaptive Faster-RCNN (FAFRCNN), which is able to adapt to novel domains with only a few …",https://openaccess.thecvf.com/content_CVPR_2019/papers/Wang_Few-Shot_Adaptive_Faster_R-CNN_CVPR_2019_paper.pdf
An improved faster R-CNN for high-speed railway dropper detection,… This paper proposes an improved Faster R-CNN algorithm … box regression loss function of Faster R-CNN. Through a center-… We validate the improved Faster R-CNN through extensive …,https://ieeexplore.ieee.org/iel7/6287639/8948470/09110596.pdf
Local keypoint-based Faster R-CNN,"… We incorporate local keypoints in Faster R-CNN to improve object detection. The designed keypoint anchors are coupled with Faster anchors to cover the deficiency of Faster R-CNN, …",https://hull-repository.worktribe.com/preview/3546445/Keypoint%20based%20Faster%20R-CNNv3.pdf
MS-Faster R-CNN: Multi-stream backbone for improved Faster R-CNN object detection and aerial tracking from UAV images,"… In this paper, we propose a novel DL model, namely, the Multi-Stream Faster R-CNN, to provide reliable features at different flight heights for improving tracking by UAVs. A standard …",https://www.mdpi.com/2072-4292/13/9/1670/pdf
Road damage detection and classification with detectron2 and faster r-cnn,"… Specifically, we evaluate Detectron2’s implementation of Faster R-CNN using different base … The results show that the X101-FPN base model for Faster R-CNN with Detectron2’s default …",https://arxiv.org/pdf/2010.15021
"Performance analysis and comparison of faster R-CNN, mask R-CNN and ResNet50 for the detection and counting of vehicles","… Accuracy of Faster RCNN goes on increasing by decreasing frame per second, but this study is performed at 30FPS to compare at same scenario under same circumstances with no …",https://www.researchgate.net/profile/Muhammad-Shahbaz-Khan/publication/350927615_Performance_Analysis_and_Comparison_of_Faster_R-CNN_Mask_R-CNN_and_ResNet50_for_the_Detection_and_Counting_of_Vehicles/links/624ec148b0cee02d69586d7a/Performance-Analysis-and-Comparison-of-Faster-R-CNN-Mask-R-CNN-and-ResNet50-for-the-Detection-and-Counting-of-Vehicles.pdf
Defrcn: Decoupled faster r-cnn for few-shot object detection,"… In this paper, we look closely into the conventional Faster R-CNN and analyze its … , named Decoupled Faster R-CNN (DeFRCN). To be concrete, we extend Faster R-CNN by introducing …",https://openaccess.thecvf.com/content/ICCV2021/papers/Qiao_DeFRCN_Decoupled_Faster_R-CNN_for_Few-Shot_Object_Detection_ICCV_2021_paper.pdf
Rapid detection of rice disease based on FCM-KM and faster R-CNN fusion,"… fast convergence. Therefore, a rapid rice disease detection method based on FCM-KM and Faster R-CNN … proposal to the Faster R-CNN network, and then train the Faster R-CNN. After …",https://ieeexplore.ieee.org/iel7/6287639/8600701/08847623.pdf
Faster R-CNN for multi-class fruit detection using a robotic vision system,"… Therefore, this paper proposes an improved Faster R-CNN for multiclass fruit detection using a deep learning framework to achieve higher efficiency, effectiveness, and reliability in …",https://ikee.lib.auth.gr/record/309885/files/Shaohua%20Wan_Sotirios%20Goudos.pdf
Iemask r-cnn: Information-enhanced mask r-cnn,"… of Mask RCNN, we focused on the classic model Mask R-CNN … -enhanced Mask R-CNN, called IEMask R-CNN. Compared … of Mask R-CNN, we focused on the classic Mask R-CNN and …",https://drive.google.com/file/d/1aYJiWbfXH0HWwAt5prPC5bpl1UIFQrIA/view
Object detection based on RGC mask R‐CNN,"… Faster R-CNN was improved to RoI Align in Mask R-CNN, and the bilinear interpolation method was used to reduce the position error of the boundary regression box. Additionally, the …",https://ietresearch.onlinelibrary.wiley.com/doi/pdfdirect/10.1049/iet-ipr.2019.0057
An improved mask R‐CNN model for multiorgan segmentation,"… We applied the Mask R-CNN to esophageal cancer medical image processing successfully. Most existing methods focus on single-organ segmentation, while this paper devotes to …",https://onlinelibrary.wiley.com/doi/pdf/10.1155/2020/8351725
Face Detection and Segmentation Based on Improved Mask R‐CNN,"… Mask R-CNN (G-Mask) is proposed in this paper. In particular, our scheme introduces Generalized Intersection over Union (GIoU) [26] as the loss function for bounding box regression …",https://onlinelibrary.wiley.com/doi/pdf/10.1155/2020/9242917
Instance segmentation of apple flowers using the improved mask R–CNN model,"… network architecture of Mask R–CNN, and proposed the Mask Scoring R–CNN model. The Mask Scoring R–CNN model improved the segmentation accuracy of the Mask R–CNN, and …",https://www.researchgate.net/profile/Yunong-Tian/publication/340164698_Instance_segmentation_of_apple_flowers_using_the_improved_mask_R-CNN_model/links/606281dd458515e8347d86f5/Instance-segmentation-of-apple-flowers-using-the-improved-mask-R-CNN-model.pdf
A new mask R-CNN-based method for improved landslide detection,"… tection by exploiting the Mask R-CNN capability of identifying an object layout by using a pixel-based segmentation, along with transfer learning used to train the proposed model. A …",https://ieeexplore.ieee.org/iel7/4609443/9314330/09373966.pdf
Deep learning-based apple detection using a suppression mask R-CNN,"… Mask R-CNN for apple detection, in which a suppression branch is added to the standard Mask R-CNN to … Further, we develop a novel Suppression Mask R-CNN that has superior …",https://www.sciencedirect.com/science/article/am/pii/S0167865521001616
Mask R-CNN-based detection and segmentation for pulmonary nodule 3D visualization diagnosis,"… Experimental results show that Mask R-CNN of weighted loss … 50 score of 0.882 using Mask R-CNN with weighted loss on … and segmentation tasks, we used Mask R-CNN, which is the …",https://ieeexplore.ieee.org/iel7/6287639/6514899/09016227.pdf
Faster training of Mask R-CNN by focusing on instance boundaries,"… to Mask R-CNN, an instance segmentation network, which leads to faster training of the mask … We propose to attach an Edge Agreement Head to the mask branch of Mask R-CNN which …",https://arxiv.org/pdf/1809.07069
Mask is all you need: Rethinking mask R-CNN for dense and arbitrary-shaped scene text detection,… the mask branch which commonly exists in Mask R-CNN based … • We analyze the performance degradation when Mask R-CNN … from the learning confusion issue in the mask head. …,https://arxiv.org/pdf/2109.03426
Detection and classification the breast tumors using mask R-CNN on sonograms,"… contour and biopsy were used as the ground truth for Mask R-CNN network training. … R-CNN, and the red one is differences and amendments between Mask R-CNN and Faster R-CNN. …",https://journals.lww.com/md-journal/_layouts/15/oaks.journals/downloadpdf.aspx?an=00005792-201905100-00004
Deep orange: Mask R-CNN based orange detection and segmentation,"… To this end, we present an application of Mask R-CNN to fruit detection and segmentation in orchard environments. The objective is to detect individual fruits and obtain pixelwise …",https://drive.google.com/file/d/1N--2K5liI_ooBA23Mcs6-CqgLbGoD6QE/view
Attention mask R-CNN for ship detection and segmentation from remote sensing images,"… improved Mask R-CNN model. Our proposed method can accurately detect and segment ships at the pixel level. By adding a bottom-up structure to the FPN structure of Mask R-CNN, …",https://ieeexplore.ieee.org/iel7/6287639/8948470/08951182.pdf
Medical image segmentation review: The success of u-net,"… with the inheritance design of U-net rather than the conceptual … U-Net, and following that, we will introduce the 3D U-Net. Eventually, we will elaborate on the importance of the U-Net …",https://arxiv.org/pdf/2211.14830
U-net and its variants for medical image segmentation: A review of theory and applications,"… Distribution of (a) U-net related papers in our survey by year of publication starting with 2017, (b) image modality in U-net related papers, and (c) application area in U-net related papers…",https://ieeexplore.ieee.org/iel7/6287639/9312710/09446143.pdf
A unified framework for U-Net design and analysis,… general U-Net architectures. We begin with a comprehensive definition of a U-Net which … Our U-Net framework paves the way to designing U-Nets which can model distributions …,https://proceedings.neurips.cc/paper_files/paper/2023/file/58575be50c9b47902359920a4d5d1ab4-Paper-Conference.pdf
UIU-Net: U-Net in U-Net for infrared small object detection,"… effective “U-Net in U-Net” framework, UIU-Net for short, and detect small objects in infrared images. As the name suggests, UIU-Net embeds a tiny UNet into a larger U-Net backbone, …",https://arxiv.org/pdf/2212.00968
U‐Net‐Based Medical Image Segmentation,"… medical imaging in recent years, U-Net has been cited academically more … U-Net architecture. This paper summarizes the medical image segmentation technologies based on the U-Net …",https://onlinelibrary.wiley.com/doi/pdf/10.1155/2022/4189781
Recurrent residual U-Net for medical image segmentation,"… U-Net, has become one of the most popular for these applications. We propose a recurrent U-Net model and a recurrent residual U-Net … The proposed models utilize the power of U-Net, …",https://www.spiedigitallibrary.org/journals/journal-of-medical-imaging/volume-6/issue-1/014006/Recurrent-residual-U-Net-for-medical-image-segmentation/10.1117/1.JMI.6.1.014006.pdf
An attempt at beating the 3D U-Net,… Our comparison between a simple U-Net architecture on the one hand and residual U-Net architectures on the other yielded inconclusive results: we were unable to declare a clear …,https://arxiv.org/pdf/1908.02182
Optimized U-Net for brain tumor segmentation,"… We propose an optimized U-Net architecture for a brain tumor segmentation task in the … Additionally, we have searched for the optimal depth of the U-Net encoder, number of …",https://arxiv.org/pdf/2110.03352
A u-net based discriminator for generative adversarial networks,"… U-Net based discriminator architecture, borrowing the insights from the segmentation literature. The proposed U-Net based … We evaluate the proposed U-Net GAN model across several …",http://openaccess.thecvf.com/content_CVPR_2020/papers/Schonfeld_A_U-Net_Based_Discriminator_for_Generative_Adversarial_Networks_CVPR_2020_paper.pdf
MultiResUNet: Rethinking the U-Net architecture for multimodal biomedical image segmentation,"… that the classical U-Net architecture seems to be … U-Net model. Following these modifications, we develop a novel architecture, MultiResUNet, as the potential successor to the U-Net …",https://arxiv.org/pdf/1902.04049
LCU-Net: A novel low-cost U-Net for environmental microorganism image segmentation,"… However, the adaptability of U-Net is limited by its single receptive field setting, and the memory cost of U-Net is relatively high in practical work, so we propose a novel Low-cost U-Net (…",https://www.project-10.de/Kosov/files/PRJ_2021.pdf
U-net vs transformer: Is u-net outdated in medical image registration?,"… convolutional block to a vanilla U-Net in order to enhance … the performance of the vanilla U-Net is already comparable with that … to the vanilla U-Net, we show that U-Net can outperform …",https://arxiv.org/pdf/2208.04939
Uctransnet: rethinking the skip connections in u-net from a channel-wise perspective with transformer,… U-Net and observe several major limitations according to our analysis on multiple datasets. We find that it is still challenging for U-Net … issues for the extension of U-Net: which layers of …,https://ojs.aaai.org/index.php/AAAI/article/download/20144/19903
Bu-net: Brain tumor segmentation using modified u-net architecture,"… , U-net cannot be directly applied if we require similar output resolution as that of input. Further, the U-Net … that resembles the U-Net architecture, which uses two-stage U-Net. However, …",https://www.mdpi.com/2079-9292/9/12/2203/pdf
DENSE-INception U-net for medical image segmentation,"… U-Net needs less training resources and can reserve more important feature information. However, the standard U-Net … paper is to make the U-Net deeper and wider without redundant …",https://pure.ulster.ac.uk/files/78473378/AcceptedDenseNet.pdf
Segmentation of roots in soil with U-Net,… requirements when compared to U-Net. We hypothesize that (1) U-Net will be able to … between root length density obtained from U-Net segmentations and root intensity obtained …,https://link.springer.com/content/pdf/10.1186/s13007-020-0563-0.pdf
Modality specific U-Net variants for biomedical image segmentation: a survey,… 1 illustrates that the latest approaches are developed by employing the U-Net framework … of U-Net architectural design developed for segmentation. It is evident that the U-Net model …,https://link.springer.com/content/pdf/10.1007/s10462-022-10152-1.pdf
Automated brain tumor segmentation on multi-modal MR image using SegNet,"… a fully convolutional neural network SegNet to 3D data sets … , the four separately trained SegNet models are integrated by … Experimental results demonstrate that using SegNet models …",https://link.springer.com/content/pdf/10.1007/s41095-019-0139-y.pdf
Liver tumor segmentation in CT scans using modified SegNet,The main cause of death related to cancer worldwide is from hepatic cancer. Detection of hepatic cancer early using computed tomography (CT) could prevent millions of patients’ death …,https://www.mdpi.com/1424-8220/20/5/1516/pdf
EV-SegNet: Semantic segmentation for event-based cameras,"Event cameras, as Dynamic Vision Sensor (DVS), are very promising sensors which have shown several advantages over frame-based cameras. However, most recent works on real …",http://openaccess.thecvf.com/content_CVPRW_2019/papers/EventVision/Alonso_EV-SegNet_Semantic_Segmentation_for_Event-Based_Cameras_CVPRW_2019_paper.pdf
An ensemble architecture of deep convolutional Segnet and Unet networks for building semantic segmentation from high-resolution aerial images,"… network called SegUnet, a combination of Segnet and Unet architectures for building objects … The model has an encoder–decoder architecture that incorporates index pooling (Segnet) …",https://opus.lib.uts.edu.au/bitstream/10453/148623/3/An%20ensemble%20architecture%20of%20deep%20convolutional%20Segnet%20and%20Unet%20networks%20for%20building%20semantic%20segmentation%20from%20high-resolution%20aerial%20images.pdf
COVID-19 lung CT image segmentation using deep learning methods: U-Net versus SegNet,"… We propose to use two known deep learning networks, SegNet and U-NET, for image tissue classification. SegNet is characterized as a scene segmentation network and U-NET as a …",https://link.springer.com/content/pdf/10.1186/s12880-020-00529-5.pdf
AM-SegNet for additive manufacturing in situ X-ray image segmentation and feature quantification,"… learning model, AM-SegNet, for segmenting and quantifying … AM-SegNet incorporates a lightweight convolution block and … Additionally, the application of AM-SegNet to other advanced …",https://www.tandfonline.com/doi/pdf/10.1080/17452759.2024.2325572
Water areas segmentation from remote sensing images using a separable residual segnet network,"… that the proposed SR-SegNet v1 and SR-SegNet v2 in this paper reduce the number of parameters by 65% and 71%, respectively, compared with the classical SegNet, and the training …",https://www.mdpi.com/2220-9964/9/4/256/pdf
Duo-SegNet: adversarial dual-views for semi-supervised medical image segmentation,"… We start this section by providing an overview of the Duo-SegNet (see Fig. 1 for a conceptual … The Duo-SegNet includes two basic modules, a dual view segmentation networks and a …",https://arxiv.org/pdf/2108.11154
"Image segmentation keras: Implementation of segnet, fcn, unet, pspnet and other models in keras","Semantic segmentation plays a vital role in computer vision tasks, enabling precise pixel-level understanding of images. In this paper, we present a comprehensive library for semantic …",https://arxiv.org/pdf/2307.13215
Comparison of multi-class and fusion of multiple single-class SegNet model for mapping karst wetland vegetation using UAV images,… multi-class SegNet model and fusion of multiple single-class SegNet model with different … (3) construction of multi-class SegNet model and fusion of four single-class SegNet models …,https://www.nature.com/articles/s41598-022-17620-2.pdf
Skin lesion segmentation using SegNet with binary CrossEntropy,In this paper a simple and computationally efficient approach as per the complexity has been presented for Automatic Skin Lesion Segmentation using a Deep Learning architecture …,https://www.academia.edu/download/61319526/paper20191124-21798-1159tha.pdf
Brain SegNet: 3D local refinement network for brain lesion segmentation,"… simple brain segmentation network (referred as Brain SegNet), which is a 3D residual … We further applied the proposed Brain SegNet for ischemic stroke lesion outcome prediction…",https://link.springer.com/content/pdf/10.1186/s12880-020-0409-2.pdf
Deep belief networks (DBN) for financial time series analysis and market trends prediction,"… Abstract: Deep Belief Networks (DBNs) represent a … deep learning techniques. By leveraging hierarchical layers of unsupervised Restricted Boltzmann Machines (RBMs), DBNs excel in …",https://adwenpub.com/index.php/wjimt/article/download/327/327
An optimization method for intrusion detection classification model based on deep belief network,"… to protect the network. Deep Belief Network (DBN), as a classic model of deep learning, has … However, the network structure of DBN is generally set through practical experience. For the …",https://ieeexplore.ieee.org/iel7/6287639/6514899/08751965.pdf
Deep belief networks (DBN) with IoT-based alzheimer's disease detection and classification,"… MRI features and Deep Belief Network (DBN) trained with the … patients is demonstrated by the DBN-MOA accuracy of 97.456… , and applicability of the DBN-MOA algorithm developed for …",https://www.mdpi.com/2076-3417/13/13/7833/pdf
An intrusion detection approach based on improved deep belief network,"… deep learning methods, the deep belief network (DBN) … This research is aimed at improving DBN to make the network better … detection approach based on improved DBN is proposed. In …",https://www.researchgate.net/profile/Dezhi-Han/publication/341198133_An_intrusion_detection_approach_based_on_improved_deep_belief_network/links/61a81684ca2d401f27b93c26/An-intrusion-detection-approach-based-on-improved-deep-belief-network.pdf
A developmental approach for training deep belief networks,"… unsupervised learning methods for stochastic neural networks known as Deep Belief Networks (DBNs) [2, 3]. Since their introduction, DBNs have been successfully used in many …",https://link.springer.com/content/pdf/10.1007/s12559-022-10085-5.pdf
An intrusion detection system based on deep belief networks,… performance of Deep Belief Networks (DBNs) on detecting cyber-attacks within a network of … train and evaluate the performance of our proposed DBN approach. Several class balancing …,https://arxiv.org/pdf/2207.02117
"Mapping the susceptibility to landslides based on the deep belief network: a case study in Sichuan Province, China","… using the deep belief network (DBN), a typical model based on deep learning technology, for mapping LS. DBN is a probability generating model. Compared with the neural network of …",https://www.researchgate.net/profile/Zheng-Han-11/publication/342514748_Mapping_the_susceptibility_to_landslides_based_on_the_deep_belief_network_a_case_study_in_Sichuan_Province_China/links/5ef96e3145851550507b0657/Mapping-the-susceptibility-to-landslides-based-on-the-deep-belief-network-a-case-study-in-Sichuan-Province-China.pdf
Deep belief network modeling for automatic liver segmentation,… on deep belief network (DBN) for liver segmentation. The proposed method was based on training by a DBN … The whole method of pretraining and fine tuning is known as DBN-DNN. In …,https://ieeexplore.ieee.org/iel7/6287639/6514899/08632904.pdf
Intrusion detection for IoT based on improved genetic algorithm and deep belief network,… (GA) and deep belief network (DBN). Facing different types of … detection model based on the DBN achieves a high detection … detection model combined with DBN can effectively improve …,https://ieeexplore.ieee.org/iel7/6287639/8600701/08662673.pdf
An improved quantum-inspired differential evolution algorithm for deep belief network,"… As a typical representative of deep learning, deep belief network (DBN) forms a more abstract high-level representation by combining low-level features to discover distributed feature …",https://www.researchgate.net/profile/Wu-Deng-3/publication/340181749_An_Improved_Quantum-Inspired_Differential_Evolution_Algorithm_for_Deep_Belief_Network/links/5f45cfdea6fdcccc4305f469/An-Improved-Quantum-Inspired-Differential-Evolution-Algorithm-for-Deep-Belief-Network.pdf
A study on different deep learning algorithms used in deep neural nets: MLP SOM and DBN,"… However, traditional neural networks SOM, MLP and DBN … DBN with deep learning models [1] and the techniques used to improve the performance of the model. MLP, SOM, and DBN …",https://link.springer.com/content/pdf/10.1007/s11277-022-10079-4.pdf
Medical multimedia big data analysis modeling based on DBN algorithm,"With the development of medical multimedia analysis methods based on DBN, DBN models have gained the ability to surpass medical experts in the evaluation of multimedia in some …",https://ieeexplore.ieee.org/iel7/6287639/6514899/08962052.pdf
Developing a multi-level intrusion detection system using hybrid-DBN,"… of DBN in other applications, a hybrid classification method based on DBN is proposed in this study. The motivation of the study was provided by examining the proposed DBN studies …",https://www.researchgate.net/profile/Ahmet-Suezen/publication/342365811_Developing_a_Multi-Level_Intrusion_Detection_System_Using_Hybrid-DBN/links/60e24f03458515d6fbfd3eaa/Developing-a-Multi-Level-Intrusion-Detection-System-Using-Hybrid-DBN.pdf
An efficient network behavior anomaly detection using a hybrid DBN-LSTM network,"… (DBN) and long short-term memory (LSTM) networks is proposed. First, a nonlinear feature extraction method using a DBN is … on a DBN by comparing the current approach without DBN-…",https://www.researchgate.net/profile/Aiguo-Chen-3/publication/357513537_An_Efficient_Network_Behavior_Anomaly_Detection_using_a_Hybrid_DBN-LSTM_Network/links/6426f42b66f8522c38e924e1/An-Efficient-Network-Behavior-Anomaly-Detection-using-a-Hybrid-DBN-LSTM-Network.pdf
Application of DBN and GWO-SVM in analog circuit fault diagnosis,"… Thirdly, the DBN can solve problems regarding the … a DBN and GWO-optimized SVM for fault diagnosis. First, the different initial fault modes of the analog circuit are set; then, the DBN is …",https://www.nature.com/articles/s41598-021-86916-6.pdf
Deep belief networks (DBN) for financial time series analysis and market trends prediction,"… data in the financial market, a [4-6] DBN (Deep Belief Network) model can be employed to … as the input for the DBN deep learning model. Consequently, a DBN-based deep learning …",https://adwenpub.com/index.php/wjimt/article/download/327/327
A DBN‐Based Deep Neural Network Model with Multitask Learning for Online Air Quality Prediction,"… ability of DBN and the … -DBN-DNN), pretrained by a deep belief network (DBN), is proposed for forecasting of nonlinear systems and tested on the forecast of air quality time series. DBN …",https://onlinelibrary.wiley.com/doi/pdf/10.1155/2019/5304535
An overview of restricted Boltzmann machines,"… To reduce the complexity of learning, the connectivity structure of the BM is restricted15, 19, 42. This model is called the restricted Boltzmann machine (RBM). The RBM model has …",https://journal.iisc.ac.in/index.php/iisc/article/download/4765/5052
Restricted Boltzmann machine: Recent advances and mean-field theory,… with restricted Boltzmann machine (RBM) under the light of statistical physics. The RBM is a classical family of machine … First the functioning of the RBM can be analyzed via the phase …,https://arxiv.org/pdf/2011.11307
Restricted boltzmann machine and deep belief network: Tutorial and survey,"… We introduce conditional RBM and how it is trained. Finally, we explain deep belief network as a stack of RBM models. This paper on Boltzmann machines can be useful in various …",https://arxiv.org/pdf/2107.12521
Experiment improvement of restricted Boltzmann machine methods for image classification,"… automated incremental learning algorithm that can be used in the deep architecture, and we will use other advanced types of RBM like Gaussian RBM and Deep Boltzmann Machines. …",https://www.worldscientific.com/doi/pdf/10.1142/S2196888821500184
Entanglement transitions from restricted Boltzmann machines,… We study the entanglement scaling of short-range restricted Boltzmann machine (RBM) … Our work establishes the presence of long-range correlated phases in RBM-based wave …,https://link.aps.org/accepted/10.1103/PhysRevB.104.104205
Restricted Boltzmann machines as models of interacting variables,"… In order to understand the effect of the choice of a particular architecture on the representational power of the corresponding RBM, namely, the subset of distributions that the RBM is …",https://arxiv.org/pdf/2103.15917
Random batch methods (RBM) for interacting particle systems,"We develop Random Batch Methods for interacting particle systems with large number of particles. These methods use small but random batches for particle interactions, thus the …",https://www.sciencedirect.com/science/article/am/pii/S0021999119305741
Jointly network: a network based on CNN and RBM for gesture recognition,"… , RBM-based multi-layer network is mostly used. Each of them has its own shortcomings. RBM-… And then, we introduce CNN and RBM networks and propose a jointly network based on …",https://researchportal.port.ac.uk/files/12186719/Jointly_network_a_network_based_on_CNN_and_RBM_for_gesture_recognition_Proof.pdf
Omicron SARS-CoV-2 mutations stabilize spike up-RBD conformation and lead to a non-RBM-binding monoclonal antibody escape,"Omicron SARS-CoV-2 is rapidly spreading worldwide. To delineate the impact of emerging mutations on spike’s properties, we performed systematic structural analyses on apo …",https://www.nature.com/articles/s41467-022-32665-7.pdf
Outperforming RBM feature-extraction capabilities by “dreaming” mechanism,"… , and compare them to the RBM reference. We find that, in a … and find that the DBM again outperforms the RBM reference. … Interestingly, the DBM outperforms the RBM, and we discuss …",https://iris.uniroma1.it/bitstream/11573/1658172/1/Fachech_Outperforming%20RBM_2022.pdf
Learning from results-based management evaluations and reviews,What have we learned from implementing results-based management in development co-operation organisations? What progress and benefits can be seen? What are the main …,https://www.diva-portal.org/smash/get/diva2:1376348/FULLTEXT01.pdf
Sustainable regenerated binding materials (RBM) utilizing industrial solid wastes for soil and aggregate stabilization,"This study presents an experimental investigation on a sustainable regenerated binding material (RBM), which is derived from several industrial solid wastes. Initially, the hydration …",https://www.academia.edu/download/116839435/j.jclepro.2020.12299120240716-1-8bvhkf.pdf
Sentiment analysis and feature extraction using rule-based model (RBM),"In the current era, each and every individual get benefited with available information on Internet that is used in decision-making by perceiving others’ attitude, opinions, sentiments, and …",https://www.researchgate.net/profile/Ashwini-Kumar-44/publication/329073021_Sentiment_Analysis_and_Feature_Extraction_Using_Rule-Based_Model_RBM_Proceedings_of_ICICC_2018_Volume_2/links/5dfc951b299bf10bc3694cf1/Sentiment-Analysis-and-Feature-Extraction-Using-Rule-Based-Model-RBM-Proceedings-of-ICICC-2018-Volume-2.pdf
Defining a de novo non-RBM antibody as RBD-8 and its synergistic rescue of immune-evaded antibodies to neutralize Omicron SARS-CoV-2,"Currently, monoclonal antibodies (MAbs) targeting the SARS-CoV-2 receptor binding domain (RBD) of spike (S) protein are classified into seven classes based on their binding epitopes…",https://www.pnas.org/doi/pdf/10.1073/pnas.2314193120
Toward a SARS-CoV-2 VLP Vaccine: HBc/G as a Carrier for SARS-CoV-2 Spike RBM and Nucleocapsid Protein-Derived Peptides,"… (RBM) is considered the most important region due to its direct interaction with the ACE2 receptor [27,28]. As the RBM … production of RBM-containing fusion proteins; thus, the RBM was …",https://www.mdpi.com/2076-393X/12/3/267/pdf
RBM-MHC: a semi-supervised machine-learning method for sample-specific prediction of antigen presentation by HLA-I alleles,… RBM-MHC can be trained on custom and newly available samples with no or a small amount of HLA annotations. RBM-… RBM-MHC is shown to be a flexible and easily interpretable …,https://www.cell.com/cell-systems/pdfExtended/S2405-4712(20)30456-7
AP205 VLPs based on dimerized capsid proteins accommodate RBM domain of SARS-CoV-2 and serve as an attractive vaccine candidate,"… RBM in bacteria is a valuable strategy to fight the pandemic [7]. Accordingly, we have chosen RBM … This resulted in the formation of immunogenic VLPs displaying RBM on the surface of …",https://www.mdpi.com/2076-393X/9/4/403/pdf
A survey on contrastive self-supervised learning,"… Self-supervised learning has gained popularity because of its ability to avoid the cost of … , contrastive learning has recently become a dominant component in self-supervised learning for …",https://www.mdpi.com/2227-7080/9/1/2/pdf
Self-supervised learning: A succinct review,… detailed literature on self-supervised learning as well as its … images learn from their visual features using self-supervised … self-supervised learning as well as different types of learning…,https://link.springer.com/content/pdf/10.1007/s11831-023-09884-2.pdf
S4l: Self-supervised semi-supervised learning,"… results [16], purely self-supervised techniques learn visual … We hypothesize that self-supervised learning techniques … to its widespread use in self-supervised learning methods, and to …",https://openaccess.thecvf.com/content_ICCV_2019/papers/Zhai_S4L_Self-Supervised_Semi-Supervised_Learning_ICCV_2019_paper.pdf
Self-supervised learning: Generative or contrastive,"… of self-supervised learning. We also present our categorization of self-supervised learning … From Sections 3, 4, and 5, we will introduce the empirical self-supervised learning methods …",https://arxiv.org/pdf/2006.08218
Graph self-supervised learning: A survey,"… Under the umbrella of graph self-supervised learning, we … CV [19], or self-supervised contrastive learning [35], while this … to the recent surveys on graph selfsupervised learning [36], [37]…",https://arxiv.org/pdf/2103.00111
Self-supervised learning for videos: A survey,"… ideas that advance self-supervised learning in the video and … existing approaches on self-supervised learning focusing on … learning objectives: (1) pretext tasks, (2) generative learning, …",https://arxiv.org/pdf/2207.00419&hl=en&sa=X&d=15794184987588458551&ei=JlDIYvfCDI72mgGq9JnICA&scisig=AAGBfm2sXdyykZM8AJ4a40Zb2AQxMtc78g&oi=scholaralrt&hist=T8vcOB4AAAAJ:638887244561382899:AAGBfm2bvDkZCbRhR9JkATjvxq-zIoNHhA&html=&pos=1&folt=cit
Self-supervised learning in remote sensing: A review,"… , documenting progress in self-supervised visual representation learning and how it did … selfsupervised visual representation learning. ◗ We summarize a taxonomy of self-supervised …",https://arxiv.org/pdf/2206.13188.pdf?trk=public_post_comment-text
Big self-supervised models are strong semi-supervised learners,"… Motivated by recent advances in self-supervised learning of visual representations [16–20, 1… for semi-supervised learning on ImageNet [21]. During self-supervised pretraining, images …",https://proceedings.neurips.cc/paper/2020/file/fcbc95ccdd551da181207c0c1400c655-Paper.pdf
Self-supervised learning of pretext-invariant representations,"… in self-supervised learning from images on several popular benchmarks for self-supervised learning… Despite being unsupervised, PIRL outperforms supervised pre-training in learning …",https://openaccess.thecvf.com/content_CVPR_2020/papers/Misra_Self-Supervised_Learning_of_Pretext-Invariant_Representations_CVPR_2020_paper.pdf
Using self-supervised learning can improve model robustness and uncertainty,"… In this paper, we applied self-supervised learning to improve the robustness and uncertainty of deep learning models beyond what was previously possible with purely supervised …",https://proceedings.neurips.cc/paper/2019/file/a2b15837edac15df90721968986f7f8e-Paper.pdf
Audio self-supervised learning: A survey,"Similar to humans' cognitive ability to generalize knowledge and skills, self-supervised learning (SSL) targets discovering general representations from large-scale data. This, through …",https://www.cell.com/patterns/pdf/S2666-3899(22)00241-0.pdf
"Data2vec: A general framework for self-supervised learning in speech, vision and language","… While the general idea of self-supervised learning is identical across modalities, the actual … self-supervised learning, we present data2vec, a framework that uses the same learning …",https://proceedings.mlr.press/v162/baevski22a/baevski22a.pdf
Self-supervised learning methods and applications in medical imaging analysis: A survey,… directions in self-supervised learning approaches for image … of the most recent self-supervised learning methods from the … in the field of self-supervised learning in medical imaging …,https://peerj.com/articles/cs-1045.pdf
Prottrans: Toward understanding the language of life through self-supervised learning,… We also assessed the information captured during selfsupervised pre-training of our protein LMs by using embeddings extracted from those models as sole input for supervised training. …,https://ieeexplore.ieee.org/iel7/34/4359286/09477085.pdf
Self-supervised learning from a multi-view perspective,… empirical perspectives on self-supervised learning. We show that the self-supervised learned … We believe this work sheds light on the advantages of self-supervised learning and may …,https://arxiv.org/pdf/2006.05576
Vicregl: Self-supervised learning of local visual features,"… have been used in self-supervised learning, and our work … in most standard self-supervised learning benchmarks. In order to … other global and local selfsupervised learning methods, all …",https://proceedings.neurips.cc/paper_files/paper/2022/file/39cee562b91611c16ac0b100f0bc1ea1-Paper-Conference.pdf
Unsupervised representation learning for time series: A review,"… of unsupervised representation learning approaches for time … evolving unsupervised representation learning approaches … , named ULTS (ie, Unsupervised Learning for Time Series), …",https://arxiv.org/pdf/2308.01578
A theoretical analysis of contrastive unsupervised representation learning,… This paper concerns unsupervised representation learning: using unlabeled data to learn a representation function f such that replacing data point x by feature vector f(x) in new …,https://arxiv.org/pdf/1902.09229
A theoretical analysis of contrastive unsupervised representation learning,… This paper concerns unsupervised representation learning: using unlabeled data to learn a representation function f such that replacing data point x by feature vector f(x) in new …,http://proceedings.mlr.press/v97/saunshi19a/saunshi19a.pdf
Tile2vec: Unsupervised representation learning for spatially distributed data,"… To fill this gap, we introduce Tile2Vec, an unsupervised representation learning algorithm that extends the distributional hypothesis from natural language — words appearing in similar …",https://aaai.org/ojs/index.php/AAAI/article/view/4288/4166
Continual unsupervised representation learning,… refer to as unsupervised continual learning. The focus is on learning representations without … We demonstrate the efficacy of CURL in an unsupervised learning setting with MNIST and …,https://proceedings.neurips.cc/paper_files/paper/2019/file/861578d797aeb0634f77aff3f488cca2-Paper.pdf
Unsupervised state representation learning in atari,"… We compare various unsupervised representation learning … the ability of different representation learning methods at … Atari 2600 games using the Arcade Learning Environment [ALE, 28]…",https://proceedings.neurips.cc/paper_files/paper/2019/file/6fb52e71b837628ac16539c1ff911667-Paper.pdf
Viewmaker networks: Learning views for unsupervised representation learning,… methods for unsupervised representation learning train … adoption of unsupervised representation learning methods across … : generative models that learn to produce useful views …,https://arxiv.org/pdf/2010.07432
Simple unsupervised graph representation learning,"… a new contrastive learning method, namely Simple Unsupervised Graph Representation Learning (SUGRL), to achieve effectiveness and scalability for representation learning, as …",https://ojs.aaai.org/index.php/AAAI/article/download/20748/20507
Federated unsupervised representation learning,… a new problem in federated learning called federated unsupervised representation learning (FURL) to learn a common representation model without supervision while preserving data …,https://arxiv.org/pdf/2010.08982
Online deep clustering for unsupervised representation learning,… learning methods have shown remarkable performance in unsupervised representation learning… and network parameters update leads to unstable learning of visual representations. To …,https://openaccess.thecvf.com/content_CVPR_2020/papers/Zhan_Online_Deep_Clustering_for_Unsupervised_Representation_Learning_CVPR_2020_paper.pdf
A large-scale study on unsupervised spatiotemporal representation learning,"… We present a large-scale study on unsupervised spatiotemporal representation learning from videos. With a unified perspective on four recent image-based frameworks, we study a …",https://openaccess.thecvf.com/content/CVPR2021/papers/Feichtenhofer_A_Large-Scale_Study_on_Unsupervised_Spatiotemporal_Representation_Learning_CVPR_2021_paper.pdf
Seco: Exploring sequence supervision for unsupervised representation learning,"… learning has made significant progress and is still dominant in visual representation learning. … In contrast, unsupervised representation learning alleviates the issues by completely …",https://ojs.aaai.org/index.php/AAAI/article/view/17274/17081
Unsupervised scalable representation learning for multivariate time series,… unsupervised general-purpose representation learning for time series. In spite of the increasing amount of work about representation learning … an unsupervised representation learning …,https://proceedings.neurips.cc/paper/2019/file/53c6de78244e9f528eb3e1cda69699bb-Paper.pdf
Aet vs. aed: Unsupervised representation learning by auto-encoding transformations rather than data,"… enough for unsupervised learning since our ultimate goal is not to obtain an accurate estimate of input transformation; instead, we aim at learning a good feature representation to give …",https://openaccess.thecvf.com/content_CVPR_2019/papers/Zhang_AET_vs._AED_Unsupervised_Representation_Learning_by_Auto-Encoding_Transformations_Rather_CVPR_2019_paper.pdf
Evolving losses for unsupervised video representation learning,"… -learning [17] has also been explored. In this paper, we propose a generalized approach to unsupervised representation learning, … improved by unsupervised representation learning. …",http://openaccess.thecvf.com/content_CVPR_2020/papers/Piergiovanni_Evolving_Losses_for_Unsupervised_Video_Representation_Learning_CVPR_2020_paper.pdf
Momentum contrast for unsupervised visual representation learning,"… Unsupervised representation learning is highly successful in … computer vision, where unsupervised methods generally lag … dictionaries, on which unsupervised learning can be based. …",http://openaccess.thecvf.com/content_CVPR_2020/papers/He_Momentum_Contrast_for_Unsupervised_Visual_Representation_Learning_CVPR_2020_paper.pdf
Unsupervised representation learning for time series with temporal neighborhood coding,"… In this paper, we propose a self-supervised framework for learning generalizable representations … We compare our method to recently developed unsupervised representation learning …",https://arxiv.org/pdf/2106.00750
An unsupervised autoregressive model for speech representation learning,… unsupervised autoregressive neural model for learning generic speech representations. In contrast to other speech representation learning … supervised and unsupervised approaches. …,https://arxiv.org/pdf/1904.03240
Propagate yourself: Exploring pixel-level consistency for unsupervised visual representation learning,… unsupervised/supervised methods. Though past evaluations of unsupervised representation learning … vised representation learning and a promising setting for pixel-level approaches. …,https://openaccess.thecvf.com/content/CVPR2021/papers/Xie_Propagate_Yourself_Exploring_Pixel-Level_Consistency_for_Unsupervised_Visual_Representation_Learning_CVPR_2021_paper.pdf
Unsupervised representation learning by predicting random distances,"… As a result, their transformation power is largely reduced for tasks that are unsupervised … unsupervised representation learning techniques to enable downstream unsupervised learning …",https://arxiv.org/pdf/1912.12186
A survey on evolutionary neural architecture search,"… Neural architecture search (NAS) is a type of technology that can design the architectures automatically. Among different methods to realize NAS, the evolutionary computation (EC) …",https://arxiv.org/pdf/2008.10937
Neural architecture search: A survey,"… Currently employed architectures have mostly been developed … interest in automated neural architecture search methods. We … to three dimensions: search space, search strategy, and …",https://www.jmlr.org/papers/volume20/18-598/18-598.pdf
A comprehensive survey of neural architecture search: Challenges and solutions,"… However, the design of the neural architecture heavily relies on the researchers’ prior … let the algorithm automatically design the neural architecture. Neural Architecture Search (NAS) is …",https://arxiv.org/pdf/2006.02903
A survey on neural architecture search,"… formally define the problem of neural architecture search. We denote the space of all datasets as D, the space of all deep learning models as M, and the architecture search space as A. …",https://arxiv.org/pdf/1905.01392
Auto-keras: An efficient neural architecture search system,"… neural architecture search with network morphism is proposed, which utilizes Bayesian optimization to guide through the search … , an edit-distance neural network kernel is constructed. …",https://dl.acm.org/doi/pdf/10.1145/3292500.3330648
Neural architecture search without training,… Designing a neural architecture by hand is a challenging and time-consuming task. It is … This has prompted an abundance of research into neural architecture search (NAS); the …,http://proceedings.mlr.press/v139/mellor21a/mellor21a.pdf
Neural predictor for neural architecture search,… Neural Architecture Search methods are effective but often use complex algorithms to come up with the best architecture. … We will modify their approach to handle neural architectures …,https://arxiv.org/pdf/1912.00848
Evaluating the search phase of neural architecture search,"Neural Architecture Search (NAS) aims to facilitate … search phase. To this end, we compare the quality of the solutions obtained by NAS search policies with that of random architecture …",https://arxiv.org/pdf/1902.08142
Mnasnet: Platform-aware neural architecture search for mobile,"… neural architecture search (MNAS) approach, which explicitly incorporate model latency into the main objective so that the search … balance between flexibility and search space size, we …",http://openaccess.thecvf.com/content_CVPR_2019/papers/Tan_MnasNet_Platform-Aware_Neural_Architecture_Search_for_Mobile_CVPR_2019_paper.pdf
Random search and reproducibility for neural architecture search,"… In line with prior work [49, 39, 32], we consider the two standard benchmarks for neural architecture search: (1) language modeling on the Penn Treebank (PTB) dataset [35] and (2) …",http://proceedings.mlr.press/v115/li20c/li20c.pdf
Nas-bench-101: Towards reproducible neural architecture search,"… search space as a whole. We illustrate such potential by measuring search space properties relevant to architecture search… of open source architecture/hyperparameter search methods, …",http://proceedings.mlr.press/v97/ying19a/ying19a.pdf
Bayesnas: A bayesian approach for neural architecture search,… Search Space Design The search space defines which neural architectures a NAS approach … Designing a good search space is a challenging problem for NAS. Some works (Zoph & Le…,http://proceedings.mlr.press/v97/zhou19e/zhou19e.pdf
Nsga-net: neural architecture search using multi-objective genetic algorithm,"… an evolutionary approach for neural architecture search (NAS)… of the space of potential neural network architectures, and (3) a … search algorithm that explores a space of potential neural …",https://arxiv.org/pdf/1810.03522
Nas-bench-201: Extending the scope of reproducible neural architecture search,… Neural architecture search (NAS) has achieved breakthrough success in a great number of … algorithms search architectures under different search space. These searched architectures …,https://arxiv.org/pdf/2001.00326
NAS-FCOS: Fast neural architecture search for object detection,"… neural networks relies on significant architecture engineering. Recently neural architecture search … design by automatically searching for optimal architectures, although typically such al…",http://openaccess.thecvf.com/content_CVPR_2020/papers/Wang_NAS-FCOS_Fast_Neural_Architecture_Search_for_Object_Detection_CVPR_2020_paper.pdf
Autogan: Neural architecture search for generative adversarial networks,… guiding the GAN search process. This paper presents an architecture search scheme specifically … Our technical innovations are summarized as follows: • We define the search space to …,https://openaccess.thecvf.com/content_ICCV_2019/papers/Gong_AutoGAN_Neural_Architecture_Search_for_Generative_Adversarial_Networks_ICCV_2019_paper.pdf
Auto-deeplab: Hierarchical neural architecture search for semantic image segmentation,"… In this work, we apply neural architecture search … In this paper, we present one of the first attempts to extend Neural Architecture Search beyond image classification to dense image …",https://openaccess.thecvf.com/content_CVPR_2019/papers/Liu_Auto-DeepLab_Hierarchical_Neural_Architecture_Search_for_Semantic_Image_Segmentation_CVPR_2019_paper.pdf
Hierarchical neural architecture search for deep stereo matching,"… To reduce the human efforts in neural network design, Neural Architecture Search (NAS) has been applied with remarkable success to various high-level vision tasks such as …",https://proceedings.neurips.cc/paper/2020/file/fc146be0b230d7e0a92e66a6114b840d-Paper.pdf
Neural architecture search for transformers: A survey,"… Neural Architecture Search techniques, targeting the Transformer model and its family of architectures … state-of-theart Neural Architecture Search methods and explore future directions …",https://ieeexplore.ieee.org/iel7/6287639/6514899/09913476.pdf
Efficient automation of neural network design: A survey on differentiable neural architecture search,"… Diferentiable Neural Architecture Search (… NEURAL ARCHITECTURE SEARCH In the literature, handcrafted approaches have irst been used to ind optimal Deep Learning architectures…",https://arxiv.org/pdf/2304.05405
Hyper-parameter optimization: A review of algorithms and applications,"… The paper concludes with problems that exist when HPO is applied to deep learning, a comparison between optimization algorithms, and prominent approaches for model evaluation …",https://arxiv.org/pdf/2003.05689
Efficient hyperparameter optimization in deep learning using a variable length genetic algorithm,… Those who rely on automatic hyperparameter optimization tools usually do not have that … variable length genetic algorithm for deep learning hyperparameter optimization. It starts from a …,https://arxiv.org/pdf/2006.12703
On hyperparameter optimization of machine learning algorithms: Theory and practice,"… Since all neural network models have an input layer and an output layer, the complexity of a deep learning model mainly depends on the number of hidden layers and the number of …",https://arxiv.org/pdf/2007.15745
Hyperparameter optimization,"… The flexibility of deep learning can also enable Bayesian optimization on more complex tasks. For example, a variational auto-encoder can be used to embed complex inputs (such as …",https://library.oapen.org/bitstream/handle/20.500.12657/23012/1/1007149.pdf#page=15
Hyperparameter optimization in learning systems,… The recent interest in hyperparameter optimization is related to the importance and … the deep learning architectures. The existing deep learning hyperparameter optimization algorithms …,https://www.academia.edu/download/80147977/s41965-019-00023-0.pdf
Attack classification of an intrusion detection system using deep learning and hyperparameter optimization,… Models were developed using hyperparameter optimization procedures. This research … to deep learning structure models through an automatic hyperparameter optimization process …,http://eprints.binadarma.ac.id/13318/1/2021-JISA.pdf
Dynamical hyperparameter optimization via deep reinforcement learning in tracking,"… vision problems, such as deep learning-based visual object … Most hyperparameter optimization algorithms tend to search … a novel dynamical hyperparameter optimization method that …",https://drive.google.com/file/d/1LFqag_UfQVQROymFg0dFf4tV7qA4kFpv/view
"Hyperparameter optimization: Foundations, algorithms, best practices, and open challenges","… After a general introduction of hyperparameter optimization, we review important HPO methods such as grid or random search, evolutionary algorithms, Bayesian optimization, …",https://wires.onlinelibrary.wiley.com/doi/pdfdirect/10.1002/widm.1484
Identification of clathrin proteins by incorporating hyperparameter optimization in deep learning and PSSM profiles,"… We present a deep learning model using a two-dimensional convolutional neural network (… Based on the 10-fold cross-validation results, hyper-parameter optimization process was …",https://dr.ntu.edu.sg/bitstream/10356/143870/2/Identification%20of%20clathrin%20proteins%20by%20incorporating%20hyperparameter%20optimization%20in%20deep%20learning%20and%20PSSM%20profiles.pdf
Deep neural network hyperparameter optimization with orthogonal array tuning,"… , the hyper-parameter ranges in Bayesian Optimization are … for hyper-parameter tuning in the context of deep learning. The proposed OATM is evaluated over two popular deep learning …",https://arxiv.org/pdf/1907.13359
Evaluation of hyperparameter optimization in machine and deep learning methods for decoding imagined speech EEG,"… Three traditional machine learning approaches were used as benchmark methods, and … of deep learning approaches in comparison with standard machine learning methods. …",https://www.mdpi.com/1424-8220/20/16/4629/pdf
Basic enhancement strategies when using Bayesian optimization for hyperparameter tuning of deep neural networks,"… it is used for DNN hyperparameter optimization. Specifically, … algorithm for DNN hyperparameter optimization - DEEP-BO (… the hyperparameter setting, and deep learning researchers …",https://ieeexplore.ieee.org/iel7/6287639/8948470/09037259.pdf
Understanding the effect of hyperparameter optimization on machine learning models for structure design problems,… on the effect of hyperparameters on the accuracy … hyperparameter optimization framework to deepen our understanding of the effect. Based on the sequential model-based optimization …,https://arxiv.org/pdf/2007.04431
Machine learning model optimization with hyper parameter tuning approach,"… A few of the most effective techniques for tuning hyper-parameters in the Deep learning methods are: Grid search, Random forest, Bayesian optimization, etc. Every method has some …",https://www.academia.edu/download/98220794/2-Machine-Learning-Model-Optimization.pdf
A review of deep transfer learning and recent advancements,"… learning and deep learning, please refer to [1], since this paper is focused on deep transfer learning, and … should have a thorough understanding of machine learning and deep learning. …",https://www.mdpi.com/2227-7080/11/2/40/pdf
Deep learning and transfer learning approaches for image classification,"… We have included transfer learning by using the CNN’s pre-trained architectures. … deep learning architectures. We explained about the pre-trained models, by applying transfer learning. …",https://www.researchgate.net/profile/Hemantha-Kumar-Kalluri/publication/333666150_Deep_Learning_and_Transfer_Learning_Approaches_for_Image_Classification/links/5cfbeeb9a6fdccd1308d6aae/Deep-Learning-and-Transfer-Learning-Approaches-for-Image-Classification.pdf
A comprehensive survey on transfer learning,"… representative transfer learning approaches, especially homogeneous transfer learning approaches, from the perspectives of data and model. The applications of transfer learning are …",https://arxiv.org/pdf/1911.02685
A novel deep learning based framework for the detection and classification of breast cancer using transfer learning,"… a novel deep learning framework for the detection and classification of breast cancer in breast cytology images using the concept of transfer learning. In general, deep learning …",https://www.academia.edu/download/116257640/j.patrec.2019.03.02220240622-1-icqlge.pdf
A decade survey of transfer learning (2010–2020),"… Recently, transfer learning (TL) has been brought to our attention to deal with all three difficulties. Primarily, TL aims to solve the target task by leveraging the knowledge …",https://ieeexplore.ieee.org/ielaam/9078688/9368888/9336290-aam.pdf
A deep learning-based framework for automatic brain tumors classification using transfer learning,"… To evaluate and explore the performance of deep networks, two studies of transfer learning (… Although this paper explored three architectures of deep CNN and transfer learning …",https://www.academia.edu/download/62877518/rehman201920200408-84265-4sqn0t.pdf
What is being transferred in transfer learning?,"… of transfer learning in various deep learning applications, we yet do not understand what enables a successful transfer and … See Figure 1 for sample images of the transfer learning tasks …",https://proceedings.neurips.cc/paper/2020/file/0607f4c705595b911a4f3e7a127b44e0-Paper.pdf
A novel deep-learning model for automatic detection and classification of breast cancer using the transfer-learning technique,"… In this work, a new deep-learning (DL) model based on the transfer-learning (TL) technique is developed to efficiently assist in the automatic detection and diagnosis of the BC …",https://ieeexplore.ieee.org/iel7/6287639/6514899/09427477.pdf
Transfer learning using vgg-16 with deep convolutional neural network for classifying images,"… , Transferring of Knowledge or transfer learning from disparate domains would be desirable. Transfer learning … Transfer learning can be used for classification, regression and clustering …",https://www.researchgate.net/profile/Srikanth-Tammina/publication/337105858_Transfer_learning_using_VGG-16_with_Deep_Convolutional_Neural_Network_for_Classifying_Images/links/5dc94c3ca6fdcc57503e6ad9/Transfer-learning-using-VGG-16-with-Deep-Convolutional-Neural-Network-for-Classifying-Images.pdf?_sg%5B0%5D=started_experiment_milestone&origin=journalDetail&_rtd=e30%3D
Towards a better understanding of transfer learning for medical imaging: a case study,"… In summarizing this paper, there are six main highlights: (i) the issue of the lack of training has been tackled using transfer learning; (ii) a hybrid deep learning model has been proposed …",https://www.mdpi.com/2076-3417/10/13/4523/pdf
A survey of transfer learning for convolutional neural networks,"… In section V, we discuss about transfer learning applied to deep learning. In section VI, we present different types of transfer learning. And finally, in section VII we cover trends and …",https://www.researchgate.net/profile/Ricardo-Ribani/publication/337794654_A_Survey_of_Transfer_Learning_for_Convolutional_Neural_Networks/links/61fd31821e98d168d7ee6adf/A-Survey-of-Transfer-Learning-for-Convolutional-Neural-Networks.pdf
Deep learning and transfer learning features for plankton classification,"… Cui et al. proposed a transfer learning approach starting from … both deep learned approaches and transfer learning with the … of using pre-trained CNN for transfer learning, (iii) the …",https://cris.unibo.it/bitstream/11585/722438/2/ECOINF_2018_261_Revision1.pdf
Transfusion: Understanding transfer learning for medical imaging,"… learned representations and features, we find that some of the differences from transfer learning … We also explore feature independent benefits of transfer arising from weight scalings. …",https://proceedings.neurips.cc/paper_files/paper/2019/file/eb1e78328c46506b46a4ac4a1e378b91-Paper.pdf
A systematic review of deep transfer learning for machinery fault diagnosis,"… , the deep transfer learning consisting of both transfer learning and deep learning components … This paper reviews the research progress of the deep transfer learning for the machinery …",https://www.academia.edu/download/96761302/j.neucom.2020.04.04520230103-1-h313e4.pdf
Deep learning for electromyographic hand gesture signal classification using transfer learning,… transfer learning on aggregated data from multiple users while leveraging the capacity of deep learning algorithms to learn … Three different deep learning networks employing three …,https://ieeexplore.ieee.org/iel7/7333/4359219/08630679.pdf
Transfer learning in natural language processing,"… , sequential transfer learning where tasks are learned in sequence. Sequential transfer learning consists of two stages: a pretraining phase in which general representations are learned …",https://aclanthology.org/N19-5004.pdf
A brief review of domain adaptation,"… It addresses the categorization of domain adaptation from different viewpoints. Besides, it … and deep domain adaptation approaches that aim to deal with domain adaptation problems. …",https://arxiv.org/pdf/2010.03978
Deep unsupervised domain adaptation: A review of recent advances and perspectives,"… unsupervised deep domain adaptation. The coverage of UDA, especially deep learning-based UDA, has been limited in the general transfer learning reviews. Many prior reviews of …",https://www.nowpublishers.com/article/OpenAccessDownload/SIP-2022-0019
A survey of unsupervised deep domain adaptation,"… domain adaptation methods, the components of those methods, and the results. Then, we overview domain adaptation theory and discuss what we can learn … for domain adaptation. …",https://dl.acm.org/doi/pdf/10.1145/3400066
Multi-source domain adaptation in the deep learning era: A systematic survey,"… Multi-source domain adaptation (MDA) is a powerful extension in which the labeled data … in the deep learning era, including latent space transformation and intermediate domain gen…",https://arxiv.org/pdf/2002.12169
Advancing medical imaging informatics by deep learning-based domain adaptation,… Domain adaptation (DA) has been developed to transfer the … data domain to a related but unlabeled domain in either image space or feature space. DA is a type of transfer learning (TL) …,https://www.thieme-connect.com/products/ejournals/pdf/10.1055/s-0040-1702009.pdf
Deep-learning domain adaptation techniques for credit cards fraud detection,… two domain adaptation techniques in a deep neural network setting: the first one is an original domain adaptation … to transfer properties of the source domain to the target one and the …,https://b-lebichot.github.io/publications/Deep-learning%20domain%20adaptation%20techniques%20for%20credit%20card%20fraud%20detection%20-%20preprint.pdf
On learning invariant representations for domain adaptation,… We consider the unsupervised domain adaptation problem where the learning algorithm … source domain and a set of unlabeled points {xj}m j=1 ∈ Xm sampled iid from the target domain…,http://proceedings.mlr.press/v97/zhao19a/zhao19a.pdf
Universal domain adaptation,… training data such that we can train a deep learning model that generalizes well. An alternative … domain (source domain) to improve the model for the domain of interest (target domain). …,http://openaccess.thecvf.com/content_CVPR_2019/papers/You_Universal_Domain_Adaptation_CVPR_2019_paper.pdf
A review of single-source deep unsupervised visual domain adaptation,… often performs poorly due to the presence of domain shift or dataset bias . Domain adaptation (DA) is a machine learning paradigm that aims to learn a model from a source domain that …,https://arxiv.org/pdf/2009.00155
Learning to transfer examples for partial domain adaptation,"… We compare the proposed ETN model with state-of-theart deep learning and (partial) domain adaptation methods: ResNet-50 [15], Deep Adaptation Network (DAN) [21], Domain-…",https://openaccess.thecvf.com/content_CVPR_2019/papers/Cao_Learning_to_Transfer_Examples_for_Partial_Domain_Adaptation_CVPR_2019_paper.pdf
Joint domain alignment and discriminative feature learning for unsupervised deep domain adaptation,… which guarantee the domain invariant features with … learning the discriminative features in the shared feature space can significantly boost the performance of deep domain adaptation …,https://aaai.org/ojs/index.php/AAAI/article/view/4202/4080
Towards accurate model selection in deep unsupervised domain adaptation,… we review the model selection methods in both supervised learning and domain adaptation. … Deep domain adaptation models usually close the domain gap by learning domain-…,http://proceedings.mlr.press/v97/you19a/you19a.pdf
Domain Adaptation-Based deep learning model for forecasting and diagnosis of glaucoma disease,… a domain adaptation-based deep learning model called Glaucoma Domain Adaptation (GDA) … GDA learns domain-invariant and domain-specific representations to extract both general …,https://www.techrxiv.org/doi/pdf/10.36227/techrxiv.21391551.v2
Cluster alignment with a teacher for unsupervised domain adaptation,"… of the source and target domains, while ignoring their … domain adaptation, which can effectively incorporate the discriminative clustering structures in both domains for better adaptation. …",http://openaccess.thecvf.com/content_ICCV_2019/papers/Deng_Cluster_Alignment_With_a_Teacher_for_Unsupervised_Domain_Adaptation_ICCV_2019_paper.pdf
Comparing rewinding and fine-tuning in neural network pruning,"… We study neural network pruning on a variety of standard architectures for image classification and machine translation. Specifically, we consider ResNet-56 (He et al., 2016) for CIFAR-…",https://arxiv.org/pdf/2003.02389
Improving optimization of convolutional neural networks through parameter fine-tuning,"… In recent years, convolutional neural networks have achieved state-of-the-… fine-tuning wherein a network is pre-trained on a different dataset can boost the performance of these networks…",https://link.springer.com/content/pdf/10.1007/s00521-017-3285-0.pdf
Arabic sign language recognition through deep neural networks fine-tuning,"… and fine tuning deep convolutional neural networks (… network, and finally, our own soft-max classification layer is added as the final layer after the last fully connected layer. The networks …",https://www.learntechlib.org/p/217934/paper_217934.pdf
Transfer learning with adaptive fine-tuning,"… The problem of feature selection could be easily translated to the problem of finding the most optimal selection of layers for a given neural network architecture, enabled for fine-tuning, …",https://ieeexplore.ieee.org/iel7/6287639/6514899/09241777.pdf
How deeply to fine-tune a convolutional neural network: a case study using a histopathology dataset,"… study showed that fine-tuning the entire network did not give … that for shallow networks like VGG, fine-tuning the top layers … deep networks like InceptionV3, fine-tuning the entire network …",https://www.mdpi.com/2076-3417/10/10/3359/pdf
Spottune: transfer learning through adaptive fine-tuning,"… our goal is to determine the parameters in a neural network that should be frozen or fine-tuned … Although our approach could be applied to different deep neural network architectures, in …",https://openaccess.thecvf.com/content_CVPR_2019/papers/Guo_SpotTune_Transfer_Learning_Through_Adaptive_Fine-Tuning_CVPR_2019_paper.pdf
Free fine-tuning: A plug-and-play watermarking scheme for deep neural networks,"… embedding specifically without fine-tuning the target model … is free of target model fine-tuning, which shows potential in … IP protection, as opposed to fine-tuning the target model in prior …",https://arxiv.org/pdf/2210.07809
Breast Cancer Prediction Empowered with Fine‐Tuning,"… , we proposed a fine-tuning model using AlexNet in the neural network to extract … fine-tuning in the neural network can detect breast cancer using MRI images and train a neural network …",https://onlinelibrary.wiley.com/doi/pdf/10.1155/2022/5918686
Evaluation of scalability and degree of fine-tuning of deep convolutional neural networks for COVID-19 screening on chest X-ray images using explainable deep …,"… degree of fine-tuning on transfer learning with a deep convolutional neural network (CNN)-… CNNs called VGG-16 and VGG-19 were used as backbone networks. Then, each backbone …",https://www.mdpi.com/2075-4426/10/4/213/pdf
Recurrent neural network pruning using dynamical systems and iterative fine-tuning,Network pruning techniques are widely employed to reduce the memory requirements and increase the inference speed of neural networks. This work proposes a novel RNN pruning …,https://www.iti.gr/iti/wp-content/uploads/m-files/document/publications/1-s2.0-S0893608021002641-main.pdf
Fine-tuning convolutional neural network with transfer learning for semantic segmentation of ground-level oilseed rape images in a field with high weed pressure,… network and fine-tuning it for another task using new image datasets. Fine-tuning the whole network with transfer learning is generally much faster and easier than training the network …,https://drive.google.com/file/d/1W4WkGcioE_aAjW-KDIf0xsrgTqD4NhhM/view
Classification of astronomical bodies by efficient layer fine-tuning of deep neural networks,… This paper aims to evaluate transfer learning models by sequentially fine tuning the layers in … fine tuning and model performance. Models are evaluated using metrics such as validation …,https://arxiv.org/pdf/2205.07124
… hyperparameter fine-tuning for boosting the robustness and quality of the particle swarm optimization algorithm for non-linear RBF neural network modelling and its …,"… neural network (RBFNN) is proposed for identifying and diagnosing non-linear systems. The neural network … , width, and weights, but also for network size (the count of neurons stored in …",https://www.mdpi.com/2227-7390/11/1/242/pdf
Fine-tuning large neural language models for biomedical natural language processing,… study on fine-tuning stability in biomedical NLP. We show that fine-tuning performance may … addressing fine-tuning instability. We show that these techniques can substantially improve …,https://www.cell.com/patterns/pdf/S2666-3899(23)00069-7.pdf
Factorizing knowledge in neural networks,"… Moreover, these factor networks are expected to be readily integratable, meaning that we … factor networks, without any fine-tuning, to produce a more competent multi-talented network. …",https://arxiv.org/pdf/2207.03337
A comparative study of fine-tuning deep learning models for plant disease identification,"… In this work, an evaluation of the state-of-the-art convolutional neural network and fine-tuning it for the task of plant disease identification and classification using images from …",https://www.academia.edu/download/89209710/j.compag.2018.03.03220220802-1-a64uib.pdf
Predicting Alzheimer's disease progression using multi-modal deep learning approach,"… To evaluate the performance and effectiveness of our proposed longitudinal multi-modal deep learning method, we used three schemes and compared their performances (Table 2). In …",https://www.nature.com/articles/s41598-018-37769-z.pdf
Multi-modal deep learning diagnosis of parkinson's disease—A systematic review,"… While prodromal diagnosis primarily relies on non-motor symptoms, our systematic review proposes a multi-modal deep learning approach to enhance early clinical diagnosis based on …",https://ieeexplore.ieee.org/iel7/7333/4359219/10129131.pdf
Multi-modal deep analysis for multimedia,"… [50], we focus on multi-modal transfer learning in multimedia through … deep learning methods and so forth in this section. One benefit brought by deep neural network is the famous deep …",https://arxiv.org/pdf/1910.04964
Multi-modal deep learning for Fuji apple detection using RGB-D cameras and their radiometric capabilities,"… This work presents the KFuji RGB-DS database, composed of 967 multi-modal images containing a total of 12,839 Fuji apples. Compilation of the database allowed a study of the …",https://upcommons.upc.edu/bitstream/handle/2117/175186/postprint-Multi-modal%20deep%20learning%20Fuji%20apple%20detetion%20using%20RGB-D%20cameras%20and%20their%20radiometric%20capabilites.pdf?sequence=1
What makes multi-modal learning better than single (provably),"… Combining with experiment results, we show that multi-modal learning does possess … multi-modal fusion approaches, which is one of the most researched topics of multi-modal learning […",https://proceedings.neurips.cc/paper/2021/file/5aa3405a3f865c10f420a4a7b55cbff3-Paper.pdf
Characterizing and overcoming the greedy nature of learning in multi-modal deep neural networks,"… We hypothesize that due to the greedy nature of learning in multi-modal deep neural networks, these models tend to rely on just one modality while under-fitting the other modalities. …",https://proceedings.mlr.press/v162/wu22d/wu22d.pdf
The evolution of political memes: Detecting and characterizing internet memes with multi-modal deep learning,"… In this research, we propose and evaluate Meme-Hunter, a multi-modal deep learning model to classify images on the Internet as memes vs non-memes, and compare this to uni-modal …",https://www.researchgate.net/profile/David-Beskow/publication/338014985_The_Evolution_of_Political_Memes_Detecting_and_Characterizing_Internet_Memes_with_Multi-modal_Deep_Learning/links/5dfa3d42a6fdcc28372909f4/The-Evolution-of-Political-Memes-Detecting-and-Characterizing-Internet-Memes-with-Multi-modal-Deep-Learning.pdf
A comparative review on multi-modal sensors fusion based on deep learning,… of deep learning for multi-modal sensor fusion. This work investigates up-to-date developments in multi-modal sensor fusion via deep learning … the characteristics of multi-modal data for …,https://www.researchgate.net/profile/Fangqi-Zhu/publication/372080396_A_Comparative_Review_on_Multi-modal_Sensors_Fusion_based_on_Deep_Learning/links/650371e09fdf0c69dfc8dc72/A-Comparative-Review-on-Multi-modal-Sensors-Fusion-based-on-Deep-Learning.pdf
Prostate cancer therapy personalization via multi-modal deep learning on randomized phase III clinical trials,"… a deep learning architecture that simultaneously ingests multiple data types, including histopathology image data of variable sizes as well as clinical data, we built a deep learning …",https://www.nature.com/articles/s41746-022-00613-w.pdf
Modality competition: What makes joint training of multi-modal network fail in deep learning?(provably),"… Despite the remarkable success of deep multimodal learning … outperforms the jointly trained multi-modal network , which is … of multimodal data, we prove that for the multi-modal late-…",https://proceedings.mlr.press/v162/huang22e/huang22e.pdf
Emotion-Aware Interaction Design in Intelligent User Interface Using Multi-Modal Deep Learning,"… multi-head attention mechanism to handle multi-modal emotional data. Specifically, we adopt a multimodal Transformer architecture, with one branch … Through the multi-modal fusion …",https://arxiv.org/pdf/2411.06326
A deep learning based framework for the registration of three dimensional multi-modal medical images of the head,"… In this paper, we introduced a fully automated deep learning framework for 3D multi-modal medical image registration. To this end, we considered four aspects of image registration (…",https://www.nature.com/articles/s41598-021-81044-7.pdf
"Survey on deep multi-modal data analytics: Collaboration, rivalry, and fusion","… That largely improved the performance of the traditional multi-modal models, yielding the so called deep … In this section, we discuss some recent research of deep multi-modal models for …",https://arxiv.org/pdf/2006.08159
Emotion recognition using multi-modal data and machine learning techniques: A tutorial and review,"… -channel EEG signals as well as multi-modal physiological signals are reviewed. According … Finally, we compare different ML and deep learning algorithms for emotion recognition and …",https://drive.google.com/file/d/1wGagPpwhGPKpOVpcVmMLIKyU2fUWDYI-/view
Am-gcn: Adaptive multi-channel graph convolutional networks,"… • GCN [14] is a semi-supervised graph convolutional network model which … GCN. For comparison, instead of traditional topology graph, we use the sparse k-nearest neighbor graph …",https://arxiv.org/pdf/2007.02265
Geom-gcn: Geometric graph convolutional networks,"… of the scheme in graph convolutional networks, termed GeomGCN, to perform transductive learning on graphs. Experimental results show the proposed Geom-GCN achieved state-of-…",https://arxiv.org/pdf/2002.05287
T-GCN: A temporal graph convolutional network for traffic prediction,"… graph convolutional network (T-GCN) for traffic forecasting task based on urban road network. … time, we propose a temporal graph convolutional network model (T-GCN) based on the …",https://arxiv.org/pdf/1811.05320
Deep learning with graph convolutional networks: An overview and latest applications in computational intelligence,… heterogeneous collaborative filtering (GHCF) explores the high-hop heterogeneous user-item interactions; this study takes the advantages of graph convolutional network (GCN) and …,https://onlinelibrary.wiley.com/doi/pdf/10.1155/2023/8342104
Graph convolutional networks for text classification,"… graph for a corpus based on word co-occurrence and document word relations, then learn a Text Graph Convolutional Network (Text GCN… Text Graph Convolutional Networks (Text GCN…",https://aaai.org/ojs/index.php/AAAI/article/download/4725/4603
Cluster-gcn: An efficient algorithm for training deep and large graph convolutional networks,… between traditional graph convolution and our proposed cluster approach. The red node is the starting node for neighborhood nodes expansion. Traditional graph convolution suffers …,https://dl.acm.org/doi/pdf/10.1145/3292500.3330925
Universal graph convolutional networks,"… The main idea is that we will apply GCN to networks with different structural properties utilizing three types of nodes: 1-hop, 2-hop and k-nearest neighbor (kNN) neighbors, which are …",https://proceedings.neurips.cc/paper_files/paper/2021/file/5857d68cd9280bc98d079fa912fd6740-Paper.pdf
Scattering gcn: Overcoming oversmoothness in graph convolutional networks,… Graph convolutional networks (GCNs) have shown promising results in processing graph … We apply the graph residual layer on the output Hl of the Scattering GCN layer (Eq. 7). The …,https://proceedings.neurips.cc/paper/2020/file/a6b964c0bb675116a15ef1325b01ff45-Paper.pdf
Evolvegcn: Evolving graph convolutional networks for dynamic graphs,"… EvolveGCN, which adapts the graph convolutional network (GCN) model along the tem… the dynamism of the graph sequence through using an RNN to evolve the GCN parameters. …",https://aaai.org/ojs/index.php/AAAI/article/view/5984/5840
Graph convolutional networks: a comprehensive review,"… Then, we introduce several graph convolutional networks according to their application domains. … (named as GCN) aims at the semi-supervised node classification task on …",https://link.springer.com/content/pdf/10.1186/s40649-019-0069-y.pdf
Factorizable graph convolutional networks,"… a novel graph convolutional network (GCN), termed as factorizable graph convolutional network (FactorGCN), that explicitly disentangles such intertwined relations encoded in a graph. …",https://proceedings.neurips.cc/paper_files/paper/2020/file/ea3502c3594588f0e9d5142f99c66627-Paper.pdf
View-GCN: View-based graph convolutional network for 3D shape analysis,… The graph edges among nodes are determined by k-nearest neighbor of camera coordinates. We design a novel Graph Convolutional Network (GCN) over view-graph to aggregate …,https://openaccess.thecvf.com/content_CVPR_2020/papers/Wei_View-GCN_View-Based_Graph_Convolutional_Network_for_3D_Shape_Analysis_CVPR_2020_paper.pdf
Hypergcn: A new method for training graph convolutional networks on hypergraphs,"… Motivated by the fact that a graph convolutional network (GCN) has been effective for graph-based SSL, we propose HyperGCN, a novel way of training a GCN for SSL on hypergraphs …",https://proceedings.neurips.cc/paper/2019/file/1efa39bcaec6f3900149160693694536-Paper.pdf
Graph convolutional networks with eigenpooling,"… Graph Convolutional Networks (GCN) [22], which has been demonstrated to be effective in node-level representation learning. While the GCN … GCN is stacked by several convolutional …",https://dl.acm.org/doi/pdf/10.1145/3292500.3330982
Distilling knowledge from graph convolutional networks,"… have been focusing on convolutional neural networks (CNNs), … like graphs and thus call for the graph convolutional networks … teacher GCN, our goal is to train a student GCN model with …",https://openaccess.thecvf.com/content_CVPR_2020/papers/Yang_Distilling_Knowledge_From_Graph_Convolutional_Networks_CVPR_2020_paper.pdf
Graph convolutional networks for graphs containing missing features,"… We propose an approach that adapts GCN to graphs containing missing features. In contrast to traditional strategy, our approach integrates the processing of missing features and …",https://www.sciencedirect.com/science/article/am/pii/S0167739X20330405
Bi-gcn: Binary graph convolutional network,"… major memory consumption when processing the graphs with GNNs. … GCN, named Binary Graph Convolutional Network (Bi-GCN), which is a simple yet efficient approximation of GCN […",http://openaccess.thecvf.com/content/CVPR2021/papers/Wang_Bi-GCN_Binary_Graph_Convolutional_Network_CVPR_2021_paper.pdf
Node similarity preserving graph convolutional networks,"… Note that in this work, we focus on one of the most popular GNN models, ie, graph convolution network (or GCN) [15]; however, our study can be easily extended to other GNN models …",https://dl.acm.org/doi/pdf/10.1145/3437963.3441735
Photocatalytic hydrogen production using graphitic carbon nitride (GCN): A precise review,"… rates of Fe/GCN (0.37 wt percent) and Cu/GCN (0.42 wt … in Fe/GCN photocatalyst is feeble over GCN and Cu/GCN … in Fe/GCN compared to normal GCN and Cu/GCN photocatalyst [28,…",https://drive.google.com/file/d/1nOphc65i-D3i0lTtdD98WCy7AKoVAS3i/view
L2-gcn: Layer-wise and learned efficient training of graph convolutional networks,"… -wise training framework for GCN (L-GCN), that disentangles … L-GCN under the graph isomorphism framework, that L-GCN … We further propose L2-GCN, which learns a controller for …",https://openaccess.thecvf.com/content_CVPR_2020/papers/You_L2-GCN_Layer-Wise_and_Learned_Efficient_Training_of_Graph_Convolutional_Networks_CVPR_2020_paper.pdf
Hygcn: A gcn accelerator with hybrid architecture,"… of GCN workloads on Intel Xeon CPU. Next, guided by the characterization, we propose a GCN accel… (3) Next, we provide several typical GCN models as examples to explain the above …",https://arxiv.org/pdf/2001.02514
A deep neural network combined CNN and GCN for remote sensing scene classification,"… to employ the effective architecture GCN to model the … of GCN, our proposed model combined CNN and GCN as … the spatial location features based on GCN. Unlike the classical CNN-…",https://ieeexplore.ieee.org/iel7/4609443/4609444/09149910.pdf
N-gcn: Multi-scale graph convolution for semi-supervised node classification,"… of all GCN modules into a classification sub-network, and we jointly train all GCN modules … = 5), but for all GCN and SAGE modules, we use 2 GCN layer for baselines and our models. …",http://proceedings.mlr.press/v115/abu-el-haija20a/abu-el-haija20a.pdf
Grid-gcn for fast and scalable point cloud learning,"… This paper introduces Grid-GCN, which blends the advantages of volumetric models and point-based … We demonstrate the Grid-GCN model on two tasks: point cloud classification and …",http://openaccess.thecvf.com/content_CVPR_2020/papers/Xu_Grid-GCN_for_Fast_and_Scalable_Point_Cloud_Learning_CVPR_2020_paper.pdf
Deepgcns: Can gcns go as deep as cnns?,"… (3) We show how these new concepts help build a 56-layer GCN, the deepest GCN architecture by a large margin, and achieve close to 4% boost in state-of-the-art performance on the …",https://openaccess.thecvf.com/content_ICCV_2019/papers/Li_DeepGCNs_Can_GCNs_Go_As_Deep_As_CNNs_ICCV_2019_paper.pdf
GraphACT: Accelerating GCN training on CPU-FPGA heterogeneous platforms,"… We first analyze the computation and communication characteristics of various GCN training … To accelerate the weight update in GCN layers, we propose a systolic array based design …",https://dl.acm.org/doi/pdf/10.1145/3373087.3375312
Msr-gcn: Multi-scale residual graph convolution networks for human motion prediction,"… -GCN is composed of four kinds of GCNs: one start GCN… GCN and our method (MSR-GCN). Nevertheless, ours without GR still clearly outperforms other baselines without GR (Traj-GCN …",http://openaccess.thecvf.com/content/ICCV2021/papers/Dang_MSR-GCN_Multi-Scale_Residual_Graph_Convolution_Networks_for_Human_Motion_Prediction_ICCV_2021_paper.pdf
I-GCN: A graph convolutional network accelerator with runtime locality enhancement through islandization,"… In this paper we propose a novel hardware accelerator for GCN inference, called I-GCN, … adjustment of the GCN model structure. Experimental results show that I-GCN can significantly …",https://arxiv.org/pdf/2203.03606
DDP-GCN: Multi-graph convolutional network for spatiotemporal traffic forecasting,"Traffic speed forecasting is one of the core problems in transportation systems. For a more accurate prediction, recent studies started using not only the temporal speed patterns but also …",https://arxiv.org/pdf/1905.12256
AWB-GCN: A graph convolutional network accelerator with runtime workload rebalancing,"… -Balancing GCN (AWB-GCN) to accelerate GCN inference. To … In particular, AWB-GCN continuously monitors the sparse … Results show that 4K-PE AWB-GCN can significantly elevate …",https://arxiv.org/pdf/1908.10834
Inception recurrent convolutional neural network for object recognition,"… Recurrent Convolutional Neural Network (IRCNN), which utilizes the power of an … network combined with recurrent convolutional layers. Although the inputs are static, the recurrent …",https://arxiv.org/pdf/1704.07709
Recurrent convolutional neural networks help to predict location of earthquakes,… Our deep NN model has a recurrent part long short term memory (LSTM) that accounts for time dependencies between earthquakes and a convolutional part that accounts for spatial …,https://arxiv.org/pdf/2004.09140
Multi-channel recurrent convolutional neural networks for energy disaggregation,"… In this paper, we propose a CNN-based (Convolutional Neural Network) architecture with … Furthermore, the proposed model endows CNN models with a recurrent property in order to …",https://ieeexplore.ieee.org/iel7/6287639/6514899/08740964.pdf
PDRCNN: Precise phishing detection with recurrent convolutional neural networks,"… recurrent neural network (BRNN) is that each training sequence consists of two recurrent neural networks, … The basic idea is that each training sequence has two cyclic neural networks: …",https://onlinelibrary.wiley.com/doi/pdf/10.1155/2019/2595794
Speech separation using an asynchronous fully recurrent convolutional neural network,… recurrent convolutional neural network (FRCNN). This name emphasizes the presence of both lateral and top-down recurrent … 17] named recurrent convolutional neural network (RCNN) …,https://proceedings.neurips.cc/paper_files/paper/2021/file/be1bc7997695495f756312886f566110-Paper.pdf
Predicting financial prices of stock market using recurrent convolutional neural networks,"… In this section, we further investigate to introduce integrated design of the recurrent convolutional neural network model for the financial prediction of trading signals is presented in Fig. 4…",https://www.academia.edu/download/77654252/IJISA-V12-N6-2.pdf
A hybrid bidirectional recurrent convolutional neural network attention-based model for text classification,… as convolutional neural network and recurrent neural network… bidirectional recurrent convolutional neural network attention-… -term memory and the convolutional neural network with …,https://ieeexplore.ieee.org/iel7/6287639/8600701/08784247.pdf
Calibrcnn: Calibrating camera and lidar by recurrent convolutional neural network and geometric constraints,"In this paper, we present Calibration Recurrent Convolutional Neural Network (CalibRCNN) to infer a 6 degrees of freedom (DOF) rigid body transformation between 3D LiDAR and 2D …",https://researchportal.port.ac.uk/files/26875838/CalibRCNN_post_print.pdf
Deep sentiments in roman urdu text using recurrent convolutional neural network model,"Although over 64 million people worldwide speak Urdu language and are well aware of its Roman script, limited research and efforts have been made to carry out sentiment analysis …",https://e-space.mmu.ac.uk/625349/10/Deep%20Sentiments%20in%20Roman%20Urdu%20Text%20Using%20Recurrent%20Convolutional%20Neural%20Network%20Model%20e.pdf
Road detection and centerline extraction via deep recurrent convolutional neural network U-Net,"… In this paper, we propose a novel deep learning model, recurrent convolution neural network U-Net (RCNN-UNet), to tackle the aforementioned problem. Our proposed RCNN-UNet …",https://www.researchgate.net/profile/Xiaofei-Yang-20/publication/333095982_Road_Detection_and_Centerline_Extraction_Via_Deep_Recurrent_Convolutional_Neural_Network_U-Net/links/5ce6421692851c4eabb7143f/Road-Detection-and-Centerline-Extraction-Via-Deep-Recurrent-Convolutional-Neural-Network-U-Net.pdf
Causal discovery with attention-based convolutional neural networks,"… power of deep learning by using Attention-based Deep Neural Networks (DNNs) for both … consists of multiple convolutional neural networks (CNNs), where each network receives all …",https://www.mdpi.com/2504-4990/1/1/19/pdf
A lightweight Attention-based convolutional neural networks for tomato leaf disease classification,"… However, a deep convolutional neural network (CNN) requires high computational resources, limiting its portability. In this study, a lightweight convolutional neural network was …",https://www.mdpi.com/2077-0472/12/2/228/pdf
Attention-based deep neural networks for detection of cancerous and precancerous esophagus tissue on histopathological slides,… The F1 scores of the attention-based model were at least 8% higher for each class … of this study suggest that the proposed attention-based deep neural network framework for BE and …,https://jamanetwork.com/journals/jamanetworkopen/articlepdf/2753982/tomita_2019_oi_190563.pdf
An attention-based convolutional neural network for acute lymphoblastic leukemia classification,"… In this work, we proposed an attention-based CNN to address the task of categorization of ALL and healthy cell images. The designed deep learning model is trained from scratch on the …",https://www.mdpi.com/2076-3417/11/22/10662/pdf
Attention-based convolutional neural network for weakly labeled human activities' recognition with wearable sensors,"… In this paper, we exploit the attention-based convolutional neural network model to recognize activities from sensor data with weak labels. The dataset only obtains the information about …",https://arxiv.org/pdf/1903.10909
Environmental sound classification using temporal-frequency attention based convolutional neural network,"… In order to learn time and frequency features from Log-Mel spectrogram more effectively, a temporal-frequency attention based convolutional neural network model (TFCNN) is …",https://www.nature.com/articles/s41598-021-01045-4.pdf
Anomaly detection in automated vehicles using multistage attention-based convolutional neural network,"… However, to our knowledge, the multistage attention-based CNN has not been studied in CAVs for anomaly detection. Moreover, The dataset we used in this study is examined for …",https://pure.southwales.ac.uk/ws/portalfiles/portal/4210339/Final_Version_Anomaly_Detection_in_CAVs.pdf
Hyperspectral band selection using attention-based convolutional neural networks,… Hyperspectral Band Selection Using Attention-based Convolutional Neural Networks training of our attention-based convolutional neural network (we propose an embedded band …,https://ieeexplore.ieee.org/iel7/6287639/6514899/09019632.pdf
An attention-based convolutional neural network for intrusion detection model,"… network systems. Some researchers have already implemented intrusion detection models by convolutional neural networks … , an attention-based convolutional neural network intrusion …",https://ieeexplore.ieee.org/iel7/6287639/6514899/10110980.pdf
Self multi-head attention-based convolutional neural networks for fake news detection,… -Head Attention-based Convolutional Neural Networks) that can judge the authenticity of news with high accuracy based only on content by using convolutional neural networks and …,https://journals.plos.org/plosone/article/file?id=10.1371/journal.pone.0222713&type=printable
Attention‐based convolutional neural network for pavement crack detection,"Achieving high detection accuracy of pavement cracks with complex textures under different lighting conditions is still challenging. In this context, an encoder‐decoder network‐based …",https://onlinelibrary.wiley.com/doi/pdf/10.1155/2021/5520515
Prediction of inter-chain distance maps of protein complexes with 2D attention-based deep neural networks,Residue-residue distance information is useful for predicting tertiary structures of protein monomers or quaternary structures of protein complexes. Many deep learning methods have …,https://www.nature.com/articles/s41467-022-34600-2.pdf
Environment sound classification using multiple feature channels and attention based deep convolutional neural network,"In this paper, we propose a model for the Environment Sound Classification Task (ESC) that consists of multiple feature channels given as input to a Deep Convolutional Neural …",https://uia.brage.unit.no/uia-xmlui/bitstream/handle/11250/3056508/Article.pdf?sequence=4
A theoretical analysis of deep Q-learning,"… applying the Bellman operator to the Q-network. Thus, borrowing the analysis of DQN, we also establish theoretical results for Minimax-DQN. Specifically, we quantify the suboptimality …",http://proceedings.mlr.press/v120/yang20a/yang20a.pdf
Dynamic jobshop scheduling algorithm based on deep Q network,"… is improved based on the Deep Q Network (DQN). In the … a Deep Neural Network (DNN), as well as ten well-known heuristic dispatching rules are selected as the action set of the DQN. …",https://ieeexplore.ieee.org/iel7/6287639/6514899/09529186.pdf
A study on deep Q-learning and single stream Q-network architecture,"… Second, in addition to the previously mentioned Q-network, DQN utilizes yet another … in educating the Q-network. The target network is synchronized along with the Q-network after each …",https://www.researchgate.net/profile/Sripada-Kumar/publication/339536602_A_STUDY_ON_DEEP_Q-LEARNING_AND_SINGLE_STREAM_Q-NETWORK_ARCHITECTURE/links/5e57da694585152ce8f41ec3/A-STUDY-ON-DEEP-Q-LEARNING-AND-SINGLE-STREAM-Q-NETWORK-ARCHITECTURE.pdf
DM-DQN: Dueling Munchausen deep Q network for robot path planning,"… In M-DQN, when we need to update the Q value of an action, we update the Q network directly so that the Q value of the action is raised. The Q network of the M-DQN can be understood …",https://link.springer.com/content/pdf/10.1007/s40747-022-00948-7.pdf
Double deep Q-network-based energy-efficient resource allocation in cloud radio access network,"… (MDP) and subsequently adopt deep reinforcement learning (DRL) technique to … deep Q network (DQN), which is a combination of deep learning and Q-learning. In each time slot, DQN …",https://ieeexplore.ieee.org/iel7/6287639/6514899/09336582.pdf
Deep-q-network-based packet scheduling in an IoT environment,"… In this study, we present a practical deep Q-network (DQN)-based packet scheduling … packet scheduler by analyzing the policy of the DQN scheduler. The experimental results show that …",https://www.mdpi.com/1424-8220/23/3/1339/pdf
Double deep Q-network for power allocation in cloud radio access network,"… Our starting point is the deep Q network (DQN), which is a combination of a neural network and Q-learning. In each time slot, DQN turns on /off a RRH yielding the largest Q-value (…",https://www.researchgate.net/profile/Amjad-Iqbal-5/publication/345994584_Double_Deep_Q-Network_for_Power_Allocation_in_Cloud_Radio_Access_Network/links/5fb4ec4892851cf24cdc439e/Double-Deep-Q-Network-for-Power-Allocation-in-Cloud-Radio-Access-Network.pdf
A deep q-network-based algorithm for multi-connectivity optimization in heterogeneous cellular-networks,… the use of a deep reinforcement learning solution based on a Deep Q-Network (DQN) in order … The obtained results show a near-optimal performance of the DQN-based solution with an …,https://www.mdpi.com/1424-8220/22/16/6179/pdf
Cross dqn: Cross deep q network for ads allocation in feed,"… In this paper, we propose Cross Deep Q Network (Cross DQN) to extract the crucial arrangement signal by crossing the embeddings of different items and modeling the crossed …",https://arxiv.org/pdf/2109.04353
Autonomous penetration testing based on improved deep q-network,"… We propose an improved deep Q-network (DQN) named NDSPI-DQN to address the sparse reward problem and large action space problem in large-scale scenarios. First, we …",https://www.mdpi.com/2076-3417/11/19/8823/pdf
Stochastic double deep Q-network,"… Following the DQN, many new DRL algorithms have emerged, such as double DQN (DDQN) [6], dueling DQN [7], deep recurrent Q-network [8], [9], deep deterministic policy gradient [10…",https://ieeexplore.ieee.org/iel7/6287639/8600701/08736298.pdf
Convergent and efficient deep Q network algorithm,"… of the deep Q network (DQN) reinforcement learning algorithm and its variants, DQN is still not well understood and it does not guarantee convergence. In this work, we show that DQN …",https://arxiv.org/pdf/2106.15419
Deep echo state Q-network (DEQN) and its application in dynamic spectrum sharing for 5G and beyond,"… In this article, we introduce the deep echo state Q-network (… Q-network takes the state st as input and outputs the estimated Q-function of all possible actions. One key approach of DQN …",https://ieeexplore.ieee.org/ielaam/5962385/9722951/9246711-aam.pdf
Intelligent fault diagnosis for rotating machinery using deep Q-network based health state classification: A deep reinforcement learning approach,"… learns to diagnose faults utilizing a deep Q-network (DQN) combined with experience replay … the perception ability of deep learning, the proposed deep reinforcement learning-based …",https://www.researchgate.net/profile/Yu-Ding-33/publication/336186043_Intelligent_fault_diagnosis_for_rotating_machinery_using_deep_Q-network_based_health_state_classification_A_deep_reinforcement_learning_approach/links/5fbb9749299bf104cf6d4181/Intelligent-fault-diagnosis-for-rotating-machinery-using-deep-Q-network-based-health-state-classification-A-deep-reinforcement-learning-approach.pdf
Deep Q-network based dynamic movement strategy in a UAV-assisted network,"… In this research, we investigate a real-time dynamic UAV movement strategy design on a deep learning framework called deep Q-network (DQN) [13] to maximize the sum data rate. …",https://arxiv.org/pdf/2008.03162
Multi‐robot path planning based on a deep reinforcement learning DQN algorithm,"… This study uses a deep Q-network (DQN) algorithm in a deep reinforcement learning algorithm, which combines the Q-learning algorithm, an empirical playback mechanism, and the …",https://ietresearch.onlinelibrary.wiley.com/doi/pdfdirect/10.1049/trit.2020.0024?crawler=true&mimetype=application
Path planning via an improved DQN-based learning policy,"… Several improvements based on DQN have proposed in … The DQN framework has a certain improvement in learning speed and … DQN can solve these problems very well, so the DQN …",https://ieeexplore.ieee.org/iel7/6287639/8600701/08721655.pdf
Multi-DQN: An ensemble of Deep Q-learning agents for stock market forecasting,"The stock market forecasting is one of the most challenging application of machine learning, as its historical data are naturally noisy and unstable. Most of the successful approaches act …",https://www.academia.edu/download/111809328/SMA.pdf
DQN based single-pixel imaging,"… a black background and use the DQN based OT-SPIs, ie DQN-HSPI and DQN-FSPI, to image it … Then, we put a cup ahead there to change the scene and use DQN-HSPI and DQN-FSPI …",https://opg.optica.org/viewmedia.cfm?seq=0&uri=oe-29-10-15463
Understanding multi-step deep reinforcement learning: A systematic study of the DQN target,… Q(σ) with an architecture analogous to DQN. We test the performance of all these algorithms … DQN. For the learning rate parameter α we used a value of 0.00025 as in the original DQN …,https://arxiv.org/pdf/1901.07510
Research on adaptive job shop scheduling problems based on dueling double DQN,Traditional approaches for job shop scheduling problems are ill-suited to deal with complex and changeable production environments due to their limited real-time responsiveness. …,https://ieeexplore.ieee.org/iel7/6287639/8948470/09218934.pdf
Path planning of coastal ships based on optimized DQN reward function,… (DQN) algorithm. The model is mainly composed of environment status information and the DQN algorithm. The environment status information provides training space for the DQN …,https://www.mdpi.com/2077-1312/9/2/210/pdf
Dynamic reward-based dueling deep dyna-q: Robust policy learning in noisy environments,"… In this paper, we attempt to utilize Dueling DQN method to mitigate the negative impact of … In this stage, we employ a variant of DQN method, Dueling DQN method to improve the …",https://aaai.org/ojs/index.php/AAAI/article/view/6516/6372
Towards V2I age-aware fairness access: A DQN based intelligent vehicular node training and test method,"… the DQN algorithm is more suitable to solve the DRL problems. Therefore, we propose an extended DQN al… In this section, we first introduce how we extend the DQN training and testing …",https://ieeexplore.ieee.org/iel7/9970761/10292727/10292743.pdf
Policy gradient method for robust reinforcement learning,… This paper develops the first policy gradient method with global optimality guarantee … reinforcement learning under model mismatch. Robust reinforcement learning is to learn a policy …,https://proceedings.mlr.press/v162/wang22at/wang22at.pdf
Independent policy gradient methods for competitive reinforcement learning,"… player independently selects a policy and observes only … run policy gradient methods in tandem, their policies will … result for independent policy gradient methods in competitive RL; prior …",https://proceedings.neurips.cc/paper/2020/file/3b2acfe2e38102074656ed938abf4ac3-Paper.pdf
Is the policy gradient a gradient?,"… -the-art policy gradient methods. In Section 6, we review all of the policy gradient algorithms … of the algorithms used the “incorrect” policy gradient that we discuss in this paper. While this …",https://arxiv.org/pdf/1906.07073
Phasic policy gradient,"… Specifically, we set the policy gradient loss (… gradient is the policy gradient estimator, subject to a constraint on the KL-divergence between the original policy and the updated policy. …",http://proceedings.mlr.press/v139/cobbe21a/cobbe21a.pdf
An improved analysis of (variance-reduced) policy gradient and natural policy gradient methods,"… of policy gradient (PG), natural PG (NPG) methods, and their variance-reduced variants, under general smooth policy … More specifically, with the Fisher information matrix of the policy …",https://proceedings.neurips.cc/paper/2020/file/56577889b3c1cd083b6d7b32d32f99d5-Paper.pdf
Global convergence of policy gradient methods to (almost) locally optimal policies,… of RPG methods that unbiasedly estimate the true policy gradient for infinitehorizon discounted MDPs (section 3). These proposed methods … to stationary-point policies (spotlighted in a …,https://par.nsf.gov/servlets/purl/10218458
Implementation matters in deep policy gradients: A case study on ppo and trpo,"… on these algorithms, the fact that such optimizations are so important begs the question: how do we identify the true roots of algorithmic progress in deep policy gradient methods? …",https://arxiv.org/pdf/2005.12729
Neural policy gradient methods: Global optimality and rates of convergence,"… In comparison, our focus is on deep reinforcement learning with policy gradient methods. In particular, the policy evaluation steps are based on the TD(0) algorithm, which uses …",https://arxiv.org/pdf/1909.01150
On the convergence rates of policy gradient methods,"… In this paper, we focus on policy gradient methods for minimizing the weighted value … methods generate a sequence of policies {π(k)} through repeated evaluation of the policy gradient …",https://www.jmlr.org/papers/volume23/22-0056/22-0056.pdf
Robust multi-agent reinforcement learning via minimax deep deterministic policy gradient,"… algorithm, MiniMax Multi-agent Deep Deterministic Policy Gradient (M3DDPG) with the fol… multi-agent deep deterministic policy gradient algorithm (MADDPG), for robust policy learning; (…",https://aaai.org/ojs/index.php/AAAI/article/download/4327/4205
Pc-pg: Policy cover directed exploration for provable policy gradient learning,"… This work focuses on how policy gradient methods can be extended to handle exploration, … body of empirical techniques for exploration which combine policy gradient methods with …",https://proceedings.neurips.cc/paper/2020/file/9b3a9fb4db30fc6594ec3990cbc09932-Paper.pdf
"On the theory of policy gradient methods: Optimality, approximation, and distribution shift","… Overall, the results of this work place policy gradient methods under a solid theoretical footing, analogous to the global convergence guarantees of iterative value function based …",https://www.jmlr.org/papers/volume22/19-736/19-736.pdf
Policy gradient for rectangular robust markov decision processes,"… have become a standard for training reinforcement learning … policies can be computationally expensive. In this paper, we introduce robust policy gradient (RPG), a policybased method …",https://proceedings.neurips.cc/paper_files/paper/2023/file/ba8aee784ffe0813890288b334444eda-Paper-Conference.pdf
Worst cases policy gradients,"… deterministic policy gradient, where we backpropagate the CVaR loss gradients through the critic and down to the actor/policy networks. We obtain the deterministic gradient for the …",https://arxiv.org/pdf/1911.03618
On the global convergence rates of softmax policy gradient methods,"… First, we prove that with the true gradient, policy gradient methods with a softmax parametrization converge to the optimal policy at a O(1/t) rate, with constants depending on the …",http://proceedings.mlr.press/v119/mei20b/mei20b.pdf
A policy gradient algorithm for learning to learn in multiagent reinforcement learning,"… objective of MARL and then derive our policy gradient theorem to optimize this objective. Finally, we discuss how to interpret our meta-policy gradient theorem with respect to prior work. …",http://proceedings.mlr.press/v139/kim21g/kim21g.pdf
Policy gradient assisted map-elites,… Policy Gradient Assisted MAP-Elites (PGA-MAP-Elites) is an … data-efficiency of Policy Gradient methods with the exploration … operators in parallel: 1) a Policy Gradient (PG) operator. 2) a …,https://hal.science/hal-03135723/document
Algaedice: Policy gradient from arbitrary experience,"… , this formulation trains the policy (actor) and dual … policy gradient methods, we show that if the dual function is optimized, the gradient of the proposed objective with respect to the policy …",https://arxiv.org/pdf/1912.02074
What matters for on-policy deep actor-critic methods? a large-scale study,… of on-policy deep actor-critic reinforcement learning for … actor-critic gradient algorithm. We took the following approach to create a highly configurable unified on-policy deep actor-critic …,https://openreview.net/pdf?id=nIAxjsniDzg
A finite-time analysis of two time-scale actor-critic methods,… convergence and finite sample complexity of actor-critic methods are largely open. In this … two timescale actor-critic methods under non-iid setting. We prove that the actor-critic method is …,https://proceedings.neurips.cc/paper/2020/file/cc9b3c69b56df284846bf2432f1cba90-Paper.pdf
On the sample complexity of actor-critic method for reinforcement learning with function approximation,"… In this work, we investigate actor-critic methods to solve (2), which is a hybrid RL method … technique called policy gradient method, and explain how actor-critic augments policy gradient. …",https://link.springer.com/content/pdf/10.1007/s10994-023-06303-2.pdf
Provable benefits of actor-critic methods for offline reinforcement learning,"… Actor-critic methods are widely used in offline reinforcement learning practice, but are not so well-understood theoretically. We propose a new offline actor-critic algorithm that naturally …",https://proceedings.neurips.cc/paper_files/paper/2021/file/713fd63d76c8a57b16fc433fb4ae718a-Paper.pdf
Idql: Implicit q-learning as an actor-critic method with diffusion policies,"… Effective offline RL methods require properly handling out-of-… In this paper, we reinterpret IQL as an actor-critic method by … (AWR) used in prior methods. Instead, we propose using …",https://arxiv.org/pdf/2304.10573
TD-regularized actor-critic methods,"… Through evaluations on benchmark tasks, we show that our method is complementary to existing actor-critic methods, improving not only their stability but also their performance and …",https://link.springer.com/content/pdf/10.1007/s10994-019-05788-0.pdf
Online meta-critic learning for off-policy actor-critic methods,"… Off-Policy Actor-Critic (OffP-AC) methods have proven … actor that accelerates and improves actor-critic learning. Compared to … with contemporary OffP-AC methods DDPG, TD3 and SAC. …",https://proceedings.neurips.cc/paper_files/paper/2020/file/cceff8faa855336ad53b3325914caea2-Paper.pdf
Better exploration with optimistic actor critic,"… In order to limit overestimation [26, 46], modern actor-critic methods learn an approximate lower confidence bound on the Q-function [24, 17], obtained by using two networks ˆQ1 …",https://proceedings.neurips.cc/paper_files/paper/2019/file/a34bacf839b923770b2c360eefa26748-Paper.pdf
Convergence proof for actor-critic methods applied to PPO and RUDDER,… Our results are valid for actor-critic methods that use episodic … general actor-critic reinforcement learning algorithms. We apply this convergence proof to two concrete actor-critic methods…,https://arxiv.org/pdf/2012.01399
Asynchronous actor-critic for multi-agent reinforcement learning,"… actor-critic methods that generalize their primitive-action counterparts. First, we formulate a macro-action-based independent actor-critic (Mac-IAC) method. … -based actor-critic methods, …",https://proceedings.neurips.cc/paper_files/paper/2022/file/1c153788756d35559c22d105d1182c30-Paper-Conference.pdf
Actor-critic method for high dimensional static Hamilton--Jacobi--Bellman partial differential equations based on neural networks,"… Accordingly, the actor-critic algorithms consist of two parts: … have been developed under the actor-critic framework [2, 10, 15, … The pseudocode for our actor-critic method for solving high …",https://arxiv.org/pdf/2102.11379
Lvio-fusion: A self-adaptive multi-sensor fusion slam framework using actor-critic method,"… a actor-critic method in reinforcement learning to adaptively adjust sensors’ weight. After training, actor-critic … -of-the-art methods, which shows that the proposed method achieves high …",https://arxiv.org/pdf/2106.06783
Ac-teach: A bayesian actor-critic method for policy learning with an ensemble of suboptimal teachers,"… (b) Our method, AC-Teach, (light blue) modifies the actor-critic architecture to leverage advice from a set of teachers (red) as part of the Behavioral Policy to train the Agent Policy using …",https://arxiv.org/pdf/1909.04121
Single timescale actor-critic method to solve the linear quadratic regulator with convergence guarantees,"… In this section, we present our specific design of the algorithm under the actor-critic framework. We apply an LSTD method for the policy evaluation (critic), with a detailed description for …",https://www.jmlr.org/papers/volume24/22-0644/22-0644.pdf
Value-decomposition multi-agent actor-critics,"… actor-critic methods that are compatible with A2C and propose a novel actor-critic framework, value-decomposition actor-critic (… performance over other actor-critic methods. Furthermore, …",https://ojs.aaai.org/index.php/AAAI/article/download/17353/17160
Estimation error correction in deep reinforcement learning for deterministic actor-critic methods,"… deep reinforcement learning methods, approximation of value functions induces overestimation bias and leads to suboptimal policies. We show that in deep actor-critic methods that aim …",https://arxiv.org/pdf/2109.10736
Sparse sequence-to-sequence models,"Sequence-to-sequence models … models less interpretable and assigning probability mass to many implausible outputs. In this paper, we propose sparse sequence-to-sequence models, …",https://aclanthology.org/P19-1146.pdf
Deep reinforcement learning for sequence-to-sequence models,… learning models called sequence-to-sequence (seq2seq) models and discussed some of the recent advances in combining training of these models with RL techniques. The seq2seq …,https://arxiv.org/pdf/1805.09461
Lingvo: a modular and scalable framework for sequence-to-sequence modeling,"… An analysis of incorporating an external language model into a sequenceto-sequence model. In Proc. IEEE International Conference on Acoustics, Speech, and Signal Processing (…",https://arxiv.org/pdf/1902.08295
Seq2sick: Evaluating the robustness of sequence-to-sequence models with adversarial examples,"… problem of crafting adversarial examples for sequence-to-sequence (seq2seq) models (… We choose this problem not only because it is challenging, but also because seq2seq models …",https://aaai.org/ojs/index.php/AAAI/article/view/5767/5623
Foundations of sequence-to-sequence modeling for time series,"… sequence-to-sequence models with those of local models. In particular, we will compare our bounds on the generalization gap Φ(Y) for sequenceto-sequence models and local models, …",http://proceedings.mlr.press/v89/mariet19a/mariet19a.pdf
Document ranking with a pretrained sequence-to-sequence model,… of a pretrained sequence-to-sequence model to the task of … We show how a sequence-to-sequence model can be … with previous classification-based models and can surpass them with …,https://arxiv.org/pdf/2003.06713
Evaluating sequence-to-sequence models for handwritten text recognition,"… Abstract—Encoder-decoder models have become an effective approach for sequence … To this end, we propose an attention-based sequence-to-sequence model. It combines a …",https://arxiv.org/pdf/1903.07377
Direct speech-to-speech translation with a sequence-to-sequence model,"… an attention-based sequence-to-sequence neural net… model slightly underperforms a baseline cascade of a direct speech-to-text translation model and a text-to-speech synthesis model, …",https://arxiv.org/pdf/1904.06037
A systematic review on sequence-to-sequence learning with neural network and its models.,… Sequence-to-Sequence models can also be implemented through what is known as … ) and attention-based models. The sequence-to-sequence model was initially created by Google for …,https://www.researchgate.net/profile/Said-Salloum/publication/344664783_A_Systematic_Review_on_Sequence_to_Sequence_Neural_Network_and_its_Models/links/601108f692851c2d4df6fc47/A-Systematic-Review-on-Sequence-to-Sequence-Neural-Network-and-its-Models.pdf
On evaluation of adversarial perturbations for sequence-to-sequence models,"Adversarial examples --- perturbations to the input of a model that elicit … sequence-to-sequence (seq2seq) models. However, these perturbations only indicate weaknesses in the model …",https://arxiv.org/pdf/1903.06620
Neural abstractive text summarization with sequence-to-sequence models,"In the past few years, neural abstractive text summarization with sequence-to-sequence (seq2seq) models have gained a lot of popularity. Many interesting techniques have been …",https://dl.acm.org/doi/pdf/10.1145/3419106
Generating medical reports from patient-doctor conversations using sequence-to-sequence models,"… based sequence-to-sequence architectures for medical report generation from patient-doctor conversations. This study demonstrates the ability of sequence-to-sequence models, in …",https://aclanthology.org/2020.nlpmc-1.4.pdf
BartPho: pre-trained sequence-to-sequence models for Vietnamese,"… Capitalization and punctuation restoration models generally fall into two main categories of … sequence-to-sequence [41, 42]. In this investigation, we follow the sequence-to-sequence …",https://arxiv.org/pdf/2109.09701
Any-to-many voice conversion with location-relative sequence-to-sequence modeling,… Attention Mechanisms in Seq2seq Models Sequence-to-sequence models equipped with attention mechanism have been very popular in VC and TTS tasks. The BNE-Seq2seqMoL …,https://arxiv.org/pdf/2009.02725
NRTR: A no-recurrence sequence-to-sequence model for scene text recognition,"… This paper, for the first time, proposes a no-recurrence sequence-to-sequence text recognizer, named NRTR, that dispenses with recurrences and convolutions entirely. NRTR follows …",https://arxiv.org/pdf/1806.00926
Guiding attention in sequence-to-sequence models for dialogue act prediction,"… In this paper, we tackle this issue with a sequence-to-sequence … have been successfully applied to NMT, where modeling non local … Thus, it can be formulated as sequence to sequence …",https://ojs.aaai.org/index.php/AAAI/article/download/6259/6115
Multi-view sequence-to-sequence models with conversational structure for abstractive dialogue summarization,… This work proposes a multi-view sequence-tosequence model by first extracting conversational structures of unstructured daily chats from different views to represent conversations and …,https://arxiv.org/pdf/2010.01672
The expando-mono-duo design pattern for text ranking with pretrained sequence-to-sequence models,"… [41], but in this work we take advantage of the pretrained sequence-to-sequence model T5, as described in Nogueira and Lin [39]. In that paper, it was given the somewhat awkward …",https://arxiv.org/pdf/2101.05667
Correction of automatic speech recognition with transformer sequence-to-sequence model,… yet efficient postprocessing model for automatic speech recognition. Our model has Transformer-based encoder-decoder architecture which “translates” acoustic model output into …,https://arxiv.org/pdf/1910.10697
Recent advancements in end-to-end autonomous driving using deep learning: A survey,… the End-to-End autonomous driving stack. It provides a taxonomy of automated driving tasks wherein neural networks have been employed in an End-to-End … in End-to-End autonomous …,https://arxiv.org/pdf/2307.04370
End-to-end deep learning framework for digital holographic reconstruction,"… an end-to-end deep learning-based framework, called a holographic reconstruction network (HRNet), for numerical reconstruction in DH. By adopting this end-to-end learning strategy, …",https://www.spiedigitallibrary.org/journals/Advanced-Photonics/volume-1/issue-1/016004/End-to-end-deep-learning-framework-for-digital-holographic-reconstruction/10.1117/1.AP.1.1.016004.pdf
Learning from simulation: An end-to-end deep-learning approach for computational ghost imaging,"… design an end-to-end approach that … deep learning. In most DL-based computational imaging, thousands pairs of labeled input-output data should be acquired to train a neural network. …",https://opg.optica.org/viewmedia.cfm?uri=oe-27-18-25560&seq=0
End-to-end optimization of deep learning applications,… Figure 2 shows the break down of the end-to-end runtime for processing … end-to-end SW/HW co-optimization. Our experiments show that this optimization can increase the end-to-end …,https://dl.acm.org/doi/pdf/10.1145/3373087.3375321
Deepvcp: An end-to-end deep neural network for point cloud registration,… We present DeepVCP - a novel end-to-end learning… deep neural network structures to establish an end-to-end trainable network. Our keypoint detector is trained through this end-to-end …,https://openaccess.thecvf.com/content_ICCV_2019/papers/Lu_DeepVCP_An_End-to-End_Deep_Neural_Network_for_Point_Cloud_Registration_ICCV_2019_paper.pdf
End-to-end constrained optimization learning: A survey,… This paper surveys the recent attempts at leveraging machine learning to … machine learning architectures. These approaches hold the promise to develop new hybrid machine learning …,https://arxiv.org/pdf/2103.16378
Deepjit: an end-to-end deep learning framework for just-in-time defect prediction,"… changes and they are trained using machine learning techniques with the assumption that … Unlike those approaches, in this paper, we propose an end-to-end deep learning framework…",https://ink.library.smu.edu.sg/cgi/viewcontent.cgi?article=5489&context=sis_research
End-to-end deep learning framework for coronavirus (COVID-19) detection and monitoring,"… In this paper, we proposed an end-to-end framework for COVID-19 to enable a real-time … We proposed a deep learning model based on X-rays of the chest and transfer learning, to …",https://www.mdpi.com/2079-9292/9/9/1439/pdf
PestNet: An end-to-end deep learning approach for large-scale multi-class pest detection and classification,"… by the various applications of Convolutional Neural Network (CNN) in deep learning [5-8] … ,10], we develop an end-toend architecture PestNet based on deep learning for multiclass pest …",https://eprints.whiterose.ac.uk/150790/1/FINALArticle1.pdf
Deep learning-based end-to-end wireless communication systems with conditional GANs as unknown channels,"… Therefore, almost all the previous works on the endto-end paradigm are concentrating on … a channel agnostic endto-end communication system based on deep learning, where different …",https://ieeexplore.ieee.org/iel7/7693/9090043/08985539.pdf
End-to-end lung cancer screening with three-dimensional deep learning on low-dose chest computed tomography,"… , we aimed to build an end-to-end approach performing both … was to learn features using deep convolutional neural networks (… We chose to learn features because this approach has …",https://mlgdansk.pl/wp-content/uploads/2019/06/MLGdansk63_27.05.19_End-to-end_lung_cancer_screening_with_three-dimens.pdf
Automated end-to-end management of the modeling lifecycle in deep learning,"… To this end, we present a unified approach for managing the deep learning lifecycle end-to-end. We equip our approach with a software system for automated model management, …",https://par.nsf.gov/servlets/purl/10312568
DeepFMRI: End-to-end deep learning for functional connectivity and classification of ADHD using fMRI,"… In this work, we propose a novel end-to-end deep learning method incorporating functional connectivity for the classification of ADHD. To the best of our knowledge, this has not been …",https://openaccess.city.ac.uk/id/eprint/23201/1/DeepFMRI_ver02.pdf
Feature extraction for hyperspectral imagery: The evolution from shallow to deep: Overview and toolbox,"… Feature extraction (FE), a vibrant field of research in the hyperspectral community, evolved through decades of research to address this issue and extract … model to extract deep features. …",https://arxiv.org/pdf/2003.02822
A comprehensive review of dimensionality reduction techniques for feature selection and feature extraction,… This work reviewed more than forty articles of feature selection and feature extraction that … ] proposed a method for extraction features from images based on the deep CNN and PCA. …,https://www.jastt.org/index.php/jasttpath/article/download/24/10
Content‐Based Image Retrieval and Feature Extraction: A Comprehensive Review,… We analyzed the main aspects of various image retrieval and image representation models from low-level feature extraction to recent semantic deep-learning approaches. The …,https://onlinelibrary.wiley.com/doi/pdf/10.1155/2019/9658350
Texture feature extraction methods: A survey,… Various feature extraction methods have been proposed in the … survey of texture feature extraction methods. The latter are … -based methods and the deep learning methods) are very …,https://ieeexplore.ieee.org/iel7/6287639/6514899/08600329.pdf
Breast cancer detection using extreme learning machine based on feature fusion with CNN deep features,"… features. Therefore, in this paper, we propose a novel diagnosis method that merges several deep features. … CNN and US-ELM for feature extraction and clustering, respectively. First, a …",https://ieeexplore.ieee.org/iel7/6287639/6514899/08613773.pdf
Classification of remote sensing image scenes using double feature extraction hybrid deep learning approach,"… a double feature extraction hybrid deep learning approach to … feature abstraction techniques. Also, the proposed algorithm is applied to feature values in order to convert them to feature …",https://www.researchgate.net/profile/Rajesh-Sharma-Rajendran/publication/353144715_Classification_of_Remote_Sensing_Image_Scenes_Using_Double_Feature_Extraction_Hybrid_Deep_Learning_Approach/links/610a652c1e95fe241aac921d/Classification-of-Remote-Sensing-Image-Scenes-Using-Double-Feature-Extraction-Hybrid-Deep-Learning-Approach.pdf
Pneumonia detection using CNN based feature extraction,"… Although, the features were extracted with different variants of … the optimal model for the feature extraction stage. Therefore, … a feature extractor is that deeper the network more generic …",https://www.academia.edu/download/82119475/08869364.pdf
Plant disease and pest detection using deep learning-based features,"… In this study, we calculated execution times for deep feature extraction and transfer learning based on deep learning models, as shown in Tables 5 and 8. According to the results, …",https://journals.tubitak.gov.tr/cgi/viewcontent.cgi?article=1627&context=elektrik
Dfanet: Deep feature aggregation for real-time semantic segmentation,"… Both in ICNet and BiSeNet, only one branch is deep CNN for feature extraction, and other branches are designed to make up resolution details. Different from these methods, we …",http://openaccess.thecvf.com/content_CVPR_2019/papers/Li_DFANet_Deep_Feature_Aggregation_for_Real-Time_Semantic_Segmentation_CVPR_2019_paper.pdf
Trends in audio signal feature extraction methods,"… Since the evolution of deep learning, the deep features are extensively used in various applications, in audio signal processing deep features have been used since 2010 in the area of …",https://calebrascon.info/AR/Topic4/addresources/features.pdf
Algorithm selection using deep learning without feature extraction,… space P represents a potentially infinite sized set of instances for the problem domain ■ The feature space F describes a set of characteristics derived using feature extraction from P …,https://napier-repository.worktribe.com/preview/1732777/Algorithm_selection_using_Deep_learning.pdf
Multi-channel 3D deep feature learning for survival time prediction of brain tumor patients using multi-modal neuroimages,… feature extraction method (in our proposed method) and traditional unsupervised feature extraction … superiority of supervised feature extraction to unsupervised feature extraction (see …,https://www.nature.com/articles/s41598-018-37387-9.pdf
Image matching from handcrafted to deep features: A survey,"… In particular, feature detection can extract the distinctive structure from an image, and … ability in deep feature acquisition and non-linear expression, applying deep learning techniques …",https://link.springer.com/content/pdf/10.1007/s11263-020-01359-2.pdf
Model compression for deep neural networks: A survey,"… role in deploying models on edge devices. This study analyzed various model compression … speeding up model inference, reducing model complexity and training costs, and improving …",https://www.mdpi.com/2073-431X/12/3/60/pdf
Compression of deep learning models for text: A survey,"… model compression is using KD (also broadly known as student–teacher networks). In such methods, the idea is to first train a deep teacher model … Thus, the student model is trained to …",https://arxiv.org/pdf/2008.05221
A survey of model compression for deep neural networks,"… model size while retaining model precision has become a hot research issue. Model compression refers to the reduction of a trained model … After model compression, there are fewer …",http://cje.ustb.edu.cn/en/article/pdf/preview/10.13374/j.issn2095-9389.2019.03.27.002.pdf
Memory-and communication-aware model compression for distributed deep learning inference on IoT,"… art on model compression refers to … models, we assume that KD is also a model compression technique throughout this paper. Of note, the present work considers model compression …",https://dl.acm.org/doi/pdf/10.1145/3358205
Deep model compression and architecture optimization for embedded systems: A survey,"… In Table 1, we summarized and compared various deep-learning model compression methods from the literature discussed in this paper. These methods aim to reduce the size, …",https://hal.science/hal-03048735/file/Compression_Survey_hal.pdf
Compression helps deep learning in image classification,"… For each model, we initialized the learning rate to 0.01 to train the last logit layer with random … current learning rate, we stopped the training of the current layer and decayed the learning …",https://www.mdpi.com/1099-4300/23/7/881/pdf
Tt-rec: Tensor train compression for deep learning recommendation models,… TT is a simple and robust method for model compression (… 2011) and has been studied extensively for deep learning … been investigated for the deep learning recommendation space; …,https://proceedings.mlsys.org/paper_files/paper/2021/file/1c4534ff58dab447545594c4863239b3-Paper.pdf
Comprehensive Study on Performance Evaluation and Optimization of Model Compression: Bridging Traditional Deep Learning and Large Language Models,"… trained deep learning models, … , compression techniques on popular deep learning models used in the image classification, object detection, language models and generative models-…",https://arxiv.org/pdf/2407.15904
A survey of model compression strategies for object detection,"… of object detection model compression techniques in recent years. Firstly, these compression … After that, we discuss the application scenarios and future directions of model compression …",https://link.springer.com/content/pdf/10.1007/s11042-023-17192-x.pdf
Discrimination-aware network pruning for deep model compression,… 3) We apply the improved DCP to compress the latest face recognition models. 4) We extend DCP for kernel pruning to further compress models at kernel level. 5) We propose a new …,https://arxiv.org/pdf/2001.01050
Leveraging filter correlations for deep model compression,"… based model compression approach for deep convolutional … each such pair naıvely, the model is re-optimized to make the … each round, we further finetune the model to recover from the …",http://openaccess.thecvf.com/content_WACV_2020/papers/Singh_Leveraging_Filter_Correlations_for_Deep_Model_Compression_WACV_2020_paper.pdf
"A survey on deep neural network compression: Challenges, overview, and solutions","… correlated DNN models to perform cross model compression. In MTZ, the compression is … quantitative characterization approach for a deep learning model to make its deployment on …",https://arxiv.org/pdf/2010.03954
Towards efficient model compression via learned global ranking,"… Although the goal of this work is to develop a model compression method that produces a set of ConvNets across different FLOP counts, we also compare our method with prior art that …",https://openaccess.thecvf.com/content_CVPR_2020/papers/Chin_Towards_Efficient_Model_Compression_via_Learned_Global_Ranking_CVPR_2020_paper.pdf
Discrete model compression with resource constraint for deep neural networks,"… In this paper, we proposed an effective discrete model compression method to prune CNNs given certain resource constraints. By turning deterministic discrete gate to stochastic …",http://openaccess.thecvf.com/content_CVPR_2020/papers/Gao_Discrete_Model_Compression_With_Resource_Constraint_for_Deep_Neural_Networks_CVPR_2020_paper.pdf
A novel training strategy for deep learning model compression applied to viral classifications,"… In this paper, in contrast, we propose a novel model compression scheme that … Weight compression by quantization Figure 5 depicts the architecture of quantization-aware …",http://www.eecs.harvard.edu/~htk/publication/2021-ijcnn-fernandes-kung.pdf
"Efficient deep learning: A survey on making deep learning models smaller, faster, and better",… There are other survey papers that cover a limited part of the field of efficient deep learning such as specific compression techniques like quantization and distillation [26…,https://arxiv.org/pdf/2106.08962
What is the state of neural network pruning?,"… the configuration of the network’s parameters and … neural network model as a particular parameterization of an architecture, ie, f(x; W) for specific parameters W. Neural network pruning …",https://proceedings.mlsys.org/paper_files/paper/2020/file/6c44dc73014d66ba49b28d483a8f8b0d-Paper.pdf
Importance estimation for neural network pruning,"… At each pruning iteration, we remove the neuron with the least importance as measured by the criterion used, and measure the loss on the training set. Results in Fig. 3 show that …",https://openaccess.thecvf.com/content_CVPR_2019/papers/Molchanov_Importance_Estimation_for_Neural_Network_Pruning_CVPR_2019_paper.pdf
"A survey on deep neural network pruning: Taxonomy, comparison, analysis, and recommendations","… neural network pruning. To facilitate future research on deep neural network pruning, we summarize broad pruning … curated collection of datasets, networks, and evaluations on different …",https://arxiv.org/pdf/2308.06767
Structured pruning for deep convolutional neural networks: A survey,"… pruning of deep CNNs. We summarize and compare the state-of-the-art structured pruning … execution, neural architecture search, the lottery ticket hypothesis, and the applications of …",https://arxiv.org/pdf/2303.00566
Methods for pruning deep neural networks,"… Although methods for pruning shallow neural networks were proposed in … pruning deep neural networks. Hence, this paper presents a survey of recent work on pruning neural networks …",https://ieeexplore.ieee.org/iel7/6287639/6514899/09795013.pdf
Variational convolutional neural network pruning,… pruning convolutional neural networks in channel level. This idea is motivated by the fact that deterministic value based pruning … Our method conducts channel pruning without desire of …,https://openaccess.thecvf.com/content_CVPR_2019/papers/Zhao_Variational_Convolutional_Neural_Network_Pruning_CVPR_2019_paper.pdf
Pruning and quantization for deep neural network acceleration: A survey,… This paper focuses primarily on network optimization for convolutional neural networks. It is … an introduction to neural networks and specifically convolutional neural networks. We also …,https://arxiv.org/pdf/2101.09671
Recent advances on neural network pruning at initialization,"… ), attempts to prune a randomly initialized network. This paper … pruning fashion. We first introduce a generic formulation of neural network pruning, followed by the major classic pruning …",https://arxiv.org/pdf/2103.06460
Eagleeye: Fast sub-net evaluation for efficient neural network pruning,"… In this work, we present a pruning method called EagleEye, in which a simple yet … pruning algorithms. EagleEye achieves better pruning performance than all of the studied pruning …",https://arxiv.org/pdf/2007.02491
Convolutional neural network pruning with structural redundancy reduction,"… find that pruning in the layer(s) with the most structural redundancy outperforms pruning the … Based on this finding, we then propose a network pruning approach that identifies structural …",http://openaccess.thecvf.com/content/CVPR2021/papers/Wang_Convolutional_Neural_Network_Pruning_With_Structural_Redundancy_Reduction_CVPR_2021_paper.pdf
Scop: Scientific control for reliable neural network pruning,… reliable neural network pruning algorithm by setting up a scientific control. Existing pruning … importance of filters to the network and then execute filter pruning accordingly. To increase …,https://proceedings.neurips.cc/paper/2020/file/7bcdf75ad237b8e02e301f4091fb6bc8-Paper.pdf
Accelerator-aware pruning for convolutional neural networks,"… by network pruning[… pruning schemes have been proposed, some of which prune the weights without constraints [19], [20] while others prune the weights considering the neural network …",https://arxiv.org/pdf/1804.09862
Neural network pruning with residual-connections and limited-data,"… Network pruning is a useful tool to obtain a satisfactory balance between inference speed … , structured pruning such as filter level pruning is more preferred. In filter level pruning, the …",https://openaccess.thecvf.com/content_CVPR_2020/papers/Luo_Neural_Network_Pruning_With_Residual-Connections_and_Limited-Data_CVPR_2020_paper.pdf
Pruning neural networks at initialization: Why are we missing the mark?,"… Recent work has explored the possibility of pruning neural networks at initialization. We … and magnitude pruning. Although these methods surpass the trivial baseline of random pruning, …",https://arxiv.org/pdf/2009.08576
1xn pattern for pruning convolutional neural networks,"… the individual weights or the whole filters, we design a pruning pattern that supports network pruning by removing consecutive N output kernels with the same input channel index. To …",https://arxiv.org/pdf/2105.14713
Lost in pruning: The effects of pruning neural networks beyond test accuracy,"… the pruned network and its parent, we observe that the prune potential of the network varies … In this paper, we study the impact of pruning when deploying neural networks in real-world …",https://proceedings.mlsys.org/paper_files/paper/2021/file/521437c574a2bb7fcc20b222700b4181-Paper.pdf
Sparsity in deep learning: Pruning and growth for efficient inference and training in neural networks,"… We describe approaches to remove and add elements of neural networks, different training strategies to achieve model sparsity, and mechanisms to exploit sparsity in practice. Our …",https://www.jmlr.org/papers/volume22/21-0366/21-0366.pdf
And the bit goes down: Revisiting the quantization of neural networks,"… our approach for quantizing a neural network. We quantize the network sequentially starting … We guide the compression of the student network by the non-compressed teacher network, …",https://arxiv.org/pdf/1907.05686.pdf?utm_campaign=ExternalTechRecSeptember52019&utm_content=100275348&utm_medium=social&utm_source=twitter&hss_channel=tw-992153930095251456
Quantization networks,"… of neural network quantization. … bit quantization of deep neural networks from the perspective of non-linear functions. Inspired by activation functions in DNNs, a soft quantization function …",https://openaccess.thecvf.com/content_CVPR_2019/papers/Yang_Quantization_Networks_CVPR_2019_paper.pdf
Low-bit quantization of neural networks for efficient inference,"… quantization framework for neural networks. We analyze the MMSE quantization problem and propose optimal quantization … The hardware-aware partitioning of the network parameters, …",https://arxiv.org/pdf/1902.06822
A white paper on neural network quantization,… We start with an introduction to quantization and discuss hardware and practical … regimes of quantizing neural networks: Post-Training Quantization (PTQ) and QuantizationAware …,https://arxiv.org/pdf/2106.08295
A survey of quantization methods for efficient neural network inference,"… Thus, it is not surprising that quantization has emerged … Neural Networks. In this article, we survey approaches to the problem of quantizing the numerical values in deep Neural Network …",https://arxiv.org/pdf/2103.13630.pdf?trk=public_post_comment-text
Uniq: Uniform noise injection for non-uniform quantization of neural networks,"… We present a novel method for neural network quantization. Our method, named UNIQ, emulates a nonuniformk-quantile quantizer and adapts the model to perform well with quantized …",https://arxiv.org/pdf/1804.10969
Hawq: Hessian aware quantization of neural networks with mixed-precision,"… quantizing the model to a target precision. Here, we introduce Hessian AWare Quantization (HAWQ), a novel second-order quantization … of the relative quantization precision of each …",https://openaccess.thecvf.com/content_ICCV_2019/papers/Dong_HAWQ_Hessian_AWare_Quantization_of_Neural_Networks_With_Mixed-Precision_ICCV_2019_paper.pdf
A comprehensive survey on model quantization for deep neural networks in image classification,"… We describe using the scale factor and the clustering-based approaches for approximating the quantization levels accurately. Additionally, the training of a quantized neural network …",https://www.academia.edu/download/104789540/2205.07877.pdf
Least squares binary quantization of neural networks,… Training binary networks The loss functions in our quantized neural networks are non-differentiable due to the sign function in the quantizers. To address this challenge we use the …,http://openaccess.thecvf.com/content_CVPRW_2020/papers/w40/Pouransari_Least_Squares_Binary_Quantization_of_Neural_Networks_CVPRW_2020_paper.pdf
Releq: an automatic reinforcement learning approach for deep quantization of neural networks,"… Albeit alluring, quantization can lead to significant accuracy … accuracy, while benefiting from quantization the following two … tune quantized neural networks given a level of quantization …",https://par.nsf.gov/servlets/purl/10111602
Hawq-v2: Hessian aware trace-weighted quantization of neural networks,"… Quantization is an effective method for reducing memory footprint and inference time of Neural Networks. However, ultra low precision quantization could lead to significant degradation …",https://proceedings.neurips.cc/paper/2020/file/d77c703536718b95308130ff2e5cf9ee-Paper.pdf
ReLeQ : A Reinforcement Learning Approach for Automatic Deep Quantization of Neural Networks,"… To this end, quantization of neural networks provides a path … Albeit alluring, quantization can lead to significant accuracy … have developed techniques for quantized training.However, this …",https://ieeexplore.ieee.org/ielaam/40/9186208/9141414-aam.pdf
Linear symmetric quantization of neural networks for low-precision integer hardware,… on the quantization of neural networks. Quantization technique is also closely related to the implementation of specialized hardware that maps the procedure of network inference onto …,https://openreview.net/pdf?id=H1lBj2VFPS
Adabits: Neural network quantization with adaptive bit-widths,… study specific methods to train quantized neural networks adaptive to different requirements… -precision quantization. We find that an adaptive model produced by a joint quantization …,http://openaccess.thecvf.com/content_CVPR_2020/papers/Jin_AdaBits_Neural_Network_Quantization_With_Adaptive_Bit-Widths_CVPR_2020_paper.pdf
Quantization and deployment of deep neural networks on microcontrollers,… in our MicroAI framework for deep neural networks quantization. Section 5 details our … framework MicroAI and two popular embedded neural network frameworks (TensorFlow Lite for …,https://www.mdpi.com/1424-8220/21/9/2984/pdf
Hawq-v3: Dyadic neural network quantization,… to quantized integer values. This hidden cost limits the latency improvement realized by quantizing Neural Networks. … -precision integer-only quantization framework. The contributions of …,http://proceedings.mlr.press/v139/yao21a/yao21a.pdf
Efficient quantization for neural networks with binary weights and low bitwidth activations,… quantization strategy in which we formulate the forward and backward approximation of weights with binary values and quantize … of our quantized neural networks with binarized weights …,https://ojs.aaai.org/index.php/AAAI/article/download/4273/4151
Secure evaluation of quantized neural networks,"… our quantized neural networks. Finally, to illustrate the advantages of our approach with respect to constructing ad-hoc MPC protocols that are only suitable to certain type of models, we …",https://arxiv.org/pdf/1910.12435
"Federated deep learning for cyber security in the internet of things: Concepts, applications, and experimental analysis","… in federated learning-based security and privacy systems. Finally, we provide an experimental analysis of federated deep learning with three deep learning … ), and Deep Neural Network (…",https://ieeexplore.ieee.org/iel7/6287639/6514899/09562531.pdf
DeepFed: Federated deep learning for intrusion detection in industrial cyber–physical systems,"… federated deep learning scheme, named DeepFed, to detect cyber threats against industrial CPSs. Specifically, we first design a new deep learning-… a federated learning framework, …",https://www.cs.unb.ca/~rlu1/paper/LiWSLLZ21.pdf
Towards efficient and privacy-preserving federated deep learning,"… privacy-preserving federated deep learning scheme based on … in federated deep learning with lightweight homomorphic encryption. In this way, our scheme supports federated learning …",https://www.researchgate.net/profile/Guowen-Xu-5/publication/334487401_Towards_Efficient_and_Privacy-Preserving_Federated_Deep_Learning/links/60e80ecb0fbf460db8f30162/Towards-Efficient-and-Privacy-Preserving-Federated-Deep-Learning.pdf
Privacy-preserving federated deep learning with irregular users,"… In this paper, we only consider the federated learning scenario where each user holds independent and identically distributed (IID) samples. Specifically, Let N be the number of users …",https://ink.library.smu.edu.sg/cgi/viewcontent.cgi?article=6184&context=sis_research
An overview of federated deep learning privacy attacks and defensive strategies,"… Federated learning (FL) is the most popular of these methods, which provides privacy … of decentralized learning have been proposed, most notably that of federated learning (FL). …",https://arxiv.org/pdf/2004.04676
Federated deep learning for detecting COVID-19 lung abnormalities in CT: a privacy-preserving multinational validation study,… This study aimed to analyze the effectiveness of federated deep learning on the task of chest CT abnormality detection for COVID-19 with evaluating the performance of AI models …,https://www.nature.com/articles/s41746-021-00431-6.pdf
Federated learning improves site performance in multicenter deep learning without data sharing,"… HR, ZX, JT, DX, and MGF contributed to the underlying federated learning framework and adaptation for the application to this analysis. KVS, SH, TS, and HR primarily contributed to …",https://academic.oup.com/jamia/article-pdf/28/6/1259/38615457/ocaa341.pdf
Federated deep learning meets autonomous vehicle perception: Design and verification,"… instances, federated learning assisted connected autonomous vehicle (FLCAV) has been proposed, which leverages vehicular networks to establish federated deep neural networks (…",https://arxiv.org/pdf/2206.01748
Multi-institutional collaborations for improving deep learning-based magnetic resonance image reconstruction using federated learning,"… In recent years, deep learning-based methods have been shown to produce superior … In order to overcome this challenge, we propose a federated learning (FL) based solution in which …",https://openaccess.thecvf.com/content/CVPR2021/papers/Guo_Multi-Institutional_Collaborations_for_Improving_Deep_Learning-Based_Magnetic_Resonance_Image_Reconstruction_CVPR_2021_paper.pdf
Comprehensive privacy analysis of deep learning: Passive and active white-box inference attacks against centralized and federated learning,"… In federated learning, we show that a curious parameter … In federated learning, the repeated parameter updates of the … other parties, in the federated learning setting, the adversary can …",https://arxiv.org/pdf/1812.00910
From federated learning to federated neural architecture search: a survey,"… Meanwhile, neural architecture search has become very popular in deep learning for … categorize federated learning systems into offline and online approaches, where online federated …",https://link.springer.com/content/pdf/10.1007/s40747-020-00247-z.pdf
Detection of false data injection attacks in smart grid: A secure federated deep learning approach,"… Inspired by federated learning, a FDIA detection method based on secure federated deep learning is proposed in this paper by combining Transformer, federated learning and Paillier …",https://arxiv.org/pdf/2209.00778
Decentralized distributed multi-institutional PET image segmentation using a federated deep learning framework,"… Federated learning–based models have been developed for different medical imaging tasks… In the current study, we have developed a federated DL-based framework for PET image …",https://journals.lww.com/nuclearmed/_layouts/15/oaks.journals/downloadpdf.aspx?an=00003072-202207000-00006
Towards fair and privacy-preserving federated deep models,"… outperforms standalone deep learning. In … deep learning frameworks, and the related literatures on privacy-preserving collaborative deep learning, and fairness in federated learning …",https://arxiv.org/pdf/1906.01167
OpenFL: the open federated learning library,"… Federated learning (FL) is a computational paradigm that enables organizations to collaborate on machine learning (ML) and deep learning (DL) projects without sharing sensitive data, …",https://iopscience.iop.org/article/10.1088/1361-6560/ac97d9/pdf
A review of applications in federated learning,"… For joint training in deep learning network, those institutions with big data could manipulate the prediction model thus small and medium-sized organizations do not have impetus in joint …",https://orca.cardiff.ac.uk/id/eprint/134968/1/CAIE_A%20review%20of%20applications%20in%20federated%20learning_deposit.pdf
Convolutional self-attention networks,"… In this paper, we propose a parameter-free convolutional self-attention model to enhance the feature extraction of neighboring elements across multiple heads. Empirical results of …",https://arxiv.org/pdf/1904.03107
Context-aware self-attention networks,"… self-attention networks through capturing the richness of context. To maintain the simplicity and flexibility of the selfattention networks, we … vectors participate in the self-attention model. …",https://ojs.aaai.org/index.php/AAAI/article/view/3809/3687
Exploring self-attention for image recognition,"… self-attention, which is strictly more powerful than convolution. Our pairwise self-attention networks … tations and conclude that self-attention networks may have significant benefits in …",https://openaccess.thecvf.com/content_CVPR_2020/papers/Zhao_Exploring_Self-Attention_for_Image_Recognition_CVPR_2020_paper.pdf
Self-attention generative adversarial networks,"… self-attention mechanism, we build several SAGAN models by adding the selfattention … As shown in Table 1, the SAGAN models with the self-attention mechanism at the middle-to-…",http://proceedings.mlr.press/v97/zhang19d/zhang19d.pdf
Global self-attention networks for image recognition,"… of a deep network. Based on this module, we introduce new standalone global attention-based deep networks, referred to as global self-attention networks. A GSA network uses GSA …",https://arxiv.org/pdf/2010.03019
Self-attention networks can process bounded hierarchical languages,"… For the broader NLP community, our results also contribute to settling whether self-attention networks are restricted to model hierarchical structures due to non-recurrence, a concern (…",https://arxiv.org/pdf/2105.11115
Cloze-driven pretraining of self-attention networks,… Each block consists of two sub-blocks: the first is a multi-head self-attention module with H = … (2017) we apply layer normalization before the self-attention and FFN blocks instead of after…,https://arxiv.org/pdf/1903.07785
Self-attention network for skeleton-based human action recognition,"… In this paper, we propose a novel model with SelfAttention Network (SAN) to overcome the … options for encoders, self-attention network, and temporal segment network. Each experiment …",https://openaccess.thecvf.com/content_WACV_2020/papers/Cho_Self-Attention_Network_for_Skeleton-based_Human_Action_Recognition_WACV_2020_paper.pdf
Feature importance estimation with self-attention networks,"… 3 Self-Attention Networks This section presents the proposed Self-Attention Network (SAN) approach, illustrated in Figure 1. We begin by a formal description of the architecture, …",https://ebooks.iospress.nl/pdf/doi/10.3233/FAIA200256
Dysat: Deep neural representation learning on dynamic graphs via self-attention networks,"… different sizes including two communication networks [14, 21] and two rating networks [11]. Our … Dynamic SelfAttention Network that utilizes joint structural and temporal self-attention for …",https://aravindsankar28.github.io/files/DySAT-WSDM2020.pdf
Self-attention networks for code search,… We first utilize two individual self-attention networks to represent code snippets and their … we utilize the self-attention network to conduct an extra joint representation network for code …,https://drive.google.com/file/d/1NZoiM7E6L_lL0GHP5mpq-BNwyLe6Ig-e/view
How does selective mechanism improve self-attention networks?,… Task Description We evaluate the ability of selfattention on structure modeling by constructing constituency trees from the attention distributions. Under the assumption that attention …,https://arxiv.org/pdf/2005.00979
Self-attention networks for connectionist temporal classification in speech recognition,"… self-attention was used as a drop-in replacement for individual layers in the state-of-theart lattice-free MMI model [26], an HMM-NN system. Hybrid self-attention/… : selfattention could be …",https://arxiv.org/pdf/1901.10055
Dsanet: Dual self-attention network for multivariate time series forecasting,"… time series, we propose a dual self-attention network (DSANet) for highly efficient multivariate time … from each convolutional component are fed into an individual self-attention module, …",https://haonansu.github.io/files/DSANet/Huang-DSANet.pdf
Cross-modal self-attention network for referring image segmentation,"… Different from above works, we propose a cross-modal self-attention module to jointly … the success of self-attention [23, 24], the designed cross-modal self-attention module can capture …",http://openaccess.thecvf.com/content_CVPR_2019/papers/Ye_Cross-Modal_Self-Attention_Network_for_Referring_Image_Segmentation_CVPR_2019_paper.pdf
Very deep self-attention networks for end-to-end speech recognition,"… networks (TDNN) and long shortterm memory (LSTM) recurrent neural networks, we propose to use self-attention … Our analysis shows that deep Transformer networks with high learning …",https://arxiv.org/pdf/1904.13377
Graph contextualized self-attention network for session-based recommendation.,"… In this paper, we strengthen the self-attention network through graph neural network and meanwhile maintain the model’s simplicity and flexibility. To the best of our knowledge, this is …",https://www.ijcai.org/proceedings/2019/0547.pdf
On the integration of self-attention and convolution,"… between convolution and self-attention in the sense of … On the other hand, self-attention is first introduced in natural … have achieved, convolution and self-attention modules usually follow …",https://openaccess.thecvf.com/content/CVPR2022/papers/Pan_On_the_Integration_of_Self-Attention_and_Convolution_CVPR_2022_paper.pdf
Neural style transfer: A review,… . demonstrated the power of Convolutional Neural Networks (CNNs) … style. This process of using CNNs to render a content image in different styles is referred to as Neural Style Transfer …,https://hub.hku.hk/bitstream/10722/301335/1/Content.pdf?accept=1
Adaattn: Revisit attention mechanism in arbitrary neural style transfer,… to be ready for video style transfer with slight modifications. Experiments demonstrate that our method achieves state-of-the-art arbitrary image/video style transfer. Codes and models …,http://openaccess.thecvf.com/content/ICCV2021/papers/Liu_AdaAttN_Revisit_Attention_Mechanism_in_Arbitrary_Neural_Style_Transfer_ICCV_2021_paper.pdf
Hypernst: Hyper-networks for neural style transfer,"… We present HyperNST; a neural style transfer (NST) technique for the artistic stylization of … method for inducing style transfer parameterized by a metric space, pre-trained for style-based …",https://arxiv.org/pdf/2208.04807
Stytr2: Image style transfer with transformers,"… focus on neural style transfer based on convolutional neural networks (CNNs). Optimizationbased style transfer methods [19, 31, 47] render the input content images with learned style …",https://openaccess.thecvf.com/content/CVPR2022/papers/Deng_StyTr2_Image_Style_Transfer_With_Transformers_CVPR_2022_paper.pdf
Artflow: Unbiased image style transfer via reversible neural flows,"… style transfer modules. • Based on PFN in conjunction with an … style transfer module, we propose a novel style transfer framework, ie., ArtFlow, which achieves comparable style transfer …",https://openaccess.thecvf.com/content/CVPR2021/papers/An_ArtFlow_Unbiased_Image_Style_Transfer_via_Reversible_Neural_Flows_CVPR_2021_paper.pdf
Deep learning for text style transfer: A survey,"… neural models. In this article, we present a systematic survey of the research on neural text style transfer, spanning over 100 representative articles since the first neural text style transfer …",https://direct.mit.edu/coli/article-pdf/48/1/155/2006608/coli_a_00426.pdf
Clipstyler: Image style transfer with a single text condition,"… In the first to third rows, we compare the artistic style transfer performance of our text-guided style transfer with those of the baselines. For the case of early baseline models of AdaIN [9] …",https://openaccess.thecvf.com/content/CVPR2022/papers/Kwon_CLIPstyler_Image_Style_Transfer_With_a_Single_Text_Condition_CVPR_2022_paper.pdf
Inversion-based style transfer with diffusion models,… Image style transfer Image style transfer has been widely … style transfer methods use low-level handcrafted features to match the patches between the content image and the style image […,https://openaccess.thecvf.com/content/CVPR2023/papers/Zhang_Inversion-Based_Style_Transfer_With_Diffusion_Models_CVPR_2023_paper.pdf
Rethinking and improving the robustness of image style transfer,… neural style transfer methods has shown that the correlation between features extracted by a pre-trained VGG network has a remarkable ability to capture the visual style … for style transfer…,http://openaccess.thecvf.com/content/CVPR2021/papers/Wang_Rethinking_and_Improving_the_Robustness_of_Image_Style_Transfer_CVPR_2021_paper.pdf
Artistic style transfer with internal-external learning and contrastive learning,"… of the large-scale style dataset to learn the human-aware style information, which makes the … argue that existing style transfer methods only consider the content-to-stylization and style-to…",https://proceedings.neurips.cc/paper_files/paper/2021/file/df5354693177e83e8ba089e94b7b6b55-Paper.pdf
Accent modification for speech recognition of non-native speakers using neural style transfer,"… the style transfer feedforward algorithm from the graphical domain. … style transfer, we try to modify an image in a way that its style resembles the style of another, a so-called style image. …",https://link.springer.com/content/pdf/10.1186/s13636-021-00199-3.pdf
Multimodal style transfer via graph cuts,"… styles. In this paper, we introduce a more flexible and general universal style transfer technique: multimodal style transfer (… semantic patterns in content and style images. Specifically, the …",https://openaccess.thecvf.com/content_ICCV_2019/papers/Zhang_Multimodal_Style_Transfer_via_Graph_Cuts_ICCV_2019_paper.pdf
Controllable artistic text style transfer via shape-matching gan,… Figure 1: We propose a novel style transfer framework for rendering artistic text from a source style image in a scale-controllable manner. Our framework allows users to (b) adjust the …,http://openaccess.thecvf.com/content_ICCV_2019/papers/Yang_Controllable_Artistic_Text_Style_Transfer_via_Shape-Matching_GAN_ICCV_2019_paper.pdf
Collaborative distillation for ultra-resolution universal style transfer,"… Although we mainly focus on neural style transfer in this work, the encoder-decoder scheme is also generally utilized in other low-level vision tasks like super-resolution and image in…",http://openaccess.thecvf.com/content_CVPR_2020/papers/Wang_Collaborative_Distillation_for_Ultra-Resolution_Universal_Style_Transfer_CVPR_2020_paper.pdf
Content and style disentanglement for artistic style transfer,… [7] first proposed a neural style transfer to encode the style of an image using the pairwise … Neural Network (CNN). Given a single content image and a single reference style image the …,http://openaccess.thecvf.com/content_ICCV_2019/papers/Kotovenko_Content_and_Style_Disentanglement_for_Artistic_Style_Transfer_ICCV_2019_paper.pdf
Accelerate neural style transfer with super-resolution,"… and style image [18] to realize arbitrary style or multi-style transfer, our aim does not focus on the multi-style image transform in one single model. Our model still learns the style transfer …",https://drive.google.com/file/d/1xnfzb0xJxVWmXrx1h5mGHRSD7yToO7qG/view
A closed-form solution to universal style transfer,"… In this paper, we first present a novel interpretation of neural style transfer by treating it as an optimal transport problem. Then we demonstrate the theoretical relations between our …",https://openaccess.thecvf.com/content_ICCV_2019/papers/Lu_A_Closed-Form_Solution_to_Universal_Style_Transfer_ICCV_2019_paper.pdf
Attention-aware multi-stroke style transfer,"… Recently, inspired by the power of Convolutional Neural Network (CNN) … Neural Style Transfer, which first introduces neural representations to separate and recombine content and style …",https://openaccess.thecvf.com/content_CVPR_2019/papers/Yao_Attention-Aware_Multi-Stroke_Style_Transfer_CVPR_2019_paper.pdf
NeRF-Art: Text-Driven Neural Radiance Fields Stylization,"… for 3D content, neural style transfer has been extended to explicit 3D representations. The work [43] first considers the cross-view disparity consistency and applies style transfer on …",https://arxiv.org/pdf/2212.08070
Text data augmentation for deep learning,"… of Deep Learning. In this survey, we consider how the Data Augmentation training strategy … We begin with the major motifs of Data Augmentation summarized into strengthening local …",https://link.springer.com/content/pdf/10.1186/s40537-021-00492-0.pdf
A survey on image data augmentation for deep learning,"… In addition to augmentation techniques, this paper will briefly discuss … of Data Augmentation such as test-time augmentation, resolution impact, final dataset size, and curriculum learning…",https://link.springer.com/content/pdf/10.1186/s40537-019-0197-0.pdf
Data augmentation for deep-learning-based electroencephalography,… Data augmentation (DA) has recently been demonstrated to achieve considerable performance gains for deep learning (DL)—increased accuracy and stability and reduced overfitting. …,https://digitalcommons.chapman.edu/cgi/viewcontent.cgi?article=1228&context=psychology_articles
Image data augmentation for deep learning: A survey,… different kinds of data augmentation methods and their combinations on various deep learning models with … We will also discuss future directions for image data augmentation research. …,https://arxiv.org/pdf/2204.08610
Time series data augmentation for deep learning: A survey,"… the training data, data augmentation is crucial to the successful application … deep learning models on time series data. In this paper, we systematically review different data augmentation …",https://arxiv.org/pdf/2002.12478
Data augmentation for deep learning-based radio modulation classification,"… In this paper, we study data augmentation methods for deep learning-based radio modulation classification. Specifically, a state-of-the-art deep learning-based modulation classifier, is …",https://ieeexplore.ieee.org/iel7/6287639/6514899/08936957.pdf
A novel deep learning approach with data augmentation to classify motor imagery signals,"… deep learning approach requires massive data to train its neural networks, and the amount of data … approach that combines deep learning and data augmentation for EEG classification. …",https://ieeexplore.ieee.org/iel7/6287639/6514899/08630915.pdf
Data augmentation for deep graph learning: A survey,"… , a powerful deep learning tool to model graph-structured data, have … data augmentation in two representative problems in data-centric deep graph learning: (1) reliable graph learning …",https://arxiv.org/pdf/2202.08235
Synthetic data augmentation for surface defect detection and classification using deep learning,"… When deep learning architectures with multiple layers are built, or when the training set is … data augmentation. For greyscale images, classic augmentation refers to data augmentation …",https://www.academia.edu/download/102651509/s10845-020-01710-x20230525-1-m9m31c.pdf
A comprehensive survey of recent trends in deep learning for digital images augmentation,"… deep learning … data augmentation techniques which can be used to increase the number of images. In this paper, a survey of data augmentation for digital images in deep learning will …",https://link.springer.com/content/pdf/10.1007/s10462-021-10066-4.pdf
Augment to prevent: short-text data augmentation in deep learning for hate-speech classification,… deep learning to the hate speech detection problem: a) we propose three text-based data augmentation … a selection of top-performing deep architectures and hate speech databases in …,https://opus.bibliothek.uni-augsburg.de/opus4/files/71702/71702.pdf
Deep learning approaches for data augmentation and classification of breast masses using ultrasound images,"… In the first part, we discuss data augmentation using GAN and traditional augmentation. … using deep learning approaches Convolutional Neural Network (CNN) and a Transfer Learning (…",https://www.academia.edu/download/105766472/Paper_79-Deep_Learning_Approaches_for_Data_Augmentation.pdf
Attentive cutmix: An enhanced data augmentation approach for deep learning based image classification,… To prove the effectiveness of our data augmentation technique we perform extensive experiments across wide range of popular models and Image classification datasets. We select four …,https://arxiv.org/pdf/2003.13048
Deep metric learning: A survey,"… utilized in metric learning to address this problem. In recent years, deep metric learning, which … This article aims to reveal the importance of deep metric learning and the problems dealt …",https://www.mdpi.com/2073-8994/11/9/1066/pdf
Deep metric learning to rank,"… We propose a novel deep metric learning method by revisiting the learning to rank approach. Our method, named FastAP, optimizes the rank-based Average Precision measure, using …",http://openaccess.thecvf.com/content_CVPR_2019/papers/Cakir_Deep_Metric_Learning_to_Rank_CVPR_2019_paper.pdf
Hardness-aware deep metric learning,"… problem of deep metric learning and then present the basic idea of the proposed HDML framework. At last, we elaborate on the approach of deep metric learning under this framework. …",https://openaccess.thecvf.com/content_CVPR_2019/papers/Zheng_Hardness-Aware_Deep_Metric_Learning_CVPR_2019_paper.pdf
Revisiting training strategies and generalization performance in deep metric learning,"… In this work, we counteract the worrying trend of diverging training protocols in Deep Metric Learning (DML). We conduct a large, comprehensive study of important training components …",http://proceedings.mlr.press/v119/roth20a/roth20a.pdf
Softtriple loss: Deep metric learning without triplet sampling,"… Deep metric learning Deep metric learning aims to learn the embeddings directly from the raw materials (eg, images) by deep … , the performance of metric learning has a dramatical …",https://openaccess.thecvf.com/content_ICCV_2019/papers/Qian_SoftTriple_Loss_Deep_Metric_Learning_Without_Triplet_Sampling_ICCV_2019_paper.pdf
Deep metric learning for few-shot image classification: A review of recent developments,… review of recent deep metric learning methods for few-shot image classification. Metric learning methods deserve special attention as they do not require learning additional parameters …,https://arxiv.org/pdf/2105.08149
Multi-similarity loss with general pair weighting for deep metric learning,"… – We establish a General Pair Weighting (GPW) framework, which formulates deep metric learning into a unified view of pair weighting. It provides a general formulation for …",https://openaccess.thecvf.com/content_CVPR_2019/papers/Wang_Multi-Similarity_Loss_With_General_Pair_Weighting_for_Deep_Metric_Learning_CVPR_2019_paper.pdf
Ranked list loss for deep metric learning,… Our objective is to learn a discriminative function f (aka deep metric) such that the similarity between positive pairs is higher than the similarity between negative pairs in the feature …,https://openaccess.thecvf.com/content_CVPR_2019/papers/Wang_Ranked_List_Loss_for_Deep_Metric_Learning_CVPR_2019_paper.pdf
"Spectral, probabilistic, and deep metric learning: Tutorial and survey","… We also introduce geometric metric learning methods on the Riemannian manifolds. In … deep metric learning, geometric metric learning by neural networks, and few-shot metric learning…",https://arxiv.org/pdf/2201.09267
Proxy anchor loss for deep metric learning,Existing metric learning losses can be categorized into two classes: pair-based and proxy-based losses. The former class can leverage fine-grained semantic relations between data …,http://openaccess.thecvf.com/content_CVPR_2020/papers/Kim_Proxy_Anchor_Loss_for_Deep_Metric_Learning_CVPR_2020_paper.pdf
The group loss for deep metric learning,"… neural networks for deep metric learning: intelligent sampling [21], multi-task learning [53] or … In a similar spirit, we propose Group Loss, a novel loss function for deep metric learning that …",https://arxiv.org/pdf/1912.00385
Visual explanation for deep metric learning,"… • We propose a novel explanation framework for deep metric learning … the metric learning models without modifying the model architectures, and is applicable to a host of metric learning …",https://ieeexplore.ieee.org/ielaam/83/9263394/9527069-aam.pdf
Deep metric learning via adaptive learnable assessment,"… of existing deep metric learning methods has been impeded by overfitting, as verified in [43]. Inspired by this, we formulate the learning of the proposed assessor as a meta-learning prob…",https://openaccess.thecvf.com/content_CVPR_2020/papers/Zheng_Deep_Metric_Learning_via_Adaptive_Learnable_Assessment_CVPR_2020_paper.pdf
Stochastic class-based hard example mining for deep metric learning,… Our goal is to obtain an optimal feature extractor that maps an image I to a vector x by deep metric learning. The desired condition of the learned function is to make distances between …,https://openaccess.thecvf.com/content_CVPR_2019/papers/Suh_Stochastic_Class-Based_Hard_Example_Mining_for_Deep_Metric_Learning_CVPR_2019_paper.pdf
Symmetrical synthesis for deep metric learning,… The objective of deep metric learning is to learn an embedding space where semantically … Many recent deep metric learning approaches are built on similarity or distance between pairs …,https://aaai.org/ojs/index.php/AAAI/article/download/6716/6570
Point cloud oversegmentation with graph-structured deep metric learning,… Although superpixel-based methods and deep learning have both been around for a long … We propose formulating point cloud oversegmentation as a deep metric learning problem …,http://openaccess.thecvf.com/content_CVPR_2019/papers/Landrieu_Point_Cloud_Oversegmentation_With_Graph-Structured_Deep_Metric_Learning_CVPR_2019_paper.pdf
Moving in the right direction: A regularization for deep metric learning,"… In this section, we discuss the current approaches for deep metric learning and analyze their objectives to identify potential improvements to their formulations with the goal of improving …",https://openaccess.thecvf.com/content_CVPR_2020/papers/Mohan_Moving_in_the_Right_Direction_A_Regularization_for_Deep_Metric_CVPR_2020_paper.pdf
Enhancing adversarial robustness for deep metric learning,"… Owing to security implications of adversarial vulnerability, adversarial robustness of deep metric learning models has to be improved. In order to avoid model collapse due to …",http://openaccess.thecvf.com/content/CVPR2022/papers/Zhou_Enhancing_Adversarial_Robustness_for_Deep_Metric_Learning_CVPR_2022_paper.pdf
Causability and explainability of artificial intelligence in medicine,"Explainable artificial intelligence (AI) is attracting much interest in medicine. Technically, the problem of explainability is as old as AI itself and classic AI represented comprehensible …",https://wires.onlinelibrary.wiley.com/doi/pdf/10.1002/widm.1312
Introduction to artificial intelligence,… during your studies this book will help you share my fascination with Artificial Intelligence. … philosophical questions surrounding intelligence and artificial intelligence. We humans have …,https://thuvienso.hoasen.edu.vn/bitstream/handle/123456789/10507/Contents.pdf?sequence=1&isAllowed=y
Overview of artificial intelligence in medicine,"… on the fact that the intelligent behavior of a computer is … Artificial intelligent techniques such as fuzzy expert systems, Bayesian networks, artificial neural networks, and hybrid intelligent …",https://journals.lww.com/jfmpc/_layouts/15/oaks.journals/downloadpdf.aspx?an=01697686-201908070-00027
Managing artificial intelligence.,"… that actually achieved intelligent behavior, … artificial intelligence for having borne and nurtured it. If you could see how it was done, people seemed to think, then it couldn’t be intelligence…",https://www.academia.edu/download/75230000/Berente_Gu_Recker_Santhanam_2021_MISQ.pdf
DARPA's explainable artificial intelligence (XAI) program,"… , whose challenges require developing more intelligent, autonomous, and symbiotic … artificially intelligent partners. To address this, DARPA launched its explainable artificial intelligence …",https://ojs.aaai.org/aimagazine/index.php/aimagazine/article/download/2850/3419
Artificial intelligence and law: An overview,"Much has been written recently about artificial intelligence (AI) and law. But what is AI, and what is its relation to the practice and administration of law? This article addresses those …",https://gsulawreview.org/article/15109.pdf
Artificial intelligence: A powerful paradigm for scientific research,Artificial intelligence (AI) coupled with promising machine learning (ML) techniques well known from computer science is broadly affecting many aspects of various fields including …,https://www.cell.com/the-innovation/pdf/S2666-6758(21)00104-1.pdf
A Review of Artificial Intelligence (AI) in Education from 2010 to 2020,… This study provided a content analysis of studies aiming to disclose how artificial intelligence (AI) has been applied to the education sector and explore the potential research trends and …,https://onlinelibrary.wiley.com/doi/pdf/10.1155/2021/8812542
Artificial intelligence—the revolution hasn't happened yet,"… Whether or not we come to understand ‘intelligence’ any time soon, we do have a major … While some view this challenge as subservient to the creation of artificial intelligence, another …",https://assets.pubpub.org/atiu3k8w/ff85d7c1-5135-4ab0-a3cc-c03bc966dba3.pdf
Artificial intelligence and life in 2030: the one hundred year study on artificial intelligence,"… This section describes how researchers and practitioners define “Artificial Intelligence,” and the areas of AI research and application that are currently thriving. It proffers definitions of …",https://arxiv.org/pdf/2211.06318
Machine learning algorithms-a review,… Here‟sa quick look at some of the commonly used algorithms in machine learning (ML) Supervised Learning Supervised learning is the machine learning task of learning a function …,https://www.researchgate.net/profile/Batta-Mahesh/publication/344717762_Machine_Learning_Algorithms_-A_Review/links/5f8b2365299bf1b53e2d243a/Machine-Learning-Algorithms-A-Review.pdf?eid=5082902844932096t
Machine learning and law: An overview,"… , machine learning has only recently started to develop. This chapter explores machine learning’s … The first section describes what machine learning is, highlighting its central principles. …",https://papers.ssrn.com/sol3/Delivery.cfm?abstractid=2417415
Machine learning and the physical sciences,"… II, where the interaction with machine learning has a long history, drawing on methods in … in machine learning. We then turn the wheel in the other direction of using machine learning for …",https://link.aps.org/accepted/10.1103/RevModPhys.91.045002
What is machine learning? A primer for the epidemiologist,… We provide a brief introduction to 5 common machine learning … of machine learning techniques in the published literature. We recommend approaches to incorporate machine learning …,https://sph.umsha.ac.ir/uploads/18/2023/May/22/kwz189.pdf
International conference on machine learning,"In this paper, we make the key delineation on the roles of resolution and statistical uncertainty in hierarchical bandits-based black-box optimization algorithms, guiding a more general …",https://par.nsf.gov/servlets/purl/10418406
The hundred-page machine learning book,The book is divided into a three chapters and one that got the time. Because it dreamed of a dog i would be very proud to the actual story. When you get knowing you do n't listen to what …,https://order-papers.com/sites/default/files/tmp/webform/order_download/pdf-the-hundred-page-machine-learning-book-andriy-burkov-pdf-download-free-book-d835289.pdf
Amnesiac machine learning,"… It gives EU residents the ability to request deletion of their personal data, including training records used to train machine learning models. Unfortunately, Deep Neural Network models …",https://ojs.aaai.org/index.php/AAAI/article/download/17371/17178
A guide to machine learning for biologists,"… A machine learning task is an objective specification for what we want a machine learning model to accomplish. For example, for an experiment investigating the expression of genes …",https://discovery.ucl.ac.uk/id/eprint/10134478/1/NRMCB-review-accepted-forRPS.pdf
Introduction to machine learning,… and Machine Learning series appears at the back of this book. … some learning components; actually most such systems would not have been possible today if not for machine learning. …,https://www.bme.ufl.edu/wp-content/uploads/2018/07/Fall-2015-Syllabus-BME6938-Machine-Learning.pdf
Machine learning in materials science,"… cost and short development cycle, machine learning is coupled with powerful data … properties via machine learning, summarize recent applications of machine learning algorithms to …",https://onlinelibrary.wiley.com/doi/pdfdirect/10.1002/inf2.12028
Machine learning for fluid mechanics,"… At the beginning of a new millennium, with increasingly powerful tools in machine learning and data-driven optimization, we are again learning how to learn from experience. …",https://www.annualreviews.org/content/journals/10.1146/annurev-fluid-010719-060214?crawler=true&mimetype=application/pdf
Recent advances and applications of deep learning methods in materials science,"… of deep learning methods followed by a detailed discussion of recent developments of deep learning in … With this in mind, we begin with a very basic introduction to Deep learning. …",https://www.nature.com/articles/s41524-022-00734-6.pdf
Democratising deep learning for microscopy with ZeroCostDL4Mic,Deep Learning (DL) methods are powerful analytical tools for microscopy and can outperform conventional image processing pipelines. Despite the enthusiasm and innovations fuelled …,https://www.nature.com/articles/s41467-021-22518-0.pdf
iNNvestigate neural networks!,… the most complex neural network architectures. Despite these arguments neural networks are … analysis of image classifications for variety of state-of-the-art neural network architectures. …,https://www.jmlr.org/papers/volume20/18-540/18-540.pdf
Artificial neural networks for neuroscientists: a primer,… of ANN models of biological neural circuits in the field of computational neuroscience. It is noteworthy that ANNs should not be confused with neural network models in general. …,https://www.cell.com/neuron/pdf/S0896-6273(20)30705-4.pdf
Explaining deep neural networks and beyond: A review of methods and applications,"… TOWARD EXPLAINING DEEP NEURAL NETWORKS Before discussing aspects of the problem of explanation that are specific to deep neural networks, we first introduce some basics …",https://ieeexplore.ieee.org/iel7/5/9369414/09369420.pdf
A survey of uncertainty in deep neural networks,… quantifying uncertainty in a neural network’s prediction. As … neural networks have been proposed. This work gives a comprehensive overview of uncertainty estimation in neural networks…,https://link.springer.com/content/pdf/10.1007/s10462-023-10562-9.pdf
Evolving deep neural networks,… is used to optimize the weights of the neural network. Neuroevolution is a good approach in … a good match with neural networks: they recombine parts of existing neural networks to find …,https://arxiv.org/pdf/1703.00548/
Revisiting the calibration of modern neural networks,"… In summary, our results show that some modern neural network families combine high accuracy and state-of-the-art calibration on in-distribution data, both before and after post-hoc …",https://proceedings.neurips.cc/paper/2021/file/8420d359404024567b5aefda1231af24-Paper.pdf
Hamiltonian neural networks,"… , we propose parameterizing it with a neural network and then learning it directly from data. … In particular, our goal is to learn the dynamics of a system using a neural network. The …",https://proceedings.neurips.cc/paper/2019/file/26cd8ecadce0d4efd6cc8a8725cbd1f8-Paper.pdf
Discovering physical concepts with neural networks,"… Here, we investigate whether neural networks can be used to discover physical concepts … Network structure.—This modeling process can be translated directly into a neural network …",https://arxiv.org/pdf/1807.10300
On the spectral bias of neural networks,"… Neural networks are known to be a class … neural networks that complement this aspect of expressivity. By using tools from Fourier analysis, we highlight a learning bias of deep networks …",http://proceedings.mlr.press/v97/rahaman19a/rahaman19a.pdf
Quantum convolutional neural networks,"… Neural network-based machine learning has recently proven successful for … neural networks, a highly effective model in machine learning. Our quantum convolutional neural network (…",https://arxiv.org/pdf/1810.03787
Lagrangian neural networks,"… In this paper, we show how to learn Lagrangians using neural networks. We demonstrate … Neural Networks (HNNs) fail to model while outperforming a baseline neural network in energy …",https://arxiv.org/pdf/2003.04630.pdf?trk=public_post_comment-text
The marabou framework for verification and analysis of deep neural networks,"… Consequently, there is a pressing need for tools and techniques for network analysis and … deep neural networks. Marabou is an SMT-based tool that can answer queries about a network…",https://link.springer.com/content/pdf/10.1007/978-3-030-25540-4_26.pdf
Dynamic neural networks: A survey,"… Abstract—Dynamic neural network is an emerging research … the inference stage, dynamic networks can adapt their structures … this rapidly developing area by dividing dynamic networks …",https://arxiv.org/pdf/2102.04906
Artificial neural networks-based machine learning for wireless networks: A tutorial,"… tutorial that overviews how artificial neural networks (ANNs)-… recurrent, spiking, and deep neural networks, that are pertinent to … network design. Such ANN examples include echo state …",https://ieeexplore.ieee.org/ielaam/9739/8915915/8755300-aam.pdf
Badnets: Evaluating backdooring attacks on deep neural networks,"… paper assume a maliciously trained neural network. As such, adversarial … NEURAL NETWORK BASICS We begin by reviewing some required background about deep neural networks …",https://ieeexplore.ieee.org/iel7/6287639/8600701/08685687.pdf
On the continuity of rotation representations in neural networks,… from neural network approximation theory. Hornik [17] showed that neural networks can … We will come back to this neural network shortly. Let X be a compact topological space. We …,https://openaccess.thecvf.com/content_CVPR_2019/papers/Zhou_On_the_Continuity_of_Rotation_Representations_in_Neural_Networks_CVPR_2019_paper.pdf
Introduction to reinforcement learning,"… To obtain a lot of reward, a reinforcement learning agent must prefer actions that it has tried in the past and found to be effective in producing reward. But to discover such actions, it has …",https://damien-ernst.be/wp-content/uploads/2024/03/f90de-introduction_to_reinforcement_learning.pdf
Algorithms for reinforcement learning,… Reinforcement learning is of great interest … of reinforcement learning that build on the powerful theory of dynamic programming. We give a fairly comprehensive catalog of learning …,https://www.bookfusion.com/books/101180-algorithms_for_reinforcement_learning/download/Algorithms_for_Reinforcement_Learning.pdf
"Reinforcement learning, fast and slow","… to powerful techniques for deep reinforcement learning. In their combination of representation learning with reward-driven behavior, deep reinforcement learning would appear to have …",https://www.cell.com/trends/cognitive-sciences/pdf/S1364-6613(19)30061-0.pdf
Model-based reinforcement learning for atari,… Model-free reinforcement learning (RL) can be used to learn effective policies for complex … than a human would need to learn the same games. How can people learn so quickly? Part of …,https://arxiv.org/pdf/1903.00374
Model-based reinforcement learning: A survey,… Two key approaches to this problem are reinforcement learning (RL) and … based reinforcement learning and their relation to the fields of planning and model-free reinforcement learning (…,https://www.nowpublishers.com/article/DownloadSummary/MAL-086
Challenges of real-world reinforcement learning,"Reinforcement learning (RL) has proven its worth in a series of artificial domains, and is beginning to show some successes in real-world scenarios. However, much of the research …",https://arxiv.org/pdf/1904.12901
"A review of safe reinforcement learning: Methods, theory and applications","Reinforcement Learning (RL) has achieved tremendous success in many complex decision-making tasks. However, safety concerns are raised during deploying RL in real-world …",https://arxiv.org/pdf/2205.10330
A tour of reinforcement learning: The view from continuous control,… This article surveys reinforcement learning from the … experimental implementations of reinforcement learning as well as … It also describes how merging techniques from learning theory …,https://arxiv.org/pdf/1806.09460
Quantifying generalization in reinforcement learning,"… In this paper, we investigate the problem of overfitting in deep reinforcement learning. Among … learning, including L2 regularization, dropout, data augmentation and batch normalization. …",http://proceedings.mlr.press/v97/cobbe19a/cobbe19a.pdf
Reinforcement learning and optimal control,"… names: reinforcement learning, approximate dynamic programming, and neuro-dynamic programming. We will use primarily the most popular name: reinforcement learning. Our subject …",http://web.mit.edu/dimitrib/www/rlpreface.pdf
Natural language processing,"… Python is also available with an extensive standard library, that includes tools for speech processing, natural language processing, numerical processing, and graphical programming […",https://pureportal.strath.ac.uk/files/131112/strathprints002611.pdf
"Natural language processing: state of the art, current trends and challenges","… in machine specific language, Natural Language Processing (NLP) … natural language, and can be classified into two parts ie Natural Language Understanding or Linguistics and Natural …",https://link.springer.com/content/pdf/10.1007/s11042-022-13428-4.pdf
Attention in natural language processing,"… In this article, we define a unified model for attention architectures in natural language processing, with a focus on those designed to work with vector representations of the textual data. …",https://ieeexplore.ieee.org/iel7/5962385/9559436/09194070.pdf
A survey of the usages of deep learning for natural language processing,"… Abstract—Over the last several years, the field of natural language processing has been propelled forward by an explosion in the use of deep learning models. This article provides a …",https://ieeexplore.ieee.org/ielaam/5962385/9346113/9075398-aam.pdf
Natural language processing (NLP) in management research: A literature review,"… Natural language processing (NLP) is gaining momentum in … analyze and comprehend human language. Yet, despite its … The keywords “natural language processing” were used in …",https://research.cbs.dk/files/66651656/chee_wee_tan_et_al_natural_language_processing_acceptedversion.pdf
Pre-trained models for natural language processing: A survey,"Recently, the emergence of pre-trained models (PTMs) has brought natural language processing (NLP) to a new era. In this survey, we provide a comprehensive review of PTMs for NLP…",https://arxiv.org/pdf/2003.08271
ScispaCy: fast and robust models for biomedical natural language processing,… model pipelines for a variety of natural language processing tasks focused on biomedical text. … commonly used in the clinical and biomedical natural language processing communities. …,https://arxiv.org/pdf/1902.07669.pdf?source=post_page---------------------------
Is ChatGPT a general-purpose natural language processing task solver?,… language models (LLMs) have demonstrated the ability to perform a variety of natural language processing (… 2 has drawn a great deal of attention from the natural language processing (…,https://aclanthology.org/2023.emnlp-main.85.pdf
Stanza: A Python natural language processing toolkit for many human languages,"… open-source Python natural language processing toolkit supporting 66 human languages. Compared to existing widely used toolkits, Sta nz a features a language-agnostic fully neural …",https://arxiv.org/pdf/2003.07082
Natural language processing advancements by deep learning: A survey,Natural Language Processing (NLP) helps empower intelligent machines by enhancing a better understanding of the human language for linguistic-based human-computer …,https://arxiv.org/pdf/2003.01200
Revisiting pre-trained models for Chinese natural language processing,"… In this section, we revisit the techniques of the representative pre-trained language models in the recent natural language processing field. The overall comparisons of these models, as …",https://arxiv.org/pdf/2004.13922
Domain-specific language model pretraining for biomedical natural language processing,"… Pretraining large neural language models, such as BERT, has led to impressive gains on many natural language processing (NLP) tasks. However, most pretraining efforts focus on …",https://arxiv.org/pdf/2007.15779
Ammus: A survey of transformer-based pretrained models in natural language processing,"… standard approach in modern natural language processing. In Computer Vision, large models [16]–[19] based on CNN are pretrained on large, labeled datasets like ImageNet [20], [21], …",https://arxiv.org/pdf/2108.05542
Computer vision: algorithms and applications,… doing computer vision research in … in computer vision to students in both computer science and electrical engineering. I prefer students to have either an image processing or a computer …,https://www.academia.edu/download/54343495/Algorithms_and_ApplicationsSzeliskiBook_20100805_draft.pdf
Machine learning in computer vision: a review,"… -art, and how ML is utilized in computer vision and image processing. This survey will provide … yet to be addressed, for efficiently applying of ML in Computer vision and image process. …",https://publications.eai.eu/index.php/sis/article/download/2055/1763
Machine learning in computer vision,… This study on machine learning and computer vision explores and analytically evaluates the … and computer vision in various domains. The machine learning and computer vision …,https://www.sciencedirect.com/science/article/pii/S1877050920308218/pdf?md5=9ced58aea1b17ed22bcb823e29640ebb&pid=1-s2.0-S1877050920308218-main.pdf
Feature extraction and image processing for computer vision,"… By virtue of the enormous breadth of the subject of image processing and computer vision, we restricted the focus to feature extraction and image processing in computer vision for this …",https://eprints.soton.ac.uk/349701/1/Extended%2520Contents%2520List.pdf
Deep learning vs. traditional computer vision,… computer vision techniques should be maintained. The paper will also explore how the two sides of computer vision can … the ability to improve computer vision performance and to tackle …,https://arxiv.org/pdf/1910.13796.pdf?trk=public_post_comment-text
"Computer vision applications in construction: Current state, opportunities & challenges",… technology and algorithms that enable computers to understand digital images … computer vision. This review aims at providing an updated and categorized overview of computer vision …,https://www.sciencedirect.com/science/article/am/pii/S0926580521003915
Deep learning-enabled medical computer vision,"… in the development of modern computer vision techniques—… neural networks, including the vision tasks they enable, in the … workflows can integrate computer vision to enhance care. …",https://www.nature.com/articles/s41746-020-00376-2.pdf
A fourier perspective on model robustness in computer vision,"Achieving robustness to distributional shift is a longstanding and challenging goal of computer vision. Data augmentation is a commonly used approach for improving robustness, …",https://proceedings.neurips.cc/paper_files/paper/2019/file/b05b57f6add810d3b7490866d74c0053-Paper.pdf
An overview of the attention mechanisms in computer vision,"… an important role in the field of computer vision and image processing. In order to … computer vision. Focusing on the models of attention mechanisms commonly used in computer vision, …",https://iopscience.iop.org/article/10.1088/1742-6596/1693/1/012173/pdf
Computer vision techniques in manufacturing,"Computer vision (CV) techniques have played an important role in promoting the informatization, digitization, and intelligence of industrial manufacturing systems. Considering the rapid …",https://www.techrxiv.org/doi/pdf/10.36227/techrxiv.17125652.v1
Large image datasets: A pyrrhic win for computer vision?,In this paper we investigate problematic practices and consequences of large scale vision datasets (LSVDs). We examine broad issues such as the question of consent and justice as …,https://arxiv.org/pdf/2006.16923
Data mining: concepts and techniques,"… is data mining and why data mining is in high demand. Section 1.2 links data mining with … Next, we learn about data mining from multiple aspects, such as the kinds of data that can be …",https://thuvienso.hoasen.edu.vn/bitstream/handle/123456789/8009/Contents.pdf?sequence=4&isAllowed=y
Brief introduction of medical database and data mining technology in big data era,"… data mining methods commonly used in the era of big data. With the advent of the information age, data mining … With information technology, medical records and follow-up data can be …",https://onlinelibrary.wiley.com/doi/pdfdirect/10.1111/jebm.12373
Data mining and machine learning: Fundamental concepts and algorithms,"… Often in data mining we need to project a point or vector onto another vector, for example, to obtain a new point after a change of the basis vectors. Let a, b ∈ Rm be two m-dimensional …",https://www.academia.edu/download/33262772/Data_Mining_and_Analysis_Fundamental_Concepts_and_Algorithms.pdf
"Data mining in clinical big data: the frequently used databases, steps, and methodological models","… of data mining on clinical big data. To allow a clearer understanding of the application of data-mining technology on clinical big data… an overview of data mining, including introducing an …",https://link.springer.com/content/pdf/10.1186/s40779-021-00338-z.pdf
Implementasi Data Mining Sebagai Pengolahan Data,… adalah web mining untuk pencarian berdasarkan kata kunci dengan teknik clustering. Pada proses Data Mining hal yang paling penting adalah pada tahap “Data Mining” dengan …,http://portaldata.org/index.php/portaldata/article/download/107/109
Data Mining Texnalogiyalari Metodlari Va Bosqichlari Hamda Data Science Jarayonlar,"… Xulosa o’rnida shuni aytish joizki, biz yuqorida data mining haqida, data mining texnalogiylari haqida, data mining … Hamda data science jarayonlar nima ekanligini, va data mining va …",https://in-academy.uz/index.php/cajei/article/download/11437/8183
Latest tools for data mining and machine learning,… Data Mining analyzes patterns which are used to extract information and … for Data Mining and predictive analysis. This paper discusses about different tools available for Data Mining …,https://www.academia.edu/download/86855178/I10030789S19.pdf
Matrix methods in data mining and pattern recognition,… This thoroughly revised second edition provides an updated treatment of numerical linear algebra techniques for solving problems in data mining and pattern recognition. Adopting an …,https://epubs.siam.org/doi/pdf/10.1137/1.9781611975864.bm
Analysis of subfeature for classification in data mining,"… in a group of conventional classes in data mining. In data analysis, this typical class does not … the various features data that generate new information from existing data, particularly the …",https://www.researchgate.net/profile/Vinayakumar-Ravi/publication/354200709_Analysis_of_Sub-feature_for_Classification_in_Data_Mining/links/612b6abf2b40ec7d8bcedd41/Analysis-of-Sub-feature-for-Classification-in-Data-Mining.pdf
Deep learning for spatio-temporal data mining: A survey,… the perspective of data mining. Video data analysis falls into the research areas of computer vision and pattern recognition. Thus in this survey we do not cover the ST data type of video. …,https://arxiv.org/pdf/1906.04928
An overview of data mining and process mining applications in underground mining,… most popular data mining/process mining tasks in the analysis of the underground mining process? and RQ2: What are the most popular data mining/process mining techniques applied …,https://yadda.icm.edu.pl/baztech/element/bwmeta1.element.baztech-40a08125-efdb-4714-84b1-8f3b0f3c06b0/c/IM_1-2019-a52.pdf
Clinlabomics: leveraging clinical laboratory data by data mining strategies,… Ma validated five data mining algorithms using thyroid-related hormones test data from clinical laboratories to establish reference intervals of thyroid hormones for older adults. The …,https://link.springer.com/content/pdf/10.1186/s12859-022-04926-1.pdf
Imbalance class problems in data mining: A review,"… data problems in data mining are common nowadays, which occur due to skewed nature of data. … So far, significant research is performed to address the imbalanced data problems by …",https://www.academia.edu/download/99950055/12240.pdf
Towards robust pattern recognition: A review,"… Robust Pattern Recognition: A Review This article reviews robustness in pattern recognition … and implicit assumptions, which form the foundation of most pattern recognition models. …",https://arxiv.org/pdf/2006.06976
Pattern recognition receptors in health and diseases,"… In recent years, the increased researches on the recognition … , the structural characteristics, ligand recognition mechanism, the … of the research on pattern recognition mechanism for the …",https://www.nature.com/articles/s41392-021-00687-0.pdf
Comprehensive review of artificial neural network applications to pattern recognition,The era of artificial neural network (ANN) began with a simplified application in many fields and remarkable success in pattern recognition (PR) even in manufacturing industries. …,https://ieeexplore.ieee.org/iel7/6287639/8600701/08859190.pdf
Wavelet theory approach to pattern recognition,… including pattern recognition that can automatically learn the essential features in pattern recognition. It greatly increases the efficiency and accuracy of pattern recognition system. It is …,https://www.worldscientific.com/doi/pdf/10.1142/9789811284052_0001
Convolutional neural networks: an overview and its applications in pattern recognition,… measures that are used in pattern recognition using CNN. We shall also discuss some of the major applications used nowadays in pattern recognition as well as their implementation (…,https://www.researchgate.net/profile/Aravind-Rai/publication/345640941_Effect_of_Servicescape_and_Nourishment_Quality_on_Client's_Loyalty_in_Fine_Dining_Restaurants_A_Statistical_Investigation/links/62cd0ec83bbe636e0c56c8ef/Effect-of-Servicescape-and-Nourishment-Quality-on-Clients-Loyalty-in-Fine-Dining-Restaurants-A-Statistical-Investigation.pdf#page=37
Panns: Large-scale pretrained audio neural networks for audio pattern recognition,… how well an audio pattern recognition system can perform … A milestone for audio pattern recognition was the release of … transferred to other audio pattern recognition tasks. Previous …,https://openresearch.surrey.ac.uk/esploro/fulltext/journalArticle/PANNs-Large-Scale-Pretrained-Audio-Neural-Networks/99520023602346?repId=12141069900002346&mId=13141069890002346&institution=44SUR_INST
Neural networks: a pattern recognition perspective,"… In this section we concentrate on the two most common kinds of pattern recognition problem. The first of these we shall refer to as regression, and is concerned with predicting the …",https://publications.aston.ac.uk/id/eprint/639/1/NCRG_96_001.pdf
An improved deng entropy and its application in pattern recognition,"… In this section, an application in pattern recognition using Iris dataset [65] is investigated using the … In order to realize patter recognition, the method of generating BPA should firstly be …",https://ieeexplore.ieee.org/iel7/6287639/6514899/08630835.pdf
PRRDB 2.0: a comprehensive database of pattern-recognition receptors and their ligands,PRRDB 2.0 is an updated version of PRRDB that maintains comprehensive information about pattern-recognition receptors (PRRs) and their ligands. The current version of the …,https://academic.oup.com/database/article-pdf/doi/10.1093/database/baz076/28873707/baz076.pdf
A programmable chemical computer with memory and pattern recognition,"… To prove that during the pattern recognition process our BZ platform acts like a chemical processor, a similar experiment is performed, but in this case the BZ platform is replaced by a …",https://www.nature.com/articles/s41467-020-15190-3.pdf
Eranns: Efficient residual audio neural networks for audio pattern recognition,"… We design a new CNN architecture for audio pattern recognition tasks. … Second, we describe and compare several data augmentation techniques for audio pattern recognition tasks, …",https://arxiv.org/pdf/2106.01621
Recognition and inhibition of SARS-CoV-2 by humoral innate immunity pattern recognition molecules,… The present study was designed to conduct a systematic investigation of the interaction of human humoral fluid-phase pattern recognition molecules (PRMs) with severe acute …,https://www.nature.com/articles/s41590-021-01114-w.pdf
cGLRs are a diverse family of pattern recognition receptors in innate immunity,… a major family of pattern recognition receptors in innate … as a widespread family of pattern recognition receptors and … of protein sensors named pattern recognition receptors (PRRs…,https://www.cell.com/cell/pdf/S0092-8674(23)00590-1.pdf
"Real-time EMG based pattern recognition control for hand prostheses: A review on existing methods, challenges and future implementation",… Although recent developments of intelligent pattern recognition techniques could … of pattern recognition control on amputees. We first reviewed the overall structure of pattern recognition …,https://www.mdpi.com/1424-8220/19/20/4596/pdf
The global landscape of AI ethics guidelines,… principles that will determine the development of AI? If they … ethics guidelines for AI and analyses whether a global convergence is emerging regarding both the principles for ethical AI …,https://arxiv.org/pdf/1906.11668
The ethics of AI ethics: An evaluation of guidelines,… AI ethics guidelines and issues recommendations on how to overcome the relative ineffectiveness of these guidelines. AI ethics—or ethics in … ideas on how AI ethics can be transformed …,https://link.springer.com/content/pdf/10.1007/s11023-020-09517-8.pdf
A high-level overview of AI ethics,"… “ethics” is being used in this context and expand upon the dominant ethical philosophies that we believe AI ethics … This section closes with an exploration of “human centric AI,” which we …",https://www.cell.com/patterns/pdf/S2666-3899(21)00157-4.pdf
Emerging challenges in AI and the need for AI ethics education,"… systematic inclusion of AI ethics into the curriculum. In this paper, we briefly describe different approaches to AI ethics and offer a set of recommendations related to AI ethics pedagogy. …",https://link.springer.com/content/pdf/10.1007/s43681-020-00002-7.pdf
"What's next for ai ethics, policy, and governance? a global overview","… the dissemination of narrative framings of AI ethics, promoting particular ethical concepts as being especially salient. Some documents focus on AI’s potential for economic growth, while …",https://www.aies-conference.com/2020/wp-content/papers/030.pdf
Ethics as a service: a pragmatic operationalisation of AI ethics,"… This raised the question: if, even with technical guidance, AI ethics is challenging to … -ethical design endeavour rendered futile? And, if no, then how can AI ethics be made useful for AI …",https://link.springer.com/content/pdf/10.1007/s11023-021-09563-w.pdf
Artificial intelligence (AI) ethics: ethics of AI and ethical AI,"… behavior (ie, Ethical AI). This paper will discuss AI ethics by looking at the ethics of AI and ethical AI. What are the perceived ethical and moral issues with AI? What are the general and …",https://scholarsmine.mst.edu/cgi/viewcontent.cgi?article=1356&context=bio_inftec_facwork
The uselessness of AI ethics,"… and education system which largely ignores ethics; and they are toothless … that AI ethical principles are useless, failing to mitigate the racial, social, and environmental damages of AI …",https://link.springer.com/content/pdf/10.1007/s43681-022-00209-w.pdf
The role and limits of principles in AI ethics: Towards a focus on tensions,"… to guide ethics in practice. We suggest that an important next step for the field of AI ethics is … cases, and develop frameworks and guidelines for AI ethics that are rigorous and practically …",https://dl.acm.org/doi/pdf/10.1145/3306618.3314289
The ethics of AI ethics. A constructive critique,… AI figures among the most advanced tools … Artificial Intelligence—an influential advisory body to the European Commission on AI and AI ethics—declared almost euphorically that AI is. …,https://link.springer.com/content/pdf/10.1007/s13347-022-00557-9.pdf
AI ethics should not remain toothless! A call to bring back the teeth of ethics,"… being used in the ethics of AI today – it is no wonder the ethics of AI is then blamed for … that ‘ethics’ in the current AI ethics field is largely ineffective, trapped in an ‘ethical principles’ …",https://journals.sagepub.com/doi/pdf/10.1177/2053951720942541
Global AI ethics: a review of the social impacts and ethical implications of artificial intelligence,"… Ethics is also something that we do. It requires action and engagement.To understand AI ethics, we … We must also commit to an active ethical engagement that ensures AI technologies …",https://arxiv.org/pdf/1907.07892
The ethics of AI in health care: a mapping review,"… is to classify the ethical risks presented by AI-health, align these … that the ethical challenges raised by implementing AI in … if the ethical risks are not tackled proactively, by encouraging AI-…",https://papers.ssrn.com/sol3/Delivery.cfm?abstractid=3830408
AI ethics principles in practice: Perspectives of designers and developers,… Out of the numerous ethics frameworks and guidelines … of AI ethics should be [10]. Governments and organisations are beginning to develop mechanisms to make high-level AI ethics …,https://arxiv.org/pdf/2112.07467
Towards AI ethics' institutionalization: knowledge bridges from business ethics to advance organizational AI ethics,"… (5) AI ethics washing … in AI ethics and potential insights from business ethics that may advance the current debate. At the same time, we hold that business ethics can learn from AI ethics …",https://link.springer.com/content/pdf/10.1007/s43681-022-00150-y.pdf
"AI ethics, ethics washing, and the need to politicize data ethics","… Footnote 46 Extrapolating these thoughts to our AI ethics discussion, I argue that the relationship between (academic) ethics, especially in its popular deontological form and political …",https://link.springer.com/content/pdf/10.1007/s44206-022-00013-3.pdf
Perspectives and approaches in AI ethics: East Asia,"… AI ethics.Baidu’s Robin Li Yanhong submitted a proposal calling on the government to speed up AI ethics research, citing the impending transition of AI … international AI ethics commu …",https://papers.ssrn.com/sol3/Delivery.cfm?abstractid=3400816
Explainable AI methods-a brief overview,… Idea: Symbolic AI is an emerging field that has been shown to contribute immensely to Explainable AI. Neuro-Symbolic methods [24] incorporate prior human knowledge for various …,https://link.springer.com/content/pdf/10.1007/978-3-031-04083-2_2.pdf
"Explainable AI: A brief survey on history, research areas, approaches and challenges","… who create the AI solutions. In recent years, the explainability and explainable AI have received … This paper first introduces the history of Explainable AI, starting from expert systems and …",https://www.researchgate.net/profile/Feiyu-Xu/publication/336131051_Explainable_AI_A_Brief_Survey_on_History_Research_Areas_Approaches_and_Challenges/links/5e2b496f92851c3aadd7bf08/Explainable-AI-A-Brief-Survey-on-History-Research-Areas-Approaches-and-Challenges.pdf
"Explainable AI (XAI): Core ideas, techniques, and solutions",… This is a core motivation of explainable artificial intelligence (XAI) [14]. The prime reason for rapid growth in XAI is the increased robustness of artificial intelligence (AI) systems in …,https://orca.cardiff.ac.uk/id/eprint/152361/1/3561048.pdf
Explainable artificial intelligence: an analytical review,This paper provides a brief analytical review of the current state‐of‐the‐art in relation to the explainability of artificial intelligence in the context of recent advances in machine learning …,https://wires.onlinelibrary.wiley.com/doi/pdf/10.1002/widm.1424
Explainable AI for healthcare 5.0: opportunities and challenges,"… pliance through assisted technologies like artificial intelligence (AI), Internet-of-… explainable AI (EXAI) has been a disruptive trend in AI that focuses on the explainability of traditional AI …",https://ieeexplore.ieee.org/iel7/6287639/6514899/09852458.pdf
Survey of explainable AI techniques in healthcare,"… Artificial intelligence (AI) with deep learning models has been widely applied in numerous … tool, AI needs to mimic human judgment and interpretation skills. Specifically, explainable AI (…",https://www.mdpi.com/1424-8220/23/2/634/pdf
Opportunities and challenges in explainable artificial intelligence (xai): A survey,… We support the general concept of explainable AI as a suite … AI systems. Explanations are described as extra metadata information from the AI model that offers insight into a specific AI …,https://arxiv.org/pdf/2006.11371
XAI—Explainable artificial intelligence,… The purpose of an explainable AI (XAI) system is to make its behavior more intelligible to humans by providing explanations. There are some general principles to help create effective …,https://openaccess.city.ac.uk/id/eprint/23405/8/aay7120_article_nearly%20final.pdf
A historical perspective of explainable Artificial Intelligence,"… In this article, we look at the literature of Explainable Artificial Intelligence (XAI) from a historical perspective of traditional approaches as well as approaches currently being developed. …",https://wires.onlinelibrary.wiley.com/doi/pdfdirect/10.1002/widm.1391
"Explainable Artificial Intelligence (XAI): Concepts, taxonomies, opportunities and challenges toward responsible AI","… were not present in the last hype of AI (namely, expert systems and rule … eXplainable AI (XAI) field, which is widely acknowledged as a crucial feature for the practical deployment of AI …",https://arxiv.org/pdf/1910.10045
Towards explainable artificial intelligence,"… of Explainable AI This section gives an overview over different approaches to explainable AI, … Some approaches to explainable AI, eg, methods which find influential examples [37], are …",https://arxiv.org/pdf/1909.12072
Towards trustable explainable AI,… Explainable artificial intelligence (XAI) represents arguably one of the most crucial challenges being faced by the area of AI these days. Although the majority of approaches to XAI are of …,https://research.monash.edu/files/326289433/321585627_oa.pdf
Explainable AI: current status and future directions,"… AI is unable to answer these ""wh"" questions. This explainability requirement lead a new area of AI research, know as Explainable AI (XAI). … Many times explainable AI methods provide …",https://arxiv.org/pdf/2107.07045
Explainable ai: A review of machine learning interpretability methods,"… of eXplainable Artificial Intelligence (XAI) [13]—a field focused on the understanding and interpretation of the behaviour of AI … , it is our belief that explainable artificial intelligence still has …",https://www.mdpi.com/1099-4300/23/1/18/pdf
Four principles of explainable artificial intelligence,… We introduce four principles for explainable artificial intelligence (AI) that comprise fundamental properties for explainable AI systems. We propose that explainable AI systems deliver …,https://nvlpubs.nist.gov/nistpubs/ir/2021/NIST.IR.8312.pdf?trk=public_post_comment-text
A survey of the state of explainable AI for natural language processing,"… In the broader AI community, this growing understanding of the importance of explainability has created an emerging field called Explainable AI (XAI). However, just as tasks in different …",https://arxiv.org/pdf/2010.00711
"On the"" steerability"" of generative adversarial networks","… Generative models are no exception, but recent advances in generative adversarial networks (… Is generative modeling of photos a solved problem? We show that although current GANs …",https://arxiv.org/pdf/1907.07171
Generative adversarial network in medical imaging: A review,… Generative adversarial networks have gained a lot of attention in the computer vision community due to their capability of data generation without explicitly modelling the probability …,https://arxiv.org/pdf/1809.07294
How generative adversarial networks and their variants work: An overview,"Generative Adversarial Networks (GANs) have received wide attention in the machine learning field for their potential to learn high-dimensional, complex real data distribution. …",https://www.academia.edu/download/82447643/1711.pdf
Time-series generative adversarial networks,"… In addition, we find that the embedding networks and joint training the with the adversarial networks (thereby aligning the targets of the two) clearly and consistently improves generative …",https://proceedings.neurips.cc/paper_files/paper/2019/file/c9efe5f26cd17ba6216bbe2a7d26d490-Paper.pdf
Steganographic generative adversarial networks,"Steganography is collection of methods to hide secret information (“payload”) within non-secret information “container”). Its counterpart, Steganalysis, is the practice of determining if a …",https://arxiv.org/pdf/1703.05502
Alias-free generative adversarial networks,"… the synthesis process of typical generative adversarial networks depends on absolute pixel … aliasing in the generator network. Interpreting all signals in the network as continuous, we …",https://proceedings.neurips.cc/paper/2021/file/076ccd93ad68be51f23707988e934906-Paper.pdf
Generative adversarial networks: A survey toward private and secure applications,"Generative Adversarial Networks (GANs) have promoted a variety of applications in computer vision and natural language processing, among others, due to its generative model’s …",https://dl.acm.org/doi/pdf/10.1145/3459992
Generative adversarial networks in computer vision: A survey and taxonomy,Generative adversarial networks (GANs) have been extensively studied in the past few years. Arguably their most significant impact has been in the area of computer vision where great …,https://dl.acm.org/doi/pdf/10.1145/3439723
Video generative adversarial networks: a review,"… Scholar for the keywords “overview of generative adversarial networks”, “survey of generative adversarial networks”, and “review of generative adversarial networks”, as well as the …",https://dl.acm.org/doi/pdf/10.1145/3487891
Recent progress on generative adversarial networks (GANs): A survey,"Generative adversarial network (GANs) is one of the most important research avenues in the field of artificial intelligence, and its outstanding data generation capacity has received wide …",https://ieeexplore.ieee.org/iel7/6287639/8600701/08667290.pdf
Convolutional neural networks: A survey,"… In this work, the authors use facial landmarks detected by a camera as input to a convolutional neural network to categorize tiredness instead of a multi-layer perceptron. The suggested …",https://www.mdpi.com/2073-431X/12/8/151/pdf
Review on Convolutional Neural Networks (CNN) in vegetation remote sensing,"… Very recently, a series of studies have demonstrated that the deep learning method of Convolutional Neural Networks (CNN) is very effective to represent spatial patterns enabling to …",https://www.academia.edu/download/65705615/Kattenborn_et_al._2021_Review_on_Convolutional_Neural_Networks_CNN_in_vegetation_remote_sensing.pdf
Fundamental concepts of convolutional neural network,"… , we initialize a convolutional neural network with another convolutional neural network (that … , a deep autoencoder or a deep belief network. This method can sometimes workes very …",https://www.researchgate.net/profile/Nitesh-Jindal-2/post/Weight_Sharing_in_Convolution_Neural_Networks/attachment/61fd13c4b3729f0f61a647b0/AS%3A1119729062289408%401643975620231/download/Pre-printCopy.pdf
Theory of deep convolutional neural networks: Downsampling,"… convolutional neural networks can be used to approximate ridge functions nicely, which hints some advantages of these structured networks … layer fully-connected neural network can be …",https://www.personal.soton.ac.uk/cz1y20/Reading_Group/mlts-2024s/week1/Theory_of_deep_convolutional_neural_networks_Downsampling.pdf
diffGrad: an optimization method for convolutional neural networks,"… The deep neural network has different variants to deal with the … convolutional neural networks (CNNs) and generative adversarial networks (GANs) for images, recurrent neural network (…",https://arxiv.org/pdf/1909.11015
Orthogonal convolutional neural networks,… Deep convolutional neural networks are hindered by training instability and … on convolutional filters. We develop an efficient approach to impose filter orthogonality on a convolutional …,http://openaccess.thecvf.com/content_CVPR_2020/papers/Wang_Orthogonal_Convolutional_Neural_Networks_CVPR_2020_paper.pdf
Recent advances in convolutional neural network acceleration,"… In recent years, convolutional neural networks (CNNs) have shown great performance in various fields such as image classification, pattern recognition, and multi-media compression. …",https://arxiv.org/pdf/1807.08596
"Theoretical understanding of convolutional neural network: Concepts, architectures, applications, future directions",… Convolutional neural networks are used to automatically learn a hierarchy of features that … convolutional neural networks (CNNs) and describe how each parameter affects the network…,https://www.mdpi.com/2079-3197/11/3/52/pdf
Towards unified int8 training for convolutional neural network,… Deep convolutional neural networks (DCNNs) have achieved remarkable success in many … on how to accelerate the inference of neural networks by fixed-point quantization on weights …,https://openaccess.thecvf.com/content_CVPR_2020/papers/Zhu_Towards_Unified_INT8_Training_for_Convolutional_Neural_Network_CVPR_2020_paper.pdf
Convolutional neural networks in medical image understanding: a survey,"… convolutional neural network (CNN) model, which automatically learns the needed features and extracts it for medical image understanding. The CNN model is made of convolutional …",https://link.springer.com/content/pdf/10.1007/s12065-020-00540-3.pdf
Recurrent neural networks (rnns): A gentle introduction and overview,"… In this work we gave an introduction into fundamentals for Recurrent Neural Networks (RNNs). This includes the general framework for RNNs, Backpropagation through time, problems …",https://arxiv.org/pdf/1912.05911
Resurrecting recurrent neural networks for long sequences,Recurrent Neural Networks (RNNs) offer fast inference on long sequences but are hard to optimize and slow to train. Deep state-space models (SSMs) have recently been shown to …,https://proceedings.mlr.press/v202/orvieto23a/orvieto23a.pdf
AntisymmetricRNN: A dynamical system view on recurrent neural networks,… Recurrent neural networks have gained widespread use in modeling sequential data. … recurrent networks and ordinary differential equations. A special form of recurrent networks called …,https://arxiv.org/pdf/1902.09689
Fundamentals of recurrent neural network (RNN) and long short-term memory (LSTM) network,"… In this section, we will derive the Recurrent Neural Network (RNN) from differential equations [9], [10]. Let s → ( t ) be the value of the d -dimensional state signal vector and consider the …",https://arxiv.org/pdf/1808.03314
Symplectic recurrent neural networks,We propose Symplectic Recurrent Neural Networks (SRNNs) as learning algorithms that capture the dynamics of physical systems from observed trajectories. An SRNN models the …,https://arxiv.org/pdf/1909.13334
POPQORN: Quantifying robustness of recurrent neural networks,"… 2017), which aim to find the minimum distortion of neural networks or its lower bounds … networks, such as multi-layer perceptron. Robustness verification for recurrent neural networks (…",http://proceedings.mlr.press/v97/ko19a/ko19a.pdf
On the convergence rate of training recurrent neural networks,"… Most existing theory only covers networks with one hidden layer, so can we go deeper? In this paper, we focus on recurrent neural networks (RNNs) which are multi-layer networks …",https://proceedings.neurips.cc/paper/2019/file/0ee8b85a85a49346fdff9665312a5cc4-Paper.pdf
Variational graph recurrent neural networks,… Graph convolutional recurrent networks (… network of sensors are two examples of such datasets. GCRN combines graph convolutional networks (GCN) [4] with recurrent neural networks …,https://proceedings.neurips.cc/paper/2019/file/a6b8deb7798e7532ade2a8934477d3ce-Paper.pdf
Noisy recurrent neural networks,"… We provide a general framework for studying recurrent neural networks (RNNs) trained by injecting noise into hidden states. Specifically, we consider RNNs that can be viewed as …",https://proceedings.neurips.cc/paper/2021/file/29301521774ff3cbd26652b2d5c95996-Paper.pdf
Recurrent neural networks and nonlinear prediction in support vector machines,… for training recurrent neural networks classically. In order to determine the suitable architecture of … based on support vector machine regression and NARX Recurrent Neural Network: …,https://www.academia.edu/download/67506340/04.pdf
Approach for fault prognosis using recurrent neural network,"… Since the model training of recurrent neural networks requires lots of data, we split all series at intervals of n, where \(n = \hbox {ceil}\ (T_s/100)\). Then the length of all the sequences is …",https://www.researchgate.net/profile/Qianhui-Wu-3/publication/326018835_Approach_for_fault_prognosis_using_recurrent_neural_network/links/5d8ed5a3a6fdcc2554a10d0d/Approach-for-fault-prognosis-using-recurrent-neural-network.pdf
Target propagation in recurrent neural networks,"… Recurrent Neural Networks have been widely used to process … This paper presents a novel algorithm for training recurrent networks, … problem in more complex recurrent architectures. …",https://www.jmlr.org/papers/volume21/18-141/18-141.pdf
Real-time black-box modelling with recurrent neural networks,"… This paper proposes to use a recurrent neural network for blackbox modelling of nonlinear … As a recurrent unit structure, we test both Long Short-Term Memory and a Gated Recurrent …",https://research.aalto.fi/files/36768418/ELEC_Wright_Real_time_black_box_DAFx2019.pdf
A decade survey of transfer learning (2010–2020),"… Recently, transfer learning (TL) has been brought to our attention to deal with all three difficulties. Primarily, TL aims to solve the target task by leveraging the knowledge learned from …",https://ieeexplore.ieee.org/ielaam/9078688/9368888/9336290-aam.pdf
"Reminder of the first paper on transfer learning in neural networks, 1976","… research on transfer learning there is a belief that pioneering work on transfer learning took … that knowledge, pointing out that the transfer learning research started more than a decade …",https://www.informatica.si/index.php/informatica/article/viewFile/2828/1433
Transfer learning for medical image classification: a literature review,"… Transfer learning (TL) with convolutional neural networks aims to improve performances on … However, transfer learning has been arbitrarily configured in the majority of studies. This …",https://link.springer.com/content/pdf/10.1186/s12880-022-00793-7.pdf
Towards a unified view of parameter-efficient transfer learning,"… of parameter-efficient transfer learning methods that only fine-… -art parameter-efficient transfer learning methods and present a … Furthermore, our unified framework enables the transfer of …",https://arxiv.org/pdf/2110.04366
Parameter-efficient transfer learning for NLP,"… For this, we propose a transfer learning strategy that yields compact and extensible … The two most common transfer learning techniques in NLP are feature-based transfer and …",http://proceedings.mlr.press/v97/houlsby19a/houlsby19a.pdf
Exploring the limits of transfer learning with a unified text-to-text transformer,"… Transfer learning, where a model is … transfer learning has given rise to a diversity of approaches, methodology, and practice. In this paper, we explore the landscape of transfer learning …",https://www.jmlr.org/papers/volume21/20-074/20-074.pdf
Meta-transfer learning for few-shot learning,"… tained learning on 240k tasks. In this paper, we propose a novel meta-learning method called meta-transfer learning (MTL) leveraging the advantages of both transfer and meta learning …",http://openaccess.thecvf.com/content_CVPR_2019/papers/Sun_Meta-Transfer_Learning_for_Few-Shot_Learning_CVPR_2019_paper.pdf
Adapterfusion: Non-destructive task composition for transfer learning,… We further propose a novel two stage learning algorithm that allows us to effectively share … Contributions Our main contributions are: (1) We introduce a novel two-stage transfer learning …,https://arxiv.org/pdf/2005.00247.pdf?
Evaluating protein transfer learning with TAPE,"… of five biologically relevant semi-supervised learning tasks spread across different domains of … representation learning, which span recent work as well as canonical sequence learning …",https://proceedings.neurips.cc/paper_files/paper/2019/file/37f65c068b7723cd7809ee2d31d7861c-Paper.pdf
Med3d: Transfer learning for 3d medical image analysis,… important for the development of deep learning in 3D medical images. … We transfer Med3D pre-trained models to lung segmentation in … Transferring our Med3D model on state-the-of-art …,https://arxiv.org/pdf/1904.00625
A study on CNN transfer learning for image classification,"… to [4], however combining Transfer Learning on top of a pre-… be improved with Transfer Learning given minimal time and … in which facilitates Transfer Learning, allowing classification of …",https://www.researchgate.net/profile/Jordan-Bird/publication/325803364_A_Study_on_CNN_Transfer_Learning_for_Image_Classification/links/5bd8874b92851c6b279a23ea/A-Study-on-CNN-Transfer-Learning-for-Image-Classification.pdf
Bayesian networks in environmental risk assessment: A review,… special series “Applications of Bayesian Networks for Environmental Risk Assessment and Management” and was generated from a session on the use of Bayesian networks (BNs) in …,https://academic.oup.com/ieam/article-pdf/17/1/62/59422794/ieam4332.pdf
Advances in Bayesian network modelling: Integration of modelling technologies,… Dynamic Bayesian networks. Other recent variations on the traditional BN modeling theme include dynamic Bayesian networks (DBNs) that model a time series of conditions and …,http://www.plexusowls.com/PDFs/advances_in_Bayesian_network_modelling.pdf
A tutorial on bayesian networks for psychopathology researchers.,… This tutorial aims to introduce Bayesian Networks to identify admissible causal relationships … questions related to Bayesian networks. We recommend Bayesian networks be investigated …,https://dipot.ulb.ac.be/dspace/bitstream/2013/340429/3/tutorial.pdf
Learning large-scale Bayesian networks with the sparsebn package,"… on Bayesian networks. While there are many existing software packages for this task, this package focuses on the unique setting of learning large networks … a causal network from data. …",https://www.jstatsoft.org/article/view/v091i11/1328
"Applications of Bayesian networks and Petri nets in safety, reliability, and risk assessments: A review",… Bayesian networks (BNs) have gained popularity in risk assessment applications due to … This paper presents a review of the applications of Bayesian networks and Petri nets in system …,https://bradscholars.brad.ac.uk/bitstream/handle/10454/17427/Kabir_S_Accepted_Manuscript.pdf?sequence=5
Probabilistic framework to evaluate the resilience of engineering systems using Bayesian and dynamic Bayesian networks,"… A Bayesian network (BN) approach is employed to handle the relationships among the … Therefore, the temporal dimension is tackled in this work using the Dynamic Bayesian Network (…",https://pure.tudelft.nl/ws/files/70261238/Manuscript_Bayesian_postprint.pdf
A survey on Bayesian network structure learning from data,"… Bayesian networks have proven to be an effective and versatile tool for the task at hand. … A crucial aspect is learning the dependency graph of a Bayesian network from data. This task, …",https://boa.unimib.it/bitstream/10281/231183/4/survey.pdf
bayesvl: Visually learning the graphical structure of Bayesian networks and performing MCMC with 'Stan',… Description Provides users with its associated functions for pedagogical purposes in visually learning Bayesian networks and Markov chain Monte Carlo (MCMC) computations …,https://philarchive.org/archive/LABVLT
Increased use of Bayesian network models has improved environmental risk assessments,… Bayesian networks inherently incorporate uncertainty and … ) have dedicated sessions to Bayesian modeling in relation to … that increased use of Bayesian network models will improve …,https://academic.oup.com/ieam/article-pdf/17/1/53/59422172/ieam4369.pdf
Reliability analysis of a floating offshore wind turbine using Bayesian Networks,… A Bayesian Network is adopted to model and analyze the … determined according to the Bayesian Network predictive analysis. … are identified by the Bayesian Network diagnostic analysis. …,https://www.researchgate.net/profile/He-Li-42/publication/344306331_Reliability_Analysis_of_a_Floating_Offshore_Wind_Turbine_using_Bayesian_Networks/links/5f653a48458515b7cf3ec24c/Reliability-Analysis-of-a-Floating-Offshore-Wind-Turbine-using-Bayesian-Networks.pdf
Bayesian structure learning and sampling of Bayesian networks with the R package BiDAG,"… A Bayesian network describes a factorization of a joint probability distribution P(X) of a set of … Specifically we can define a Bayesian network B as a pair (G,Θ) where G is a DAG whose …",https://www.jstatsoft.org/article/view/v105i09/4433
Sentiment analysis of Twitter data during critical events through Bayesian networks classifiers,"… We consider Bayesian network classifiers to perform sentiment analysis … Bayesian network classifier, we adopt a Bayes factor approach for this purpose, yielding more realistic networks. …",https://c22cepchile.cl/wp-content/uploads/2021/09/AC-Ruz-Henriquez-Mascareno-2020-Sentiment-Analysis.pdf
Factors influencing sedentary behaviour: a system based analysis using Bayesian networks within DEDIPAC,… The present study conducted a Bayesian network analysis to investigate and map the interdependencies between factors associated with SB through the life-course from large scale …,https://journals.plos.org/plosone/article/file?id=10.1371/journal.pone.0211546&type=printable
Evolutionary algorithms and their applications to engineering problems,"… The main focus of this paper is on the family of evolutionary algorithms … algorithms: genetic algorithms, genetic programming, differential evolution, evolution strategies, and evolutionary …",https://link.springer.com/content/pdf/10.1007/s00521-020-04832-8.pdf
Introductory overview: Optimization using evolutionary algorithms and other metaheuristics,"… However, the basic principles on optimization and evolutionary algorithms presented in this paper are applicable to all problems where environmental models are calibrated or used to …",https://pure.tudelft.nl/ws/files/53809960/Kapelan_EMS_Paper.pdf
A review on swarm intelligence and evolutionary algorithms for solving flexible job shop scheduling problems,"… research trend of swarm intelligence and evolutionary algorithms for solving FJSP, we give some research directions from the aspects of problems and algorithms for future research. 1) …",https://ink.library.smu.edu.sg/cgi/viewcontent.cgi?article=9159&context=sis_research
A survey on handling computationally expensive multiobjective optimization problems with evolutionary algorithms,"… algorithms based on different criteria such as metamodeling technique and evolutionary algorithm … , training time and the type of evolution control. Furthermore, we identify and discuss …",https://jyx.jyu.fi/bitstream/handle/123456789/63792/1/asurveyonhandlingcomputationallyexpensive.pdf
An evolutionary algorithm for large-scale sparse multiobjective optimization problems,"… in the evolutionary computation community. However, most existing evolutionary algorithms … This paper proposes an evolutionary algorithm for solving large-scale sparse MOPs. The …",https://openresearch.surrey.ac.uk/view/delivery/44SUR_INST/12139776710002346/13140562420002346
Adaptive guided differential evolution algorithm with novel mutation for numerical optimization,"… adaptive guided differential evolution algorithm (AGDE) for … population, the proposed algorithm introduces a new mutation … and some recent evolutionary algorithms are executed. …",https://www.researchgate.net/profile/Ali-Wagdy/publication/319159327_Adaptive_guided_differential_evolution_algorithm_with_novel_mutation_for_numerical_optimization/links/5a97a1460f7e9ba42974df00/Adaptive-guided-differential-evolution-algorithm-with-novel-mutation-for-numerical-optimization.pdf
Differential evolution algorithm with wavelet basis function and optimal mutation strategy for complex optimization problem,"… optimal mutation strategy to propose an improved differential evolution algorithm, named WMSDE in this paper. In the proposed WMSDE algorithm, the initial population is divided into …",https://www.math.ucdavis.edu/~saito/data/PSO-ACO/deng-etal_diff-evol-with-wavelets.pdf
Evolutionary algorithms to optimize task scheduling problem for the IoT based bag-of-tasks application in cloud–fog computing environment,… algorithms may not be effective. The main contribution of this work is proposing TCaS algorithm—a strategy based on an evolutionary algorithm … with some other evolutionary …,https://www.mdpi.com/2076-3417/9/9/1730/pdf
Multifactorial evolutionary algorithm with online transfer parameter estimation: MFEA-II,"… We focus on the use of evolutionary algorithms (EAs) since they … We first describe an instantiation of a multitasking evolutionary … With this, the novel algorithm put forward in this paper …",https://dr.ntu.edu.sg/bitstream/10356/143194/2/Multifactorial%20Evolutionary%20Algorithm%20with%20Online%20Transfer%20Parameter%20Estimation-%20MFEA-II.pdf
Parameter estimation of solar cells using datasheet information with the application of an adaptive differential evolution algorithm,… an advanced adaptive differential evolution algorithm on the … based adaptive differential evolution (L-SHADE) algorithm is … The algorithm facilitates evolution of solutions that result in …,https://dr.ntu.edu.sg/bitstream/10356/139914/2/Parameter%20estimation%20of%20solar%20cells%20using%20datasheet%20information%20with%20the%20application%20of%20an%20adaptive%20differential%20evolution%20algorithm.pdf
A review on representative swarm intelligence algorithms for solving optimization problems: Applications and trends,"… the most representative swarm intelligence algorithms in … swarm intelligence algorithms, along with their most recent developments and applications. Essentially, swarm intelligence …",https://ieeexplore.ieee.org/iel7/6570654/9497871/09498989.pdf
UAV swarm intelligence: Recent advances and future trends,"… and intelligence. In this article, we present a comprehensive survey of UAV swarm intelligence … Firstly, we review the basics and advances of UAV swarm intelligent technology. Then we …",https://ieeexplore.ieee.org/iel7/6287639/8948470/09214446.pdf
A survey of using swarm intelligence algorithms in IoT,… sharing and intelligent decision-making. Swarm intelligence (SI) provides the possibility of SI behavior through collaboration in individuals that have limited or no intelligence. Its …,https://www.mdpi.com/1424-8220/20/5/1420/pdf
Review of swarm intelligence-based feature selection methods,"… Moreover, in this paper, state-of-the-art swarm intelligence is studied, and the recent feature … Furthermore, the strengths and weaknesses of the different studied swarm intelligence-…",https://arxiv.org/pdf/2008.04103
A survey on swarm intelligence approaches to feature selection in data mining,… on swarm intelligence … swarm intelligence to address feature selection problems. This paper presents a comprehensive survey on the state-of-the-art works applying swarm intelligence …,https://www.researchgate.net/profile/Bach-Nguyen-10/publication/339087761_A_survey_on_swarm_intelligence_approaches_to_feature_selection_in_data_mining/links/6023411c92851c4ed55eb644/A-survey-on-swarm-intelligence-approaches-to-feature-selection-in-data-mining.pdf
"Swarm intelligence and cyber-physical systems: concepts, challenges and future trends","… swarm intelligence … swarm intelligence or CPS community, but rather build a bridge between these two communities. This allows us to view the research problems of swarm intelligence …",http://mobile.aau.at/publications/schranz-2021-Swarm_intelligence_and_cyber-physical_systems.pdf
Swarm intelligence in anomaly detection systems: an overview,"… Swarm intelligence has been … swarm-based anomaly detection methods and to provide new insights in that direction. Secondly, to replenish the literature with fresh reviews on swarm-…",https://cdnx.uobabylon.edu.iq/research/repository1_publication345_21_266.pdf
A novel swarm intelligence optimization approach: sparrow search algorithm,"… In response to the above discussions, in this paper, we aim to propose a novel swarm intelligence optimization technique which is called sparrow search algorithm (SSA). The main …",https://www.tandfonline.com/doi/pdf/10.1080/21642583.2019.1708830
Research on swarm intelligence optimization algorithm,"… experienced and intelligent individuals. This paper first introduces the principles of … swarm intelligent optimization algorithms. Then, the typical application of these swarm intelligence …",https://jcupt.bupt.edu.cn/EN/article/downloadArticleFile.do?attachType=PDF&id=1327
The smart construction for image pre? processing of mobile robotic systems using neuro fuzzy logical system approach,… One of the most common neuro fuzzy logical system approaches for training multi-layer … propagation neuro fuzzy logical system approach [9]. This neuro fuzzy logical system approach …,https://www.researchgate.net/profile/Jaganathan-Logeshwaran/publication/363534449_The_smart_construction_for_image_preprocessing_of_mobile_robotic_systems_using_neuro_fuzzy_logical_system_approach_NeuroQuantology/links/6321470b873eca0c0086dd6c/The-smart-construction-for-image-preprocessing-of-mobile-robotic-systems-using-neuro-fuzzy-logical-system-approach-NeuroQuantology.pdf
"Fuzzy Logic Concepts, Developments and Implementation","… fuzzy logic developments are explored and example applications of hybrid fuzzy logic systems … There remain extensive opportunities in further developing fuzzy logic-based techniques, …",https://shura.shu.ac.uk/34360/2/information-15-00656.pdf
Fuzzy logic systems for diagnosis of renal cancer,… diagnostic system to diagnose renal cancer is developed by using fuzzy and neuro-fuzzy … that the intelligent medical system developed by using a neuro-fuzzy model gives the more …,https://www.mdpi.com/2076-3417/10/10/3464/pdf
"Fuzzy control systems: Past, present and future","… 40 years after fuzzy logic control appeared as an effective tool to deal with complex processes, the research on fuzzy control systems has constantly evolved. Mamdani fuzzy control was …",https://uphf.hal.science/hal-03644439/file/IEEE_CIM_FINAL_SimpleColumn.pdf
Fuzzy logic approach for controlling uncertain and nonlinear systems: a comprehensive review of applications and advances,"… of the latest developments in fuzzy logic (FL) applications … systems (ACS), and robotics and autonomous systems (RAS), … evaluation of different fuzzy inference systems across domains …",https://www.tandfonline.com/doi/pdf/10.1080/21642583.2024.2394429
"Mathematical modelling, analysis and design of fuzzy logic controller for the control of ventilation systems using MATLAB fuzzy logic toolbox","… Thanks to the fuzzy logic system developed, it has been determined at which stage and at which rate will operate of the ventilation fans. The fuzzy expert system structure developed is …",https://www.researchgate.net/profile/Ahmed-Obaid-5/publication/341916039_Mathematical_modelling_analysis_and_design_of_fuzzy_logic_controller_for_the_control_of_ventilation_systems_using_MATLAB_fuzzy_logic_toolbox/links/5ee85923a6fdcc73be7fbeb0/Mathematical-modelling-analysis-and-design-of-fuzzy-logic-controller-for-the-control-of-ventilation-systems-using-MATLAB-fuzzy-logic-toolbox.pdf
Zadeh's Type-2 Fuzzy Logic Systems: Precision and High-Quality Prediction Intervals,"… “Leveraging it2 input fuzzy sets in non-singleton fuzzy logic systems to dynamically adapt to … framework for interval type-2 fuzzy logic systems,” IEEE Trans. Fuzzy Syst., vol. 31, no. 3, pp. …",https://arxiv.org/pdf/2404.12800?
Fuzzy logic and fuzzy hybrid techniques for construction engineering and management,"… Because of overlap, fuzzy logic systems react more smoothly to changes in their environment and therefore better match reality. For example, the classification of a temperature of 22C …",https://ascelibrary.org/doi/pdf/10.1061/%28ASCE%29CO.1943-7862.0001854?download=true
Design of type-2 fuzzy logic systems based on improved ant colony optimization,"… In this paper, the ACO are used to design type-2 fuzzy logic system, and used into predict … TSK fuzzy logic system in this paper, used the designed intelligent fuzzy logical system to …",https://e-tarjome.com/storage/panel/fileuploads/2019-08-22/1566459139_E12688-e-tarjome.pdf
Wall-following behavior for a disinfection robot using type 1 and type 2 fuzzy logic systems,"… These optimization based fuzzy logic systems are capable of learning the required maneuvering … , is the primary concern of these fuzzy logic systems based on optimization techniques. …",https://www.mdpi.com/1424-8220/20/16/4445/pdf
On explaining decision trees,"… Decision Tree This case study considers the decision tree shown in Figure 5, taken from [50, Ch. 07,page 298]. The example consists in predicting whether a person reads an article …",https://arxiv.org/pdf/2010.11034
Optimal sparse decision trees,"… decision tree algorithms are often greedy or myopic, and sometimes produce unquestionably suboptimal models. Hardness of decision tree … for optimal decision trees for binary variables…",https://proceedings.neurips.cc/paper_files/paper/2019/file/ac52c626afc10d4075708ac4c778ddfc-Paper.pdf
Interpreting cnns via decision trees,"… 1, given a pre-trained CNN, we propose a method to construct a decision tree to explain CNN … all images into various decision modes. Each tree node represents a decision mode. Each …",https://openaccess.thecvf.com/content_CVPR_2019/papers/Zhang_Interpreting_CNNs_via_Decision_Trees_CVPR_2019_paper.pdf
NBDT: Neural-backed decision trees,"… Alternatively, we can gain insight into the model’s decision … decisions as in rule-based models like decision trees. However, existing efforts to fuse deep learning and decision trees …",https://arxiv.org/pdf/2004.00221
Generalized and scalable optimal sparse decision trees,… a general framework for decision tree optimization that addresses … We present techniques that produce optimal decision trees … ables and speeds up decision tree construction by several …,http://proceedings.mlr.press/v119/lin20g/lin20g.pdf
Prediction performance of improved decision tree-based algorithms: a review,"… decision tree algorithms which includes ID3, C4.5, C5.0, and CART (Classification and Regression Trees) … In this paper, the prediction performance of decision tree algorithms will be …",https://www.sciencedirect.com/science/article/pii/S235197891930736X/pdf?md5=7baddd2fd43f57f16edf67b80b25efee&pid=1-s2.0-S235197891930736X-main.pdf
Classification based on decision tree algorithm for machine learning,"… the problem of extending a decision tree from available data, … of Decision tree classifiers has been proposed in many ways. This paper provides a detailed approach to the decision trees…",https://www.jastt.org/index.php/jasttpath/article/download/65/24
Learning optimal and fair decision trees for non-discriminative decision-making,"… of these MIP based models to general decision-making tasks in socially sensitive settings … trees introduced in (Verwer and Zhang 2017), we consider more flexible decision tree models …",https://aaai.org/ojs/index.php/AAAI/article/view/3943/3821
Practical federated gradient boosting decision trees,"… To exploit the similarity information between the instances from different parties, we propose a new approach to build the decision tree, which is called Weighted Gradient Boosting (…",https://aaai.org/ojs/index.php/AAAI/article/view/5895/5751
PiTree: Practical implementation of ABR algorithms using decision trees,"… decision trees. In response, PiTree innovatively adopts imitation learning [35] to faithfully convert ABR algorithms to decision trees … corrects the actions of the decision tree (student). We …",https://chenjing98.github.io/uploads/pitree-mm19.pdf
A review of decision tree classification algorithms for continuous variables,"… of decision tree research. This article briefly introduces the development of decision tree, focuses on the two types of decision tree … Finally, the future development trend of decision tree …",https://iopscience.iop.org/article/10.1088/1742-6596/1651/1/012083/pdf
Integrating environmental understanding into freshwater floatovoltaic deployment using an effects hierarchy and decision trees,"… Below, we provide illustrative decision trees for an example of each typology, extending across physical, chemical and biological responses, and consider the implications for …",https://iopscience.iop.org/article/10.1088/1748-9326/abbf7b/pdf
Selecting training sets for support vector machines: a review,"Support vector machines (SVMs) are a supervised classifier successfully applied in a plethora of real-life applications. However, they suffer from the important shortcomings of their high …",https://link.springer.com/content/pdf/10.1007/s10462-017-9611-1.pdf
A study on SMO-type decomposition methods for support vector machines,… major methods for training support vector machines. They vary mainly according to different working set … Extensions to some support vector machine variants are also discussed. …,https://citeseerx.ist.psu.edu/document?repid=rep1&type=pdf&doi=da4db460d6b75baacbec842e8742fc8a028e1715
Support vector machine for modelling and simulation of heat exchangers,"… machine learning technique is a challenging task. Hence in this paper, we are planned to propose a novel machine … Thus in this paper we are using a support vector machine (SVM) for …",https://doiserbia.nb.rs/ft.aspx?id=0354-98361900398M
Speech emotion recognition using support vector machine,"… In the paper written by Feng Yu etal, they have used support vector machines method to … classifiers like Markov model, Gaussian model and support vector machines [5]. El Ayadi etal in …",https://arxiv.org/pdf/2002.07590
Comprehensive review on twin support vector machines,"… regression (TSVR) are newly emerging efficient machine … single large size QPP in support vector machine (SVM) while … the basic theory of support vector machine, TWSVM and then …",https://arxiv.org/pdf/2105.00336
Cost-sensitive support vector machines,"… In this work, we consider the support vector machine (SVM) architecture [12]. Although … , since it could have no effect on the support vectors. Active learning based methods have also …",https://arxiv.org/pdf/1212.0975
Breast cancer detection using deep convolutional neural networks and support vector machines,"It is important to detect breast cancer as early as possible. In this manuscript, a new methodology for classifying breast cancer using deep learning and some segmentation techniques …",https://peerj.com/articles/6201.pdf
Clustering algorithms: A comparative approach,"… We start by revising some of the main approaches to clustering algorithms comparison. Next, we describe the clustering methods considered in the analysis, we also present the R …",https://journals.plos.org/plosone/article/file?id=10.1371/journal.pone.0210236&type=printable
Optimized clustering algorithms for large wireless sensor networks: A review,… of clustering are based on environmental behaviors and outperform the traditional clustering algorithms… choice of an appropriate paradigm for a clustering solution remains a problem. In …,https://www.mdpi.com/1424-8220/19/2/322/pdf
Unsupervised K-means clustering algorithm,"… algorithm is not exactly an unsupervised clustering method. In this paper, we construct an unsupervised learning schema for the k-means algorithm … (Ukmeans) clustering algorithm with …",https://ieeexplore.ieee.org/iel7/6287639/6514899/09072123.pdf
"A comprehensive survey of clustering algorithms: State-of-the-art machine learning applications, taxonomy, challenges, and future research prospects",… clustering algorithms is introduced to address this limitation. Automatic clustering algorithms refer to any clustering … Many automatic data clustering algorithms have been proposed in the …,https://bibbase.org/service/mendeley/bfbbf840-4c42-3914-a463-19024f50b30c/file/3bf7d292-fec6-2dc7-20f4-c81abae91b5e/1_s20_S095219762200046X_main.pdf.pdf
Research on K-value selection method of K-means clustering algorithm,"… -means clustering algorithm, this paper discusses how to quickly determine the K-value algorithm. The … of the K-means clustering algorithm. Section 3 presents the four K-value selection …",https://www.mdpi.com/2571-8800/2/2/16/pdf
Survey of state-of-the-art mixed data clustering algorithms,"… cluster mixed datasets. Using this taxonomy, we present a comprehensive review of clustering algorithms … different types of mixed data clustering algorithms, and discuss their functions, …",https://ieeexplore.ieee.org/iel7/6287639/8600701/08662561.pdf
Performances of k-means clustering algorithm with different distance metrics,"… clustering algorithms is … cluster. Further, there are a series of distance metrics that can be applied to calculate point-to-point distances. In this research, the K-means clustering algorithm …",https://research.skylineuniversity.ac.ae/id/eprint/81/1/20.pdf
Comprehensive review of K-Means clustering algorithms,… clustering. This work shows that there are several variants of kmeans clustering algorithms from sixties to recent times which have addressed some drawback of k-means algorithms. …,https://www.academia.edu/download/102569323/admin_2C_ijasre_34050.pdf_filename_UTF-8admin_2C_ijasre_34050.pdf
Introduction to the k-means clustering algorithm based on the elbow method,"… cluster of data classified by the clustering algorithm, and the similarity between different clusters of data is relatively large. Clustering algorithms … algorithm is a widely used clustering …",http://www.clausiuspress.com/assets/default/article/2020/10/22/article_1603378206.pdf
A novel k-means clustering algorithm with a noise algorithm for capturing urban hotspots,"… cluster. In order to solve these problems, a novel K-means clustering algorithm based on a noise algorithm … The noise algorithm is employed to randomly enhance the attribution of data …",https://www.mdpi.com/2076-3417/11/23/11202/pdf
Fair algorithms for clustering,"… group in any cluster. • Our clustering algorithm works on any ℓp-norm objective (eg k-means, kmedian, and k-center). Indeed, our algorithm transforms any vanilla clustering solution into …",https://proceedings.neurips.cc/paper/2019/file/fc192b0c0d270dbf41870a63a8c76c2f-Paper.pdf
Optimizing data stream representation: An extensive survey on stream clustering algorithms,"… Furthermore, we address the problem of configuring stream clustering algorithms and present automatic algorithm configuration as an approach to address this problem. Table 1 briefly …",https://core.ac.uk/download/pdf/301379726.pdf
A quantitative discriminant method of elbow point for the optimal number of clusters in clustering algorithm,"… clustering algorithm used in this study is K-means++, which is a centroid-based clustering algorithm. … also be applied to other centroid-based clustering algorithms, such as K-means and …",https://link.springer.com/content/pdf/10.1186/s13638-021-01910-w.pdf
Unsupervised Hyperspectral Microscopic Image Segmentation Using Deep Embedded Clustering Algorithm,"… , clustering algorithms group data points or features with comparable properties. Unsupervised clustering … A clustering loss that measures algorithm, this study uses them. Adding data …",https://onlinelibrary.wiley.com/doi/pdf/10.1155/2022/1200860
Clustering algorithms subjected to K-mean and gaussian mixture model on multidimensional data set,"… Two main categories of algorithms will be used, namely k-means and Gaussian Mixture Model clustering. We will look at algorithms within thesis categories and what types of problems …",http://openaccess.altinbas.edu.tr/xmlui/bitstream/handle/20.500.12939/1166/Jaaz.pdf?sequence=1
"Data clustering: theory, algorithms, and applications","… A survey of fuzzy clustering algorithms for pattern recognition. I. IEEE Transactions on … A survey of fuzzy clustering algorithms for pattern recognition. II. IEEE Transactions on Systems, …",https://epubs.siam.org/doi/pdf/10.1137/1.9781611976335.bm
Decision‐making support for the evaluation of clustering algorithms based on MCDM,"… clustering algorithms is very complicated and challenging. Moreover, different clustering algorithms … The motivation of this paper fixates on the evaluation of clustering algorithms to …",https://onlinelibrary.wiley.com/doi/pdf/10.1155/2020/9602526
A survey on semi-supervised learning,"… Filling this void, we present an up-to-date overview of semi-supervised learning methods, … on semi-supervised classification, where the large majority of semi-supervised learning …",https://link.springer.com/content/pdf/10.1007/s10994-019-05855-6.pdf
An overview of deep semi-supervised learning,… In a search for more data-efficient deep learning methods to … a rising research interest in semi-supervised learning and its … semi-supervised learning frameworks for a deep learning …,https://arxiv.org/pdf/2006.05278
A survey on deep semi-supervised learning,"… in semi-supervised learning and … for semi-supervised learning in the Appendix B, available in the online supplemental material. Moreover, classical SSL methods and related learning …",https://arxiv.org/pdf/2103.00550
Safe semi-supervised learning: a brief introduction,"… , semi-supervised learning algorithms aim to find a decision function f : X → {±1} and a label … three aspects of the safeness problem in semi-supervised learning, which we will discuss in …",http://www.lamda.nju.edu.cn/liyf/paper/FCS19-SafeSSL.pdf
Mixmatch: A holistic approach to semi-supervised learning,"… Semi-supervised learning has proven to be a powerful paradigm for leveraging unlabeled … In this work, we unify the current dominant approaches for semi-supervised learning to …",https://proceedings.neurips.cc/paper_files/paper/2019/file/1cd138d0499a68f4bb72bee04bbec2d7-Paper.pdf
Simmatch: Semi-supervised learning with similarity matching,"… learning research community. In this paper, we introduced a new semisupervised learning … that SimMatch improves the performance of semi-supervised learning tasks across different …",http://openaccess.thecvf.com/content/CVPR2022/papers/Zheng_SimMatch_Semi-Supervised_Learning_With_Similarity_Matching_CVPR_2022_paper.pdf
Graph-based semi-supervised learning: A comprehensive review,"Semi-supervised learning (SSL) has tremendous value in practice due to the utilization of both labeled and unlabelled data. An essential class of SSL methods, referred to as graph-…",https://arxiv.org/pdf/2102.13303
Fixmatch: Simplifying semi-supervised learning with consistency and confidence,… We show how FixMatch can begin to bridge the gap between low-label semi-supervised learning and few-shot learning or clustering: we obtain surprisingly-high accuracy with just one …,https://proceedings.neurips.cc/paper/2020/file/06964dce9addb1c5cb5d6e3d9838f733-Paper.pdf
Graphmix: Improved training of gnns for semi-supervised learning,… We note that recent state-of-the-art semi-supervised learning methods use a teacher model to accurately predict targets for the unlabeled data. The teacher model can be realized as a …,https://ojs.aaai.org/index.php/AAAI/article/view/17203/17010
Label propagation for deep semi-supervised learning,"… the semi-supervised learning problem and then we discuss the classifier, different loss functions that are commonly used in prior work, and finally a transductive learning approach that …",http://openaccess.thecvf.com/content_CVPR_2019/papers/Iscen_Label_Propagation_for_Deep_Semi-Supervised_Learning_CVPR_2019_paper.pdf
Comatch: Semi-supervised learning with contrastive graph regularization,"… Semi-supervised learning has been an effective paradigm for leveraging unlabeled data to reduce the reliance on labeled data. We propose CoMatch, a new semi-supervised learning …",http://openaccess.thecvf.com/content/ICCV2021/papers/Li_CoMatch_Semi-Supervised_Learning_With_Contrastive_Graph_Regularization_ICCV_2021_paper.pdf
Class-aware contrastive semi-supervised learning,"… Pseudo-label-based semi-supervised learning (SSL) has … Class-aware Contrastive Semi-Supervised Learning (CCSSL), … label learning and simultaneously reduce noisy label …",http://openaccess.thecvf.com/content/CVPR2022/papers/Yang_Class-Aware_Contrastive_Semi-Supervised_Learning_CVPR_2022_paper.pdf
A simple semi-supervised learning framework for object detection,"… Since deep semi-supervised learning of visual object detectors has not been widely studied yet, we mainly compare STAC with the supervised models (ie, models trained with labeled …",http://180.76.120.163/media/pdf/2005.04757.pdf
Flexmatch: Boosting semi-supervised learning with curriculum pseudo labeling,"… In this work, we propose Curriculum Pseudo Labeling (CPL) for semi-supervised learning. Our CPL uses an alternative way to estimate the learning status, which does not introduce …",https://proceedings.neurips.cc/paper/2021/file/995693c15f439e3d189b06e89d145dd5-Paper.pdf
End-to-end asr: from supervised to semi-supervised learning with modern architectures,"… In light of our semi-supervised results without decoding or an LM, we think Seq2Seq/CTC … end-to-end state-of-the-art results, without external LMs, through semi-supervised learning. …",https://arxiv.org/pdf/1911.08460
Unsupervised learning methods for molecular simulation data,"… Finally, in reinforcement learning, no data at all is used to … Reinforcement learning has proven particularly successful at … In this Review, we focus exclusively on unsupervised learning …",https://pubs.acs.org/doi/pdf/10.1021/acs.chemrev.0c01195
An unsupervised machine learning algorithms: Comprehensive review,"… , the unsupervised learning system may learn to recognize distinguishing features like whiskers, long tails, and retractable claws. Unsupervised learning is how humans learn to identify …",https://www.researchgate.net/profile/Aqib-Ali-6/publication/368983958_An_Unsupervised_Machine_Learning_Algorithms_Comprehensive_Review/links/643c783f1b8d044c632ba4ab/An-Unsupervised-Machine-Learning-Algorithms-Comprehensive-Review.pdf
On the philosophy of unsupervised learning,"… why unsupervised learning … , unsupervised learning is a heterogeneous mix of methods left over after we have defined away the neater areas of supervised and reinforcement learning. …",https://link.springer.com/content/pdf/10.1007/s13347-023-00635-6.pdf
"Unsupervised machine learning for networking: Techniques, applications and research challenges","… In this section, we will introduce some widely used unsupervised learning techniques and … divided unsupervised learning techniques into six major categories: hierarchical learning, …",https://ieeexplore.ieee.org/iel7/6287639/8600701/08713992.pdf
Unsupervised learning by competing hidden units,… opinion by describing an unsupervised learning algorithm that demonstrates a very good performance on MNIST and CIFAR-10. The core of the algorithm is a local learning rule that …,https://www.pnas.org/doi/pdf/10.1073/pnas.1820458116
Toward an artificial intelligence physicist for unsupervised learning,"… We investigate opportunities and challenges for improving unsupervised machine learning … unification, and lifelong learning. Instead of using one model to learn everything, we propose …",https://arxiv.org/pdf/1810.10525.pdf?fbclid=IwAR1TW51oc-tuahcHniftmXQGQoWw8xh949-_unBnqxrMH0kwjoQoIcBRmP4
Unsupervised learning of dense visual representations,"… approach to unsupervised visual representation learning. In general, these methods learn global (… Representation (VADeR) for unsupervised learning of dense representations. VADeR …",https://proceedings.neurips.cc/paper/2020/file/3000311ca56a1cb93397bc676c0b7fff-Paper.pdf
Unsupervised learning of compositional energy concepts,"… We have demonstrated an approach towards unsupervised learning of energy functions from images. We show how these functions encode both global and local factors of variations, …",https://proceedings.neurips.cc/paper_files/paper/2021/file/838aac83e00e8c5ca0f839c96d6cb3be-Paper.pdf
Unsupervised learning of visual features by contrasting cluster assignments,… method for learning visual representations. Self-supervised or unsupervised learning allows … This work improves unsupervised feature learning and thus many potential downstream …,https://proceedings.neurips.cc/paper_files/paper/2020/file/70feb62b69f16e0238f741fab228fec2-Paper.pdf
Evaluation metrics for unsupervised learning algorithms,Determining the quality of the results obtained by clustering techniques is a key issue in unsupervised machine learning. Many authors have discussed the desirable features of good …,https://arxiv.org/pdf/1905.05667
Unsupervised learning of object keypoints for perception and control,… In this work we aim to learn object representations that are useful for control and … by learning to control the Cartesian coordinates of the keypoints in the image plane we are able to learn …,https://proceedings.neurips.cc/paper_files/paper/2019/file/dae3312c4c6c7000a37ecfb7b0aeb0e4-Paper.pdf
Challenging common assumptions in the unsupervised learning of disentangled representations,… The key idea behind the unsupervised learning of … which can be recovered by unsupervised learning algorithms. In this … We first theoretically show that the unsupervised learning of …,http://proceedings.mlr.press/v97/locatello19a/locatello19a.pdf
Unsupervised learning for passive beamforming,"… of supervised learning, in this paper, we propose to adopt the unsupervised learn- … In this letter, we have developed an unsupervised learning based approach for passive beamforming …",https://arxiv.org/pdf/2001.02348
Local aggregation for unsupervised learning of visual embeddings,… In contrast to the inefficiency of unsupervised learning in … These findings suggest that biological unsupervised learning … a novel unsupervised learning algorithm through local non-…,http://openaccess.thecvf.com/content_ICCV_2019/papers/Zhuang_Local_Aggregation_for_Unsupervised_Learning_of_Visual_Embeddings_ICCV_2019_paper.pdf
Unsupervised learning for real-world super-resolution,"… In this work, we propose an unsupervised approach for image super-resolution. Given only unpaired data, we learn to invert the effects of bicubic downsampling in order to restore the …",https://arxiv.org/pdf/1909.09629
Explaining the predictions of unsupervised learning models,… Unsupervised learning is a subfield of machine learning that focuses on learning the … for bringing XAI to workhorses of unsupervised learning such as kernel density estimation and k-…,https://link.springer.com/content/pdf/10.1007/978-3-031-04083-2_7.pdf
Unsupervised learning of debiased representations with pseudo-attributes,"… -based learning or subgroup-based penalizing. This paper presents a simple but effective unsupervised … To exploit the bias pseudo-attributes for learning debiased representations, we …",http://openaccess.thecvf.com/content/CVPR2022/papers/Seo_Unsupervised_Learning_of_Debiased_Representations_With_Pseudo-Attributes_CVPR_2022_paper.pdf
Hologan: Unsupervised learning of 3d representations from natural images,"… Learning to … directly learn 3D representations from unlabelled 2D images. Motivated by these observations, we focus on designing a novel architecture that allows unsupervised learning …",http://openaccess.thecvf.com/content_ICCV_2019/papers/Nguyen-Phuoc_HoloGAN_Unsupervised_Learning_of_3D_Representations_From_Natural_Images_ICCV_2019_paper.pdf
Supervised learning-a systematic literature review,"… If the instances are labeled, then this type of learning is termed as supervised learning [2]. Supervised Learning involves training the model on labeled data and testing it on unlabeled …",https://files.osf.io/v1/resources/tysr4/providers/osfstorage/624a442a7a7d9e04500608ce?action=download&direct&version=3
Supervised learning,"… does not learn anything and adheres to very simple principles, it is often worth considering as it can be used as a baseline model compared with more advanced supervised methods. In …",https://www.ajodo.org/article/S0889-5406(23)00224-X/pdf
Investigating the learning behaviour of in-context learning: a comparison with supervised learning,"… Supervised Learning In the traditional supervised learning setting, given a training instance (xi, yj), we perform the parameter update for M based on the training loss, as follows: …",https://ebooks.iospress.nl/pdf/doi/10.3233/FAIA230559
Introduction to linear regression analysis,… Regression analysis is also interesting theoretically because of elegant underlying mathematics and a welldeveloped statistical theory. Successful use of regression … regression analysis…,http://sutlib2.sut.ac.th/sut_contents/H133678.pdf
Detecting multicollinearity in regression analysis,"… when the multiple linear regression analysis includes several variables that … regression procedures such as principal components regression, weighted regression, and ridge regression …",https://www.researchgate.net/profile/Noora-Shrestha/publication/342413955_Detecting_Multicollinearity_in_Regression_Analysis/links/5eff2033458515505087a949/Detecting-Multicollinearity-in-Regression-Analysis.pdf
Urbanization's effects on the urban-rural income gap in China: A meta-regression analysis,… of 29 empirical studies and stepwise meta-regression analysis from 94 direct effect-size estimates. … This work suggests that it is worth to conduct more in-depth analysis to examine the …,https://research.utwente.nl/files/226558467/1_s2.0_S0264837719320290_main.pdf
Temporal trends in sperm count: a systematic review and meta-regression analysis of samples collected globally in the 20th and 21st centuries,"… This systematic review and meta-regression analysis was conducted, and the results reported, in accordance with Meta-analysis in Observational Studies in Epidemiology (Stroup et al., …",https://kultobraz.ru/wp-content/uploads/2022/11/Issledovanie-po-sperme-2022.pdf
On the nuisance of control variables in regression analysis,"… Multivariate regression analysis is an important tool for … that made use of regression methods also explicitly discussed the … not the main focus of the analysis, controls could still provide …",https://arxiv.org/pdf/2005.10314
F-test of overall significance in regression analysis simplified,… IN REGRESSION ANALYSIS This tutorial walks through examples of a regression analysis using … an in-depth explanation of how to read and interpret the output of a regression table. …,https://journals.lww.com/jpcs/_layouts/15/oaks.journals/downloadpdf.aspx?an=01881846-202006020-00006
Nonlinear regression analysis,… theories and methods of nonlinear regression and its statistical … parameters in a nonlinear regression model are affected by … weighted regression: An approach to regression analysis by …,https://arxiv.org/pdf/2402.05342
Correlation and regression analysis using SPSS,"… tools, correlation and regression analysis are mostly used tools … to use, how to carry the analysis and how to interpret the obtained … on correlation and regression analysis and the way of …",https://journal.oxfordcollege.edu.np/file/1681898552journal-1.pdf#page=126
"The coefficient of determination R-squared is more informative than SMAPE, MAE, MAPE, MSE and RMSE in regression analysis evaluation","… regression analysis, we employed the same machine learning methods two of us authors used in a previous analysis (Chicco & Jurman, 2021): Linear Regression (… regression analysis …",https://peerj.com/articles/cs-623.pdf
The ABC of linear regression analysis: What every author and editor should know,"… Regression analysis is a widely used statistical technique to build a model from a set of data on two or more variables. Linear regression … Simple linear regression, or bivariate regression…",https://www.unirepository.svkri.uniri.hr/islandora/object/medri:7355/datastream/FILE0/download
The clinician's guide to interpreting a regression analysis,"… Regression analysis is an important statistical method that is commonly used to determine … types of regression analyses widely used in ophthalmology: linear, and logistic regression. …",https://www.nature.com/articles/s41433-022-01949-z.pdf
Sampling‐based versus design‐based uncertainty in regression analysis,"… In this article, we provide an alternative framework for the interpretation of uncertainty in regression analysis regardless of whether a substantial fraction of the population or even the …",https://arxiv.org/pdf/1706.01778
Logistic or linear? Estimating causal effects of experimental treatments on binary outcomes using regression analysis.,"… on regression analysis of binary outcomes, and I use analytical, simulation, and empirical approaches to demonstrate the effectiveness of simple and multiple linear regression to …",https://www.robingomila.com/files/publications_pdfs/Gomila_2020_Logistic_vs_Linear.pdf
A novel CapsNet based image reconstruction and regression analysis,"… A novel image reconstruction and regression analysis is presented in this research work. … Along with reconstruction, regression analysis is performed to improve the reconstruction …",https://www.researchgate.net/profile/Rajesh-Sharma-Rajendran/publication/343233568_A_Novel_CapsNet_based_Image_Reconstruction_and_Regression_Analysis/links/5f3eea42a6fdcccc43ddb514/A-Novel-CapsNet-based-Image-Reconstruction-and-Regression-Analysis.pdf?_sg%5B0%5D=started_experiment_milestone&origin=journalDetail
Hyperparameters and tuning strategies for random forest,"… random forest, the out-of-bag observations can also be used. We will see that for random forest … the choice of parameters of the random forest algorithm from two different perspectives. …",https://arxiv.org/pdf/1804.03515
Random forests,"… Focusing on random forests, this chapter begins by addressing the instability of a tree and … two random forest variants: Bagging and Random Forest Random Inputs. The construction of …",https://mathematics.foi.hr/Rprojekti/knjige/random-forests-with-r.pdf
The random forest algorithm for statistical learning,… We overview the random forest algorithm and illustrate its use with two examples: The first example is a classification problem that predicts whether a credit card holder will default on …,https://journals.sagepub.com/doi/pdf/10.1177/1536867X20909688
Generalized random forests,"… This paper extends Breiman’s random forests into a flexible method for estimating any quantity θ(x) identified via local moment conditions. Specifically, given data (Xi,Oi) ∈ X × O …",https://projecteuclid.org/journals/annals-of-statistics/volume-47/issue-2/Generalized-random-forests/10.1214/18-AOS1709.pdf
Random forest spatial interpolation,"… kriging, Random Forest and Random Forest for spatial … from normally distributed stationary random fields with a known … , inverse distance weighting, random forest, and RFsp. Moreover, …",https://www.mdpi.com/2072-4292/12/10/1687/pdf
Geometry-and accuracy-preserving random forest proximities,… We define a new random forest proximity measure called Random Forest-Geometry- and … predictions exactly match those of the random forest for both regression and classification …,https://arxiv.org/pdf/2201.12682
Geographical random forests: a spatial extension of the random forest algorithm to address spatial heterogeneity in remote sensing and population modelling,"… (Citation2018) proposed a framework to model spatial data with Random Forest (RF) by … a spatial calibration of RF, named Geographical Random Forest (GRF). GRF is loosely based …",https://www.tandfonline.com/doi/pdf/10.1080/10106049.2019.1595177
Oblique and rotation double random forest,"… oblique double random forest. Decision trees in random forest and double random forest are … Also, the standard random forest may not grow sufficiently large decision trees resulting in …",https://arxiv.org/pdf/2111.02010
A study on predicting loan default based on the random forest algorithm,"… Scholars have found that the performance of Random Forest used in loan evaluation is … Random Forest by using genetic algorithm[6].In view of the current research, the Random Forest …",https://www.sciencedirect.com/science/article/pii/S1877050919320277/pdf?md5=44e3f651df391f55b66542e2859326f7&pid=1-s2.0-S1877050919320277-main.pdf
The linear random forest algorithm and its advantages in machine learning assisted logging regression modeling,"… random forest have already been applied. In this article, we present the Linear Random Forest … regression, regression tree, regression random forest, gradient descent boosted trees, …",https://www.academia.edu/download/93718412/j.petrol.2018.11.06720221105-1-1rcu0px.pdf
Applying a random forest method approach to model travel mode choice behavior,… (RF) is a powerful method for constructing an ensemble of random … This paper proposes a robust random forest method to … The comparison results show that the random forest method …,https://drive.google.com/file/d/13a8iTaXqyK-OKx4_rUl1Z_T3sJ38yp5g/view
Random forest prediction intervals,"… to future work and maintain the focus of this article on random forests. … of random forests, explain some by-products of random forests, and define our approach to random forest …",https://haozhestat.github.io/files/manuscript_RFIntervals_FinalVersion.pdf
"PM2.5 Prediction Based on Random Forest, XGBoost, and Deep Learning Using Multisource Remote Sensing Data","… First, we utilized built-in functions of random forest and XGBoost regression that estimate feature importance, based on the impurity variance of decision tree nodes, a fast but not perfect …",https://www.mdpi.com/2073-4433/10/7/373/pdf
COVID-19 patient health prediction using boosted random forest algorithm,"… This paper proposes a fine-tuned Random Forest model boosted by the AdaBoost algorithm. The model uses the COVID-19 patient's geographical, travel, health, and demographic data …",https://www.frontiersin.org/articles/10.3389/fpubh.2020.00357/pdf
A comparative analysis of gradient boosting algorithms,"… CatBoost modifies the computation of gradients to avoid the … how these novel variants of gradient boosting work in terms of … , random forests and gradient boosting has been performed …",https://arxiv.org/pdf/1911.01914
Accelerated gradient boosting,"… gradient boosting and Nesterov’s accelerated descent to design a new algorithm, which we call AGB (for Accelerated Gradient Boosting). … /statistical context of gradient boosting, and …",https://link.springer.com/content/pdf/10.1007/s10994-019-05787-1.pdf
Ngboost: Natural gradient boosting for probabilistic prediction,"… Gradient Boosting (NGBoost), an algorithm for generic probabilistic prediction via gradient boosting. … NGBoost generalizes gradient boosting to probabilistic regression by treating the …",http://proceedings.mlr.press/v119/duan20a/duan20a.pdf
Predicting failure in the US banking sector: An extreme gradient boosting approach,"… In this study, extreme gradient boosting was used to predict bank failure in the US banking sector. Key variables were identified to anticipate and prevent bank defaults. The data, which …",https://roderic.uv.es/bitstreams/399b9d89-df45-4b03-9bbf-c01c823b50d6/download
Diagnosis of diabetes mellitus using gradient boosting machine (LightGBM),… Light Gradient Boosting Machine (LightGBM) is one of the most recent successful research findings for the gradient boosting framework that uses tree-based learning algorithms. It has …,https://www.mdpi.com/2075-4418/11/9/1714/pdf
GBDT-MO: gradient-boosted decision trees for multiple outputs,… XGBoost [9] used the second-order gradient to guide the boosting process and improve the accuracy. LightGBM [10] aggregated gradient information in histograms and significantly …,https://arxiv.org/pdf/1909.04373
A gradient boosting decision tree based GPS signal reception classification algorithm,"… This paper proposes a signal reception classifier based on the gradient boosting decision tree (GBDT) algorithm using 3 variables as features: C/N 0 , pseudorange residuals, and …",https://www.researchgate.net/profile/Rui-Sun-15/publication/337555481_A_gradient_boosting_decision_tree_based_GPS_signal_reception_classification_algorithm/links/5de25df092851c8364552dfc/A-gradient-boosting-decision-tree-based-GPS-signal-reception-classification-algorithm.pdf
Dataset analysis and feature characteristics to predict rice production based on eXtreme gradient boosting,"… Next, XGBoost is implemented in Python using the sci-kit-learn library and the Extreme Gradient Boosting class for machine-learning regression tasks. Several other regression models …",https://dl.futuretechsci.org/id/eprint/43/1/10057-Article%20Text-32219-3-10-20240615.pdf
An intelligent approach to credit card fraud detection using an optimized light gradient boosting machine,… THE OPTIMIZED LIGHT GRADIENT BOOST CLASSIFIER … using an optimized light gradient boosting framework based on … The Light Gradient Boosting algorithm is explained in figure 2…,https://ieeexplore.ieee.org/iel7/6287639/8948470/08979331.pdf
Extreme gradient boosting-based machine learning approach for green building cost prediction,"… The current study presents machine learning-based algorithms, including extreme gradient boosting (XGBOOST), deep neural network (DNN), and random forest (RF), to predict green …",https://www.mdpi.com/2071-1050/14/11/6651/pdf
A novel construction cost prediction model using hybrid natural and light gradient boosting,"… , extreme gradient boosting, light gradient boosting, and natural gradient boosting – and demonstrated that a hybrid light gradient boosting and natural gradient boosting model provides …",https://www.academia.edu/download/97745034/j.aei.2020.10120120230124-1-1uj4j1g.pdf
Ensemble learning,"… As shown in Figure 8.1, the typical workflow of ensemble learning is training a set of individual learners first and then combining them via some strategies, where an individual …",https://www.lamda.nju.edu.cn/publication/springerEBR09.pdf
"A survey of ensemble learning: Concepts, algorithms, applications, and prospects","… Ensemble learning techniques have achieved state-of-the-art performance in diverse machine learning … overview of ensemble learning, covering the three main ensemble methods: …",https://ieeexplore.ieee.org/iel7/6287639/9668973/09893798.pdf
A review of ensemble learning algorithms used in remote sensing applications,"… In this paper, we reviewed bagging, boosting, and stacking ensemble learning algorithms and their typical applications in the use of remote sensing data. RF was the most often …",https://www.mdpi.com/2076-3417/12/17/8654/pdf
Domain adaptive ensemble learning,"… so that when forming an ensemble, they can leverage … providing supervisory signal to the ensemble of non-experts … labels to supervise the ensemble learning. Extensive experiments on …",https://arxiv.org/pdf/2003.07325
Ensemble deep learning: A review,"… is known as ensemble learning or ensemble model. The ensemble learning involves multiple models combined in some fashion like averaging, voting such that the ensemble model is …",https://arxiv.org/pdf/2104.02395'
Ensemble learning for disease prediction: A review,… learning models are used to create and enhance various disease prediction frameworks. Ensemble learning is a machine learning … studies have employed ensemble approaches for …,https://www.mdpi.com/2227-9032/11/12/1808/pdf
A dynamic ensemble learning algorithm for neural networks,"… ensemble learning (DEL) algorithm for designing ensemble of neural networks (NNs). DEL algorithm determines the size of ensemble, … NN’s learning. For diversity, negative correlation …",https://link.springer.com/content/pdf/10.1007/s00521-019-04359-7.pdf
On ensemble learning,"… consider ensemble classifiers, that is, machine learning based … and we outline several ensemble techniques, discussing how … pivot to the topic of ensemble learning within the context of …",https://arxiv.org/pdf/2103.12521
Ensemble learning: pattern classification using ensemble methods,"… ensemble, since it has been empirically and theoretically shown that the predictive performance of the entire ensemble … Recently, several excellent reviews on ensemble learning have …",https://www.worldscientific.com/doi/pdf/10.1142/9789811201967_0001
BoostTree and BoostForest for ensemble learning,"… boosting are two popular ensemble learning approaches, which … , which is an ensemble learning approach using BoostTree … outperformed four classical ensemble learning approaches (…",https://scholar.archive.org/work/papbtxnhbfe4lgxrkrog3ok3xi/access/wayback/https://assets.researchsquare.com/files/rs-144757/v1_stamped.pdf
A forest fire detection system based on ensemble learning,"… learning technology is applied to learn and extract features of forest fires adaptively. However, the limited learning … In this paper, a novel ensemble learning method is proposed to detect …",https://www.mdpi.com/1999-4907/12/2/217/pdf
Software defect prediction using ensemble learning: A systematic literature review,… the use of the ensemble learning approach for software defect … on the use of ensemble learning for software defect prediction are … and advances in ensemble learning for software defect …,https://ieeexplore.ieee.org/iel7/6287639/6514899/09477596.pdf
Mothernets: Rapid deep ensemble learning,"… Then, we continue to train these ensemble networks, which … architectures by clustering ensemble networks of similar … continue to scale as we increase the ensemble size (2 to 3 percent …",https://proceedings.mlsys.org/paper_files/paper/2020/file/4a420924d20bc025ebb37849169e6ebd-Paper.pdf
Sunrise: A simple unified framework for ensemble learning in deep reinforcement learning,"… learning and balancing exploration and exploitation. To mitigate these issues, we present SUNRISE, a simple unified ensemble … SUNRISE integrates two key ingredients: (a) ensemble-…",http://proceedings.mlr.press/v139/lee21g/lee21g.pdf
The power of ensemble learning in sentiment analysis,"… a growing interest in ensemble learning techniques in the general machine learning community, the use … Moreover, much of the research activity on ensemble learning is centred around …",http://www.vuuren.co.za/papers/SentiEnsembles.pdf
Analysis of dimensionality reduction techniques on big data,"… ML algorithms hence reducing the burden of the … dimensionality reduction techniques on the performance of the ML algorithms. In this paper, two of the popular dimensionality reduction …",https://ieeexplore.ieee.org/iel7/6287639/8948470/09036908.pdf
Overview and comparative study of dimensionality reduction techniques for high dimensional data,"… reduce the time and effort required to extract valuable information. This paper presents the state-of-the art dimensionality reduction … Furthermore, the issues of dimensionality reduction …",https://www.academia.edu/download/95417338/j.inffus.2020.01.00520221208-1-eqc22m.pdf
Toward a quantitative survey of dimension reduction techniques,"… specifically on visualizing high-dimensional data. They propose a 14-element taxonomy of techniques for high-dimensional visualization, of which dimensionality reduction is one. They …",https://repositorio.usp.br/directbitstream/3daac604-21ab-45dd-93a8-a4ff8fd4c64d/2969745.pdf
Feature selection and dimension reduction for single-cell RNA-Seq based on a multinomial model,… Current normalization procedures such as log of counts per million and feature selection by highly variable genes produce false variability in dimension reduction. We propose simple …,https://link.springer.com/content/pdf/10.1186/s13059-019-1861-6.pdf
An intrusion detection model based on feature reduction and convolutional neural networks,"… different dimensionality reduction methods. Features of the dimensionality reduction data are … To reduce the computational cost, we convert the original traffic vector format into an image …",https://ieeexplore.ieee.org/iel7/6287639/6514899/08666014.pdf
ECA-Net: Efficient channel attention for deep convolutional neural networks,"… show avoiding dimensionality reduction is important for … channel interaction strategy without dimensionality reduction, … our ECA module without channel dimensionality reduction. …",http://openaccess.thecvf.com/content_CVPR_2020/papers/Wang_ECA-Net_Efficient_Channel_Attention_for_Deep_Convolutional_Neural_Networks_CVPR_2020_paper.pdf
Early detection of diabetic retinopathy using PCA-firefly based deep learning model,… cases - ML with PCA and ML without dimensionality reduction. Considering inclusion and noninclusion of dimensionality reduction and feature engineering concepts with ML algorithms…,https://www.mdpi.com/2079-9292/9/2/274/pdf
"iLearn: an integrated platform and meta-learner for feature engineering, machine-learning analysis and modeling of DNA, RNA and protein sequence data","… [53]) and three types of dimensionality reduction algorithms (ie principal component analysis, … procedures, and clustering and dimensionality reduction results can be visualized in the …",https://www.researchgate.net/profile/Jiangning-Song/publication/331702618_iLearn_an_integrated_platform_and_meta-learner_for_feature_engineering_machine_learning_analysis_and_modeling_of_DNA_RNA_and_protein_sequence_data/links/6049d8d5299bf1f5d83dadb6/iLearn-an-integrated-platform-and-meta-learner-for-feature-engineering-machine-learning-analysis-and-modeling-of-DNA-RNA-and-protein-sequence-data.pdf
Rethinking spatial dimensions of vision transformers,… dimension conversion and its effectiveness on transformer-based architecture. We particularly attend to the dimension reduction … that such a spatial dimension reduction is beneficial to a …,https://openaccess.thecvf.com/content/ICCV2021/papers/Heo_Rethinking_Spatial_Dimensions_of_Vision_Transformers_ICCV_2021_paper.pdf
Failing loudly: An empirical study of methods for detecting dataset shift,"… -box dimensionality reduction with subsequent two-sample testing, we explore a range of dimensionality-reduction … for the complex high-dimensional data distributions on which modern …",https://proceedings.neurips.cc/paper/2019/file/846c260d715e5b854ffad5f70a516c88-Paper.pdf
Normalization and variance stabilization of single-cell RNA-seq data using regularized negative binomial regression,"… ], either for normalization and dimensionality reduction in Bayesian hierarchical models or … downstream analyses, such as dimensionality reduction and differential expression testing, …",https://link.springer.com/content/pdf/10.1186/s13059-019-1874-1.pdf
Model reduction and neural networks for parametric PDEs,"… Our method combines PCA-based dimension reduction on the input and output spaces X,Y … since we later choose PCA as our dimension reduction method. We note that ΨPCA is not …",http://www.numdam.org/item/10.5802/smai-jcm.74.pdf
A review of feature selection and its methods,"… Higher dimension data leads to the prevalence of noisy, … To handle these problems “Dimensionality Reduction” … ) are most commonly using dimensionality reduction approaches. FS is …",https://sciendo.com/pdf/10.2478/cait-2019-0001
Model reduction of dynamical systems on nonlinear manifolds using deep convolutional autoencoders,"… the high-dimensional state to the low-dimensional state is … exist to perform nonlinear dimensionality reduction. However, … the low-dimensional embedding to the high-dimensional …",https://www.sciencedirect.com/science/article/am/pii/S0021999119306783
Sinkhorn autoencoders,"… We are now in a position to learn deterministic autoencoders, … The Sinkhorn AutoEncoder is agnostic to the analytical form … explore how well the Sinkhorn AutoEncoder performs on the …",http://proceedings.mlr.press/v115/patrini20a/patrini20a.pdf
An introduction to variational autoencoders,"… Variational autoencoders provide a principled framework for learning deep latent-variable models and corresponding inference models. In this work, we provide an introduction to …",https://www.nowpublishers.com/article/DownloadSummary/MAL-056
Understanding autoencoders with information theoretic concepts,"… Our observations have direct impact on the optimal design of autoencoders, the design of … of stacked autoencoders (SAE), a fully unsupervised deep architecture. Autoencoders have a …",https://www.sciencedirect.com/science/article/am/pii/S0893608019301352
Auto-encoders in deep learning—a review with new perspectives,"… auto-encoders from three different perspectives. We also discuss the relationships between auto-encoders, … Then, we focus on the available toolkits for auto-encoders. Finally, this paper …",https://www.mdpi.com/2227-7390/11/8/1777/pdf
Topological autoencoders,"… Furthermore, we define an autoencoder as the composition of two functions h ◦ g, where g: / ! … During a forward pass of the autoencoder, we compute the persistent homology of the mini-…",http://proceedings.mlr.press/v119/moor20a/moor20a.pdf
Searching for new physics with deep autoencoders,"… In this work, we compare two deep-learning autoencoder architectures, as well as a simpler autoencoder based on PCA that could be considered as a baseline. All of our autoencoders …",https://link.aps.org/pdf/10.1103/PhysRevD.101.075021
Autoencoders that don't overfit towards the identity,"Autoencoders (AE) aim to reproduce the output from the input. They may hence tend to overfit towards learning the identity-function between the input and output, ie, they may predict …",https://proceedings.neurips.cc/paper/2020/file/e33d974aae13e4d877477d51d8bafdc4-Paper.pdf
From variational to deterministic autoencoders,"… VAE, we are effectively left with a deterministic autoencoder (AE). Coupled with explicit regularization for the decoder, we obtain a Regularized Autoencoder (RAE). Training a RAE thus …",https://openreview.net/pdf?id=S1g7tpEYDS
Adversarial latent autoencoders,"… an autoencoder that tackles these issues jointly, which we call Adversarial Latent Autoencoder (… We designed two autoencoders: one based on a MLP encoder, and another based on a …",https://openaccess.thecvf.com/content_CVPR_2020/papers/Pidhorskyi_Adversarial_Latent_Autoencoders_CVPR_2020_paper.pdf
Masked autoencoders that listen,This paper studies a simple extension of image-based Masked Autoencoders (MAE) to self-supervised representation learning from audio spectrograms. Following the Transformer …,https://proceedings.neurips.cc/paper_files/paper/2022/file/b89d5e209990b19e33b418e14f323998-Paper-Conference.pdf
Masked autoencoders are scalable vision learners,"… autoencoder (MAE) is a simple autoencoding approach that reconstructs the original signal given its partial observation. Like all autoencoders, … Unlike classical autoencoders, we adopt …",http://openaccess.thecvf.com/content/CVPR2022/papers/He_Masked_Autoencoders_Are_Scalable_Vision_Learners_CVPR_2022_paper.pdf
Masked autoencoders as spatiotemporal learners,This paper studies a conceptually simple extension of Masked Autoencoders (MAE) to spatiotemporal representation learning from videos. We randomly mask out spacetime patches in …,https://proceedings.neurips.cc/paper_files/paper/2022/file/e97d1081481a4017df96b51be31001d3-Paper-Conference.pdf
Embarrassingly shallow autoencoders for sparse data,"Combining simple elements from the literature, we define a linear model that is geared toward sparse data, in particular implicit feedback data for recommender systems. We show that …",https://arxiv.org/pdf/1905.03375
Clockwork variational autoencoders,"Deep learning has enabled algorithms to generate realistic images. However, accurately predicting long video sequences requires understanding long-term dependencies and remains …",https://proceedings.neurips.cc/paper/2021/file/f490d0af974fedf90cb0f1edce8e3dd5-Paper.pdf
Recommendation system using autoencoders,"… as to produce a system that can deliver better results, from those presented in the works related to autoencoders, this paper proposes the use of an autoencoder with a drop-out layer. …",https://www.mdpi.com/2076-3417/10/16/5510/pdf
Analysis of autoencoders for network intrusion detection,"… model architecture and hyperparameter settings of the autoencoders that result in the best … of autoencoder-based NIDS. To address this challenge, we rigorously study autoencoders …",https://www.mdpi.com/1424-8220/21/13/4294/pdf
Gridmask data augmentation,… We propose a novel data augmentation method ‘GridMask’ in this paper. It utilizes information removal to achieve state-of-the-art results in a variety of computer vision tasks. We …,https://arxiv.org/pdf/2001.04086
Random erasing data augmentation,"… paper introduces a new data augmentation approach, Random … Two commonly used data augmentation approaches, ie, … not incur information loss during augmentation. Different from …",https://ojs.aaai.org/index.php/AAAI/article/view/7000/6854.._random
A survey of data augmentation approaches for NLP,… data augmentation for NLP by summarizing the literature in a structured manner. We first introduce and motivate data augmentation … existing literature in data augmentation for NLP and …,https://arxiv.org/pdf/2105.03075
Data augmentation can improve robustness,"… such that data augmentation becomes useful in the setting without additional data. By … averaging with data augmentation techniques. Overall, we make the following contributions: …",https://proceedings.neurips.cc/paper/2021/file/fb4c48608ce8825b558ccf07169a3421-Paper.pdf
Improved mixed-example data augmentation,"… to the success of these data augmentation methods that combine … of data augmentation as generalized functions of multiple inputs, which we denote “mixedexample data augmentation”. …",https://arxiv.org/pdf/1805.11272
A survey on data augmentation for text classification,… We highlight the goals and applications of data augmentation that we … on data augmentation in text classification (C2). Our survey provides a holistic overview of the data augmentation …,https://arxiv.org/pdf/2107.03158
Auggpt: Leveraging chatgpt for text data augmentation,"… diversity in the generated data (lacking compactness), or both… , we propose a text data augmentation approach based on … -of-the-art text data augmentation methods in terms of testing …",https://arxiv.org/pdf/2302.13007.pdf?trk=public_post_comment-text
A kernel theory of modern data augmentation,"… This is exacerbated by the fact that data augmentation is performed in diverse ways in … understanding of data augmentation. First, in Section 3, we analyze data augmentation as a …",http://proceedings.mlr.press/v97/dao19b/dao19b.pdf
Unsupervised data augmentation for consistency training,"… Despite the promising results, data augmentation is mostly regarded as the “cherry on the … supervised data augmentation to semi-supervised learning where abundant unlabeled data …",https://proceedings.neurips.cc/paper_files/paper/2020/file/44feb0096faa8326192570788b38c1d1-Paper.pdf
Randaugment: Practical automated data augmentation with a reduced search space,… • We demonstrate that the optimal strength of a data augmentation … augmentation policy on a smaller proxy task may be sub-optimal for learning and transferring augmentation …,http://openaccess.thecvf.com/content_CVPRW_2020/papers/w40/Cubuk_Randaugment_Practical_Automated_Data_Augmentation_With_a_Reduced_Search_Space_CVPRW_2020_paper.pdf
Learning data augmentation strategies for object detection,"… data augmentation for object detection identifies two surprising results. First, by changing the data augmentation … Here we investigate the value of data augmentation in object detection. …",https://arxiv.org/pdf/1906.11172
Specaugment: A simple data augmentation method for automatic speech recognition,"… simple data augmentation method for speech recognition. SpecAugment is applied directly to the feature inputs of a neural network (ie, filter bank coefficients). The augmentation policy …",https://arxiv.org/pdf/1904.08779.pdf?source=post_page---------------------------
Cognitive computing and wireless communications on the edge for healthcare service robots,"… -process the huge amount of data by the robots, or the edge computing [14], [15], [16], [… computing scenarios of mobile healthcare robots and give details on edge/centralized computing …",https://fardapaper.ir/mohavaha/uploads/2019/12/Fardapaper-Cognitive-computing-and-wireless-communications-on-the-edge-for-healthcare-service-robots.pdf
A dynamic service migration mechanism in edge cognitive computing,"… on cognitive computing has focused on the design of algorithms. However, if cognitive computing … cognitive computing at the edge of the network. There is some research on applying …",https://arxiv.org/pdf/1808.07198
Cognitive computing systems: Their potential and the future,… most intelligent entities in the known universe; the objective of cognitive computing is to understand and replicate the essence of human intelligence. … Cognition is the basis for auto - …,https://ieeexplore.ieee.org/iel7/2/8713810/08713837.pdf
The rise of human machines: How cognitive computing systems challenge assumptions of user-system interaction,… Cognitive computing systems (CCS) are a new class of computing systems that implement more human-like cognitive abilities. CCS are not a typical technological advancement but an …,https://papers.ssrn.com/sol3/Delivery.cfm?abstractid=3680306
Experimentation of a smart learning system for law based on knowledge discovery and cognitive computing,"… system based on Knowledge Discovery and Cognitive Computing techniques aimed at citizens, … cognitive learning platform for future law professionals and knowledgeable citizens. …",https://www.capuano.cloud/papers/CHB_2019_P1.pdf
"Social integration of artificial intelligence: functions, automation allocation logic and human-autonomy trust",… This paper uses a multi-disciplinary lens to explore how the natural cognitive intelligence in a human could interface with the artificial cognitive intelligence of a machine. The scientific …,https://link.springer.com/content/pdf/10.1007/s12559-018-9619-0.pdf
Deep learning in mining biological data,Recent technological advancements in data acquisition tools allowed life scientists to acquire multimodal data from different biological application domains. Categorized in three broad …,https://link.springer.com/content/pdf/10.1007/s12559-020-09773-x.pdf
Abstract intelligence: Embodying and enabling cognitive systems by mathematical engineering,"… intelligence in cognitive informatics (CI) and cognitive computing (CC). … in cognitive systems such as cognitive computers, cognitive robots, cognitive neural networks, and cognitive …",https://ora.ox.ac.uk/objects/uuid:73db8bd2-1c28-4a9f-b36f-04855ee20f5e/files/m67682ad49a8b3324e74e9fa6214b52ea
Pneumonia classification using deep learning from chest X-ray images during COVID-19,The outbreak of the novel corona virus disease (COVID-19) in December 2019 has led to global crisis around the world. The disease was declared pandemic by World Health …,https://link.springer.com/content/pdf/10.1007/s12559-020-09787-5.pdf
"Comprehensive taxonomies of nature-and bio-inspired optimization: Inspiration versus algorithmic behavior, critical analysis recommendations",In recent algorithmic family simulates different biological processes observed in Nature in order to efficiently address complex optimization problems. In the last years the number of bio-…,https://arxiv.org/pdf/2002.08136
COVID-19 infection detection from chest X-ray images using hybrid social group optimization and support vector classifier,… This work proposes a computer-aided diagnosis system that can automatically detect COVID-19 by using CXR radiographs of the patients. This system is expected to contribute in …,https://link.springer.com/content/pdf/10.1007/s12559-021-09848-3.pdf
Non-linear domain adaptation in transfer evolutionary optimization,The cognitive ability to learn with experience is a hallmark of intelligent systems. The emerging transfer optimization paradigm pursues such human-like problem-solving prowess by …,http://memetic-computing.org/publication/journal/Non-Linear-DA-TEO.pdf
Limitations of the recall capabilities in delay-based reservoir computing systems,We analyse the memory capacity of a delay-based reservoir computer with a Hopf normal form as nonlinearity and numerically compute the linear as well as the higher order recall …,https://link.springer.com/content/pdf/10.1007/s12559-020-09733-5.pdf
How deep should be the depth of convolutional neural networks: a backyard dog case study,"The work concerns the problem of reducing a pre-trained deep neuronal network to a smaller network, with just few layers, whilst retaining the network’s functionality on a given task. In …",https://link.springer.com/content/pdf/10.1007/s12559-019-09667-7.pdf
Dentronics: Towards robotics and artificial intelligence in dentistry,"… Furthermore, we review AI technologies used in robotic applications essential to Dentronics, specifically also ML technologies and algorithms currently used in Dentistry. …",https://sci-hub.gg/downloads/2020-04-30/6f/10.1016@j.dental.2020.03.021.pdf
Introduction to AI robotics,… robotics-… artificial intelligence for robotics and a skeleton for the muscles and nerves of intelligent functions. Chapter 1 defines intelligent robots and introduces why artificial intelligence …,https://paca.ime.usp.br/pluginfile.php/39271/mod_resource/content/2/AIRobotics-1.pdf
An Introduction to Ethics in Robotics and AI,An Introduction to Ethics in Robotics and AI An Introduction to Ethics in Robotics and AI …,http://www.dspace.cus.ac.in/jspui/bitstream/1/7359/1/An%20Introduction%20to%20Ethics%20in%20Robotics%20and%20AI.pdf
Ethical standards in robotics and AI,… of ethical principles for robotics and artificial intelligence (AI). The earliest (1950) are Asimov’s laws of robotics: important because they established the principle that robots should be …,https://uwe-repository.worktribe.com/OutputFile/852279
Primer on artificial intelligence and robotics,"… an introduction to artificial intelligence, robotics, and research … nascent research on artificial intelligence and robotics in the … We discuss the implications of artificial intelligence, robotics, …",https://link.springer.com/content/pdf/10.1186/s41469-019-0050-0.pdf
Robotics and industry 4.0,"… deal with technologies like Robotics, Automation, Artificial Intelligence (AI), and many more. The adoption of robots in Industries worldwide is on the high rise. Robots and human both …",https://www.researchgate.net/profile/Sudeep-Tanwar/publication/334836077_Additive_Manufacturing-_Concepts_and_Technologies/links/5e834ee44585150839b1334a/Additive-Manufacturing-Concepts-and-Technologies.pdf#page=166
Robot as legal person: Electronic personhood in robotics and artificial intelligence,"… robots with artificial intelligence based on the European Parliament resolution with recommendations on Civil Law and Robotics… projects human qualities on robots with AI, we need, …",https://www.frontiersin.org/journals/robotics-and-ai/articles/10.3389/frobt.2021.789327/pdf
From EU robotics and AI governance to HRI research: Implementing the ethics narrative,"… EU has increasingly started to use the term “AI” to refer to its robotics and AI strategy, the focus of the paper in general is still on robotic technologies, since the latter sections focus on …",https://link.springer.com/content/pdf/10.1007/s12369-023-00982-6.pdf
"Robotics, artificial intelligence, and the evolving nature of work","… We begin with a discussion of the evolution of the integration of robots into the economy. Then, we turn our attention to the economics of robotics and artificial intelligence, showing how …",https://papers.ssrn.com/sol3/Delivery.cfm?abstractid=3336104
New laws of robotics,"… In Frank Pasquale’s bold and humane vision of robotics and artificial intelligence, technology transforms our lives for the better. It works with people and for people, instead of imitating …",https://www.durnell.co.uk/uploads/newsletters/Popular-Science-new-and-recent-highlights.pdf
A survey on AI-driven digital twins in industry 4.0: Smart manufacturing and advanced robotics,"… cases utilizing artificial intelligence towards semi- and fully autonomous robotic systems … ), data-driven and AI-equipped DTs help with complex robotic systems for which building high-…",https://www.mdpi.com/1424-8220/21/19/6340/pdf
"Artificial intelligence, robotics, advanced technologies and human resource management: a systematic review","… automation (eg artificial intelligence, robotics) has grown … we found 45 articles studying artificial intelligence, robotics and other … , job replacement, human-robot/AI collaboration, decision-…",https://www.researchgate.net/profile/Demetris-Vrontis/publication/349383945_Artificial_intelligence_robotics_advanced_technologies_and_human_resource_management_a_systematic_review/links/6094db5e92851c490fbfbb49/Artificial-intelligence-robotics-advanced-technologies-and-human-resource-management-a-systematic-review.pdf
Caring in the in-between: a proposal to introduce responsible AI and robotics to healthcare,"… proposal to introduce responsible robotics and AI to healthcare and; finally, … AI and robotics is based on a series of empirical studies that we carried out on the introduction of care robots …",https://link.springer.com/content/pdf/10.1007/s00146-021-01330-w.pdf
Security modeling of autonomous systems: A survey,"… on autonomous systems, a group of keywords was chosen to limit the scope of this survey. The autonomous systems … , driverless cars, swarms, and autonomous Internet of Things (IoT), …",http://old-eclass.uop.gr/modules/document/file.php/DIT209/%CF%80%CF%81%CE%BF%CF%84%CE%B5%CE%B9%CE%BD%CF%8C%CE%BC%CE%B5%CE%BD%CE%B7%20%CE%B8%CE%B5%CE%BC%CE%B1%CF%84%CE%BF%CE%BB%CE%BF%CE%B3%CE%AF%CE%B1%202019-2020/Security%20Modeling%20of%20Autonomous%20Systems%2C%20A%20Survey.pdf
Autonomous systems–an architectural characterization,… to build autonomous systems. We emphasize that the main characteristic of autonomous systems is … it can meet only a small portion of the needs implied by autonomous system design. …,https://sifakis.net/wp-content/uploads/2024/12/33-AutonomousSystemsDeNicola.pdf
Validation of autonomous systems,"… Autonomous systems are widely used. Yet, for lack of transparency, we are increasingly … Michael Weyrich and I provide industry insights into validating autonomous systems. I look …",https://www.ias.uni-stuttgart.de/dokumente/publikationen/2019-Validation_of_Autonomous_Systems.pdf
Autonomics: In search of a foundation for next-generation autonomous systems,"… foundation for developing next-generation autonomous systems is a must, and … autonomous system behavior in the face of unpredictability; 2) how to carry out faithful analysis of system …",https://www.pnas.org/doi/pdf/10.1073/pnas.2003162117
Towards a theoretical framework of autonomous systems underpinned by intelligence and systems sciences,… systems sciences. This paper explores the intelligent and mathematical foundations of autonomous systems. … that constitute the intelligent power of autonomous systems. It explains how …,https://www.researchgate.net/profile/Yingxu-Wang-3/publication/345715249_Towards_a_Theoretical_Framework_of_Autonomous_Systems_Underpinned_by_Intelligence_and_Systems_Sciences/links/5fe5927a299bf140883f577e/Towards-a-Theoretical-Framework-of-Autonomous-Systems-Underpinned-by-Intelligence-and-Systems-Sciences.pdf
A survey on trust in autonomous systems,"… , autonomous systems are becoming more relevant in our daily lives. As these systems … 2, we will discuss the definitions of trust and autonomous systems. In Sect. 3, we will provide …",https://faculty.eng.fau.edu/nojoumian/Files/Publication/STruAut.pdf
Trustworthy autonomous system development,"… autonomous systems of modules that employ artificial intelligence makes current non-AI systems … Moreover, we argue that the vision of autonomous systems also raises difficult systems …",https://www.wisdom.weizmann.ac.il/~/dharel/papers/trustworthy%20autonomous%20systems.pdf
A taxonomy for system of autonomous systems,"… The main focus of this paper, which we refer to as a system of autonomous systems (SoAS), is the integration of autonomous systems into the architecture of an SoS. SoAS can reduce …",https://www.researchgate.net/profile/Mohammadreza-Torkjazi/publication/361939952_A_Taxonomy_for_System_of_Autonomous_Systems/links/6343530e76e39959d6afa439/A-Taxonomy-for-System-of-Autonomous-Systems.pdf
Robotics and autonomous systems for net zero agriculture,… Direct robotic solutions include the use of autonomous systems that eradicate … autonomous systems as UVC can be applied with minimal hazard to human operators. Robotic systems …,https://link.springer.com/content/pdf/10.1007/s43154-022-00077-6.pdf
Dynamic certification for autonomous systems,… The second is the heterogeneity that certifying must address in relation to the complex socio-technical settings in which the system is expected to behave. We propose the dynamic …,https://dl.acm.org/doi/pdf/10.1145/3574133
On future development of autonomous systems: A report of the plenary panel at IEEE ICAS'21,… We will examine the development and operation of some autonomous systems and explain the consequences of their autonomous actions in relation to some ethical values including …,https://aiia.csd.auth.gr/wp-content/uploads/2023/09/On_Future_Development_of_Autonomous_Systems_A_Report_of_the_Plenary_Panel_at_IEEE_ICAS21.pdf
Goal-oriented communication for real-time tracking in autonomous systems,… We study an autonomous system where a transmitter monitors the evolution of a discrete Markov source and sends status updates to a destination over an unreliable wireless channel. …,https://www.eurecom.edu/publication/6615/download/comsys-publi-6615.pdf
Towards a framework for safety assurance of autonomous systems,… This paper addresses the safety of autonomous systems (AS). It is intended to cover the spectrum from those that are semiautonomous (remotely controlled or operated) through to …,https://pure.york.ac.uk/portal/files/61977412/paper_2.pdf
Toward an interoperability architecture for blockchain autonomous systems,… Autonomous System Paradigm Another key concept in the development of the Internet is that of autonomous systems (ASs) (or routing domains) as a connectivity unit that provide scale-…,https://dspace.mit.edu/bitstream/handle/1721.1/134330/IEEE-TEMS-08743548.pdf?sequence=2
Model-centered assurance for autonomous systems,… The monitor is assured by conventional methods and overrides the autonomous software … the architecture of autonomous systems. The functions of an autonomous system generally can …,https://par.nsf.gov/servlets/purl/10181035
Human-centric autonomous systems with llms for user command reasoning,… The evolution of autonomous driving has made remarkable … To ensure that the autonomous system meets the user’s intent… Models (LLMs) to infer system requirements from in-cabin …,https://openaccess.thecvf.com/content/WACV2024W/LLVM-AD/papers/Yang_Human-Centric_Autonomous_Systems_With_LLMs_for_User_Command_Reasoning_WACVW_2024_paper.pdf
Communication in human-robot interaction,"… Human-robot interaction requires from both sides the exploitation of different sense channels [24], typically hearing, sight, and touch, respectively, presented in sections “The Hearing …",https://link.springer.com/content/pdf/10.1007/s43154-020-00026-1.pdf
Human–robot interaction in agriculture: A survey and current challenges,… Section 3 briefly describes the principles of human–robot interaction systems. Section 4 presents the human–robot interaction approaches in agricultural applications. Section 5 …,https://www.researchgate.net/profile/Fernando-Auat-Cheein-2/publication/331443506_Human-robot_interaction_in_agriculture_A_survey_and_current_challenges/links/5c86a224299bf16918f8563b/Human-robot-interaction-in-agriculture-A-survey-and-current-challenges.pdf
Studying human robot interaction and its characteristics,"… of human-robot interaction, … interactions with the robots. The basic results of this study shall focus on the analysis of the ways by which challenges related to human-robot interaction can …",https://journals.gaftim.com/index.php/ijcim/article/download/73/34
Human-robot interaction: An introduction,"… human-robot interactions can be the purview of HRI research. In late 2022/early 2023, we worked both in person and remotely to update the text and teaching activities provided in the …",https://ir.canterbury.ac.nz/bitstream/10092/17049/15/human-robot-interaction-an-introduction-13-references-and-index.pdf
Human-robot interaction efficiency and human-robot collaboration,"… the safety of human-robot interaction. In practice, the issues of safety interaction are much broader and … The collaborative process between a human and a robot is called Human-robot …",https://www.researchgate.net/profile/Rinat-Galin/publication/338416335_Human-Robot_Interaction_Efficiency_and_Human-Robot_Collaboration/links/5ebc2314a6fdcc90d674e98a/Human-Robot-Interaction-Efficiency-and-Human-Robot-Collaboration.pdf
A taxonomy to structure and analyze human–robot interaction,"… and interaction scenarios. This has boosted research regarding shaping factors of human–robot interaction (… Based on the predominant human–robot interactions, we define the tasks as …",https://link.springer.com/content/pdf/10.1007/s12369-020-00666-5.pdf
Human-robot interaction: Applications,"… Summary: Recently, human-robot interaction (HRI) is an extensive research topic and … In this work, the applications of human-robot interaction are reviewed. These applications could be …",https://arxiv.org/pdf/2102.00928
Human-robot interaction review: Challenges and solutions for modern industrial environments,"… Thus, a four-level classification is proposed, which collects the identified challenges and the previous developments in the field of human-robot interaction. The five identified challenges …",https://ieeexplore.ieee.org/iel7/6287639/6514899/09493209.pdf
Autonomy in physical human-robot interaction: A brief survey,"… In this survey, we review the use of autonomy in physical Human-Robot Interaction (pHRI). For us, the word physical comprises both proximal and remote (bilateral teleoperation) HRI …",https://hal.science/hal-03413654/document
Modeling trust in human-robot interaction: A survey,"… Therefore, we can say trust can affect human-robot interaction, as it can affect … interact with a robot [16]. As trust is one of the necessities for building a successful human-robot interaction…",https://arxiv.org/pdf/2011.04796
How to include User eXperience in the design of Human-Robot Interaction,… In recent years Human-Robot Collaboration (HRC) has … with robots in the design in human-robot interaction (HRI). In … to investigate the human-robot dialogue to map the interaction …,https://cris.unibo.it/bitstream/11585/949558/5/HOW%20TO%20%20INCLUDE%20USER%20EXPERIENCE%20postprint.pdf
Tracking anthropomorphizing behavior in human-robot interaction,"… human-robot interactions. I illustrate this methodology in a case study and find considerable variation between participants, but also considerable intrapersonal variation in the ways the …",https://dl.acm.org/doi/pdf/10.1145/3442677
A survey of multi-agent Human–Robot Interaction systems,"… This article presents a survey of literature in the area of Human–Robot Interaction (HRI), specifically on systems containing more than two agents (ie, having multiple humans and/or …",https://arxiv.org/pdf/2212.05286
A review of personality in human–robot interactions,"… also the most popular traits used in the study of human–robot interaction (Robert, 2018). Despite the importance of … As a result, our knowledge of personality in human–robot interactions …",https://www.nowpublishers.com/article/DownloadSummary/ISY-018
On the control of multi-agent systems: A survey,"… • We begin in Chapter 2 with a brief introduction of basic concepts and definitions on MASs, where we will introduce the definitions of agents, autonomy, as well as multi-agent systems. …",https://www.nowpublishers.com/article/DownloadSummary/SYS-019
A survey of the consensus for multi-agent systems,"… The multi-agent systems (MASs) are derived from the exploration and research of biological … agents in the system environment, expressing the distribution of system description problems…",https://www.tandfonline.com/doi/pdf/10.1080/21642583.2019.1695689
Multi-agent systems,"… In the latter case, the need arises that agents have to be able to reach agreements in order to be able to operate in a multi-agent system. Here lies an important aspect of the …",https://www.mdpi.com/2076-3417/9/7/1402/pdf
A review of agent-based programming for multi-agent systems,… Multi-Agent System (RMAS) [38] is a database-centric approach for multi-agent systems suitable for the embodiment of reasoning and control in Cyber-Physical Systems (CPS). Initial …,https://www.mdpi.com/2073-431X/10/2/16/pdf
Spade 3: Supporting the new generation of multi-agent systems,"… no longer useful for modern multi-agent systems, and focusing on … multi-agent systems; and the third one is the presentation of SPADE 3, a completely redesigned multi-agent systems …",https://ieeexplore.ieee.org/iel7/6287639/8948470/09207929.pdf
Logic-based technologies for multi-agent systems: a systematic literature review,"… The most straightforward and generally-acknowledged way to address the above issue is by using agents and multi-agent systems (MAS). In fact, this is the way in which AI has been …",https://link.springer.com/content/pdf/10.1007/s10458-020-09478-3.pdf
Multi-agent systems and complex networks: Review and applications in systems engineering,"… , and virtual systems management. This paper presents a review of how multi-agent systems and complex networks theory are brought together to address systems engineering and …",https://www.mdpi.com/2227-9717/8/3/312/pdf
Comprehensive overview of multi-agent systems for controlling smart grids,… CONCEPT OF MULTI AGENT SYSTEM A multi-agent system (MAS) is a system consisting of two or more intelligent agents; it is linked to the subject of distributed problem-solving. A …,https://ieeexplore.ieee.org/iel7/7054730/9691304/09299490.pdf
Second-order consensus of hybrid multi-agent systems,"… Some criteria were given for solving the coordination control of heterogeneous multi-agent system which is composed of first-order and second-order dynamic agents [28], [29], [30], [31]. …",http://web.xidian.edu.cn/yszheng/files/20190222_213951.pdf
Multi-agent systems for search and rescue applications,… This section provides an overview of some of the most critical technical challenges preventing multi-agent systems from being deployed for search and rescue. The challenge areas …,https://drl.ece.utah.edu/wp-content/uploads/sites/155/2021/07/drew-reports2021.pdf
Learning fairness in multi-agent systems,"… In the multi-agent system we consider, there are n agents and limited resources in the environment. The resources are non-excludable and rivalrous (common resources), eg, CPU, …",https://proceedings.neurips.cc/paper_files/paper/2019/file/10493aa88605cad5ab4752b04a63d172-Paper.pdf
Machine learning and multi-agent systems in oil and gas industry applications: A survey,"… machine learning (ML) and multi-agent systems (MAS). A typical MAS is made of several interacting agents, where an agent is a computer system proficient in autonomous activities to …",https://discovery.ucl.ac.uk/id/eprint/10177764/1/Kovalchuk_ElsevierComputerScienceReview_Accepted.pdf
Deep semantic segmentation of natural and medical images: a review,… semantic segmentation as well as traditional machine learning based methods and deep learning-based network architectures for RGB-D segmentation… for the semantic segmentation of …,https://arxiv.org/pdf/1910.07655
Rethinking semantic segmentation: A prototype view,"… We expect this work will provoke a rethink of the current de facto semantic segmentation … been made in semantic segmentation. Till now, most of state-of-the-art segmentation models [15…",https://openaccess.thecvf.com/content/CVPR2022/papers/Zhou_Rethinking_Semantic_Segmentation_A_Prototype_View_CVPR_2022_paper.pdf
Segmenter: Transformer for semantic segmentation,"… 58] suggests limitations of convolutional architectures for segmentation. To overcome these limitations, we formulate the problem of semantic segmentation as a sequence-to-sequence …",https://openaccess.thecvf.com/content/ICCV2021/papers/Strudel_Segmenter_Transformer_for_Semantic_Segmentation_ICCV_2021_paper.pdf
Survey on semantic segmentation using deep learning techniques,"… This section provides the details of all the reviewed semantic segmentation methods. We have categorized these methods into ten (10) classes, presented in the tabular form stating …",https://www.sciencedirect.com/science/article/am/pii/S092523121930181X
Rethinking bisenet for real-time semantic segmentation,"… But in semantic segmentation tasks, we focus on scalable receptive field and multi-scale informations. Low-level layers need enough channels to encode more fine-grained informations …",http://openaccess.thecvf.com/content/CVPR2021/papers/Fan_Rethinking_BiSeNet_for_Real-Time_Semantic_Segmentation_CVPR_2021_paper.pdf
Language-driven semantic segmentation,… semantic segmentation dataset and supports flexible mixing of multiple datasets through the text encoder. Existing semantic segmentation … being the corresponding semantic class. In …,https://arxiv.org/pdf/2201.03546.pdf?trk=public_post_comment-text
Fast-scnn: Fast semantic segmentation network,"… segmentation convolutional neural network (Fast-SCNN), an above realtime semantic segmentation … We observe, in literature semantic segmentation is typically addressed by a deep …",https://arxiv.org/pdf/1902.04502/pdf
Shelfnet for fast semantic segmentation,"… We propose ShelfNet, a multi-column convolutional neural network for semantic segmentation as shown in Fig. 1. Different from the standard single encoder-decoder structure, our shelf-…",http://openaccess.thecvf.com/content_ICCVW_2019/papers/CVRSUAD/Zhuang_ShelfNet_for_Fast_Semantic_Segmentation_ICCVW_2019_paper.pdf
Ccnet: Criss-cross attention for semantic segmentation,"… We conduct extensive experiments on popular semantic segmentation benchmarks including Cityscapes, ADE20K, and instance segmentation benchmark COCO. In particular, our …",http://openaccess.thecvf.com/content_ICCV_2019/papers/Huang_CCNet_Criss-Cross_Attention_for_Semantic_Segmentation_ICCV_2019_paper.pdf
Deep hierarchical semantic segmentation,"… improve segmentation eventually. We conduct experiments on four semantic segmentation … -Part), with different class hierarchies, segmentation network architectures and backbones, …",http://openaccess.thecvf.com/content/CVPR2022/papers/Li_Deep_Hierarchical_Semantic_Segmentation_CVPR_2022_paper.pdf
Co-occurrent features in semantic segmentation,"… contextual information for semantic segmentation, including … To leverage the semantic context in the co-occurrent features… Our approach significantly improves the segmentation results …",http://openaccess.thecvf.com/content_CVPR_2019/papers/Zhang_Co-Occurrent_Features_in_Semantic_Segmentation_CVPR_2019_paper.pdf
Groupvit: Semantic segmentation emerges from text supervision,… We propose the GroupViT architecture for zero-shot transfer to semantic segmentation with text supervision only. GroupViT introduces a new hierarchical grouping Transformer …,https://openaccess.thecvf.com/content/CVPR2022/papers/Xu_GroupViT_Semantic_Segmentation_Emerges_From_Text_Supervision_CVPR_2022_paper.pdf
A survey of loss functions for semantic segmentation,"… In this paper, we have focused on Semantic Segmentation instead of Instance Segmentation, therefore the number of classes at pixel level is restricted to 2. Here, we will go over 15 …",https://arxiv.org/pdf/2006.14822.pdf?fbclid=IwAR19Qprs3SfPnLKYn_1Vbo0qVXZlGih9KVZHAm6OKHfXlUFb6DqbqM-qx1Y
Pp-liteseg: A superior real-time semantic segmentation model,"… SPPM promotes the segmentation accuracy with minor extra inference time. • Based on the above modules, we propose PP-LiteSeg, a real-time semantic segmentation model. …",https://arxiv.org/pdf/2204.02681
SegFormer: Simple and efficient design for semantic segmentation with transformers,"… We present SegFormer, a simple, efficient yet powerful semantic segmentation framework … We show that this simple and lightweight design is the key to efficient segmentation on …",https://proceedings.neurips.cc/paper/2021/file/64f1f27bf1b4ec22924fd0acb550c235-Paper.pdf
Object-contextual representations for semantic segmentation,"… We evaluate our approach on various challenging semantic segmentation benchmarks. Our … panoptic segmentation task, eg, Panoptic-FPN + OCR achieves \(44.2\%\) on COCO val. …",https://arxiv.org/pdf/1909.11065
Object detection in 20 years: A survey,"… ABSTRACT | Object detection, as of one the most fundamental and … of object detection and its profound impact on the entire computer vision field. If we consider today’s object detection …",https://www.academia.edu/download/115305483/Object_Detection_in_20_Years_A_Survey.pdf
Object detection with deep learning: A review,"… In this paper, we provide a review of deep learning-based object detection frameworks… object detection architectures along with some modifications and useful tricks to improve detection …",https://arxiv.org/pdf/1807.05511.pdf&usg=ALkJrhhpApwNJOmg83O8p2Ua76PNh6tR8A
Recent advances in deep learning for object detection,"… In this paper, we give a comprehensive survey of recent advances in visual object detection … object detection frameworks and organize the survey into three major parts: (i) detection …",https://arxiv.org/pdf/1908.03673
Towards open world object detection,"… We introduce Open World Object Detection, where the object detector is able to label an unknown object as unknown and gradually learn the unknown as the model gets exposed to …",https://openaccess.thecvf.com/content/CVPR2021/papers/Joseph_Towards_Open_World_Object_Detection_CVPR_2021_paper.pdf
Efficientdet: Scalable and efficient object detection,"… method for object detectors, … of object detectors, named EfficientDet, which consistently achieve better accuracy with much fewer parameters and FLOPs than previous object detectors. …",https://openaccess.thecvf.com/content_CVPR_2020/papers/Tan_EfficientDet_Scalable_and_Efficient_Object_Detection_CVPR_2020_paper.pdf
Foveabox: Beyound anchor-based object detection,"… object detectors utilize predefined anchors to enumerate possible locations, scales and aspect ratios for the search of the objects, … design an accurate object detection framework without …",https://arxiv.org/pdf/1904.03797
Deep learning for generic object detection: A survey,"… Historically, much of the effort in the field of object detection has focused on the detection of … object detection systems where the breadth of object detection ability rivals that of humans. …",https://link.springer.com/content/pdf/10.1007/s11263-019-01247-4.pdf
A survey on performance metrics for object-detection algorithms,"… object-detection algorithms. Average precision (AP), for instance, is a popular metric for evaluating the accuracy of object detectors … most used metrics for object detection detaching their …",https://www.researchgate.net/profile/Rafael-Padilla/publication/343194514_A_Survey_on_Performance_Metrics_for_Object-Detection_Algorithms/links/5f1b5a5e45851515ef478268/A-Survey-on-Performance-Metrics-for-Object-Detection-Algorithms.pdf
Detrs beat yolos on real-time object detection,"… Recently, end-to-end Transformer-based detectors (DETRs) have provided an alternative to … -Time DEtection TRansformer (RT-DETR), the first real-time end-to-end object detector to …",http://openaccess.thecvf.com/content/CVPR2024/papers/Zhao_DETRs_Beat_YOLOs_on_Real-time_Object_Detection_CVPR_2024_paper.pdf
"Objects365: A large-scale, high-quality dataset for object detection","… for the continuous improvement of the object detection algorithms, especially for deep … and object detection community. In Table 1, we give statistics of the existing object detection …",https://openaccess.thecvf.com/content_ICCV_2019/papers/Shao_Objects365_A_Large-Scale_High-Quality_Dataset_for_Object_Detection_ICCV_2019_paper.pdf
Imbalance problems in object detection: A review,… We limit the focus of this paper to imbalance problems in object detection. Since the current … related to deep object detectors. Although we restrict our attention to object detection in still …,https://arxiv.org/pdf/1909.00169
Diffusiondet: Diffusion model for object detection,"… successfully adopts it to object detection. In this work, we propose DiffusionDet, which tackles the object detection task with a diffusion model by casting detection as a generative task …",http://openaccess.thecvf.com/content/ICCV2023/papers/Chen_DiffusionDet_Diffusion_Model_for_Object_Detection_ICCV_2023_paper.pdf
A survey of modern deep learning based object detection models,… is the task of classification and localization of objects in an image or video. It has … object detectors. Concise overview of benchmark datasets and evaluation metrics used in detection is …,https://arxiv.org/pdf/2104.11892
Real-time object detection method based on improved YOLOv4-tiny,"… In this section, we have reviewed recent developments rela ted to object detection. In Section 2, we outline the concepts and processes of the YOLOv4-tiny object detection method. I n …",https://arxiv.org/pdf/2011.04244
Dynamic head: Unifying object detection heads with attentions,… framework to unify object detection heads with attentions. By … representation ability of object detection heads without any … the performance over popular object detectors and achieve a …,http://openaccess.thecvf.com/content/CVPR2021/papers/Dai_Dynamic_Head_Unifying_Object_Detection_Heads_With_Attentions_CVPR_2021_paper.pdf
A survey of deep learning-based object detection,"… the one-stage and two-stage detectors. Moreover, we list the traditional and … object detection are analyzed as well. Finally, we discuss the architecture of exploiting these object detection …",https://ieeexplore.ieee.org/iel7/6287639/8600701/08825470.pdf
The multi-modal fusion in visual question answering: a review of attention mechanisms,"… visual question answering can be broadly divided into three steps: extracting features from images, extracting features from questions… semantic analysis, visual question answering, and …",https://peerj.com/articles/cs-1400.pdf
Kvqa: Knowledge-aware visual question answering,"… The Visual Question Answering on our dataset naturally leads to the problem of visual named … To enable visual named entity linking, we also provide a support set containing reference …",https://aaai.org/ojs/index.php/AAAI/article/view/4915/4788
RSVQA: Visual question answering for remote sensing data,… des techniques de Visual Question Answering à des données d’… of visual question answering (VQA) for remote sensing data. … is to answer a free-form and open-ended question about a …,https://arxiv.org/pdf/2003.07333
Drivelm: Driving with graph visual question answering,"… While recent approaches adapt VLMs to driving via single-round visual question answering (… through perception, prediction and planning question-answer pairs, we obtain a suitable …",https://arxiv.org/pdf/2312.14150
Ok-vqa: A visual question answering benchmark requiring external knowledge,"… visual question answering, where the questions require external knowledge resources to be answered… In Table 1 we look at a number of other visual question answering datasets and …",https://openaccess.thecvf.com/content_CVPR_2019/papers/Marino_OK-VQA_A_Visual_Question_Answering_Benchmark_Requiring_External_Knowledge_CVPR_2019_paper.pdf
Vqa-med: Overview of the medical visual question answering task at imageclef 2019,"… rizing the clinical questions, (iii) … visual question answering in the general domain, we conducted a pilot task (VQA-Med 2018) in ImageCLEF 2018 to focus on visual question answering …",https://arodes.hes-so.ch/record/4214/files/Published%20version.pdf
Conceptbert: Concept-aware representation for visual question answering,… Visual Question Answering (VQA) is a challenging task that has … visual and textual features in order to answer questions grounded in an image. Current works in VQA focus on questions …,https://aclanthology.org/2020.findings-emnlp.44.pdf
In defense of grid features for visual question answering,"… visual features have recently surpassed vanilla grid-based convolutional features as the de facto standard for vision and language tasks like visual question answering (… to answers, and …",http://openaccess.thecvf.com/content_CVPR_2020/papers/Jiang_In_Defense_of_Grid_Features_for_Visual_Question_Answering_CVPR_2020_paper.pdf
Vqa-lol: Visual question answering under the lens of logic,"… visual question answering (VQA) systems trained to answer a question about an image, are able to answer the logical composition of multiple such questions. When put under this Lens …",https://arxiv.org/pdf/2002.08325
A-okvqa: A benchmark for visual question answering using world knowledge,… The Visual Question Answering (VQA) task aspires to provide a meaningful testbed for the development of AI models that can jointly reason over visual and natural language inputs. …,https://arxiv.org/pdf/2206.01718
Cycle-consistency for robust visual question answering,"… Despite significant progress in Visual Question Answering over the years, robustness of today’s VQA models leave much to be desired. We introduce a new evaluation protocol and …",http://openaccess.thecvf.com/content_CVPR_2019/papers/Shah_Cycle-Consistency_for_Robust_Visual_Question_Answering_CVPR_2019_paper.pdf
Ocr-vqa: Visual question answering by reading text in images,"… In this work, we introduce a novel task of visual question answering by reading text. Consider … for visual question answering task by obtaining question and ground-truth answer pairs as …",https://anandmishra22.github.io/files/mishra-OCR-VQA.pdf
Relation-aware graph attention network for visual question answering,"… In order to answer semantically-complicated questions about an image, a Visual Question Answering (VQA) model needs to fully understand the visual scene in the image, especially …",http://openaccess.thecvf.com/content_ICCV_2019/papers/Li_Relation-Aware_Graph_Attention_Network_for_Visual_Question_Answering_ICCV_2019_paper.pdf
Fusion of detected objects in text for visual question answering,… can yield improvements in visual question answering. The challenge we consider is to answer naturalquestions related to a given image. The more general question we address in the …,https://arxiv.org/pdf/1908.05054
Self-critical reasoning for robust visual question answering,… both natural language questions and visual content. The … when the training and test question-answer (QA) pairs are … on the recently introduced Visual Question Answering under …,https://proceedings.neurips.cc/paper_files/paper/2019/file/33b879e7ab79f56af1e88359f9314a10-Paper.pdf
Scene text visual question answering,… Current visual question answering datasets do not consider the … textual cues in the Visual Question Answering process. We use … question answering both on the visual and the textual in- …,http://openaccess.thecvf.com/content_ICCV_2019/papers/Biten_Scene_Text_Visual_Question_Answering_ICCV_2019_paper.pdf
Murel: Multimodal relational reasoning for visual question answering,… tional network for Visual Question Answering task. Our system is based on rich representations of visual image regions that are progressively merged with the question representation. …,https://openaccess.thecvf.com/content_CVPR_2019/papers/Cadene_MUREL_Multimodal_Relational_Reasoning_for_Visual_Question_Answering_CVPR_2019_paper.pdf
Deep modular co-attention networks for visual question answering,… Visual Question Answering (VQA) requires a finegrained and simultaneous understanding of both the visual content of images and the textual content of questions… in questions with key …,https://openaccess.thecvf.com/content_CVPR_2019/papers/Yu_Deep_Modular_Co-Attention_Networks_for_Visual_Question_Answering_CVPR_2019_paper.pdf
Rubi: Reducing unimodal biases for visual question answering,"… We consider the common formulation of the Visual Question Answering (VQA) task as a multi-class classification problem. Given a dataset P consisting of n triplets (vi,qi,ai)i2[1,n] …",https://proceedings.neurips.cc/paper_files/paper/2019/file/51d92be1c60d1db1d2e5e7a07da55b26-Paper.pdf
An overview of end-to-end automatic speech recognition,"… Automatic speech recognition, especially large vocabulary continuous speech recognition, … model (GMM) has been the mainstream speech recognition framework. But recently, HMM-…",https://www.mdpi.com/2073-8994/11/8/1018/pdf
Speech recognition using deep neural networks: A systematic review,"… learning for speech related applications specifically speech recognition [4], [5], [6], [7]. The conventional speech recognition systems are based on representing speech signals using …",https://ieeexplore.ieee.org/iel7/6287639/6514899/08632885.pdf
Automatic speech recognition: a survey,"… Hence, this section discusses the first speech recognition system followed by the … Most of the speech recognition models are developed using a generic model. This generic …",http://ccc.inaoep.mx/~esucar/Clases-ia/Articulos/ASR-survey-2021.pdf
Recent advances in end-to-end automatic speech recognition,"… The accuracy of automatic speech recognition (ASR) has … Recently, the speech community has a new breakthrough by … 215] which directly translates an input speech sequence into an …",https://www.nowpublishers.com/article/OpenAccessDownload/SIP-2021-0050
The pytorch-kaldi speech recognition toolkit,"… of speech recognition and deep learning. Kaldi, for instance, is nowadays an established framework used to develop state-of-the-art speech … for developing modern speech recognizers. …",https://arxiv.org/pdf/1811.07453
Unsupervised speech recognition,"… Our goal is to build speech recognition models without any supervision. To this end, we developed a cross-validation metric which does not require labeled data. We use the metric for …",https://proceedings.neurips.cc/paper_files/paper/2021/file/ea159dc9788ffac311592613b7f71fbb-Paper.pdf
Wav2letter++: A fast open-source speech recognition system,… open-source deep learning speech recognition framework. … major open-source speech recognition systems. In some … -to-end neural networks for speech recognition. We also show that …,https://arxiv.org/pdf/1812.07625&ved=2ahUKEwj8wpnF8o7pAhWEmHIEHagZBA8QFjANegQIAxAB&usg=AOvVaw31lEtWMzIMj6acvVN9UrSH
Speech recognition with no speech or with noisy speech,"… , we proposed a deep learning model that is capable of learning EEG features and perform speech recognition with no speech as input, we demonstrate the ability of EEG features to …",https://arxiv.org/pdf/1903.00739
A study on automatic speech recognition,"… overview of the automatic speech recognition system and the characteristics for the speech recognition system, we present the definition of automatic speech recognition, and in Section …",https://www.academia.edu/download/64087454/JITR%20August%20V10%20N3_1%20Pdf.pdf
Speech recognition with augmented synthesized speech,"… of enhancing speech recognition performance using speech … and lexical diversity needed for robust speech recognition. Finally, we … We find that improvements to speech recognition …",https://arxiv.org/pdf/1909.11699
Speech recognition using machine learning,"… voice commands with synthesized speech, speech recognition is now part of our daily lives. To allow devices to detect our emotions, speech emotion recognition (SER) could be used. …",https://www.researchgate.net/profile/Satya-Yadav-5/publication/352850495_Speech_Recognition_using_Machine_Learning/links/60efb1270859317dbde2e565/Speech-Recognition-using-Machine-Learning.pdf
Contextnet: Improving convolutional neural networks for automatic speech recognition with global context,"Convolutional neural networks (CNN) have shown promising results for end-to-end speech recognition, albeit still behind other state-of-the-art methods in performance. In this paper, we …",https://arxiv.org/pdf/2005.03191
Improved noisy student training for automatic speech recognition,… We aim to improve semi-supervised learning in automatic speech recognition (ASR) by … We adapt noisy student training for the purpose of speech recognition by introducing the …,https://arxiv.org/pdf/2005.09629
Adaptation algorithms for neural network-based speech recognition: An overview,"… trained to perform image classification or object recognition using the ImageNet database [37], [38… Transfer learning in NLP differs from computer vision, and from the speech recognition …",https://ieeexplore.ieee.org/iel7/8782710/9336068/09296327.pdf
Google usm: Scaling automatic speech recognition beyond 100 languages,"… For the massively multilingual speech recognition test dataset from YouTube, we observe that Whisper hallucinates in many languages, resulting in a WER exceeding 100%. For a …",https://arxiv.org/pdf/2303.01037
Squeezeformer: An efficient transformer for automatic speech recognition,The recently proposed Conformer model has become the de facto backbone model for various downstream speech tasks based on its hybrid attention-convolution architecture that …,https://proceedings.neurips.cc/paper_files/paper/2022/file/3ccf6da39eeb8fefc8bbb1b0124adbd1-Paper-Conference.pdf
wav2vec: Unsupervised pre-training for speech recognition,… on downstream speech recognition tasks. We measure speech recognition performance on the WSJ … We also evaluate on the TIMIT phoneme recognition task (§4.2) and ablate various …,https://arxiv.org/pdf/1904.05862
End-to-end speech recognition: A survey,"… speech recognition is structured as follows. Section II discusses the nuances in the term E2E as it applies to ASR. Section III describes the historical evolution of E2E speech recognition, …",https://ieeexplore.ieee.org/iel7/6570655/6633080/10301513.pdf
Unified language model pre-training for natural language understanding and generation,… This paper presents a new UNIfied pre-trained Language Model (UNILM) that … Language Model (UNILM) that can be applied to both natural language understanding (NLU) and natural …,https://proceedings.neurips.cc/paper_files/paper/2019/file/c20bb2d9a50d5ac1f713f8b34d9aac5a-Paper.pdf
Multi-task deep neural networks for natural language understanding,"… In this paper, we present a Multi-Task Deep Neural Network (MT-DNN) for learning representations across multiple natural language understanding (NLU) tasks. MT-DNN not only …",https://arxiv.org/pdf/1901.11504
Tinybert: Distilling bert for natural language understanding,"Language model pre-training, such as BERT, has significantly improved the performances of many natural language processing tasks. However, pre-trained language models are …",https://arxiv.org/pdf/1909.10351.pdf?trk=public_post_comment-text
Adversarial NLI: A new benchmark for natural language understanding,"… Here, we focus on natural language inference (NLI), arguably the most canonical task in NLU. We collected three rounds of data, and call our new dataset Adversarial NLI (ANLI). Our …",https://arxiv.org/pdf/1910.14599
Freelb: Enhanced adversarial training for natural language understanding,"… To validate the effectiveness of the proposed approach, we apply it to Transformer-based models for natural language understanding and commonsense reasoning tasks. Experiments …",https://arxiv.org/pdf/1909.11764
Language model is all you need: Natural language understanding as question answering,Different flavors of transfer learning have shown tremendous impact in advancing research and applications of machine learning. In this work we study the use of a certain family of …,https://arxiv.org/pdf/2011.03023.pdf&quot;&gt;Language
Intermediate-task transfer learning with pretrained models for natural language understanding: When and why does it work?,… Our search for intermediate tasks focuses on natural language understanding tasks in English… Our findings include the following: (i) Natural language inference tasks as well as QA tasks …,https://arxiv.org/pdf/2005.00628
Are we modeling the task or the annotator? an investigation of annotator bias in natural language understanding datasets,Crowdsourcing has been the prevalent paradigm for creating natural language understanding datasets in recent years. A common crowdsourcing practice is to recruit a small number of …,https://arxiv.org/pdf/1908.07898
A comparison of natural language understanding platforms for chatbots in software engineering,"… using natural language. At the heart of every chatbot is a Natural Language Understanding (NLU) component that enables the chatbot to understand natural language input. Recently, …",https://arxiv.org/pdf/2012.02640
TOD-BERT: Pre-trained natural language understanding for task-oriented dialogue,"The underlying difference of linguistic patterns between general text and task-oriented dialogue makes existing pre-trained language models less useful in practice. In this work, we …",https://arxiv.org/pdf/2004.06871
Semantics-aware BERT for language understanding,"… To promote natural language understanding, we propose to incorporate explicit contextual semantics from pre-trained semantic role labeling, and introduce an improved …",https://ojs.aaai.org/index.php/AAAI/article/view/6510/6366
CLUE: A Chinese language understanding evaluation benchmark,"… Overall, we present in this paper: (1) A Chinese natural language understanding benchmark that covers a variety of sentence classification and machine reading comprehension tasks, …",https://arxiv.org/pdf/2004.05986
Xlnet: Generalized autoregressive pretraining for language understanding,… We use a variety of natural language understanding datasets to evaluate the performance of our method. Detailed descriptions of the settings for all the datasets can be found in …,https://proceedings.neurips.cc/paper/2019/file/dc6a7e655d7e5840e66733e9ee67cc69-Paper.pdf
Arabert: Transformer-based model for arabic language understanding,… language understanding models. We are currently working on publishing an AraBERT version that won’t depend on external tokenizers. We are also in the process of training models …,https://arxiv.org/pdf/2003.00104
Cert: Contrastive self-supervised learning for language understanding,"… We evaluate CERT on 11 natural language understanding tasks in the GLUE benchmark where CERT outperforms BERT on 7 tasks, achieves the same performance as BERT on 2 …",https://arxiv.org/pdf/2005.12766
Speech-language pre-training for end-to-end spoken language understanding,… natural language understanding (NLU) module to transform the ASR hypothesis into a concept or semantic label that can drive subsequent responses in a task-oriented spoken dialog …,https://arxiv.org/pdf/2102.06283
Mpnet: Masked and permuted pre-training for language understanding,"… Evaluation (GLUE) [20] is a collection of 9 natural language understanding tasks, which include two single-sentence tasks (CoLA [21], SST-2 [22]), three similarity and paraphrase tasks (…",https://proceedings.neurips.cc/paper_files/paper/2020/file/c3a690be93aa602ee2dc0ccab5b7b67e-Paper.pdf
Bert: Pre-training of deep bidirectional transformers for language understanding,… The General Language Understanding Evaluation (GLUE) benchmark (Wang et al.… 2018a) is a collection of diverse natural language understanding tasks. Detailed descriptions of …,https://eva.fing.edu.uy/pluginfile.php/524749/mod_folder/content/0/BERT%20Pre-training%20of%20Deep%20Bidirectional%20Transformers%20for%20Language%20Understanding.pdf
"A survey on sentiment analysis methods, applications, and challenges","… investigation of sentiment analysis by discussing this area from various perspectives since it encompasses numerous research components connected to sentiment analysis, such as …",https://link.springer.com/content/pdf/10.1007/s10462-022-10144-1.pdf
A survey of sentiment analysis in social media,"… lying ahead for sentiment analysis are identified and discussed. Specifically, we have summarized multimodal sentiment analysis (MSA) techniques in sentiment analysis, which we …",https://cse.iitkgp.ac.in/~mainack/courses/2021-autumn/socialcomp/pdf/sentiment-analysis-survey-yue2019.pdf
Sentiment analysis and opinion mining,"… Sentiment analysis … media analysis in general and sentiment analysis in particular. Lecturers can readily use it in class for courses on natural language processing, social media analysis…",https://www.cs.uic.edu/~liub/FBS/liub-SA-and-OM-book.pdf
"Sentiment analysis: Mining opinions, sentiments, and emotions","… We see that sentiment analysis is a fascinating, yet challenging … the sentiment analysis problem and discusses many of its related issues. Here we see that although sentiment analysis …",http://tcci.ccf.org.cn/conference/2014/ppts/adl/adl52-l3.pdf
Sentiment analysis of comment texts based on BiLSTM,"… sentiment analysis method is compared with the sentiment analysis methods of RNN, CNN, LSTM, and NB. The experimental results show that the proposed sentiment analysis method …",https://ieeexplore.ieee.org/iel7/6287639/8600701/08684825.pdf
"A review on sentiment analysis methodologies, practices and applications",The Sentiment Analysis is sometimes a technique to look at the information that is the form of text and determine opinions content from the text. It is also termed as emotion or feeling …,https://www.researchgate.net/profile/Pooja-Mehta-26/publication/344487215_A_Review_On_Sentiment_Analysis_Methodologies_Practices_And_Applications/links/5f7bfb2992851c14bcb16528/A-Review-On-Sentiment-Analysis-Methodologies-Practices-And-Applications.pdf
The impact of features extraction on the sentiment analysis,… for text sentiment analysis for … sentiment analysis of short text lack the dependence of emotion words and modifiers and simply collect the sentiment of the sentence to seek the sentiment …,https://www.sciencedirect.com/science/article/pii/S1877050919306593/pdf?md5=19d697cdb9444e2236259d26568a9a60&pid=1-s2.0-S1877050919306593-main.pdf
Sentiment analysis based on deep learning: A comparative study,"… , and RNN) have been used to increase the efficiency of sentiment analysis tasks. In this section, state-of-the-art sentiment analysis approaches based on deep learning are reviewed. …",https://www.mdpi.com/2079-9292/9/3/483/pdf
Sentiment analysis using deep learning architectures: a review,"… applied in sentiment analysis. We present a taxonomy of sentiment analysis and discuss the … The crucial sentiment analysis tasks are presented, and multiple languages are identified …",https://www.hackveda.in/docs/research-paper-writing-services-s10462-019-09794-5.pdf
Sentiment analysis: a review and comparative analysis over social media,"… Sentiment analysis is the computational examination of end user’s opinion, attitudes and emotions towards a particular topic or product. Sentiment analysis … for sentiment analysis of …",https://www.academia.edu/download/100291477/s12652-018-0862-820230326-1-p9uy44.pdf
Sentiment analysis in healthcare: a brief review,"… to attempt out and get the sentiment analysis of others. The … of sentiment analysis mining and sentiment analysis, which dispenses with the computational method of sentiment analysis, …",https://www.researchgate.net/profile/Laith-Abualigah/publication/337653541_Sentiment_Analysis_in_Healthcare_A_Brief_Review/links/5df518624585159aa47e9404/Sentiment-Analysis-in-Healthcare-A-Brief-Review.pdf
Sentiment analysis in social media and its application: Systematic literature review,… sentiment analysis in social media platform by examining related literature published between 2014 to 2019. Sentiment analysis … natural sentiment [4]. Most of the previous study applied …,https://www.sciencedirect.com/science/article/pii/S187705091931885X/pdf?md5=60896fce3c81e47fc47d83d0dcd82da2&pid=1-s2.0-S187705091931885X-main.pdf
Multimodal sentiment analysis based on fusion methods: A survey,"… in multimodal sentiment analysis is the integration of cross-modal sentiment information, so … In addition, this article discusses the development status of multimodal sentiment analysis, …",http://cssclab.cn/downloadfile/2023/Multimodal%C2%A0sentiment%20analysis%C2%A0based%C2%A0on%C2%A0fusion%C2%A0methods.pdf
"A survey on aspect-based sentiment analysis: Tasks, methods, and challenges","… Conventional sentiment analysis studies mainly perform prediction at … sentiment towards the whole sentence or document. To make the prediction, it is assumed that a single sentiment …",https://arxiv.org/pdf/2203.01054
Social media sentiment analysis based on COVID-19,"… lot of analysis and statistics nowdays. Within this scope of article, we conclude and analyse the sentiments … and with Sentiment Classification using Recurrent Neural Network. Where we …",https://www.tandfonline.com/doi/pdf/10.1080/24751839.2020.1790793
Sentiment analysis in tourism: capitalizing on big data,"… Sentiment analysis is rapidly emerging as an automated … In this article, different sentiment analysis approaches applied in … avenues to further advance sentiment analysis in tourism as …",https://www.academia.edu/download/80297516/AlaeiPUB2798.pdf
Text mining in big data analytics,"… While the vast majority of the literature deals with the optimization of a specific text mining technique, this paper seeks to summarize the features of all text mining methods, thereby …",https://www.mdpi.com/2504-2289/4/1/1/pdf
A survey on text mining techniques,"… data is biggest issue in text mining The various domains associated together in data mining are text mining, web mining, graph mining , and sequencing mining. The selection of proper …",https://www.researchgate.net/profile/Sayali-Tandel-2/publication/331905215_A_Survey_on_Text_Mining_Techniques/links/5ca88fc94585157bd325aa72/A-Survey-on-Text-Mining-Techniques.pdf
The Importance of Text Mining for Services Management,… To detect the importance of text mining for the effective customer retention of an … the text mining approach for effective service management within the organizational setup. Text mining is …,https://technoaretepublication.org/intelligent-data-mining/article/importance-text-mining.pdf
Text mining of industry 4.0 job advertisements,"… In our paper, we shed some light on these questions using text mining approach to analyse job advertisements published on a website, for the purpose of uncovering required …",https://www.academia.edu/download/105756516/j.ijinfomgt.2019.07.01420230916-1-7rv0rk.pdf
BioBERT: a pre-trained biomedical language representation model for biomedical text mining,"… To show the effectiveness of our approach in biomedical text mining, BioBERT is fine-tuned and evaluated on three popular biomedical text mining tasks (NER, RE and QA). We test …",https://academic.oup.com/bioinformatics/article-pdf/36/4/1234/48983216/bioinformatics_36_4_1234.pdf
Understanding the use of Virtual Reality in Marketing: A text mining-based review,"The current study intends to highlight the most relevant studies in simulated realities with special attention to VR and marketing, showing how studies have evolved over time and …",https://repositorio.iscte-iul.pt/bitstream/10071/16949/3/Understanding%20the%20use%20of%20VR.pdf
Four text‐mining methods for measuring elaboration,"… within creativity research to develop and apply text-mining-based psychometric tools. After that, we specifically posit four different text-mining-based methods for the quantification of …",https://www.researchgate.net/profile/Denis-Dumas-3/publication/343797742_Four_Text-Mining_Methods_for_Measuring_Elaboration/links/5f4031c3a6fdcccc43e3cb71/Four-Text-Mining-Methods-for-Measuring-Elaboration.pdf
Text mining brain imaging reports,… With the improvements to text mining technology and the availability of large unstructured … raw text contained within EHR at reasonably high accuracy. We describe a text mining system …,https://link.springer.com/content/pdf/10.1186/s13326-019-0211-7.pdf
Construction site accident analysis using text mining and natural language processing techniques,"… the accident, such text data can be utilized for further analysis. Studies of text mining, NLP and … In this study, text mining and NLP techniques are applied to analyze the construction site …",https://www.researchgate.net/profile/Heshani-Rupasinghe/post/Why_do_we_use_Natural_language_processing_and_text_mining_for_construction_site_accident_analysis_without_using_Nvivo_software/attachment/5c8e28d4cfe4a72994966384/AS%3A737396509380609%401552820436494/download/Construction+site+accident+analysis+using+text+mining+and+natural+language+processing+techniques.pdf
Knowledge graphs,"… Herein, we define a knowledge graph as a graph of data intended to accumulate and convey knowledge of the real world, whose nodes represent entities of interest and whose edges …",https://dl.acm.org/doi/pdf/10.1145/3447772
"A survey on knowledge graphs: Representation, acquisition, and applications",… knowledge graph and knowledge base interchangeably. Recent advances in knowledge-graph-based research focus on knowledge representation learning (KRL) or knowledge graph …,https://ieeexplore.ieee.org/ielaam/5962385/9702897/9416312-aam.pdf
Domain-specific knowledge graphs: A survey,"… Knowledge Graphs (KGs) have made a qualitative leap and effected a real revolution in knowledge … , reasoning and interpretation of knowledge for both human and machine. Therefore, …",https://arxiv.org/pdf/2011.00235
MMKG: multi-modal knowledge graphs,"… However, to make the two knowledge graphs have roughly the same number of entities and to also have entities that cannot be aligned across the knowledge graphs, we include …",https://arxiv.org/pdf/1903.05485
Industry-scale Knowledge Graphs: Lessons and Challenges: Five diverse technology companies show how it's done,"… up the knowledge—for example, using the graph connecting … This article looks at the knowledge graphs of five diverse … the graphs, and discussing the challenges that all knowledge-…",https://dl.acm.org/doi/pdf/10.1145/3329781.3332266
A survey on application of knowledge graph,"… [7-8], however, although knowledge graphs have already … of knowledge graphs. Therefore, the main contribution of this paper is to give a first survey on applications of knowledge graphs…",https://iopscience.iop.org/article/10.1088/1742-6596/1487/1/012016/pdf
Knowledge graphs: New directions for knowledge representation on the semantic web (dagstuhl seminar 18371),"… for Knowledge Graphs? How can existing data be ingested into a Knowledge Graph? In order … Knowledge Representation mechanisms, and also to help to identify the requirements for …",https://drops.dagstuhl.de/opus/volltexte/2019/10328/pdf/dagrep_v008_i009_p029_18371.pdf
Unifying large language models and knowledge graphs: A roadmap,"… Knowledge Graphs Domain-specific knowledge graphs are often constructed to represent knowledge in a … with encyclopedic knowledge graphs, domain-specific knowledge graphs are …",https://arxiv.org/pdf/2306.08302.pdf?trk=article-ssr-frontend-pulse_x-social-details_comments-action_comment-text
Bridging knowledge graphs to generate scene graphs,"… Leveraging their similarities, we then reformulate the problem of scene graph generation as bridging these two graphs. 3.1 Knowledge Graphs We define a knowledge graph as a set of …",https://arxiv.org/pdf/2001.02314
Rnnlogic: Learning logic rules for reasoning on knowledge graphs,"… RNNLogic which learns logic rules for knowledge graph reasoning. We first formally define knowledge graph reasoning and logic rules. Knowledge Graph Reasoning. Let pdata(G, q, a) …",https://arxiv.org/pdf/2010.04029
Virtual knowledge graphs: An overview of systems and use cases,"… In this paper, we have shown that virtual knowledge graphs are a booming research area and we have provided an overview of its tooling ecosystem and of its main use cases. To …",https://direct.mit.edu/dint/article-pdf/1/3/201/683759/dint_a_00011.pdf
Interaction embeddings for prediction and explanation in knowledge graphs,"… Knowledge graph embedding aims to learn distributed representations for entities and … In this paper, we propose CrossE, a novel knowledge graph embedding which explicitly …",https://arxiv.org/pdf/1903.04750
Knowledge graph completion: A review,"… knowledge graphs, and multi-modality knowledge graphs [10]… into general knowledge graph and domain knowledge graph [… knowledge, it can be divided into dynamic knowledge graph …",https://ieeexplore.ieee.org/iel7/6287639/8948470/09220143.pdf
Learning from history: Modeling temporal knowledge graphs with sequential copy-generation networks,"… Since such temporal knowledge graphs often suffer from … model for temporal knowledge graphs, namely CyGNet … We evaluate the proposed method on the knowledge graph completion …",https://ojs.aaai.org/index.php/AAAI/article/view/16604/16411
Learning attention-based embeddings for relation prediction in knowledge graphs,"… paper, followed by a brief background on graph attention networks (GATs) (Velickovic et al.… Finally, we describe our proposed attention architecture for knowledge graphs followed by …",https://arxiv.org/pdf/1906.01195
A comprehensive survey on graph neural networks,"… The complexity of graph data has imposed significant challenges on the … for graph data have emerged. In this article, we provide a comprehensive overview of graph neural networks (…",https://ieeexplore.ieee.org/ielaam/5962385/9312808/9046288-aam.pdf
Graph neural networks for graphs with heterophily: A survey,"… of graph neural networks (GNNs) that have benefited myriads of graph analytic tasks and … However, as a ubiquitous graph property in numerous real-world scenarios, heterophily, ie, …",https://arxiv.org/pdf/2202.07082
"Graph neural networks: foundation, frontiers and applications","… range of topics in graph neural networks, by … -Graph Neural Networks (GNN): Foundation, Frontiers and Applications [12], which can be easily accessed at https://graph-neural-networks.…",https://graph-neural-networks.github.io/static/file/chapter3.pdf
Towards deeper graph neural networks,"… We develop a series of graph neural networks (GNNs) with different depths in terms of … graph neural network with depth of 0, which is approximated with a multi-layer perceptron network…",https://dl.acm.org/doi/pdf/10.1145/3394486.3403076
Benchmarking graph neural networks,"In the last few years, graph neural networks (GNNs) have become the standard toolkit for analyzing and learning from data on graphs. This emerging field has witnessed an extensive …",https://www.jmlr.org/papers/volume24/22-0567/22-0567.pdf
Gnnexplainer: Generating explanations for graph neural networks,"… At a high level, we can group those interpretability methods for non-graph neural networks … -aggregation scheme of graph neural networks to identify important graph pathways as well …",https://proceedings.neurips.cc/paper_files/paper/2019/file/d80b7040b773199015de6d3b4293c8ff-Paper.pdf
Revisiting heterophily for graph neural networks,"… 6], eg, relational data or graphs. Combining graph signal processing and convolutional neural networks [23], numerous Graph Neural Network (GNN) architectures have been proposed …",https://proceedings.neurips.cc/paper_files/paper/2022/file/092359ce5cf60a80e882378944bf1be4-Paper-Conference.pdf
Graph neural networks with heterophily,"… of all nodes in the graph, which violates the semi-supervised node classification setting. Therefore, it is not possible to incorporate exact H into graph neural networks. In the following …",https://ojs.aaai.org/index.php/AAAI/article/download/17332/17139
Heterogeneous graph neural network,"… most cases are attributed graph embedding methods or graph neural network models, showing that incorporating node attributes or employing deep neural network generates desirable …",https://dl.acm.org/doi/pdf/10.1145/3292500.3330961
Nested graph neural networks,"… Graph neural network (GNN)’s success in graph classification is closely related to the … whole graph. However, rooted subtrees are of limited expressiveness to represent a nontree graph…",https://proceedings.neurips.cc/paper/2021/file/8462a7c229aea03dde69da754c3bbcc4-Paper.pdf
Graph neural networks for materials science and chemistry,"… methods, eg, convolutional neural networks are at the peak of … and materials, which are chemical graphs of atoms and bonds, … In section ‘Graph neural networks in materials science and …",https://www.nature.com/articles/s43246-022-00315-6.pdf
How powerful are spectral graph neural networks,Spectral Graph Neural Network is a kind of Graph Neural Network (GNN) based on graph signal filters. Some models able to learn arbitrary spectral filters have emerged recently. …,https://proceedings.mlr.press/v162/wang22am/wang22am.pdf
Aligraph: A comprehensive graph neural network platform,"… However, it is challenging to provide an efficient graph storage and computation capabilities … graph neural network system, namely AliGraph, which consists of distributed graph storage, …",https://arxiv.org/pdf/1902.08730
Training graph neural networks with 1000 layers,… Graphs are also powerful tools for representing 3D data such as … graphs are graph neural networks (GNNs). GNNs have achieved impressive performance on relatively small graph …,http://proceedings.mlr.press/v139/li21o/li21o.pdf
Graph neural networks for social recommendation,"… based on graph neural networks. Specially, we propose a novel graph neural network GraphRec … • We propose a novel graph neural network GraphRec, which can model graph data in …",https://arxiv.org/pdf/1902.07243
Explainability in graph neural networks: A taxonomic survey,"… In the area of graph data, graph neural networks (GNNs) and their explainability are experiencing rapid developments. However, there is neither a unified treatment of GNN …",https://arxiv.org/pdf/2012.15445.pdf?trk=public_post_comment-text
How neural networks extrapolate: From feedforward to graph neural networks,"We study how neural networks trained by gradient descent extrapolate, ie, what they learn outside the support of the training distribution. Previous works report mixed empirical results …",https://arxiv.org/pdf/2009.11848
Graph neural networks in particle physics,"… (CNN) and recurrent neural network (RNN)—have proven valuable across many scientific … graph neural networks (GNNs)—as described below, we regard self-attention as a graph-…",https://iopscience.iop.org/article/10.1088/2632-2153/abbf9a/pdf
Machine learning and AI for healthcare,"… healthcare's adoption of big data and AI. Data of all sorts, shapes, and sizes are used to train AI … without the assistance of a healthcare professional (HCP); healthcare is now mobile and …",https://www.aitskadapa.ac.in/e-books/AI&ML/MACHINE%20LEARNING/Machine%20Learning%20and%20AI%20for%20Healthcare_%20Big%20Data%20for%20Improved%20Health%20Outcomes%20(%20PDFDrive%20).pdf
Explainability for artificial intelligence in healthcare: a multidisciplinary perspective,… to the application of artificial intelligence (AI) in healthcare. Even though AI-driven systems … This paper provides a comprehensive assessment of the role of explainability in medical AI …,https://link.springer.com/content/pdf/10.1186/s12911-020-01332-6.pdf
The role of artificial intelligence in healthcare: a structured literature review,"… This paper evaluated AI in healthcare research streams using the SLR method [11]. As suggested by Massaro et al. [11], an SLR enables the study of the scientific corpus of a research …",https://link.springer.com/content/pdf/10.1186/s12911-021-01488-9.pdf
Artificial intelligence-enabled healthcare delivery,… This is by no means a comprehensive list of AI innovations in the four healthcare … of AI to automate and improve healthcare delivery. AI applications can extend beyond these healthcare …,https://journals.sagepub.com/doi/pdf/10.1177/0141076818815510
The promise of artificial intelligence: a review of the opportunities and challenges of artificial intelligence in healthcare,"… healthcare industry’s heavy investment into AI technology, adoption of AI solutions and their implementation in healthcare … in AI use in healthcare as highlighted by the literature thus far. …",https://academic.oup.com/bmb/advance-article-pdf/doi/10.1093/bmb/ldab016/40343944/ldab016.pdf
Patient apprehensions about the use of artificial intelligence in healthcare,… AI in their healthcare. To clarify sources of patient excitement and concern about healthcare AI… opinions about emerging AI applications in healthcare. This approach allowed us to make …,https://www.nature.com/articles/s41746-021-00509-1.pdf
Application of artificial intelligence in healthcare: chances and challenges,"… of AI on healthcare management, and challenges involved with using AI in healthcare along … AI models in different sectors of healthcare like Dermatology, Radiology, Drug design etc. …",https://papers.ssrn.com/sol3/Delivery.cfm?abstractid=4393347
Legal and ethical consideration in artificial intelligence in healthcare: who takes responsibility?,"… If properly harnessed, healthcare practitioners could focus on the causes of … of healthcare reform will be artificial intelligence (AI), especially machine learning (1). Artificial intelligence (AI…",https://www.frontiersin.org/journals/surgery/articles/10.3389/fsurg.2022.862322/pdf
State of the art and practice in AI in education,"… education in society. In this article, we provide a review of existing AI systems in education … We develop a typology of AIED systems and describe different ways of using AI in education …",https://onlinelibrary.wiley.com/doi/pdfdirect/10.1111/ejed.12533
A Review of Artificial Intelligence (AI) in Education from 2010 to 2020,… how artificial intelligence (AI) has been applied to the education sector and explore the potential research trends and challenges of AI in education. … from the education and educational …,https://onlinelibrary.wiley.com/doi/pdf/10.1155/2021/8812542
Artificial intelligence in education: A review,"… Artificial Intelligence (AI) on education. Premised on a narrative and framework for assessing AI … was limited to the application and effects of AI in administration, instruction, and learning. …",https://ieeexplore.ieee.org/iel7/6287639/6514899/09069875.pdf
AI and education: A guidance for policymakers,"… of AI in education, how education can prepare humans to live and work with AI, and how AI can be applied to enhance education… It finally introduces the challenges of harnessing AI to …",https://discovery.ucl.ac.uk/id/eprint/10130180/1/Miao%20and%20Holmes%20-%202021%20-%20AI%20and%20education%20guidance%20for%20policy-makers.pdf
"Historical threads, missing links, and future directions in AI in education","… on education, and (4) the emergence of data-driven policy and governance. In this editorial, then, we want to historicize AI in education not … with applying AI to education. As a method, …",https://www.tandfonline.com/doi/pdf/10.1080/17439884.2020.1798995
Artificial intelligence in education: Challenges and opportunities for sustainable development,"… AI in education and preparing students for an AI-powered context. Finally, this paper reflects on future directions for AI in education, … risks of AI in education for sustainable development. …",http://repositorio.minedu.gob.pe/bitstream/handle/20.500.12799/6533/Artificial%20intelligence%20in%20education%20challenges%20and%20opportunities%20for%20sustainable%20development.pdf
A comprehensive AI policy education framework for university teaching and learning,"… AI education policy for higher education by examining the perceptions and implications of text generative AI … Based on the findings, the study proposes an AI Ecological Education Policy …",https://link.springer.com/content/pdf/10.1186/s41239-023-00408-3.pdf
Unpacking the “Black Box” of AI in education,"… application of AI to the field of education. Before delving into these risks, we expand on two schools of AI that are frequently used in education—machine learning and rule-based AI—…",https://arxiv.org/pdf/2301.01602
Deep learning goes to school: Toward a relational understanding of AI in education,"… to education. In particular, we consider a case of recent attempts from data scientists to add AI … These relations can be framed ethnographically as a ‘controversy’ that casts doubts on AI …",https://osf.io/preprints/socarxiv/48t7e/download
Ethics of AI in education: Towards a community-wide framework,"… student learning, experience from other AI domains suggest that such ethical … of AI in educational contexts. In this paper, we first introduce issues around the ethics of AI in education. …",https://link.springer.com/content/pdf/10.1007/s40593-021-00239-1.pdf
Trustworthy artificial intelligence (AI) in education: Promises and challenges,,https://www.oecd.org/content/dam/oecd/en/publications/reports/2020/04/trustworthy-artificial-intelligence-ai-in-education_f1a7c415/a6c90fa9-en.pdf
Engineering education in the era of ChatGPT: Promise and pitfalls of generative AI for education,"… explored the use of artificial intelligence (AI) in education [15], … education. There is an increasing trickle of publications exploring the potential use and abuse of ChatGPT for education [3]…",https://www.techrxiv.org/doi/pdf/10.36227/techrxiv.21789434.v1
The mobilisation of AI in education: A Bourdieusean field analysis,"… different stakeholders in education, educational technology and policy are valorising AI, the main … Drawing on this analysis, we argue that AI is currently being mobilised in education in …",https://journals.sagepub.com/doi/pdf/10.1177/0038038520967888
Two decades of artificial intelligence in education,… to AI applications in education (AIEd) using topicbased bibliometrics. Results of the review reveal an increasing interest in using AI … education; natural language processing for language …,https://scholars.ln.edu.hk/files/41220986/25_1_03.pdf
Possibilities and apprehensions in the landscape of artificial intelligence in education,"… – what kind of education is needed. Author, in this article, explores the challenges and potentialities that AI offers in the field of education. While the focus is on AI's participation, it may …",https://papers.ssrn.com/sol3/Delivery.cfm?abstractid=4073985
"Open AI in education, the responsible and ethical use of ChatGPT towards lifelong learning",… envisioned as the end of traditional education in its current form. … for radical innovation in education are often exaggerated. … ethical use of artificial intelligence in education goes beyond …,https://papers.ssrn.com/sol3/Delivery.cfm?abstractid=4354422
Preparing for AI-enhanced education: Conceptualizing and empirically examining teachers' AI readiness,… the use of AI is critical for the success of AI-enhanced education. The … AI education is more focused on teaching people to learn AI in technical terms by programming and developing AI …,https://www.linlinliedu.com/uploads/AIreadiness.pdf
Industry 4.0 in finance: the impact of artificial intelligence (ai) on digital financial inclusion,… the impact of AI on digital financial inclusion. Digital financial inclusion is becoming central … Fintech companies are using AI and its various applications to ensure that the goal of digital …,https://www.mdpi.com/2227-7072/8/3/45/pdf
AI-based financial transaction monitoring and fraud prevention with behaviour prediction,"… risk is also a credit risk in essence, especially for the business with financial leverage … finance. If we pursue this source of risk, compared with traditional financial risks, these financial …",https://www.preprints.org/frontend/manuscript/94a2e968515c65b958b23c36a1292c39/download_pub
"Applications of artificial intelligence in business management, e-commerce and finance","… This article addresses the uses of machine learning and artificial intelligence in e-commerce, business management, and finance. Some of the most common applications include sales …",https://farapaper.com/wp-content/uploads/2023/11/Fardapaper-Applications-of-artificial-intelligence-in-business-management-ecommerce-and-finance.pdf
Utilization of artificial intelligence in the banking sector: A systematic literature review,"… on the utilization of artificial intelligence (AI) in the banking sector … demonstrating the utilization of AI in banking, develops and … investigating AI-driven models with other financial products/…",https://pmc.ncbi.nlm.nih.gov/articles/PMC9366789/pdf/41264_2022_Article_176.pdf
Universal features of price formation in financial markets: perspectives from deep learning,"Using a large-scale Deep Learning approach applied to a high-frequency database containing billions of market quotes and transactions for US equities, we uncover nonparametric …",https://arxiv.org/pdf/1803.06917
Artificial Intelligence in FinTech: understanding robo-advisors adoption among customers,… impact of Artificial Intelligence (AI) on financial technology (FinTech)… Practical implications – Banks and other firms in the finance … ’ perceptions regarding the introduction of AI in FinTech. …,https://www.academia.edu/download/61518279/2019_IMDS_B-C-F_Artificial_Intelligence_in_FinTech._understanding_robo-advisors_adoption_among20191215-101339-1387kty.pdf
"Artificial intelligence in the industry 4.0, and its impact on poverty, innovation, infrastructure development, and the sustainable development goals: Lessons from …","… Zavadskaya [35] investigated the application of AI finance particularly issues to do with portfolio management, bankruptcy prediction, credit rating, exchange rate prediction and trading. …",https://www.mdpi.com/2071-1050/13/11/5788/pdf
From man vs. machine to man+ machine: The art and AI of stock analyses,"… in the financial markets. Given the increasing presence of machines and AI beyond finance, we also … and improve humans, bringing to fruition the original mission of AI development. …",https://www.nber.org/system/files/working_papers/w28800/w28800.pdf
"Digital systems and new challenges of financial management–FinTech, XBRL, blockchain and cryptocurrencies","… financial statements through artificial intelligence using XBRL and Blockchain. In many countries, financial … reporting information directly from their financial data. Blockchain technology …",https://pureportal.coventry.ac.uk/files/30597575/Binder3_1_.pdf
THE FUTURE OF MONEY-EXPLORING AI'S ROLE IN FINANCE AND PAYMENTS,"… There's an undeniable transformation underway in finance, as artificial intelligence … components of a sophisticated financial ecosystem. By delving into AI's multifaceted applications—…",https://conference-w.com/wp-content/uploads/2024/10/USA.P-0304102024.pdf#page=159
Decentralized finance,"… financial regulation and enforcement. At the same time, we find that where parts of the financial … The idea underlying AI is to develop software that mimics human cognitive functions, …",https://academic.oup.com/jfr/advance-article-pdf/doi/10.1093/jfr/fjaa010/37064506/fjaa010.pdf
Machine learning and AI for risk management,… artificial intelligence (AI) solutions are transforming risk management. A non-technical overview is first given of the main machine learning and AI … role of machine learning and AI in risk …,https://library.oapen.org/bitstream/handle/20.500.12657/23126/1007030.pdf?sequence=1#page=54
The impact and limitations of artificial intelligence in cybersecurity: a literature review,… The applications of AI are endless to discuss. The research below examines the applications of artificial intelligence (AI) in cybersecurity. Cybersecurity has also been a growing …,https://papers.ssrn.com/sol3/Delivery.cfm?abstractid=4323317
"Ai-driven cybersecurity: an overview, security intelligence modeling and research directions","… On the other hand, Artificial intelligence (AI), which is known … role for intelligent cybersecurity services and management … focus on “AI-driven Cybersecurity” to make the cybersecurity …",https://www.preprints.org/manuscript/202101.0457/download/final_file
The Role of AI in Cybersecurity: Addressing Threats in the Digital Age,"… , cybersecurity stands as a paramount concern due to the increasing sophistication and frequency of cyber threats. Artificial Intelligence (AI) has … role of AI in cybersecurity, elucidating its …",https://ojs.boulibrary.com/index.php/JAIGS/article/download/75/46
Artificial intelligence for cybersecurity: a systematic mapping of literature,"… cybersecurity (CyberSec), to the best of our knowledge none has, in a systematic manner, focused on AI … review existing studies on the use of AI techniques for combating cyber-attacks. …",https://ieeexplore.ieee.org/iel7/6287639/6514899/09152956.pdf
"Advantages, disadvantages and risks associated with chatgpt and ai on cybersecurity","… This essay will explore the disadvantages of AI in cybersecurity, including issues related to trust, bias, adversarial attacks, resource requirements, and the potential for false confidence. …",https://papers.ssrn.com/sol3/Delivery.cfm?abstractid=4619204
Trusting artificial intelligence in cybersecurity is a double-edged sword,"… AI applications themselves, which may pose severe security threats. We argue that trust in AI for cybersecurity … the deployment of ‘reliable AI’ for cybersecurity is necessary. To this end, …",https://papers.ssrn.com/sol3/Delivery.cfm?abstractid=3831285
From chatgpt to threatgpt: Impact of generative ai in cybersecurity and privacy,"… However, the introduction of AI-aided attacks by cyber … AI/ML has upgraded the effectiveness of cyber attacks making cyber … great interest from the cybersecurity community as well in …",https://ieeexplore.ieee.org/iel7/6287639/10005208/10198233.pdf
Advancing cybersecurity: a comprehensive review of AI-driven detection techniques,"… This research seeks to demonstrate how AI can transform cybersecurity by providing more accurate, efficient, and adaptive defenses. By addressing the limitations of traditional methods…",https://link.springer.com/content/pdf/10.1186/s40537-024-00957-y.pdf
Explainable artificial intelligence in cybersecurity: A survey,… the existing literature 422 on AI applications in the world of CyberSecurity. AI and 423 ML play … 425 The interaction of AI and CyberSecurity was discussed by 426 the author in [42]. The …,https://ieeexplore.ieee.org/iel7/6287639/9668973/09877919.pdf
Challenges and Solution for Artificial Intelligence in Cybersecurity of the USA,"… , artificial intelligence is … to artificial intelligence for cybersecurity in the United States. The research paper will propose the innovative solution for Artificial Intelligence in cybersecurity of …",https://papers.ssrn.com/sol3/Delivery.cfm?abstractid=3624487
"Artificial intelligence and cybersecurity: Past, presence, and future","… , we highlight the limitations of AI-based approaches in cybersecurity as well as … cyber-attacks. Furthermore, this study highlights the limitations of AI-based approaches in cybersecurity …",https://www.researchgate.net/profile/Srinivasan-Rajendran/publication/342638144_Book_Series_springerfeb_2020/links/5efde532458515505084b739/Book-Series-springerfeb-2020.pdf#page=359
The benefits of artificial intelligence in cybersecurity,"… of using AI in cybersecurity by showing both the benefits and the risks. Cybersecurity experts … However, the integration of AI-based technologies in organizations may have implications …",https://www.academia.edu/download/104950055/viewcontent.pdf
Knowledge in the grey zone: AI and cybersecurity,… AI) to mitigate anomalous behaviours in cyberspace. This article argues that AI algorithms create new modes and sites of cybersecurity … cybersecurity to military and intelligence use of AI …,https://link.springer.com/content/pdf/10.1057/s42984-020-00007-w.pdf
Explainable artificial intelligence for cybersecurity: a literature survey,"… Therefore, we argue that transparency of and trust in AI also belong to the scope of cybersecurity as they contribute to reducing the potential maliciousness toward the AI model and the …",https://link.springer.com/content/pdf/10.1007/s12243-022-00926-7.pdf
Threats and opportunities with AI-based cyber security intrusion detection: a review,"… of artificial intelligence (AI), businesses are concentrating more on preventing cybercrime. AI … This paper discusses recent cyber intrusions and how the AI-enabled industry is preparing …",https://papers.ssrn.com/sol3/Delivery.cfm?abstractid=4323258
The emerging threat of ai-driven cyber attacks: A review,"… AI in six stages of the cybersecurity kill chain, as shown in Figure 3 . In the access and penetration phase (AI-aided attack), six types of AI-driven attacks were identified, four types of AI-…",https://www.tandfonline.com/doi/pdf/10.1080/08839514.2022.2037254
"On big data, artificial intelligence and smart cities","… , and the associated benefits of Artificial Intelligence, Big Data and Smart Cities have the … This paper further explores the opportunities and challenges of ICT through Big Data and AI in …",https://www.academia.edu/download/87293333/j.cities.2019.01.03220220610-1-fwr47d.pdf
Artificial intelligence (AI) and big data for coronavirus (COVID-19) pandemic: a survey on the state-of-the-arts,"… Motivated by the tremendous success of AI and big data in various areas, we present stateof-the-art solutions and approaches based on AI and big data for tackling the COVID-19 …",https://ieeexplore.ieee.org/iel7/6287639/6514899/09141265.pdf
How big data and artificial intelligence can help better manage the COVID-19 pandemic,"… can help in handling the huge, unprecedented amount of data derived … AI and Big Data in the global effort to manage the pandemic. … of AI and Big Data for the management of COVID-19. …",https://www.mdpi.com/1660-4601/17/9/3176/pdf
Artificial intelligence and big data in entrepreneurship: a new era has begun,"… the special issue on artificial intelligence (AI), big data, and … disruptive nature of AI and big data for entrepreneurship … progress in the fields of AI and big data and their potentially far-…",https://arxiv.org/pdf/1906.00553
An introduction to key technology in artificial intelligence and big data driven e-learning and e-education,"… Age of artificial intelligence and big data comes rapidly with … Moreover, artificial intelligence and mobile network technology in … Meanwhile, the engineering application of AI and big data …",https://link.springer.com/content/pdf/10.1007/s11036-021-01777-7.pdf
"Big Data and AI–A transformational shift for government: So, what next for research?","… in the scale of the available data rather than a transformational change. Hence, this study refers to Big Data as a phenomenon where the scale of available data (data revolution, 4Vs, etc…",https://journals.sagepub.com/doi/pdf/10.1177/0952076718780537
Big data and ai revolution in precision agriculture: Survey and challenges,"… In section II, we present the overview of big data and AI technologies in precision agriculture. In section III, we present comparision and discussion on machine learning techniques in …",https://ieeexplore.ieee.org/iel7/6287639/6514899/09505674.pdf
Applications of artificial intelligence and big data analytics in m‐health: A healthcare system perspective,"… of data, techniques used, and the area of application are also discussed. This paper explores the applications of AI and big data … a model based on the AI and big data analytics for m-…",https://onlinelibrary.wiley.com/doi/pdf/10.1155/2020/8894694
Digital inequalities in the age of artificial intelligence and big data,… I propose that digital inequalities research should look more into labor- and big data-related … the Internet-of-things and artificial intelligence-powered systems such as smart speakers. …,https://onlinelibrary.wiley.com/doi/pdfdirect/10.1002/hbe2.140
"Artificial intelligence for decision making in the era of Big Data–evolution, challenges and research agenda",… This section discusses the challenges and research opportunities of AI based systems for decision making in the era of Big Data from the use and impact perspective. As AI …,https://uobrep.openrepository.com/bitstream/handle/10547/623124/Artificial%20Intelligence%20in%20the%20era%20of%20Big%20Data%20revised%20final%20%281%29.pdf?sequence=2&isAllowed=n
A comparative study of business intelligence and artificial intelligence with big data analytics,"… In summary, this study suggests that big data, business intelligence, and artificial intelligence (AI) technologies are genuine development pillars for businesses since they aid in decision…",https://www.researchgate.net/profile/Jasmin-Bharadiya-4/publication/371988416_A_Comparative_Study_of_Business_Intelligence_and_Artificial_Intelligence_with_Big_Data_Analytics/links/64b58091b9ed6874a52688d7/A-Comparative-Study-of-Business-Intelligence-and-Artificial-Intelligence-with-Big-Data-Analytics.pdf
A survey on data collection for machine learning: a big data-ai integration perspective,"… data management for data collection is part of a larger trend of Big data and Artificial Intelligence (AI) … In the future, we expect the integration of Big data and AI to happen not only in data …",https://arxiv.org/pdf/1811.03402
Ethics of using smart city AI and big data: The case of four large European cities,"… (Big Data and AI), many of the ethical challenges are still being defined. … AI used to understand citizens’ complaints (Amsterdam), a parking permit chat-bot (Helsinki), a platform for data …",https://www.sciencedirect.com/science/article/pii/S2515856220300122/pdf?md5=f1761b375e601ac6c194c6740c4c736e&pid=1-s2.0-S2515856220300122-main.pdf
"The role of ai, machine learning, and big data in digital twinning: A systematic literature review, challenges, and opportunities","… AI-ML and big data, to guide the academia and industry towards future developments. Therefore, this article emphasizes the role of big data and AI… we designed a big data driven and AI-…",https://ieeexplore.ieee.org/iel7/6287639/9312710/09359733.pdf
Proxy discrimination in the age of artificial intelligence and big data,"… ABSTRACT: Big data and Artificial Intelligence (… AI and big data are game changers when it comes to this risk of unintentional, but ""rational, ""proxy discrimination. As armed with big data …",https://papers.ssrn.com/sol3/Delivery.cfm?abstractid=3347959
Artificial intelligence and big data in tourism: a systematic literature review,"… This paper aims to research, identify and discuss the benefits and overall role of big data and artificial intelligence (BDAI) in the tourism sector, as this is depicted in recent literature …",https://www.academia.edu/download/117949967/jhtt-12-2018-011820240904-1-vuhn6m.pdf
Hybrid design for sports data visualization using AI and big data analytics,"… Data visualization technology born in the era of big data … fitness tools based on artificial intelligence (AI). Hence, this … (VEVF) based on artificial intelligence and big data analytics. This …",https://link.springer.com/content/pdf/10.1007/s40747-021-00557-w.pdf
AI for social good: unlocking the opportunity for positive impact,… AI applications towards SDGs. We provide a set of guidelines for establishing successful long-term collaborations between AI … for future AI applications targeted towards social good. …,https://www.nature.com/articles/s41467-020-15871-z.pdf
How to design AI for social good: Seven essential factors,"… broad search for AI for Social Good on each of these search engines. This general search returned many results on AI’s application for good. Hence, we searched for uses of AI in areas …",https://link.springer.com/content/pdf/10.1007/s11948-020-00213-5.pdf
Envisioning communities: a participatory approach towards AI for social good,"… The normative question of what AI for social good research should be “for” is not … We argue that AI for social good ought to be assessed by the communities that the AI system will impact, …",https://arxiv.org/pdf/2105.01774
Investing in AI for social good: an analysis of European national strategies,"… In this paper, we focus on European AI policies and how these relate to AI for social good. We want to explore how Member States introduce AI for social good in their national strategies…",https://link.springer.com/content/pdf/10.1007/s00146-022-01445-8.pdf
Mapping value sensitive design onto AI for social good principles,"… To address these challenges, we suggest expanding VSD to include a set of AI-… AI for Social Good (AI4SG) projects that are becoming popular in various research circles [22]. Various AI-…",https://link.springer.com/content/pdf/10.1007/s43681-021-00038-3.pdf
Leveraging artificial intelligence in marketing for social good—An ethical perspective,"… on AI for social good and sustainable consumption and marketing. The AI-for-social-good perspective stresses that AI-based solutions have the potential to tackle societal problems (eg, …",https://link.springer.com/content/pdf/10.1007/s10551-021-04843-y.pdf
AI for the Good,"… (“AI”). While this is true, we are at the crossroads of how factually uncontrollable technology can be used in a useful and societal … AI has enormous potential—both in a socially good and …",https://etica.uazuay.edu.ec/sites/etica.uazuay.edu.ec/files/public/AI%20for%20the%20Good%20Artificial%20Intelligence%20and%20Ethics%20%28Management%20for%20Professionals%29%20by%20Stefan%20Vieweg%20%28z-lib.org%29.pdf
Are we preparing for a good AI society? A bibliometric review and research agenda,"… social structure of AI scholarship; Secondly, we narrow our focus to the review of the ‘AI for social good… based research directions to expand our knowledge of how AI can benefit society. …",https://papers.ssrn.com/sol3/Delivery.cfm?abstractid=3735322
Responsible nudging for social good: new healthcare skills for AI-driven digital personal assistants,"… Expert Group on AI (HLEG AI) values can … AI, like those described by HLEG AI, can serve as a good approximation of what we consider a collective action to individuate public goods …",https://link.springer.com/content/pdf/10.1007/s11019-021-10062-z.pdf
Becoming good at AI for good,"… We hope that our endeavor helps researchers who are passionate about social good causes … Becoming good at AI4G is a process that we are actively engaged in, and we hope others …",https://arxiv.org/pdf/2104.11757
AI for not bad,"… Through a critical reflection, I explore how notions of AI for social good are vague, offer insufficient criteria for judgement, and elide the externalities and structural interdependence of …",https://www.frontiersin.org/articles/10.3389/fdata.2019.00032/pdf
The neglected dualism of artificial moral agency and artificial legal reasoning in ai for social good,"… A key question in AI for Social Good is how to ensure that AI systems operating in the field … As society becomes increasingly dependent on AI, there is a widening concern that AI systems …",https://aiforgood2020.github.io/papers/AI4SG_paper_38.pdf
Nonhuman humanitarianism: when'AI for good'can be harmful,"… (AI) … AI applications such as biometrics, satellite imaging, predictive modelling and data visualisations, are often understood as part of the wider phenomenon of ‘AI for social good’. The …",https://www.tandfonline.com/doi/pdf/10.1080/1369118X.2021.1909100
Metaverse for social good: A university campus prototype,"… AI facilitates our physical lives in many areas, including intelligent transportation [20], smart … Apart from the above-mentioned applications, AI-driven NPCs will be an indispensable part …",https://arxiv.org/pdf/2108.08985
"Socially responsible ai algorithms: Issues, purposes, and challenges","… the AI context, we suggest four kinds of social responsibilities that constitute the Social Responsibility of AI: … Developing social good applications that leverage power of SRAs to benefit …",https://www.jair.org/index.php/jair/article/download/12814/26713/
Aligned with whom? Direct and social goals for AI systems,"… (AI) becomes more powerful and widespread, the AI alignment problem—how to ensure that AI … The direct alignment problem considers whether an AI system accomplishes the goals of …",https://www.nber.org/system/files/working_papers/w30017/w30017.pdf
Artificial intelligence and the purpose of social systems,… and more “social” forms of liberalism that recognize and address inequalities of distribution of social goods as well as relational inequalities have diminished the private autonomous …,https://papers.ssrn.com/sol3/Delivery.cfm?abstractid=3850456
OpenSpiel: A framework for reinforcement learning in games,"… for research in general reinforcement learning and search/planning in games. OpenSpiel … -move, perfect and imperfect information games, as well as traditional multiagent environments …",https://arxiv.org/pdf/1908.09453
An overview of multi-agent reinforcement learning from game theoretical perspective,… in multi-agent reinforcement learning (MARL) techniques. MARL corresponds to the learning problem in a multi-agent system in which multiple agents learn simultaneously. It is an …,https://arxiv.org/pdf/2011.00583
A survey of deep reinforcement learning in video games,"… reinforcement learning is widely used in game AI. And in the last few years, deep learning (DL… The combination, deep reinforcement learning (DRL), teaches agents to make decisions in …",https://arxiv.org/pdf/1912.10944
Multi-agent reinforcement learning: A selective overview of theories and algorithms,"… , Markov/stochastic games and extensive-form games, in … , including learning in extensive-form games, decentralized … of policy-based methods for learning in games, etc. Some of …",https://arxiv.org/pdf/1911.10635
Human-level performance in 3D multiplayer games with population-based reinforcement learning,"… We hypothesized that trained agents of such high skill have learned a rich representation of the game. To investigate this, we extracted ground-truth state from the game engine at each …",https://www.science.org/doi/pdf/10.1126/science.aau6249
Safe reinforcement learning for dynamical games,"… The barrier function 4, developed for zero-sum game problem with safety concern,55 is used in this article for nonzero-sum game problem. In addition, existing results on different barrier …",https://onlinelibrary.wiley.com/doi/am-pdf/10.1002/rnc.4962
Pettingzoo: Gym for multi-agent reinforcement learning,"… Stochastic Games (“POSGs”) and Extensive Form Games (“… models of games are not conceptually clear for multi-agent games … of games, Agent Environment Cycle (“AEC”) games that …",https://proceedings.neurips.cc/paper_files/paper/2021/file/7ed2d3454c5eea71148b11d0c25104ff-Paper.pdf
A game theoretic framework for model based reinforcement learning,… We study the problem of model-based reinforcement learning (MBRL) where a world model is learned from data to aid policy search. Model-based algorithms can incorporate historical …,http://proceedings.mlr.press/v119/rajeswaran20a/rajeswaran20a.pdf
Pretraining representations for data-efficient reinforcement learning,"… . We calculate this per game by averaging scores over 100 evaluation trajectories at the end … over the 26 Atari-100K games, as well as on how many games a method achieves super-…",https://proceedings.neurips.cc/paper_files/paper/2021/file/69eba34671b3ef1ef38ee85caae6b2a1-Paper.pdf
Towards playing full moba games with deep reinforcement learning,"… learning paradigm for supporting full MOBA game-playing with deep reinforcement learning. … To deal with policy deviations caused by the diversity of game episodes, we apply off-policy …",https://proceedings.neurips.cc/paper/2020/file/06d5ae105ea1bea4d800bc96491876e9-Paper.pdf
Mastering complex control in moba games with deep reinforcement learning,"… reinforcement learning problem of complex action control in the Multi-player Online Battle Arena (MOBA) 1v1 games… spaces than those of traditional 1v1 games, such as Go and Atari …",https://aaai.org/ojs/index.php/AAAI/article/download/6144/6000
Action space shaping in deep reinforcement learning,"… For many computer games, this would be the buttons on a keyboard and the movement of … Reinforcement learning background In reinforcement learning we consider agents that interact …",https://arxiv.org/pdf/2004.00980
A sharp analysis of model-based reinforcement learning with self-play,"… are widely used in reinforcement learning practice and … reinforcement learning in Markov Decision Processes (MDPs). However, for multi-agent reinforcement learning in Markov games, …",http://proceedings.mlr.press/v139/liu21z/liu21z.pdf
Combining deep reinforcement learning and search for imperfect-information games,"… games. This paper presents ReBeL, a general framework for self-play reinforcement learning and search that provably converges to a Nash equilibrium in any two-player zerosum game…",https://proceedings.neurips.cc/paper/2020/file/c61f571dbd2fb949d3fe5ae1608dd48b-Paper.pdf
Douzero: Mastering doudizhu with self-play deep reinforcement learning,"… Games are abstractions of the real world, where artificial agents learn to compete and … Unfortunately, modern reinforcement learning algorithms mainly focus on simple and small …",http://proceedings.mlr.press/v139/zha21a/zha21a.pdf
A multistage game in smart grid security: A reinforcement learning solution,"… game in smart grid security based on reinforcement learning. Instead of a one-shot game … on the static payoff matrix, we are adopting a learning scheme to find out the optimal attack …",https://ieeexplore.ieee.org/ielaam/5962385/8809853/8603817-aam.pdf
Learning general policies with policy gradient methods,"… Can policy gradient methods and in particular actor-critic algorithms be used to learn nearly perfect policies for classical planning benchmark domains? And if so, how are they to be …",https://proceedings.kr.org/2023/63/kr2023-0063-stahlberg-et-al.pdf
Global convergence of policy gradient methods to (almost) locally optimal policies,… of RPG methods that unbiasedly estimate the true policy gradient for infinitehorizon discounted MDPs (section 3). These proposed methods … to stationary-point policies (spotlighted in a …,https://par.nsf.gov/servlets/purl/10218458
Optimality and approximation with policy gradient methods in markov decision processes,"… issues with regards to policy gradient methods in the context of … “tabular” policy parameterizations, where the optimal policy is … to the optimal policy, and 2) restricted policy …",http://proceedings.mlr.press/v125/agarwal20a/agarwal20a.pdf
Fast global convergence of natural policy gradient methods with entropy regularization,"… The soft policy iteration algorithm has been identified as a special case of entropy-regularized NPG, highlighting again the link between policy gradient methods and soft Q-learning …",https://pubsonline.informs.org/doi/pdf/10.1287/opre.2021.2151?download=true
Stochastic policy gradient methods: Improved sample complexity for fisher-non-degenerate policies,"Recently, the impressive empirical success of policy gradient (PG) methods has catalyzed the development of their theoretical foundations. Despite the huge efforts directed at the …",https://proceedings.mlr.press/v202/fatkhullin23a/fatkhullin23a.pdf
Policy-aware model learning for policy gradient methods,"… , is not limited to methods that benefit from the structure of the value function. Policy is another … : If we are using a policy gradient (PG) method to search for a good policy, we only need to …",https://arxiv.org/pdf/2003.00030
Stabilizing dynamical systems via policy gradient methods,… for an unknown dynamical system via direct policy search methods. We introduce a simple procedure based off policy gradients which provably stabilizes a dynamical system around an …,https://proceedings.neurips.cc/paper/2021/file/f4f6dce2f3a0f9dada0c2b5b66452017-Paper.pdf
Linear convergence of natural policy gradient methods with log-linear policies,"… natural policy gradient (NPG) and the Q-NPG methods with the log-linear policy class. Using the compatible function approximation framework, both methods with log-linear policies can …",https://arxiv.org/pdf/2210.01400
Approximation benefits of policy gradient methods with aggregated states,"… its relative, approximate policy iteration. This … the policy or value function approximation is held constant over partitions. This paper shows a policy gradient method converges to a policy …",https://arxiv.org/pdf/2007.11684
Policy gradient methods for the noisy linear quadratic regulator over a finite horizon,… methods for finding the optimal policy in the linear quadratic regulator (LQR) problem. In particular we consider the convergence of policy gradient methods in … policy gradient method is …,https://arxiv.org/pdf/2011.10300
Geometry and convergence of natural policy gradient methods,… policy gradient (NPG) methods in infinite-horizon discounted Markov decision processes with regular policy … in state-action space are solutions of gradient flows with respect to Hessian …,https://link.springer.com/content/pdf/10.1007/s41884-023-00106-z.pdf
Linear-quadratic mean-field reinforcement learning: convergence of policy gradient methods,… We prove rigorously the convergence of exact and model-free policy gradient methods in a mean-field linearquadratic setting. We also provide graphical evidence of the convergence …,https://arxiv.org/pdf/1910.04295
Natural policy gradient primal-dual method for constrained markov decision processes,… We employ the natural policy gradient method to solve the dis… Policy Gradient Primal-Dual (NPGPD) method for CMDPs which updates the primal variable via natural policy gradient …,https://proceedings.neurips.cc/paper_files/paper/2020/file/5f7695debd8cde8db5abcb9f161b49ea-Paper.pdf
Provably convergent policy gradient methods for model-agnostic meta-reinforcement learning,… The goal of this paper is to provide convergence guarantees of policy gradient methods for solving model-agnostic meta-reinforcement learning problems when the expected reward is …,https://www.researchgate.net/profile/Aryan-Mokhtari/publication/339228195_Provably_Convergent_Policy_Gradient_Methods_for_Model-Agnostic_Meta-Reinforcement_Learning/links/5e4aef2192851c7f7f43ca87/Provably-Convergent-Policy-Gradient-Methods-for-Model-Agnostic-Meta-Reinforcement-Learning.pdf
"A survey of imitation learning: Algorithms, recent developments, and challenges","… imitation learning (AIL), which extends IRL by introducing an adversarial element to the learning … Additionally, we introduce imitation from observation (IfO) as a novel subset of the IL …",https://arxiv.org/pdf/2309.02473
Recent advances in imitation learning from observation,"… We then provide background on conventional imitation learning, including the problem … In this paper, we reviewed recent advances in imitation learning from observation (IfO) and, for …",https://arxiv.org/pdf/1905.13566
"Imitation learning: Progress, taxonomies and challenges",Imitation learning (IL) aims to extract knowledge from human experts’ demonstrations or … challenges in learning strategies and present research opportunities with learning policy from …,https://arxiv.org/pdf/2106.12177
"Learning for a robot: Deep reinforcement learning, imitation learning, transfer learning","… the capability of autonomous deciding and learning. The paper first … in deep learning and reinforcement learning has paved the … learning, imitation learning, and transfer learning in robot …",https://www.mdpi.com/1424-8220/21/4/1278/pdf
Imitation learning from imperfect demonstration,"… We propose two methods, two-step importance weighting imitation learning (2IWIL) and generative adversarial imitation learning with imperfect demonstration and confidence (IC-GAIL)…",http://proceedings.mlr.press/v97/wu19a/wu19a.pdf
Toward the fundamental limits of imitation learning,"… implies an inherent difficulty in solving the original imitation learning problem. In this work, we cast the imitation learning problem in the statistical decision theory framework and ask, …",https://proceedings.neurips.cc/paper_files/paper/2020/file/1e7875cf32d306989d80c14308f3a099-Paper.pdf
A divergence minimization perspective on imitation learning methods,"… [16] as an approach for learning effective exploration strategies. In this work we are instead motivated from the direction of Imitation Learning, as an alternative approach for guiding …",http://proceedings.mlr.press/v100/ghasemipour20a/ghasemipour20a.pdf
Causal confusion in imitation learning,"… We propose a new interventional causal inference approach suited to imitation learning. While ignoring causal structure is particularly problematic in imitation learning, ours is the first …",https://proceedings.neurips.cc/paper_files/paper/2019/file/947018640bf36a2bb609d3557a285329-Paper.pdf
Model-based imitation learning for urban driving,… We present MILE: a Model-based Imitation LEarning approach to jointly learn a model of the world and a policy for autonomous driving. Our method leverages 3D geometry as an …,https://proceedings.neurips.cc/paper_files/paper/2022/file/827cb489449ea216e4a257c47e407d18-Paper-Conference.pdf
Compile: Compositional imitation learning and execution,"… the environment for imitation learning, whereas our model is … , a model for discovering and imitating sub-components of … and their boundaries in an imitation learning setting, and the …",http://proceedings.mlr.press/v97/kipf19a/kipf19a.pdf
Goal-conditioned imitation learning,"… This was already studied for the case of Behavioral Cloning by [34], and in this work we show we also get a benefit when using GAIL as the Imitation Learning algorithm, which brings …",https://proceedings.neurips.cc/paper_files/paper/2019/file/c8d3a760ebab631565f8509d84b3b3f1-Paper.pdf
A survey on imitation learning techniques for end-to-end autonomous vehicles,"… For the Imitation Learning based solutions considered in this … Models trained using Imitation Learning struggle to generalise to … [8] review Imitation Learning in depth, discussing design …",https://aura.abdn.ac.uk/bitstream/handle/2164/22693/Mero_etal_IEEETOITS_A_Survey_On_AAM.pdf?sequence=1
Sqil: Imitation learning via reinforcement learning with sparse rewards,… We call this method soft Q imitation learning (SQIL). The main contribution of this paper is SQIL: a simple and general imitation learning algorithm that is effective in MDPs with high-…,https://arxiv.org/pdf/1905.11108.pdf?ref=morioh.com&utm_source=morioh.com
Domain adaptive imitation learning,"… main Adaptive Imitation Learning (DAIL) problem, which is a unified framework for imitation learning in … Informally, DAIL is the process of learning how to perform a task optimally, given …",http://proceedings.mlr.press/v119/kim20c/kim20c.pdf
State alignment-based imitation learning,… tion learning method to … learning framework by a regularized policy update objective. We show the superiority of our method on standard imitation learning settings and imitation learning …,https://arxiv.org/pdf/1911.10947
Ensembledagger: A bayesian approach to safe imitation learning,… and learning performance compared to other DAgger variants and classic imitation learning … out-performs existing DAgger variants in an imitation learning setting. This paper makes two …,https://arxiv.org/pdf/1807.08364
Imitation learning as f-divergence minimization,… problem of imitation learning with multi-modal demonstrations. Instead of attempting to learn all … We propose a general imitation learning framework for estimating and minimizing any f-…,https://arxiv.org/pdf/1905.12888
Urban driving with conditional imitation learning,"… Prior work has studied imitation learning (IL) for autonomous … Motivated by these challenges, we focus on learning … end-to-end conditional imitation learning approach, combining both …",https://arxiv.org/pdf/1912.00177
Bridging offline reinforcement learning and imitation learning: A tale of pessimism,"… On the other hand, in the case of C⋆ ∈ [1, 2), which corresponds to µ(a⋆) > 1/2, we can simply use imitation learning to improve the rate by picking the most frequently selected arm in …",https://proceedings.neurips.cc/paper/2021/file/60ce36723c17bbac504f2ef4c8a46995-Paper.pdf
A survey on model-based reinforcement learning,"… and thus reduce errors, model-based reinforcement learning (MBRL) is … learning, model utilization, and policy training. In addition, we discuss the recent developments of model-based …",https://arxiv.org/pdf/2206.09328
Benchmarking model-based reinforcement learning,"… The environments, designed to hold the common assumptions in model-based methods, … main causes that stagnate the performance of model-based methods: 1) Dynamics bottleneck: …",https://arxiv.org/pdf/1907.02057
Model-based reinforcement learning with value-targeted regression,… This paper studies model-based reinforcement learning (RL) for regret minimization. We focus on finite-horizon episodic RL where the transition model P belongs to a known family of …,http://proceedings.mlr.press/v119/ayoub20a/ayoub20a.pdf
Solar: Deep structured representations for model-based reinforcement learning,"… Many model-based methods rely on accurate forward pre… How can we use model-based methods to learn from images … is a representation learning and model-based RL procedure, …",http://proceedings.mlr.press/v97/zhang19m/zhang19m.pdf
Continuous-time model-based reinforcement learning,Abstract Model-based reinforcement learning (MBRL) approaches rely on discrete-time state transition models whereas physical systems and the vast majority of control tasks operate …,http://proceedings.mlr.press/v139/yildiz21a/yildiz21a.pdf
Model-based reinforcement learning for biological sequence design,"… Our modelbased reinforcement learning approach is similar to these approaches in that we train a reinforcement learning policy to optimize a model f (x). However, our policy is also …",https://openreview.net/pdf?id=HklxbgBKvr
When to update your model: Constrained model-based reinforcement learning,"… Model-based reinforcement learning methods have shown great potential for sequential decisionmaking both in simulation and in the real world due to their sample efficiency [9, 21]. …",https://proceedings.neurips.cc/paper_files/paper/2022/file/927eae0f3d1c89cc39398022f436c472-Paper-Conference.pdf
"Deep model-based reinforcement learning for high-dimensional problems, a survey","… reinforcement learning methods is high, precluding their use in some important applications. Model-based reinforcement learning … Current deep learning methods use high-capacity …",https://arxiv.org/pdf/2008.05598
Model-based reinforcement learning with a generative model is minimax optimal,… We are interested in a basic and unresolved question in model based planning: is this naïve … in the analysis of model-based planning; this construction may be helpful more generally. …,http://proceedings.mlr.press/v125/agarwal20b/agarwal20b.pdf
Entity abstraction in visual model-based reinforcement learning,"… Abstract: We present OP3, a framework for model-based reinforcement learning that acquires object representations from raw visual observations without supervision and uses them to …",http://proceedings.mlr.press/v100/veerapaneni20a/veerapaneni20a.pdf
Uncertainty-aware model-based reinforcement learning: Methodology and application in autonomous driving,"… learning efficiency and performance of reinforcement learning (RL), a novel uncertaintyaware model-based RL … Then, a novel uncertainty-aware model-based RL method is developed …",https://dr.ntu.edu.sg/bitstream/10356/178357/2/TIV_final.pdf
Adapting user interfaces with model-based reinforcement learning,… Figure 1: We present a model-based reinforcement learning approach for adaptive UIs that can improve usability while avoiding unexpected changes that surprise the user or require …,https://dl.acm.org/doi/pdf/10.1145/3411764.3445497
Objective mismatch in model-based reinforcement learning,… Model-based reinforcement learning (MBRL) is a powerful framework for data-efficiently learning control of continuous tasks. Recent work in MBRL has mostly focused on using more …,https://arxiv.org/pdf/2002.04523
Context-aware dynamics model for generalization in model-based reinforcement learning,"… Model-based reinforcement learning. In model-based RL, we learn a dynamics model that … Recently, by incorporating high-capacity function approximators like DNNs, modelbased RL …",http://proceedings.mlr.press/v119/lee20g/lee20g.pdf
Revisiting design choices in offline model-based reinforcement learning,"… datasets of environment transitions to learn control policies, … in offline model-based reinforcement learning, approaches … effectiveness of model-based reinforcement learning (MBRL) …",https://arxiv.org/pdf/2110.04135
Breaking the sample size barrier in model-based reinforcement learning with a generative model,"… model-based approach, we propose to perform planning based on an empirical MDP learned from samples with mild reward perturbation. The perturbed modelbased … the model-based …",https://proceedings.neurips.cc/paper/2020/file/96ea64f3a1aa2fd00c72faacf0cb8ac9-Paper.pdf
Meta-learning,"… of different meta-learning approaches to do this effectively. The term meta-learning covers … In the remainder of this chapter, we categorize meta-learning techniques based on the type …",https://library.oapen.org/bitstream/handle/20.500.12657/23012/1/1007149.pdf#page=46
Advances and challenges in meta-learning: A technical review,"… meta-learning in Section III. In Section IV, we present an overview of the current state of meta-learning … black-box meta-learning methods, optimizationbased meta-learning methods, and …",https://ieeexplore.ieee.org/iel7/34/10550108/10413635.pdf
Meta-learning in neural networks: A survey,… We first discuss definitions of meta-learning and position it with respect to related fields… meta-learning methods today. We survey promising applications and successes of meta-learning …,https://ieeexplore.ieee.org/iel7/34/9893110/09428530.pdf
Online meta-learning,"… Before introducing online meta-learning, we briefly summarize the foundations of meta-learning, the model-agnostic meta-learning (MAML) algorithm, and online learning. To illustrate …",http://proceedings.mlr.press/v97/finn19a/finn19a.pdf
Meta-learning in natural and artificial intelligence,"… different aspects of meta-learning, of which … meta-learning and neuroscience are relatively newer. In this section, I detail several lines of research with direct relevance to meta-learning, …",https://arxiv.org/pdf/2011.13464
Meta-features for meta-learning,"… Meta-learning is increasingly used to support the recommendation of machine learning … measures for classification datasets used in meta-learning. Moreover, it presents an extensive …",https://arxiv.org/pdf/1808.10406
A survey of deep meta-learning,… on a subset of the meta-learning field which develops meta-learning procedures to learn a … Meta-Learning to refer to this subfield of meta-learning. The field of Deep Meta-Learning is …,https://link.springer.com/content/pdf/10.1007/s10462-021-10004-4.pdf
Meta-seg: A survey of meta-learning for image segmentation,… art image segmentation methods based on meta-learning. We firstly introduce the background … timeline of meta-learning and give a more comprehensive definition of meta-learning. The …,https://www.sciencedirect.com/science/article/am/pii/S003132032200067X
Meta-learning without memorization,… We demonstrate its applicability to both contextual and gradientbased meta-learning … meta-learning has been difficult. Our approach substantially outperforms standard meta-learning …,https://arxiv.org/pdf/1912.03820
Learning to forget for meta-learning,"… Before introducing the proposed method, we start with the formulation of a generic meta-learning algorithm. We assume there is a distribution of tasks p(T ), from which meta-learning …",http://openaccess.thecvf.com/content_CVPR_2020/papers/Baik_Learning_to_Forget_for_Meta-Learning_CVPR_2020_paper.pdf
Meta-learning to detect rare objects,… The meta-model is trained end-toend with Faster R-CNN through a meta-learning procedure. … (2) We present a novel meta-learning based approach that disentangles the learning of …,https://openaccess.thecvf.com/content_ICCV_2019/papers/Wang_Meta-Learning_to_Detect_Rare_Objects_ICCV_2019_paper.pdf
Bootstrapped meta-learning,"… Meta-learning empowers artificial intelligence to increase its … Focusing on meta-learning with gradients, we establish … new forms of meta-learning, exemplified by meta-learning ε-…",https://arxiv.org/pdf/2109.04504
Meta-learning of sequential strategies,"… we review memory-based metalearning as a tool for building … Furthermore, we recast memory-based meta-learning within … Essentially, memory-based meta-learning translates the hard …",https://arxiv.org/pdf/1905.03030
Fast context adaptation via meta-learning,"… We propose CAVIA for meta-learning, a simple extension to MAML that is less prone to metaoverfitting, easier to parallelise, and more interpretable. CAVIA partitions the model parame…",http://proceedings.mlr.press/v97/zintgraf19a/zintgraf19a.pdf
Meta-learning with implicit gradients,"… In the general bi-level meta-learning setup, we consider a space of algorithms that compute taskspecific parameters using a set of meta-parameters θ ∈ Θ ≡ Rd and the training …",https://proceedings.neurips.cc/paper_files/paper/2019/file/072b030ba126b2f4b2374f342be9ed44-Paper.pdf
Adaptive gradient-based meta-learning methods,"… We show how ARUBA reduces the problem of meta-learning in dynamic environments to a dynamic regret-minimization problem, for which there exists a vast array of online algorithms …",https://proceedings.neurips.cc/paper_files/paper/2019/file/f4aa0dd960521e045ae2f20621fb4ee9-Paper.pdf
Torchmeta: A meta-learning library for pytorch,"… meta-learning research. They make the evaluation of existing methods easier and fair, which in turn serves as a reference point for the development of new meta-learning … meta-learning …",https://arxiv.org/pdf/1909.06576
Meta-learning requires meta-augmentation,"… Meta-learning algorithms aim to learn two components: a model that predicts … of metalearning overfitting, and demonstrate that they appear experimentally in common meta-learning …",https://proceedings.neurips.cc/paper/2020/file/3e5190eeb51ebe6c5bbc54ee8950c548-Paper.pdf
Meta-learning with adaptive hyperparameters,"… Meta-learning algorithms effectively tackle the problem by learning how to learn novel tasks. In particular, model-agnostic meta-learning (MAML) encodes the prior knowledge into a …",https://proceedings.neurips.cc/paper_files/paper/2020/file/ee89223a2b625b5152132ed77abbcc79-Paper.pdf
Meta learning via learned loss,"… Concretely, we present a meta-learning method for learning … Furthermore, we show that our meta-learning framework is … mlthree Index Terms—meta learning, reinforcement learning, …",https://arxiv.org/pdf/1906.05374
Generalizing from a few examples: A survey on few-shot learning,"… learn from a limited number of examples with supervised information, a new machine learning paradigm called Few-shot Learning … class), but few-shot learning is preferred because of …",https://arxiv.org/pdf/1904.05046
Learning from few examples: A summary of approaches to few-shot learning,"… Few-Shot Learning refers to the problem of learning the … Requiring a large number of data samples, many deep learning … Therefore, few-shot learning that could drastically reduce the …",https://arxiv.org/pdf/2203.04291
"A comprehensive survey of few-shot learning: Evolution, applications, challenges, and opportunities","… a set of relevant concepts including few-shot learning, transfer learning, and meta-learning. Then, we inventively extract prior knowledge related to few-shot learning in the form of a …",https://arxiv.org/pdf/2205.06743
Interventional few-shot learning,We uncover an ever-overlooked deficiency in the prevailing Few-Shot Learning (FSL) methods: the pre-trained knowledge is indeed a confounder that limits the performance. This …,https://proceedings.neurips.cc/paper/2020/file/1cc8a8ea51cd0adddf5dab504a285915-Paper.pdf
Concept learners for few-shot learning,"… We evaluate our model on few-shot tasks from diverse domains, including finegrained image classification, document categorization and cell type annotation on a novel dataset from a …",https://arxiv.org/pdf/2007.07375
Few-shot learning via embedding adaptation with set-to-set functions,"… Eventually, we evaluate FEAT on many extended few-shot learning tasks to study its … few-shot domain generalization, transductive few-shot learning, generalized few-shot learning, and …",https://openaccess.thecvf.com/content_CVPR_2020/papers/Ye_Few-Shot_Learning_via_Embedding_Adaptation_With_Set-to-Set_Functions_CVPR_2020_paper.pdf
Variational few-shot learning,"… by learning with only a few examples, few-shot learning [9] is proposed to mimic this ability. More explicitly, we consider a common few-shot learning scenario where a learning agent, …",http://openaccess.thecvf.com/content_ICCV_2019/papers/Zhang_Variational_Few-Shot_Learning_ICCV_2019_paper.pdf
Adaptive subspaces for few-shot learning,"… In this section, we review the literature on few-shot learning and subspace methods for classification tasks. Fewshot learning was originally introduced to imitate the human learning …",http://openaccess.thecvf.com/content_CVPR_2020/papers/Simon_Adaptive_Subspaces_for_Few-Shot_Learning_CVPR_2020_paper.pdf
True few-shot learning with language models,"… Tuned few-shot learning relies on many labeled examples, so we argue that tuned few-shot learning does not qualify as few-shot learning. If many validation examples are available, …",https://proceedings.neurips.cc/paper_files/paper/2021/file/5c04925674920eb58467fb52ce4ef728-Paper.pdf
"Few-shot learning via learning the representation, provably","… This paper studies few-shot learning via representation learning, where one uses T source tasks with n1 data per task to learn a representation in order to reduce the sample complexity …",https://arxiv.org/pdf/2002.09434
Research progress on few-shot learning for remote sensing image interpretation,… on few-shot learning research in the remote sensing field. … on few-shot learning research in the remote sensing field. … Section II provides a quantitative analysis of the few-shot learning …,https://ieeexplore.ieee.org/iel7/4609443/4609444/09328476.pdf
Information maximization for few-shot learning,… for few-shot learning. Our method maximizes the mutual information between the query features and their label predictions for a given few-shot … Following standard transductive few-shot …,https://proceedings.neurips.cc/paper/2020/file/196f5641aa9dc87067da4ff90fd81e7b-Paper.pdf
Dense classification and implanting for few-shot learning,"… have been adopted in few shot learning. The main impediment is … leveraging incremental learning ideas for few-shot learning. … First, we propose a simple extension for few-shot learning …",https://openaccess.thecvf.com/content_CVPR_2019/papers/Lifchitz_Dense_Classification_and_Implanting_for_Few-Shot_Learning_CVPR_2019_paper.pdf
A broader study of cross-domain few-shot learning,"… examples has been the topic of the “few-shot learning” field, and has been the subject of a … Few-shot learning is typically composed of the following two stages: meta-learning and meta…",https://arxiv.org/pdf/1912.07200
Frequency guidance matters in few-shot learning,"… on the few-shot learning tasks. To enhance the performance and generalizability of few-shot methods, we propose a novel Frequency-Guided Few-shot Learning framework (dubbed …",https://openaccess.thecvf.com/content/ICCV2023/papers/Cheng_Frequency_Guidance_Matters_in_Few-Shot_Learning_ICCV_2023_paper.pdf
Fleurs: Few-shot learning evaluation of universal representations of speech,"… in the few-shot learning scenario with only 10 minutes of labeled data [11]. The recent scaled-up multilingual wav2vec 2.0 model, XLS-R [12], has expanded similar few-shot capabilities …",https://arxiv.org/pdf/2205.12446
Dpgn: Distribution propagation graph network for few-shot learning,"… attention to the research of few-shot learning [7, 20]. Few-shot learning task aims at predicting unlabeled … Meta-learning [8] methods introduces the concept of episode to address the …",https://openaccess.thecvf.com/content_CVPR_2020/papers/Yang_DPGN_Distribution_Propagation_Graph_Network_for_Few-Shot_Learning_CVPR_2020_paper.pdf
Flamingo: a visual language model for few-shot learning,… ) that sets a new state of the art in few-shot learning on a wide range of open-ended vision and … from recent work on large language models (LMs) which are good few-shot learners [11…,https://proceedings.neurips.cc/paper_files/paper/2022/file/960a172bc7fbf0177ccccbb411a7d800-Paper-Conference.pdf
A review of generalized zero-shot learning methods,"… Elgammal, “Link the head to the” beak”: Zero shot learning from noisy text description at part … Tsarfaty, “ZEST: Zero-shot learning from text descriptions using textual similarity and visual …",https://ieeexplore.ieee.org/iel7/34/4359286/09832795.pdf
A review on multimodal zero‐shot learning,… Multimodal learning provides a path to fully utilize all types of information related to the modeling target to provide the model with a global vision. Zero-shot learning (ZSL) is a general …,https://drive.google.com/file/d/1TOfeJPNC8jPqlU5D2647xKSYojYoTjF7/view
Attribute prototype network for zero-shot learning,"… for zero-shot learning. To this end, we propose a novel zero-shot representation learning framework … Our goal is to improve the locality of image representations for zero-shot learning. …",https://proceedings.neurips.cc/paper_files/paper/2020/file/fa2431bf9d65058fe34e9713e32d60e6-Paper.pdf
Finetuned language models are zero-shot learners,… method for improving the zero-shot learning abilities of language … improves zeroshot performance on unseen tasks. … its unmodified counterpart and surpasses zero-shot 175B GPT-3 …,https://arxiv.org/pdf/2109.01652.pdf?trk=public_post_comment-text
Zerogen: Efficient zero-shot learning via dataset generation,… promising approach towards flexible and efficient zero-shot learning in NLP. It also has … Zero-Shot Learning We start with preliminary knowledge about prompt-based zero-shot learning …,https://arxiv.org/pdf/2202.07922
Contrastive embedding for generalized zero-shot learning,"… Zero-shot learning aims to classify objects from previously unseen categories … zero-shot learning, we have the available data from seen classes for training. Conventional zero-shot learn…",https://openaccess.thecvf.com/content/CVPR2021/papers/Han_Contrastive_Embedding_for_Generalized_Zero-Shot_Learning_CVPR_2021_paper.pdf
Meta-learning for generalized zero-shot learning,… Learning to classify unseen class samples at test time is popularly referred to as zero-shot learning (… This problem is generally known as generalized zero-shot learning (GZSL). Thanks …,https://aaai.org/ojs/index.php/AAAI/article/view/6069/5925
Rethinking zero-shot learning: A conditional visual classification perspective,"… searchers have extensively studied an image classification setting similar to the human learning called zero-shot learning (ZSL) [41, 31, 22, 33], in which labeled training images of seen …",http://openaccess.thecvf.com/content_ICCV_2019/papers/Li_Rethinking_Zero-Shot_Learning_A_Conditional_Visual_Classification_Perspective_ICCV_2019_paper.pdf
Rethinking knowledge graph propagation for zero-shot learning,"… In contrast to previous approaches using graph convolutional neural networks for zero-shot learning, we illustrate that the task of zero-shot learning benefits from shallow networks. …",http://openaccess.thecvf.com/content_CVPR_2019/papers/Kampffmeyer_Rethinking_Knowledge_Graph_Propagation_for_Zero-Shot_Learning_CVPR_2019_paper.pdf
Free: Feature refinement for generalized zero-shot learning,… A key challenge of artificial intelligence is to generalize machine learning models from seen data to unseen scenarios. Zero-shot learning (ZSL) is a typical research topic targeting this …,http://openaccess.thecvf.com/content/ICCV2021/papers/Chen_FREE_Feature_Refinement_for_Generalized_Zero-Shot_Learning_ICCV_2021_paper.pdf
Open world compositional zero-shot learning,"… Our definition of open world is related to the open set zero-shot learning (ZSL) [33] scenario … Open Set Zero-shot Learning [8], we do not only consider objects but also states. Therefore, …",http://openaccess.thecvf.com/content/CVPR2021/papers/Mancini_Open_World_Compositional_Zero-Shot_Learning_CVPR_2021_paper.pdf
Leveraging the invariant side of generative zero-shot learning,"… 6, we report the zero-shot learning and generalized zero-shot learning results of our method with different epochs in terms of testing error. The results reflect the training stability of our …",https://openaccess.thecvf.com/content_CVPR_2019/papers/Li_Leveraging_the_Invariant_Side_of_Generative_Zero-Shot_Learning_CVPR_2019_paper.pdf
Lifelong Zero-Shot Learning.,"… Since there is no previous work for Lifelong Zero-Shot Learning, we compare the baselines, which combine CACD-VAE with traditional lifelong methods. (a) Sequential Fine-tuning (SFT…",https://see.xidian.edu.cn/faculty/chdeng/Welcome%20to%20Cheng%20Deng's%20Homepage_files/Papers/Conference/IJCAI2020_Kun.pdf
Semantics disentangling for generalized zero-shot learning,… Zero-shot Learning Results We aim to solve the generalized zero-shot learning problem in … -of-the-art performance on conventional zero-shot learning that only aims to classify unseen …,http://openaccess.thecvf.com/content/ICCV2021/papers/Chen_Semantics_Disentangling_for_Generalized_Zero-Shot_Learning_ICCV_2021_paper.pdf
Generalized zero-shot learning via over-complete distribution,… To learn a discriminative classifier which yields good performance in Zero-Shot Learning (… evaluated using both Zero-Shot Learning and Generalized Zero-Shot Learning protocols on …,https://openaccess.thecvf.com/content_CVPR_2020/papers/Keshari_Generalized_Zero-Shot_Learning_via_Over-Complete_Distribution_CVPR_2020_paper.pdf
Attentive region embedding network for zero-shot learning,"Zero-shot learning (ZSL) aims to classify images from unseen categories, by merely utilizing seen class images as the training data. Existing works on ZSL mainly leverage the global …",http://openaccess.thecvf.com/content_CVPR_2019/papers/Xie_Attentive_Region_Embedding_Network_for_Zero-Shot_Learning_CVPR_2019_paper.pdf
Transferable contrastive network for generalized zero-shot learning,"… images ‘horse’ to learn the target class ‘zebra’. Based on this idea, we propose a novel transferable contrastive network for generalized zero-shot learning. It automatically contrasts the …",http://openaccess.thecvf.com/content_ICCV_2019/papers/Jiang_Transferable_Contrastive_Network_for_Generalized_Zero-Shot_Learning_ICCV_2019_paper.pdf
Adversarial machine learning-industry perspectives,… a projected Annual Growth Rate of 39% for machine learning … to come to terms with adversarial machine learning. 25 out of … gaps in securing machine learning systems as encountered …,https://arxiv.org/pdf/2002.05646
Adversarial examples in modern machine learning: A review,"… We begin by defining a list of common terms in adversarial machine learning and … introduction to adversarial examples. The taxonomy, ontology, and discussion of adversarial attack …",https://arxiv.org/pdf/1911.05268
Adversarial machine learning attacks and defense methods in the cyber security domain,"… the latest research on adversarial attacks against security solutions based on machine learning techniques and illuminates the risks they pose. First, the adversarial attack methods are …",https://arxiv.org/pdf/2007.02407
Quantum adversarial machine learning,"… on the information of the adversarial examples at hand, … machine learning systems to adversarial perturbations, which not only reveals another perspective in bridging machine learning …",https://link.aps.org/pdf/10.1103/PhysRevResearch.2.033212
A taxonomy and terminology of adversarial machine learning,… of machine 112 learning (artificial intelligence). Researchers and practitioners in adversarial machine learning 113 … Machine learning researchers may also benefit by understanding the …,https://csrc.nist.rip/external/nvlpubs.nist.gov/nistpubs/ir/2019/NIST.IR.8269-draft.pdf
Adversarial Machine Learning in the Context of Network Security: Challenges and Solutions,… into the landscape of adversarial machine learning within the … The integration of machine learning (ML) in network security … The exploration of adversarial machine learning in network …,https://thesciencebrigade.com/jcir/article/download/118/119
Adversarial machine learning in network intrusion detection systems,… Adversarial machine learning has the potential to … adversarial machine learning through the lens of NIDS to show the sensitivity of machine learning models when faced with adversarial …,https://arxiv.org/pdf/2004.11898
The Threat of Adversarial Attacks on Machine Learning in Network Security--A Survey,"… of machine learning in network security applications. Next, we examine various adversarial attacks against machine learning … for adversarial attacks in network security. First, we classify …",https://arxiv.org/pdf/1911.02621
Adversarial machine learning in image classification: A survey toward the defender's perspective,"… research progress on Adversarial Machine Learning in Image Classification… adversarial attacks and defenses, as well as discuss possible reasons regarding the existence of adversarial …",https://arxiv.org/pdf/2009.03728
Adversarial machine learning applied to intrusion and malware scenarios: a systematic review,"… In this section we explore the fundamentals of machine learning and adversarial machine learning, along with several attack and defense strategies that have been applied both to …",https://ieeexplore.ieee.org/iel7/6287639/6514899/09001114.pdf
Defense strategies for adversarial machine learning: A survey,"… that targets Machine Learning (ML) and Deep Learning (DL) … termed in literature as Adversarial Machine Learning (AML) [… methods for the generation of adversarial samples, which, …",https://users.ics.forth.gr/~zarras/files/CSR_2023_Defense.pdf
Addressing adversarial attacks against security systems based on machine learning,"… on machine learning, we concentrate on adversarial attacks … and prediction capabilities of machine-learning models. We … adversarial attacks are highly effective against machine-…",https://www.ccdcoe.org/uploads/2019/06/Art_21_Addressing-Adversalial-Attacks.pdf
A survey of machine learning techniques in adversarial image forensics,"… -based approaches (eg, how to detect adversarial (image) examples), and there are … of machine learning-based binary manipulation detectors in various adversarial scenarios. …",https://arxiv.org/pdf/2010.09680
Adversarial: Perceptual ad blocking meets adversarial machine learning,"… from Web security and from adversarial machine learning. In particular, we leverage adversarial examples [83] to fool perceptual ad-classifiers. An adversarial example for an input x of …",https://arxiv.org/pdf/1811.03194
Can machine learning model with static features be fooled: an adversarial machine learning approach,"… create adversarial examples. Hence, to evaluate the vulnerability of machine learning algorithms … Further, to distinguish the adversarial examples from benign samples, we propose two …",https://arxiv.org/pdf/1904.09433
Privacy risks of securing machine learning models against adversarial examples,"… Adversarial examples: Although machine learning models have achieved tremendous … be easily fooled by adversarial examples [5, 8, 15, 38, 56]. Adversarial examples induce incorrect …",https://dl.acm.org/doi/pdf/10.1145/3319535.3354211
A closer look at accuracy vs. robustness,"… Through extensive experiments with robustness methods, we argue that the gap … with robust training methods and obtain better generalization. We conclude that achieving robustness …",https://proceedings.neurips.cc/paper_files/paper/2020/file/61d77652c97ef636343742fc3dcf3ba9-Paper.pdf
Trustworthy AI: From principles to practices,"… In this review, we non-exhaustively summarize the robustness of an AI system by categorizing vulnerabilities at the levels of data, algorithms, and systems, respectively. Data. With the …",https://dl.acm.org/doi/pdf/10.1145/3555803
The next decade in AI: four steps towards robust artificial intelligence,"… While Google Search is hardly what we have in mind for robust artificial intelligence, it is a highly effective AI-powered information retrieval system that works at enormous volume with a …",https://arxiv.org/pdf/2002.06177
On the robustness of chatgpt: An adversarial and out-of-distribution perspective,"… robustness, ie, the performance to unexpected inputs, is still unclear to the public. Robustness is of particular concern in responsible AI… evaluation of the robustness of ChatGPT from the …",https://arxiv.org/pdf/2302.12095
Review of artificial intelligence adversarial attack and defense technologies,"… artificial intelligence (AI) technologies in key security fields. Therefore, improving the robustness of AI … important role in the further development of AI. This paper aims to comprehensively …",https://www.mdpi.com/2076-3417/9/5/909/pdf
Toward the third generation artificial intelligence,"… In order to build an AI that can reflect intelligent human … to build robust and explainable AI theories, and develop safe, reliable, and extensible AI technology, ie, the third-generation of AI. …",http://scis.scichina.com/en/2023/121101.pdf
Fakespotter: A simple yet robust baseline for spotting ai-synthesized fake faces,"… evaluate their robustness against perturbation attack with … fake faces and its robustness against perturbation attacks, … spotting fake faces and its robustness in tackling four perturbation at…",https://arxiv.org/pdf/1909.06122
Privacy and robustness in federated learning: Attacks and defenses,… centralized training of artificial intelligence (AI) models is facing … data privacy and system robustness. Besides training powerful … survey on privacy and robustness in FL over the past five …,https://arxiv.org/pdf/2012.06337
Neurosymbolic AI: the 3rd wave,"… to create differentiable reasoning are useful, although we would require an important distinction be made, whether the purpose is to achieve brain-like systems or to create robust AI. It is …",https://openaccess.city.ac.uk/id/eprint/32536/1/2012.05876.pdf
Deep learning enables robust assessment and selection of human blastocysts after in vitro fertilization,"… We implemented an AI approach based on deep neural networks (… In conclusion, our AI-driven approach provides a … To evaluate STORK’s robustness, we tested its performance by …",https://www.nature.com/articles/s41746-019-0096-y.pdf
RIFT: Multi-modal image matching based on radiation-variation insensitive feature transform,"… To solve this problem, this paper proposes a novel feature matching algorithm that is robust … The MIM is constructed from the log-Gabor convolution sequence and is much more robust …",https://www.researchgate.net/profile/Jiayuan-Li/publication/337993249_RIFT_Multi-Modal_Image_Matching_Based_on_Radiation-Variation_Insensitive_Feature_Transform/links/62562adb39e3930c94bea608/RIFT-Multi-Modal-Image-Matching-Based-on-Radiation-Variation-Insensitive-Feature-Transform.pdf
Robustbench: a standardized adversarial robustness benchmark,"… from robust to robust, non-robust to robust, and non-robust to non-robust networks. However, we observe poor transferability of adversarial examples from robust to non-robust networks. …",https://arxiv.org/pdf/2010.09670
Artificial-intelligence-enabled intelligent 6G networks,"… AI-enabled intelligent 6G networks, we introduce the applications of AI techniques in the context of AI-… AI techniques can realize accurate, real-time and robust spectrum sensing, where …",https://arxiv.org/pdf/1912.05744
Establishing the rules for building trustworthy AI,"… Robustness and safety: Trustworthy AI requires algorithms to be secure, reliable and robust enough to deal with errors or inconsistencies during all life cycle phases of AI systems …",https://papers.ssrn.com/sol3/Delivery.cfm?abstractid=3858392
Artificial intelligence in dentistry: chances and challenges,"… and robustness. Lastly, trustworthiness into, and generalizability of, dental AI solutions need … and explain the logic behind AI solutions will contribute (“explainable AI”). Dental education …",https://journals.sagepub.com/doi/pdf/10.1177/0022034520915714
AI-Driven Predictive Maintenance in Relational Database Systems,"… By employing a systematic approach to data collection and analysis, this study aims to develop a robust AI-driven predictive maintenance framework for relational database systems. …",https://www.academia.edu/download/119017293/386_409_ijmlrcai_2021.pdf
Federated learning: Opportunities and challenges,… the opportunities and challenges in federated learning. … learn on context aware policies using a federated learning … challenges associated with federated learning. The challenges can …,https://arxiv.org/pdf/2101.05428
A survey on federated learning: challenges and applications,… Federated learning (FL) is a secure distributed machine learning paradigm that addresses the issue of data silos in building a joint model. Its unique distributed training mode and the …,https://link.springer.com/content/pdf/10.1007/s13042-022-01647-y.pdf
"Federated learning: Challenges, methods, and future directions","… characteristics and challenges of federated learning, provide a … considered training machine learning models centrally but … This has led to a growing interest in federated learning [31], …",https://arxiv.org/pdf/1908.07873
Model-contrastive federated learning,"… personalized federated learning [8, 7, 10, 47, 17], which tries to learn personalized local models for each party. In this paper, we study the typical federated learning, which tries to learn …",https://openaccess.thecvf.com/content/CVPR2021/papers/Li_Model-Contrastive_Federated_Learning_CVPR_2021_paper.pdf
Advances and open problems in federated learning,… We term these two federated learning settings “cross-device” and “cross-silo” respectively. … definition of federated learning: Federated learning is a machine learning setting where …,https://www.nowpublishers.com/article/DownloadSummary/MAL-083
Agnostic federated learning,… learning scenario of agnostic federated learning we consider. We then argue that the uniform solution commonly adopted in standard federated learning … our model in fairness learning. …,http://proceedings.mlr.press/v97/mohri19a/mohri19a.pdf
Blockchained on-device federated learning,"… blockchained federated learning (BlockFL) architecture where local learning model updates are … For this purpose, as proposed in Google’s federated learning (FL) [4], [5], referred to …",https://arxiv.org/pdf/1808.03949
Federated learning for healthcare informatics,"… the setup of federated learning, discuss the … federated learning, we summarize the main challenges and recent progress in this field. Then we illustrate the potential of federated learning …",https://link.springer.com/content/pdf/10.1007/s41666-020-00082-4.pdf
Towards personalized federated learning,"… This has contributed to the popularity of Federated Learning (FL), the leading paradigm for the training of machine learning models on data silos in a privacy-preserving manner. In this …",https://arxiv.org/pdf/2103.00710
Active federated learning,"… Federated Learning allows for population level models to be trained without centralizing … To exploit this we propose Active Federated Learning, where in each round clients are selected …",https://arxiv.org/pdf/1909.12641
Threats to federated learning: A survey,"With the emergence of data silos and popular privacy awareness, the traditional centralized approach of training artificial intelligence (AI) models is facing strong challenges. Federated …",https://arxiv.org/pdf/2003.02133
Federated learning and wireless communications,"… federated learning and wireless communications, including basic principles … federated learning, efficient communications for training a federated learning model, and federated learning …",https://arxiv.org/pdf/2005.05265
Splitfed: When federated learning meets split learning,"… By bringing federated learning (FL) and split learning (SL) together, we proposed a novel distributed machine learning approach, named splitfed learning (SFL). SFL offered model …",https://ojs.aaai.org/index.php/AAAI/article/download/20825/20584
Federated learning for internet of things: A comprehensive survey,"The Internet of Things (IoT) is penetrating many facets of our daily life with the proliferation of intelligent services and applications empowered by artificial intelligence (AI). Traditionally, …",https://ieeexplore.ieee.org/iel7/9739/5451756/09415623.pdf
Federated learning based on dynamic regularization,"… We propose a novel federated learning method for distributively training neural network models, … We view Federated Learning problem primarily from a communication perspective and …",https://arxiv.org/pdf/2111.04263
Communication-efficient edge AI: Algorithms and systems,"… challenges in designing and deploying AI models and algorithms in edge AI systems. Specifically, … for training AI models on edges. In addition, we provide an overview of edge AI system …",https://arxiv.org/pdf/2002.09668
"In-edge ai: Intelligentizing mobile edge computing, caching and communication by federated learning","… edge systems, for optimizing mobile edge computing, caching and communication. And thus, we design the “In-Edge AI” … collaboration among devices and edge nodes to exchange the …",https://arxiv.org/pdf/1809.07857
Edge AI: On-demand accelerating deep neural network inference via edge computing,"… edge computing for DNN collaborative inference through device-… edge computing, we can design an on-demand lowlatency DNNs inference framework for supporting real-time edge AI …",https://arxiv.org/pdf/1910.05316
"Edge artificial intelligence for 6G: Vision, enabling technologies, and applications","… capabilities into the network edge, edge AI stands out as a … for scalable and trustworthy edge AI systems with integrated … -to-end system architecture to support edge AI will be described. …",https://ieeexplore.ieee.org/iel7/49/9653871/09606720.pdf
Edge intelligence: The confluence of edge computing and artificial intelligence,"… to integrate edge computing and AI, which gives birth to edge … edge intelligence into AI for edge (intelligence-enabled edge computing) and AI on edge (artificial intelligence on edge). …",https://arxiv.org/pdf/1909.00560
A survey on the convergence of edge computing and AI for UAVs: Opportunities and challenges,"… tions restrict edge AI to the paradigm of running AI algorithms locally … edge AI as “the capability to enable edges to execute AI … of edge AI definitions, it can be useful to categorize edge AI …",https://ieeexplore.ieee.org/iel7/6488907/9866069/09778241.pdf
Edge intelligence: Paving the last mile of artificial intelligence with edge computing,"… Due to the superiority and necessity of running AI application on the edge, edge AI has … for AI”[39] published by the University of California Berkeley, the cloud–edge AI system is …",https://ieeexplore.ieee.org/iel7/5/4357935/08736011.pdf
TinyML for ubiquitous edge AI,"… of edge services and applications that do not rely on cloud processing but thrive on distributed edge … framework that aims to bringing AI to the smallest, least powerful edge devices. …",https://arxiv.org/pdf/2102.01255
Edge machine learning for ai-enabled iot devices: A review,… can be distributed among peer edge devices and the cloud. In-edge AI [6] is a framework which allows better collaboration among devices and edge nodes to exchange the learning …,https://www.mdpi.com/1424-8220/20/9/2533/pdf
Edge computing with artificial intelligence: A machine learning perspective,… AI and EC from two perspectives: • AI algorithms can be utilized to optimize EC; • EC enables AI to be deployed on the edge to bring faster response speeds and network stability for AI …,https://dl.acm.org/doi/pdf/10.1145/3555802
Artificial intelligence-driven mechanism for edge computing-based industrial applications,"… Currently, most of the researchers show their concerns over the energy depletion in edge AI-… Actually, the miniaturized and resource-confined nature of the IoT-based edge AI devices …",https://fardapaper.ir/mohavaha/uploads/2019/09/Fardapaper-Artificial-Intelligence-Driven-Mechanism-for-Edge-Computing-Based-Industrial-Applications.pdf
AIfES: A Next-Generation Edge AI Framework,"… Artificial Intelligence for Embedded Systems (AIfES),1 a hardware-independent edge AI … The main contributions of this paper are: r AIfES an open source edge AI framework that …",https://ieeexplore.ieee.org/iel7/34/4359286/10403985.pdf
Edge-cloud polarization and collaboration: A comprehensive survey for ai,"… both cloud and edge AI. Specifically, we are the first to set up the collaborative learning mechanism for cloud and edge modeling with … Edge AI therein we talk also includes on-device AI. …",https://arxiv.org/pdf/2111.06061
Wearable edge AI applications for ecological environments,"… We also address the possibility of creating wearable edge AI, where the wireless personal … edge AI. Finally, we evaluate a case study to test the possibility of performing an edge AI task …",https://www.mdpi.com/1424-8220/21/15/5082/pdf
Edge AI‐Based Automated Detection and Classification of Road Anomalies in VANET Using Deep Learning,"… In this study, an Edge AI-based framework is suggested for the road anomalies detection for an autonomous vehicle. In this proposed mechanism, trained deep learning model …",https://onlinelibrary.wiley.com/doi/pdf/10.1155/2021/6262194
"A comprehensive review of the COVID-19 pandemic and the role of IoT, drones, AI, blockchain, and 5G in managing its impact","… To this end, this paper evaluates the use of varied technologies such as IoT, UAVs, AI, blockchain, and 5G, which could help mitigate the adverse effects of this pandemic and expedite …",https://ieeexplore.ieee.org/iel7/6287639/8948470/09086010.pdf
A comprehensive survey of the Internet of Things (IoT) and AI-based smart healthcare,"… with the development of AI and machine learning (ML) … In this paper, we present a comprehensive survey of IoTand … The survey’s focus is mainly on the IoT and IoMT as used in …",https://ieeexplore.ieee.org/iel7/6287639/6514899/09311140.pdf
AI‐Enabled Sensing and Decision‐Making for IoT Systems,… AI-enabled devices are more intelligent and capable of doing a specific task which … on AI and IoT systems. The role of decision-making has its own importance in the AI-enabled and IoT …,https://onlinelibrary.wiley.com/doi/pdf/10.1155/2021/6616279
Integration of IoT-enabled technologies and artificial intelligence (AI) for smart city scenario: recent advancements and future trends,"… Fortunately, the Internet of Things (IoT) has emerged as a … Artificial Intelligence (AI) to analyze the vast amount of IoT data … and exploring the architecture of IoT. A detailed analysis of …",https://www.mdpi.com/1424-8220/23/11/5206/pdf
Smart sustainable agriculture (SSA) solution underpinned by internet of things (IoT) and artificial intelligence (AI),"… , explores existing IoT/AI technologies adopted for SSA and secondly, identifies IoT/AI technical … Therefore, this study firstly, explores existing IoT/AI technologies adopted for SSA and …",https://arxiv.org/pdf/1906.03106.pdf?source=post_page---------------------------
"Overview: Technology roadmap of the future trend of metaverse based on IoT, blockchain, AI technique, and medical domain metaverse activity","… to IoT, Blockchain, Artificial Intelligence, and all the other tech industries including the medical area. IoT and Metaverse are the digital twins, Metaverse is using maximum IoT devices in …",https://www.academia.edu/download/112702992/20220414_finalpaper.pdf
AI4SAFE-IoT: An AI-powered secure architecture for edge layer of Internet of things,"… Cyber Threat Hunting (CTH) In AI4SAFE architecture, we focus on AI-powered security modules for IoT gateways due to their critical role in the environment. Regardless of the type of …",https://www.academia.edu/download/96315397/s00521-020-04772-320221225-1-1150xhf.pdf
Experiences with IoT and AI in a smart campus for optimizing classroom usage,"… This paper describes our experiences in adopting IoT to measure and AI to predict the attendance of lectures in courses at our University campus, and to use these to optimize the …",https://www2.ee.unsw.edu.au/~vijay/pubs/jrnl/19IoTJ.pdf
A Review of Blockchain in Internet of Things and AI,"… IoT with blockchain are discussed, such as blockchain as a service for the IoT and the impact of integrating AI on both IoT … the implementation of blockchain in IoT applications. Besides, …",https://www.mdpi.com/2504-2289/4/4/28/pdf
"Distributed energy resources and the application of AI, IoT, and blockchain in smart grids","… Hence, this study discusses the SG and applications of AI, IoT, and BC. … Second, the role played by AI-based analytics, IoT … This study revealed that AI, IoT, and BC provide automated …",https://www.mdpi.com/1996-1073/13/21/5739/pdf
Edge and fog computing enabled AI for IoT-an overview,"… Combing IoT and AI, namely the AI-enabled IoT, is the … art AI hardware. Then we conclude the paper in discussing the opportunities and future aspects of edge and fog enabled AI for IoT …",https://www.academia.edu/download/96192745/Zhuo2019AICAS.pdf
Integration of IoT-enabled technologies and artificial intelligence (AI) for smart city scenario: recent advancements and future trends,"… “smart city”, “smart city and IoT”, and “smart city, IoT and AI” … It is evident from Figure 3 that AI, IoT, and smart cities began … creating more opportunities in the smart city context. Following a …",https://www.mdpi.com/1424-8220/23/11/5206/pdf
Applications of artificial intelligence and machine learning in smart cities,"… AI), machine learning (ML), and deep reinforcement learning (DRL) in the evolution of smart cities… to design optimal policy regarding various smart city-oriented complex problems. In …",https://www.researchgate.net/profile/Zaib-Ullah-3/publication/339620997_Applications_of_Artificial_Intelligence_and_Machine_learning_in_smart_cities/links/6332b06b165ca2278776b65e/Applications-of-Artificial-Intelligence-and-Machine-learning-in-smart-cities.pdf
Contributions and risks of artificial intelligence (AI) in building smarter cities: Insights from a systematic review of the literature,… the risks of wider AI utilization. (e) Upcoming disruptions of AI in cities and societies have not … Current and potential contributions of AI to the development of smarter cities are outlined in …,https://www.mdpi.com/1996-1073/13/6/1473/pdf
"Green artificial intelligence: Towards an efficient, sustainable and equitable technology for smart cities and futures","… AI approach—ie, green AI—to further support smart city transformation. The methodological approach includes a thorough appraisal of the current AI and smart city … of AI systems that …",https://www.mdpi.com/2071-1050/13/16/8952/pdf
Use of artificial intelligence in smart cities for smart decision-making: A social innovation perspective,"… Despite the extensive research outline explained above, our knowledge of the exact use of AI on the SDM process in smart cities is still limited and inconsistent in many ways. For …",https://www.mdpi.com/2071-1050/14/2/620/pdf
Artificial intelligence and robotics in smart city strategies and planned smart development,"… of smart cities on the one hand, and AI and robotics on the other, inevitably draws our attention to very important actors that shape much of the evolution of smart cities; that is, to cities …",https://www.mdpi.com/2624-6511/3/4/56/pdf
Artificial intelligence techniques for smart city applications,"… of smart monitoring, serving as a basis to categorize AI … of smart cities, which aspires to connect all aspects of urban life. The basis for connecting aspects of urban life in smart cities is …",https://www.researchgate.net/profile/Daniel-Luckey/publication/339042595_Artificial_intelligence_techniques_for_smart_city_applications/links/5e3a7b9e92851c7f7f1d1d18/Artificial-intelligence-techniques-for-smart-city-applications.pdf
Artificial intelligence for smart renewable energy sector in europe—smart energy infrastructures for next generation smart cities,… to Future Smart Cities research we contribute a new significant item in the research agenda: AI … set challenges for the design of future smart cities. Various aspects of this research study …,https://ieeexplore.ieee.org/iel7/6287639/8948470/09076660.pdf
A survey of explainable artificial intelligence for smart cities,"… as there is a developing situation amongst policymakers in smart cities with this loss of explainability of AI-based black-box models, which is a primary problem in the acceptability of …",https://www.mdpi.com/2079-9292/12/4/1020/pdf
"Artificial intelligence, transport and the smart city: Definitions and dimensions of a new mobility era","… in English for the nexus of AI, transport and the smart city. The Scopus search which … and multidisciplinary literature between AI, transport and the smart city would be identified and …",https://www.mdpi.com/2071-1050/12/7/2789/pdf
Participatory AI: Reducing AI bias and developing socially responsible AI in smart cities,… A protocol is proposed for smart city AI so that AI can be seen as an ethical and trustworthy city … will be followed by a proposed protocol for participatory AI governance for smart cities. …,https://www.researchgate.net/profile/Gregory-Falco/publication/333916704_Participatory_AI_Reducing_AI_Bias_and_Developing_Socially_Responsible_AI_in_Smart_Cities/links/5d0c7115299bf1547c71673b/Participatory-AI-Reducing-AI-Bias-and-Developing-Socially-Responsible-AI-in-Smart-Cities.pdf
A survey of natural language generation,"… of the research on Natural Language Generation (NLG) over the past two decades, especially in relation to data-to-text generation and text-to-text generation deep learning methods, as …",https://arxiv.org/pdf/2112.11739
Survey of hallucination in natural language generation,"… Natural Language Generation (NLG) has improved … such as Transformer-based language models. This advancement … , dialogue generation, and data-to-text generation. However, it is …",https://arxiv.org/pdf/2202.03629
Unifying human and statistical evaluation for natural language generation,"… We apply HUSE to four natural language generation tasks (Section 5): language modeling, chitchat dialogue, story generation, and summarization. First, we show that human …",https://arxiv.org/pdf/1904.02792
Pretraining-based natural language generation for text summarization,"… a novel natural language generation model based on pre-trained language models (we use … As far as we know, this is the first work to extend BERT to the sequence generation task. To …",https://arxiv.org/pdf/1902.09243
"Bart: Denoising sequence-to-sequence pre-training for natural language generation, translation, and comprehension","Bart: Denoising sequence-to-sequence pre-training for natural language generation, translation, and comprehension Bart: Denoising sequence-to-sequence pre-training for …",https://fq.pkwyx.com/default/https/aclanthology.org/2020.acl-main.703.pdf
Natural language generation and deep learning for intelligent building codes,"… -text generation (eg, [11]) in the domains of computer science and natural language generation (… Thus, there is a need for semantic NLG-based methods for representing and generating …",https://par.nsf.gov/servlets/purl/10350199
The woman worked as a babysitter: On biases in language generation,"… To the best of our knowledge, there has not been a detailed study on biases in open-ended natural language generation. As with any newer task in natural language processing, …",https://arxiv.org/pdf/1909.01326
Evaluation of text generation: A survey,"… The paper surveys evaluation methods of natural language generation (NLG) systems that … and long text generation, and conclude the paper by proposing future research directions.…",https://arxiv.org/pdf/2006.14799
Bold: Dataset and metrics for measuring biases in open-ended language generation,… biases in various Natural language processing (NLP… natural language generation. There are different ways in which biases can manifest themselves in open-ended language generation…,https://arxiv.org/pdf/2101.11718
Pre-trained language models for text generation: A survey,"… generation, also known as natural language generation, has been one ofthe most important sub-fields in natural language … and readable text in a human language, from the input data in …",https://arxiv.org/pdf/2201.05273
Mass: Masked sequence to sequence pre-training for language generation,"… natural language generation tasks is not feasible, since BERT is designed for … of language generation tasks including NMT, text summarization and conversational response generation, …",https://arxiv.org/pdf/1905.02450
A survey of knowledge-enhanced text generation,"… Furthermore, we review methods for a variety of natural language generation applications in each section to help practitioners choose, learn, and use the methods. In total, we discuss …",https://arxiv.org/pdf/2010.04389
Recent advances in natural language processing via large pre-trained language models: A survey,… Gopher [38] relies on a mix of language generation and using the probabilities generated by the LM to solve downstream tasks by framing them as multiple-choice tasks. …,https://arxiv.org/pdf/2111.01243
Vqgan-clip: Open domain image generation and editing with natural language guidance,"… Our focus is on producing images of high visual quality that are semantically meaningful in relation to a natural language prompt, which we demonstrate in this section. This in fact …",https://arxiv.org/pdf/2204.08583
Neural machine translation: A review,"… The field of machine translation (MT), the automatic translation of written text from one … been superseded by neural machine translation (NMT), which tackles translation with a single …",https://www.jair.org/index.php/jair/article/download/12007/26611/
A survey of multilingual neural machine translation,"… machine translation (MNMT), which has gained a lot of traction in recent years. MNMT has been useful in improving translation quality as a result of translation … machine translation …",https://dl.acm.org/doi/pdf/10.1145/3406095
Nearest neighbor machine translation,"… 4.2 MULTILINGUAL MACHINE TRANSLATION Next, we apply kNN-MT to multilingual machine translation, to measure its ability to add capacity to a model when using very large …",https://arxiv.org/pdf/2010.00710
An overview on machine translation evaluation,"… translation and neural translation research. The evaluation task of machine translation is not only to evaluate the quality of machine translation, but also to give timely feedback to …",https://arxiv.org/pdf/2202.11027
An effective approach to unsupervised machine translation,"… While machine translation has traditionally relied on large amounts of parallel corpora, a re… to train both Neural Machine Translation (NMT) and Statistical Machine Translation (SMT) …",https://arxiv.org/pdf/1902.01313
Human and machine translation,"… to translation and machine translation. It attempts to dispel some myths about translation, and stresses the importance of translators … translations as training data for machine translation. …",https://library.oapen.org/bitstream/handle/20.500.12657/61713/external_content.pdf?sequence=1#page=35
Evaluating gender bias in machine translation,… Figure 2: Google Translate’s performance on gender translation on our tested languages. The performance on … Bleu: a method for automatic evaluation of machine translation. In ACL. …,https://arxiv.org/pdf/1906.00591
Gender bias in machine translation,"Abstract Machine translation (MT) technology has facilitated our daily tasks by providing accessible shortcuts for gathering, processing, and communicating information. However, it can …",https://direct.mit.edu/tacl/article-pdf/doi/10.1162/tacl_a_00401/1957705/tacl_a_00401.pdf
Beyond english-centric multilingual machine translation,"… This paper is organized as follows: first, we introduce several standard components of modern machine translation and explain how they apply in the multilingual setting (Section § 2), …",https://www.jmlr.org/papers/volume22/20-1307/20-1307.pdf
"Experts, errors, and context: A large-scale study of human evaluation for machine translation","… machine generated translations. This demonstrates that professionally generated human translations still outperform machine generated translations. … human and machine translations, …",https://direct.mit.edu/tacl/article-pdf/doi/10.1162/tacl_a_00437/1979261/tacl_a_00437.pdf
Machine translation: Where are we at today,,https://doras.dcu.ie/24598/1/MTChapterJune2018.pdf
Getting gender right in neural machine translation,"… , both in human and machine translations (Mirkin et al., 2015… However, in the field of Machine Translation (MT) one of the … fluency and adequacy of the translated sentence. Furthermore…",https://arxiv.org/pdf/1909.05088
Semi-supervised learning for neural machine translation,"While end-to-end neural machine translation (NMT) has made remarkable progress recently, NMT systems only rely on parallel corpora for parameter estimation. Since parallel corpora …",https://arxiv.org/pdf/1606.04596
Learning deep transformer models for machine translation,Transformer is the state-of-the-art model in recent machine translation evaluations. Two strands of research are promising to improve models of this kind: the first uses wide networks (…,https://arxiv.org/pdf/1906.01787
How good are gpt models at machine translation? a comprehensive evaluation,"… for machine translation has not been thoroughly investigated. In this paper, we present a comprehensive evaluation of GPT models for machine translation… different translation directions …",https://arxiv.org/pdf/2302.09210
"Simple, scalable adaptation for neural machine translation","… Fine-tuning pre-trained Neural Machine Translation (NMT) models is the dominant approach for … model for most language pairs, paving the way towards universal machine translation. …",https://arxiv.org/pdf/1909.08478
Machine translation and global research: Towards improved machine translation literacy in the scholarly community,… toward better use of off-the-shelf machine translation systems. In Proceedings of the 20th annual conference of the European association for machine translation (EAMT) (pp. 47–52). …,https://www.academia.edu/download/105148198/asi.2432520230820-1-q021lw.pdf
A survey on neural speech synthesis,"… speech (TTS), or speech synthesis, which aims to synthesize intelligible and natural speech given text, is a hot research topic in speech… the quality of synthesized speech in recent years. …",https://arxiv.org/pdf/2106.15561
A review of deep learning based speech synthesis,"… > pairs to learn effective feature representations to bridge the gap between text and speech, … in the speech synthesis field, this paper firstly introduces the traditional speech synthesis …",https://www.mdpi.com/2076-3417/9/19/4050/pdf
Speech synthesis evaluation—state-of-the-art assessment and suggestion for a novel research program,"… an alternative program for synthesis evaluation, which is … an alternative strategy towards speech synthesis evaluation, … of existing approaches towards synthesis quality measurement (…",https://core.ac.uk/download/pdf/222968548.pdf
LPCNet: Improving neural speech synthesis through linear prediction,… This work demonstrates that the efficiency of speaker-independent speech synthesis can be improved by combining newer neural synthesis techniques with the much older technique of …,https://arxiv.org/pdf/1810.11846
Waveglow: A flow-based generative network for speech synthesis,"… However, high quality, real-time speech synthesis remains a challenging task. Speech synthesis … Beyond the quality challenges, real-time speech synthesis has challenging speed and …",https://arxiv.org/pdf/1811.00002.pdf?source=post_page---------------------------
Naturalspeech: End-to-end text-to-speech synthesis with human-level quality,"… In this section, we introduce the formal definition of humanlevel quality in text-to-speech synthesis, and describe how to judge whether a TTS system achieves human-level quality or not…",https://arxiv.org/pdf/2205.04421
Lrspeech: Extremely low-resource speech synthesis and recognition,"… In this paper, we developed LRSpeech, a speech synthesis and recognition system under the extremely low-resource setting, which supports rare languages with low data costs. We …",https://arxiv.org/pdf/2008.03687
High fidelity speech synthesis with adversarial networks,"… to-Speech. Our architecture is composed of a conditional feed-forward generator producing raw speech audio, … We show that GAN-TTS is capable of generating high-fidelity speech with …",https://arxiv.org/pdf/1909.11646
Speedyspeech: Efficient neural speech synthesis,"… speech synthesis, there has not been a system capable of fast training, fast inference and high-quality audio synthesis … -than-real-time spectrogram synthesis, with low requirements on …",https://arxiv.org/pdf/2008.03802
Fastdiff: A fast conditional diffusion model for high-quality speech synthesis,"… to speech synthesis. This paper proposes FastDiff, a fast conditional diffusion model for high-quality speech synthesis. … Based on FastDiff, we design an end-to-end text-to-speech synthe…",https://discovery.ucl.ac.uk/id/eprint/10156662/1/2204.09934.pdf
Hifi-gan: Generative adversarial networks for efficient and high fidelity speech synthesis,… influences the quality of speech synthesis through the ablation … speech synthesis applications. HiFi-GAN shows excellent ability to generalize unseen speakers and synthesize speech …,https://proceedings.neurips.cc/paper_files/paper/2020/file/c5d736809766d46260d816d8dbc9eb44-Paper.pdf
Flowtron: an autoregressive flow-based generative network for text-to-speech synthesis,"… Nearly all the research into speech synthesis since the 1960s has focused on adding … speech. But in spite of this, the typical speech synthesis problem is formulated as a text to speech …",https://arxiv.org/pdf/2005.05957
Styletts: A style-based generative model for natural and diverse text-to-speech synthesis,"… the reference speech … speech (TTS), also known as speech synthesis, has made significant strides with the advent of deep learning, producing increasingly human-like synthetic speech …",https://arxiv.org/pdf/2205.15439
Learning latent representations for style control and transfer in end-to-end speech synthesis,"… (VAE) to an end-to-end speech synthesis model, to learn the latent representation of … feeding it into TTS network to guide the style in synthesizing speech. To avoid Kullback-Leibler (KL) …",https://arxiv.org/pdf/1812.04342
Flashspeech: Efficient zero-shot speech synthesis,… Recent progress in large-scale zero-shot speech synthesis … Efficient speech synthesis using a lower computing budget to … -scale zero-shot speech synthesis system with approximately 5…,https://arxiv.org/pdf/2404.14700
Delightfultts: The microsoft speech synthesis system for blizzard challenge 2021,"… rate to ensure high fidelity and quality for speech synthesis. There is a tradeoff in the task … In our case, the quality of speech synthesis would be constrained by the acoustic model if …",https://arxiv.org/pdf/2110.12612
Speech synthesis using EEG,… speech as well as using EEG recorded in parallel with listening utterances. We provide EEG based speech synthesis … the feasibility of synthesizing speech directly from EEG features. …,https://arxiv.org/pdf/2002.12756
Emotional speech synthesis with rich and granularized control,"This paper proposes an effective emotion control method for an end-to-end text-to-speech (TTS) system. To flexibly control the distinct characteristic of a target emotion category, it is …",https://arxiv.org/pdf/1911.01635
Human-centered AI,… scope of artificial intelligence (AI) to include humancentered AI (HCAI) ways of thinking. This expansion from an algorithm-focused view to embrace a human-centered perspective can …,https://issues.org/wp-content/uploads/2021/01/56%E2%80%9361-Shneiderman-Human-Centered-AI-Winter-2021.pdf
What is human-centered about human-centered AI? A map of the research landscape,"… the term Human-Centered AI or Human-Centered ML. As such, we engaged with work that explicitly used the terms ‘human-centered artifcial intelligence’ or ‘human-centered machine …",https://eprints.qut.edu.au/240755/1/What_is_human_centered_about_human_centered_AI_a_map_of_the_research_landscape.pdf
Human-centered AI: The role of Human-centered Design Research in the development of AI,"… Similarly, Stanford University established an Institute for Human-centered AI. This … for designing AI systems human-centered, including the ethically and trustworthy development of AI. …",https://dl.designresearchsociety.org/cgi/viewcontent.cgi?article=1178&context=drs-conference-papers
From human-computer interaction to human-AI Interaction: new challenges and opportunities for enabling human-centered AI,… computing systems and AI systems. We further elaborate on the human-centered AI (HCAI) … Our review and analysis highlight unique issues in developing AI systems which HCI …,https://ask.qcloudimg.com/draft/8440711/g1248z60qv.pdf
Transitioning to human interaction with AI systems: New challenges and opportunities for HCI professionals to enable human-centered AI,… we need to drive human-centered solutions to timely … human-centered AI systems. Such changes will inevitably bring about a paradigmatic shift for HCI research and application in the AI …,https://arxiv.org/pdf/2105.05424
Human-centered artificial intelligence: Three fresh ideas,"… This commentary endorses a Human-Centered AI approach for designing and developing systems that supports human self-efficacy, encourage creativity, clarify responsibility, and …",https://scholar.archive.org/work/exghnjlitvbdfazdm5ykorzafy/access/wayback/https://aisel.aisnet.org/cgi/viewcontent.cgi?article=1136&context=thci
Human‐centered artificial intelligence and machine learning,"… term human-centered AI to … Human-centered AI can encompass more than those issues and in this desiderata we look at the broader scope of what it means to have human-centered AI, …",https://arxiv.org/pdf/1901.11184
"Human-centered artificial intelligence: Reliable, safe & trustworthy","… -dimensional framework of Human-Centered Artificial Intelligence (HCAI) … artificial intelligence (AI) researchers, developers, journalists, and promoters. I assume a broad definition of AI …",https://arxiv.org/pdf/2002.04087
Toward human-centered AI: a perspective from human-computer interaction,"… human and machine (AI), can make contributions to algorithm modeling, training, and testing. By following a human-centered ML approach as an example, AI and HCI professionals can …",https://www.researchgate.net/profile/Wei-Xu-151/publication/335383054_User-centered_design_IV_Human-centered_artificial_intelligence/links/5e8635e24585150839b94685/User-centered-design-IV-Human-centered-artificial-intelligence.pdf
Six human-centered artificial intelligence grand challenges,"… to create AI technologies that are human-centered, that is, … of human-centered artificial intelligence (HCAI). In essence, these challenges advocate for a human-centered approach to AI …",https://www.tandfonline.com/doi/pdf/10.1080/10447318.2022.2153320
Interactive human centered artificial intelligence: a definition and research challenges,"… However, attempting to defining this term can help to uncover what challenges we will face when working towards an Interactive Human Centered Artificial Intelligence. In the following I …",https://uni.ubicomp.net/as/iHCAI2020.pdf
What is critical for human-centered AI at work?–Toward an interdisciplinary theory,… a theory of human-centered AI will … human-centered AI and will show how they can be meaningfully integrated to answer the research question of what is critical for human-centered AI …,https://www.frontiersin.org/articles/10.3389/frai.2023.1257057/pdf
Human-centered and sustainable artificial intelligence in industry 5.0: Challenges and perspectives,… of AI use. This article explores the key challenges associated with the human-centered artificial intelligence (HCAI… What does the human-centered AI approach mean in the context of the …,https://www.mdpi.com/2071-1050/16/13/5448/pdf
Ethics and privacy of artificial intelligence: Understandings from bibliometrics,"… In this section, we review the current debate on the ethical and privacy issues surrounding AI … line and mainly use AI ethics as a set of these ethical and privacy issues in relation to AI. …",https://opus.lib.uts.edu.au/bitstream/10453/151211/2/AI%20Ethics%20-%20Bibliometrics%20Revision.pdf
AI and human rights: balancing innovation and privacy in the digital age,"… AI has both advanced and threatened human rights. The paper delves into the critical need for explainable and transparent AI, … the legal landscape concerning AI and privacy rights. The …",https://www.researchgate.net/profile/Rajan-Rayhan/publication/372743882_AI_and_Human_Rights_Balancing_Innovation_and_Privacy_in_the_Digital_Age/links/64c525b6cda2775c03d23cd4/AI-and-Human-Rights-Balancing-Innovation-and-Privacy-in-the-Digital-Age.pdf
IoT solution for AI-enabled PRIVACY-PREServing with big data transferring: an application for healthcare using blockchain,"… On the other hand, the techniques of artificial intelligence … an IoT solution for AI-enabled privacy-preserving with big data … nodes using the artificial intelligence approach and achieves …",https://www.mdpi.com/1996-1073/14/17/5364/pdf
Artificial intelligence and privacy,"… whether privacy law is appropriate for addressing AI. In this Article, I contend that although existing privacy law falls far short of addressing the privacy problems with AI, privacy law …",https://papers.ssrn.com/sol3/Delivery.cfm?abstractid=4713111
Artificial intelligence: Risks to privacy and democracy,Artificial intelligence (AI) is the most disruptive technology of the modern era. Its impact is likely to dwarf even the development of the internet as it enters every corner of our lives. Many …,https://papers.ssrn.com/sol3/Delivery.cfm?abstractid=3273016
Will AI end privacy? How do we avoid an Orwellian future,… 3 AI and privacy We will also soon have AI privacy assistants sitting on all our devices. Their sole job will be to protect your privacy and defend your security. They will monitor all …,https://link.springer.com/content/pdf/10.1007/s00146-022-01433-y.pdf
AI-driven public services and the privacy paradox: do citizens really care about their privacy?,"… privacy calculus theory, we derive hypotheses on the role of perceived usefulness and privacy risks of artificial intelligence (AI) … AI-driven public service. Despite general concerns about …",https://www.tandfonline.com/doi/pdf/10.1080/14719037.2022.2063934
Privacy and artificial intelligence: challenges for protecting health information in a new era,"… for implementing AI have resulted in poor protection of privacy. … Appropriate safeguards must be in place to maintain privacy … consider privacy concerns with commercial healthcare AI, …",https://link.springer.com/content/pdf/10.1186/s12910-021-00687-3.pdf
"Trustworthy distributed ai systems: Robustness, privacy, and governance","… of regulations on AI robustness, AI privacy, and AI fairness in … design of trustworthy distributed AI systems and applications. … distributed AI through robustness guarantee, privacy …",https://dl.acm.org/doi/pdf/10.1145/3645102
The role of privacy regulations in ai development (A Discussion of the Ways in Which Privacy Regulations Can Shape the Development of AI),… Balancing privacy protections with the need for innovation in AI … privacy regulations on the availability of data for AI development: ------------- 62 3. The impact of privacy regulations on AI …,https://papers.ssrn.com/sol3/Delivery.cfm?abstractid=4589207
Protecting privacy in an AI-driven world,"… current checkerboard of federal and state privacy, it will need to … in artificial intelligence systems. In this brief, I discuss some potential concerns regarding artificial intelligence and privacy…",https://safeaitf.org/wp-content/uploads/2024/04/Protecting-privacy-in-an-AI-driven-world-_-Brookings.pdf
Undermining user privacy on mobile devices using AI,"… a serious threat to user privacy. This is because applications … greatly be enhanced with advanced AI techniques. In particular… In summary, our results show that thanks to advanced AI …",https://dl.acm.org/doi/pdf/10.1145/3321705.3329804
Privacy-preserving artificial intelligence techniques in biomedicine,… AI methods that can learn from sensitive data while protecting individuals' privacy. Method This paper provides a structured overview of recent advances in privacy-preserving AI …,https://www.thieme-connect.com/products/ejournals/pdf/10.1055/s-0041-1740630.pdf
"Privacy-Preserving Architectures for AI/ML Applications: Methods, Balances, and Illustrations","… panorama of privacy-preserving AI/… privacy protection in AI/ML applications, enabling organizations to make informed decisions and craft robust privacy-preserving strategies for their AI …",https://ojs.boulibrary.com/index.php/JAIGS/article/download/117/85
Privacy-Preserving AI: Unveiling the Power of Differential Privacy,"… to stringent privacy regulations and ethical standards. By embracing Privacy-Preserving AI, we embark on a transformative journey towards a future where innovation and privacy are …",http://mzjournal.com/index.php/MZJAI/article/download/50/45
A survey of privacy risks and mitigation strategies in the Artificial Intelligence life cycle,"… Each of these stages can introduce unique threats to individual’s privacy and have an … , we examine privacy risks in different phases of the AI life cycle and review the existing privacy-…",https://ieeexplore.ieee.org/iel7/6287639/10005208/10155147.pdf
"A survey on metaverse: Fundamentals, security, and privacy","… artificial intelligence, and blockchain, metaverse is stepping from science fiction to an upcoming reality. However, severe privacy … , security, and privacy of metaverse. Specifically, we first …",https://arxiv.org/pdf/2203.02662
AI-enabled privacy-preservation phrase with multi-keyword ranked searching for sustainable edge-cloud networks in the era of industrial IoT,"… However, data privacy and protection should be ensured using encryption techniques … Thus, this paper presents a privacy-preservation phrase with multi-keyword ranked searching (…",https://ujcontent.uj.ac.za/view/pdfCoverPage?instCode=27UOJ_INST&filePid=135902150007691&download=true
Protecting data privacy in the age of AI-enabled ophthalmology,"Digital data privacy is a rapidly evolving concept in health care. As electronic records have … Data” and artificial intelligence (AI), this issue has become increasingly important. Big Data …",https://tvst.arvojournals.org/arvo/content_public/journal/tvst/938366/i2164-2591-661-1-2460.pdf
Privacy and data protection in ChatGPT and other AI Chatbots: strategies for securing user information,"… of data privacy risks in LLM chatbots, this paper addresses this research gap by reviewing the data privacy risks associated with LLM chatbots. Further, to mitigate these privacy concerns…",https://www.igi-global.com/viewtitle.aspx?titleid=325475
Developing privacy-preserving AI systems: The lessons learned,… Abstract—Advances in customers’ data privacy laws create pressures and pain points across the entire lifecycle of AI products. Working figures such as data scientists and data engi…,https://fabianboemer.com/files/developing-privacy-preserving-ai-systems-lessons-learned.pdf
Predictive privacy: Collective data protection in the context of artificial intelligence and big data,"… As I will argue, the problem of predictive privacy denotes a limit to the … of data privacy as the individual's right to control what data is shared about them. The issue of predictive privacy …",https://journals.sagepub.com/doi/pdf/10.1177/20539517231166886
Data privacy threat modelling for autonomous systems: A survey from the gdpr's perspective,… related vulnerabilities in such AI-based systems plays … data privacy threat modelling techniques with the focal point of whether such techniques are applicable for modelling data privacy …,https://eprints.gla.ac.uk/285501/1/285501.pdf
Problematic interactions between AI and health privacy,"… The advent of artificial intelligence-alongside the big data with which it is trained and on … to protect medical data privacy in at least two ways. First, Al enables actors with big data and …",https://papers.ssrn.com/sol3/Delivery.cfm?abstractid=3797161
"Poor quality data, privacy, lack of certifications: the lethal triad of new technologies in intensive care","… trustworthy AI … AI and ML in daily clinical practice. In particular, considering the development of clinical decision support systems (CDSS) using AI models, specific requirements on data …",https://www.academia.edu/download/108702289/s00134-021-06473-4.pdf
Privacy-preserving crowd-guided AI decision-making in ethical dilemmas,"… Based on the above observations, in our study of privacy protection for crowdsourced data collection in AI ethics, we will consider two variants for the meaning of neighboring datasets: 1…",https://arxiv.org/pdf/1906.01562
Federated learning for privacy-preserving: A review of PII data analysis in Fintech,… that privacy has increased significantly. The ethical concept associated with data privacy has also … It ensured the development of AI and machine learning while keeping privacy in data …,https://papers.ssrn.com/sol3/Delivery.cfm?abstractid=4323967
Using nlp and machine learning to detect data privacy violations,"Privacy concerns are constantly increasing in different sectors. Regulations such as the EU's General Data … Furthermore, we discuss how our proposal can effectively act as a Privacy …",https://estudogeral.uc.pt/bitstream/10316/93821/1/WORKSHOP_ON_SECURITY_AND_PRIVACY_IN_BIG_DATA__Camera_Ready.pdf
How to dp-fy ml: A practical guide to machine learning with differential privacy,"… not other important privacy principles including … differential privacy to provide anonymization1 guarantees for the data used in training ML models. Privacy protection, and even privacy …",https://www.jair.org/index.php/jair/article/download/14649/26952
Bayesian differential privacy for machine learning,"… privacy guarantees in ML often excessively reduces accuracy. We propose Bayesian differential privacy (BDP), … to provide more practical privacy guarantees. We also derive a general …",http://proceedings.mlr.press/v119/triastcyn20a/triastcyn20a.pdf
The value of collaboration in convex machine learning with differential privacy,… tension between quality improvement of trained ML models and the privacy concerns for data sharing. We investigate a machine learning setup in which a learner wants to train a model …,https://arxiv.org/pdf/1906.09679
Preserving user privacy for machine learning: Local differential privacy or federated machine learning?,"… has raised increasing public concerns about privacy risks and security breaches. … privacy-preserving machine learning, namely local differential privacy and federated machine …",https://ira.lib.polyu.edu.hk/bitstream/10397/95579/1/Zheng_Preserving_User_Privacy.pdf
Local differential privacy for deep learning,… leak privacy when trained on highly sensitive crowd-sourced data such as medical data. The existing privacy-… and reach a potentially untrusted machine learning service. This feature is …,https://arxiv.org/pdf/1908.02997
An overview of privacy in machine learning,"… provided a literature review on privacy and machine learning. We provided ample background information on relevant concepts, including machine learning, differential privacy, etc., as …",https://arxiv.org/pdf/2005.08679
Diffprivlib: the IBM differential privacy library,"… machine learning models have been presented that satisfy di erential privacy, presenting a genuine opportunity to perform privacy-… with the popular machine learning library Scikit-learn, …",https://arxiv.org/pdf/1907.02444
More than privacy: Applying differential privacy in key areas of artificial intelligence,"… In addition to the three areas of focus in this article – machine learning, deep learning and multi-agent learning – there are many other interesting areas of research in AI that have also …",https://ieeexplore.ieee.org/iel7/69/4358933/09158374.pdf
The limits of differential privacy (and its misuse in data release and machine learning),… Differential privacy is not a silver bullet for all privacy problems. … Differential privacy is a neat privacy definition that can co-exist with certain well-defined data uses in the context of …,https://dl.acm.org/doi/pdf/10.1145/3433638
Deep learning with label differential privacy,"… The widespread adoption of machine learning in recent years … We recall the definition of differential privacy (DP), which is … this work, we focus on the notion of label differential privacy. …",https://proceedings.neurips.cc/paper/2021/file/e3a54649aeec04cf1c13907bc6c5c8aa-Paper.pdf
Personalized federated learning with differential privacy,… personalized federated learning with a differential privacy in a heterogeneous IoT setting. … for collaboratively training multiple personalized machine learning models from the data stored …,https://par.nsf.gov/servlets/purl/10183051
Enhancing correlated big data privacy using differential privacy and machine learning,"… —In our proposed work, we used the parallel combination of differential privacy to apply the differential privacy algorithm over the partitioned dataset. This step is a solution to reduce …",https://link.springer.com/content/pdf/10.1186/s40537-023-00705-8.pdf
A survey on differentially private machine learning,"… Backgrounds In this section, we will introduce the def inition of differential privacy, the princi ple differential privacy mechanisms and then present a brief overview of machine learning. …",https://ieeexplore.ieee.org/iel7/10207/9064728/09064731.pdf
Evaluating differentially private machine learning in practice,"… This section surveys how differential privacy has been used in machine learning applications, with a particular focus on the compromises implementers have made to obtain satisfactory …",https://www.usenix.org/system/files/sec19-jayaraman.pdf
"Differential privacy preservation in deep learning: Challenges, opportunities and solutions",… needed for machine learning. The differential privacy method to protect user private data has been gradually recognized in the industry as a practical standard for privacy protection. …,https://ieeexplore.ieee.org/iel7/6287639/8600701/08683991.pdf
When machine learning meets privacy: A survey and outlook,"… the privacy preservation problems and machine learning is … art in privacy issues and solutions for machine learning. The … privacy and machine learning: (i) private machine learning, (ii…",https://arxiv.org/pdf/2011.11819
Medical imaging deep learning with differential privacy,"… Privacy-preserving machine learning is a nascent area of AI … Our work utilises Gaussian Differential Privacy, a recently … the outlook on the spent privacy budget compared to previous …",https://www.nature.com/articles/s41598-021-93030-0.pdf
Federated learning with differential privacy: Algorithms and performance analysis,"… calls for data mining and learning securely and reliably in distributed systems [1]–[3]. When integrating AI into a variety of IoT applications, distributed machine learning (ML) is preferred …",https://ieeexplore.ieee.org/ielaam/10206/8833568/9069945-aam.pdf
Computational Intelligence in Data Mining-Volume 3,… of Computational Intelligence in the field … Computational Intelligence and Data Mining. • Improve the exchange of ideas and coherence between the various Computational Intelligence …,https://www.academia.edu/download/54458021/978-81-322-2202-6.pdf
Big data analytics: Computational intelligence techniques and application areas,… Different computational intelligence techniques have been … combination of Big Data and Computational Intelligence (CI) and … We present a case study for intelligent transportation in the …,https://pureportal.coventry.ac.uk/files/23233843/Binder2.pdf
EEG-based brain-computer interfaces (BCIs): A survey of recent studies on signal sensing technologies and computational intelligence approaches and their …,"… EEG-based intelligent BCI systems can facilitate continuous … technologies and computational intelligence approaches in BCI … -of-the-art computational intelligence techniques, including …",https://arxiv.org/pdf/2001.11337
"Underwater networked wireless sensor data collection for computational intelligence techniques: issues, challenges, and approaches",… This technology determines the undiscovered resources present in the water through computational intelligence (CI) techniques. CI here pertains to the capability of a system to acquire …,https://ieeexplore.ieee.org/iel7/6287639/8948470/09133539.pdf
Coronary artery heart disease prediction: a comparative study of computational intelligence techniques,"… In this paper, we compared a number of computational intelligence techniques for the prediction of coronary artery heart disease. Seven computational intelligence techniques named …",https://www.researchgate.net/profile/Md-Islam-191/publication/338748285_Coronary_Artery_Heart_Disease_Prediction_A_Comparative_Study_of_Computational_Intelligence_Techniques/links/5e29b7d24585150ee77dd608/Coronary-Artery-Heart-Disease-Prediction-A-Comparative-Study-of-Computational-Intelligence-Techniques.pdf
A novel ensemble computational intelligence approach for the spatial prediction of land subsidence susceptibility,"Land subsidence (LS) is a significant problem that can cause loss of life, damage property, and disrupt local economies. The Semnan Plain is an important part of Iran, where LS is a …",https://www.academia.edu/download/63026196/A_Novel_Ensemble_Computational_Intelligence_Approach_for_the_Spatial_Prediction_of_Land_Subsidence_Susceptibility_202020200420-128124-1a.pdf
Quantum approximate optimization: A computational intelligence perspective,… specifically on topics relevant to computational intelligence. … the overall landscape of computational intelligence is a topic … We have seen that computational intelligence can be used to …,https://arxiv.org/pdf/2407.07202
Shear capacity estimation of FRP-reinforced concrete beams using computational intelligence,"Fibre Reinforced Polymer (FRP) bars have great potential for the strengthening of the existing buildings. They also can be used as a suitable replacement for steel bars. Therefore, the …",https://www.academia.edu/download/104182105/j.istruc.2020.08.07620230711-1-r381v4.pdf
Computational intelligence-based classification system for the diagnosis of memory impairment in psychoactive substance users,"… Computational intelligence techniques have emerged as a … was not considered, until Artificial Intelligence (AI) techniques … Computational intelligence was used in this study to classify a …",https://link.springer.com/content/pdf/10.1186/s13677-024-00675-z.pdf
Applying the computational intelligence paradigm to nuclear power plant operation: A review (1990-2015),"… computation algorithms (GAs/ECAs), fuzzy logic (FL) inference systems (FLIS) and their variants as well as combinations, the computational intelligence (… as the artificial-intelligence-(AI)…",https://www.igi-global.com/viewtitle.aspx?titleid=241882
"Evolutionary fuzzy systems for explainable artificial intelligence: Why, when, what for, and where to?",… est advances within the area of computational intelligence. They consist of evolutionary … They must play an important role for the emerging area of eXplainable Artificial Intelligence (…,https://arpi.unipi.it/bitstream/11568/986994/7/Evolutionary.pdf
A robust green traffic‐based routing problem for perishable products distribution,"… Section 3 introduces the model validation and represents the computational results of the case study. Finally, Section 4 discusses the results and presents future research. …",https://www.academia.edu/download/89567547/coin.1224020220813-1-dv45dd.pdf
"Artificial intelligence within the interplay between natural and artificial computation: Advances in data science, trends and applications","… intelligence and all its supporting tools, eg machine and deep learning in computational intelligence-… science and artificial intelligence within the interplay between natural and artificial …",https://www.sciencedirect.com/science/article/am/pii/S0925231220309292
Nature-inspired optimizers,"… in Computational Intelligence”(SCI) publishes new developments and advances in the various areas of computational intelligence… , and design methods of computational intelligence, as …",https://www.researchgate.net/profile/Seyedali-Mirjalili/publication/347096197_Nature-Inspired_Optimizers_Theories_Literature_Reviews_and_Applications_Theories_Literature_Reviews_and_Applications/links/63ecb5cd51d7af0540272e22/Nature-Inspired-Optimizers-Theories-Literature-Reviews-and-Applications-Theories-Literature-Reviews-and-Applications.pdf
Hybrid intelligence,"… be overcome by researchers in the field of Hybrid Intelligence, since a key requirement for integrating human input into an AI system is the translation of a system’s state and needs in a …",https://arxiv.org/pdf/2105.00691
A hybrid approach combining control theory and AI for engineering self-adaptive systems,"… The System Manager is responsible for controlling … artificial intelligence (AI), which makes our approach hybrid and improves the self-adaptation process. For this purpose, the system …",https://arxiv.org/pdf/2004.11793
Predicting COVID-19 in China using hybrid AI model,"… With the proposed hybrid AI model, we also make a prediction about the cumulative confirmed cases in Wuhan, and all of China, the data used for prediction were collected from …",https://papers.ssrn.com/sol3/Delivery.cfm?abstractid=3555202
The future of human-AI collaboration: a taxonomy of design knowledge for hybrid intelligence systems,"… for implementing such systems? The purpose of this paper is to point towards … hybrid intelligence systems. Thereby, we aim at conceptualizing the idea of hybrid intelligence systems …",https://arxiv.org/pdf/2105.03354
"Hybrid Intelligence: to automate or not to automate, that is the question","… Therefore, we relate Hybrid Intelligence (HI) to process management … Artificial Intelligence (AI), we can witness periods with great optimism and periods with great skepticism (called “AI …",http://www.sciencesphere.org/ijispm/archive/ijispm-090201.pdf
A hybrid artificial intelligence and internet of things model for generation of renewable resource of energy,… IoT based system to generate electrical energy from multiple sensors for household appliances and industrial areas and validated the renewable sources through the AI models namely …,https://ieeexplore.ieee.org/iel7/6287639/8600701/08793080.pdf
Dynamic credit risk evaluation method for e-commerce sellers based on a hybrid artificial intelligence model,"… Overall, this literature review suggests that a hybrid AI model can be applied to credit risk prediction of sellers on e-commerce platforms. However, there are few articles in the literature …",https://www.mdpi.com/2071-1050/11/19/5521/pdf
Prediction of compressive strength of geopolymer concrete using entirely steel slag aggregates: Novel hybrid artificial intelligence approaches,"… In this study, novel hybrid AI approaches named PSOANFIS and GAANFIS were proposed … Thus, it can be reasonably concluded that the proposed hybrid AI approach of PSOANFIS is a …",https://www.mdpi.com/2076-3417/9/6/1113/pdf
Tackling environmental challenges in pollution controls using artificial intelligence: A review,… stage of wastewater treatment process; iii) AI-aided soft-sensors for … hybrid AI methods applied to estimate pollutants concentrations and design monitoring and early-warning systems …,https://core.ac.uk/download/pdf/227471649.pdf
Human-versus artificial intelligence,"… ) forms of narrow-hybrid AI applications. For the time being, AI systems will have fundamentally different cognitive qualities and abilities than biological systems. For this reason, a most …",https://www.frontiersin.org/articles/10.3389/frai.2021.622364/pdf
From emotion AI to cognitive AI,"… requires complex data learning, knowledge mining, multi-model explainability, and hybrid AI to learn and analyze the patterns and to ensure that the reasoning results are reliable and …",https://www.sciltp.com/journals/ijndi/article/download/115/54
One-month-ahead wind speed forecasting using hybrid AI model for coastal locations,… This work proposes a hybrid model for wind energy capacity for electrical power generation at coastal sites by utilizing windrelated variables’ characteristics. The datasets of three …,https://ieeexplore.ieee.org/iel7/6287639/8948470/09210479.pdf
Artificial intelligence in clinical decision support: challenges for evaluating AI and practical implications,… 4 Practical Aspects of Evaluating AI-enabled Clinical Decision Support This section examines some of the practical aspects of evaluating AI-enabled clinical decision support. It begins …,https://www.thieme-connect.com/products/ejournals/pdf/10.1055/s-0039-1677903.pdf
Reporting guideline for the early stage clinical evaluation of decision support systems driven by artificial intelligence: DECIDE-AI,… DECIDE-AI expert group A growing number of artificial intelligence (AI)-based clinical decision support … Early stage clinical evaluation is important to assess an AI system’s actual clinical …,https://www.bmj.com/content/bmj/377/bmj-2022-070904.full.pdf
Primer on an ethics of AI-based decision support systems in the clinic,"… decision-making processes are challenged by the rise of so-called artificial intelligence-driven decision support systems (AI-DSS). In a first step, this article analyses how the rise of AI-…",https://jme.bmj.com/content/medethics/47/12/e3.full.pdf
Using AI-generated suggestions from ChatGPT to optimize clinical decision support,Objective To determine if ChatGPT can generate useful suggestions for improving clinical decision support (CDS) logic and to assess noninferiority compared to human-generated …,https://academic.oup.com/jamia/article-pdf/30/7/1237/50634330/ocad072.pdf
An AI-based decision support system for predicting mental health disorders,"… To this extent, this research utilizes advanced analytics and artificial intelligence to develop a decision support system (DSS) that can efficiently detect and diagnose various mental …",https://link.springer.com/content/pdf/10.1007/s10796-022-10282-5.pdf
"Unremarkable AI: Fitting intelligent decision support into critical, clinical decision-making processes",… in the form of decision support tools (DSTs) has fascinated healthcare and AI researchers for … The interaction design of most clinical decision support tools instead assumes that individ…,https://arxiv.org/pdf/1904.09612
A survey on AI and decision support systems in psychiatry–Uncovering a dilemma,… AI or DDSSs in psychiatry. We added results from a literature screening of 65 articles about AI … that literature possibly deviates from general decision support systems for psychiatry. Out …,https://www.researchgate.net/profile/Markus-Bertl-3/publication/348372281_A_survey_on_AI_and_Decision_Support_Systems_in_Psychiatry_-_Uncovering_a_Dilemma/links/6099a4d6299bf1ad8d908cd0/A-survey-on-AI-and-Decision-Support-Systems-in-Psychiatry-Uncovering-a-Dilemma.pdf
AI-Driven Decision Support Systems for Precision Medicine: Examining the Development and Implementation of AI-Driven Decision Support Systems in Precision …,"… in AI technologies, challenges in data integration and interpretation, and the impact of AI on improving … and future directions for AI-driven decision support systems in precision medicine. …",https://thesciencebrigade.com/JAIR/article/download/126/128
A clinical decision support system for AI-assisted decision-making in response-adaptive radiotherapy (ARCliDS),… intelligence (AI)-based optimal decision-making … Decision Support (ARCliDS). ARCliDS is composed of two main components: Artifcial RT Environment (ARTE) and Optimal Decision …,https://www.nature.com/articles/s41598-023-32032-6.pdf
A reinforcement learning model for AI-based decision support in skin cancer,"… , enhancing the acceptance of AI decision-support tools. Our study focused on … AI-based diagnostic decision support and that such preferences could be considered when developing AI …",https://www.nature.com/articles/s41591-023-02475-5.pdf
A systematic literature review of AI-based digital decision support systems for post-traumatic stress disorder,"… This work focuses on decision support systems in mental … for decision support systems is applicable to our research, we contribute by introducing a novel framework for decision support …",https://www.frontiersin.org/articles/10.3389/fpsyt.2022.923613/pdf
"Ethical, legal, and social considerations of AI-based medical decision-support tools: A scoping review","… AI. The main issues of concern identified in our analysis fall into four main clusters of impact: AI … , impact on patient-physician relationship and governance of AI empowered healthcare. …",https://www.unicath.hr/hks2015/wp-content/uploads/2022/03/Ethical-legal-and-social-considerations-of-AI-based-medical-decision-support-tools-A-scoping-review.pdf
Current challenges and future opportunities for XAI in machine learning-based clinical decision support systems: a systematic review,… Monteath and Sheh [70] proposed a novel XAI approach to incremental decision support for medical diagnosis using decision trees; their approach allows AI systems to work alongside …,https://www.mdpi.com/2076-3417/11/11/5088/pdf
"Explainable ai is dead, long live explainable ai! hypothesis-driven decision support using evaluative ai","… be of most importance to AI-assisted decision support. While the first three and the final issue can be supported, these are less relevant for AI research. We define a decision aid (DA) as …",https://arxiv.org/pdf/2302.12389
Human-centered design and evaluation of AI-empowered clinical decision support systems: a systematic review,"… After iterative refinement of search terms, we used AI-related terms such as “artificial … with decision support keywords such as “clinical decision support” or “healthcare decision support” …",https://www.frontiersin.org/articles/10.3389/fcomp.2023.1187299/pdf
Factors influencing clinicians' willingness to use an AI-based clinical decision support system,"… We believe that when clinicians are more aware of the BUC or AI decision support systems in general, external influences (perception of available AI technologies), impractical …",https://www.frontiersin.org/journals/digital-health/articles/10.3389/fdgth.2022.920662/pdf
Leveraging AI-based decision support for opportunity analysis,… This allows us to replace intuitive decision-making by fact-based considerations. In addition… decision-making. Further testing and feedback is still required to enhance and calibrate the AI…,https://www.timreview.ca/sites/default/files/article_PDF/TIMReview_December2019%20-%20C%20-%20Final.pdf
Performance of ChatGPT as an AI-assisted decision support tool in medicine: a proof-of-concept study for interpreting symptoms and management of common cardiac …,Full article: Performance of ChatGPT as an AI-assisted decision support tool in medicine: a proof-of-concept study for interpreting symptoms and management of common cardiac …,https://www.tandfonline.com/doi/pdf/10.1080/00015385.2024.2303528
Developing an AI-assisted clinical decision support system to enhance in-patient holistic health care,"… By applying AI technology, this study has developed an LSTM-based decision support system learning from patients’ medical records and decisions made by clinicians so that it …",https://journals.plos.org/plosone/article/file?id=10.1371/journal.pone.0276501&type=printable
Predictive analytics for market trends using AI: A study in consumer behavior,"… the potential of AI in predictive analytics. In conclusion, predictive analytics using AI offers … the accuracy and applicability of AIdriven predictive analytics in diverse market contexts. …",https://www.researchgate.net/profile/Daniel-Ajiga/publication/383410055_Predictive_analytics_for_market_trends_using_AI_A_study_in_consumer_behavior/links/66cb61b375613475fe7b68ef/Predictive-analytics-for-market-trends-using-AI-A-study-in-consumer-behavior.pdf
"Artificial intelligence applications for workflow, process optimization and predictive analytics","… AI has the potential to enhance all levels of the … AI related to process improvement and operations in the radiology department. This article focuses on the potential additive value of AI, …",https://www.neuroimaging.theclinics.com/article/S1052-5149(20)30063-0/pdf
Enhancing financial forecasting accuracy through AI-driven predictive analytics models,"… use of AI in the financial industry, we evaluate the capability of AIpowered predictive analytics, … Utilizing machine learning algorithms, neural networks, and big data analytics, AI models …",https://www.researchgate.net/profile/Muhammad-Ashraf-Faheem/publication/386330757_Enhancing_Financial_Forecasting_Accuracy_Through_AI-_Driven_Predictive_Analytics_Models/links/674d7d6aa7fbc259f1a5c68c/Enhancing-Financial-Forecasting-Accuracy-Through-AI-Driven-Predictive-Analytics-Models.pdf
Beyond predictive learning analytics modelling and onto explainable artificial intelligence with prescriptive analytics and ChatGPT,… use of predictive analytics within the LA field is widespread and on the rise. The literature points to an acute gap in the current research concerning the use of predictive analytics tools …,https://link.springer.com/content/pdf/10.1007/s40593-023-00336-3.pdf
Predictive Analytics and Generative AI in Oil & Gas: Transforming Wellbore Stability and Hazard Detection,"… This is because predictive analytics make it possible for … On the other hand, generative AI imitates actual-life scenarios, … , and future of predictive analytics and generative AI in the oil …",https://www.researchgate.net/profile/Muhammad-Ashraf-Faheem/publication/386330836_Predictive_Analytics_and_Generative_AI_in_Oil_Gas_Transforming_Wellbore_Stability_and_Hazard_Detection/links/674d7719876bd1777836ac53/Predictive-Analytics-and-Generative-AI-in-Oil-Gas-Transforming-Wellbore-Stability-and-Hazard-Detection.pdf
Integrating Artificial Intelligence with Cloud Business Intelligence: Enhancing Predictive Analytics and Data Visualization,"… Data visualization complements predictive analytics by … the integration of predictive analytics and data visualization within … of various predictive analytics techniques, including predictive …",https://www.researchgate.net/profile/Swetha-Chinta-2/publication/387270889_Integrating_Artificial_Intelligence_with_Cloud_Business_Intelligence_Enhancing_Predictive_Analytics_and_Data_Visualization/links/6765e5ee117f340ec3d020be/Integrating-Artificial-Intelligence-with-Cloud-Business-Intelligence-Enhancing-Predictive-Analytics-and-Data-Visualization.pdf
Predictive analytics in health care: how can we know it works?,… The current interest in predictive analytics for … artificial intelligence and machine learning to forecast future events (possibly in real time) to improve the health of individuals. Predictive …,https://academic.oup.com/jamia/article-pdf/26/12/1651/34152002/ocz130.pdf
Artificial Intelligence and Machine Learning in CRM: Leveraging Data for Predictive Analytics,"… The article highlights the transformative role of AI and ML in CRM, notably how these technologies enable predictive analytics. Using the power of AI and ML, predictive analytics permit …",https://www.researchgate.net/profile/Ravi-Teja-Potla/publication/388177970_Artificial_Intelligence_and_Machine_Learning_in_CRM_Leveraging_Data_for_Predictive_Analytics/links/678d762975d4ab477e4fc596/Artificial-Intelligence-and-Machine-Learning-in-CRM-Leveraging-Data-for-Predictive-Analytics.pdf
Leveraging predictive analytics for strategic decision-making: Enhancing business performance through data-driven insights,"… driving predictive analytics capabilities (Bag, Pretorius, Gupta, & Dwivedi, 2021). AI techniques … For example, in customer service, AI-powered predictive analytics can analyze customer …",https://wjarr.co.in/sites/default/files/WJARR-2024-1961.pdf
"Big data, data analytics and artificial intelligence in accounting: An overview","… Therefore, forecasting is the core of predictive analytics. Advanced technology and … AI is an excellent example of predictive analytics. AI systems absorb a significant amount of …",https://papers.ssrn.com/sol3/Delivery.cfm?abstractid=4061311
Cybersecurity threats detection in intelligent networks using predictive analytics approaches,… Predictive analytics is surfaced to be a powerful tool in the fight … This paper presents a comprehensive overview of how AI is transforming … Artificial Intelligence or AI involves simulation …,https://www.researchgate.net/profile/Deepak-Dasaratha-Rao/publication/381675573_Cybersecurity_Threats_Detection_in_Intelligent_Networks_using_Predictive_Analytics_Approaches/links/66f58645906bca2ac3cf7cd4/Cybersecurity-Threats-Detection-in-Intelligent-Networks-using-Predictive-Analytics-Approaches.pdf
Machine Learning: The Driving Force Behind Intelligent Systems and Predictive Analytics,… intelligent systems and also revolutionized the landscape of predictive analytics. It is rooted in the principles of the artificial intelligence that machine learning is capable to empower the …,https://www.researchgate.net/profile/Priyanka-Patil-41/publication/383803437_Machine_Learning_The_Driving_Force_Behind_Intelligent_Systems_and_Predictive_Analytics/links/672bd88d2326b47637cc844f/Machine-Learning-The-Driving-Force-Behind-Intelligent-Systems-and-Predictive-Analytics.pdf
Harnessing AI-Driven Data Mining for Predictive Insights: A Framework for Enhancing Decision-Making in Dynamic Data Environments,"… Many industries have found that AI-aided data mining can greatly improve their decisions. In finance, predictive analytics is used in credit risk management, credit card fraud detection, …",https://www.researchgate.net/profile/Guru-Selvarajan/publication/385557912_Harnessing_AI-Driven_Data_Mining_for_Predictive_Insights_A_Framework_for_Enhancing_Decision-_Making_in_Dynamic_Data_Environments/links/672a94962326b47637c9f71b/Harnessing-AI-Driven-Data-Mining-for-Predictive-Insights-A-Framework-for-Enhancing-Decision-Making-in-Dynamic-Data-Environments.pdf
Predictive analytics and governance: a new sociotechnical imaginary for uncertain futures,… We supplement our findings drawing examples from official documents emanating from European institutions devoted to AI and predictive analytics. We do not claim this to be a …,https://www.cambridge.org/core/services/aop-cambridge-core/content/view/174707A63986C20944868D08794D4B31/S1744552322000477a.pdf/predictive-analytics-and-governance-a-new-sociotechnical-imaginary-for-uncertain-futures.pdf
Strategy for and with AI,… that AI transforms the strategist’s choices about which KPIs to optimize and how to optimize … implications of machine learning and AI for both identifying and optimizing strategic metrics. …,https://www.researchgate.net/profile/Michael-Schrage/publication/337926463_Strategy_For_and_With_AI/links/5df4030b92851c83647b63b1/Strategy-For-and-With-AI.pdf
Artificial neural networks based optimization techniques: A review,"… has been done to enhance artificial intelligence (AI) using optimization techniques. In this … ) based optimization algorithm techniques with some of the famous optimization techniques, eg…",https://www.mdpi.com/2079-9292/10/21/2689/pdf
Applications of artificial intelligence in water treatment for optimization and automation of adsorption processes: Recent advances and prospects,… of AI is also expected to reduce the operational expenditures of the water treatment process by decreasing the cost and optimizing chemicals usage. This review summarizes various AI …,https://pure.ulster.ac.uk/files/93151432/1_s2.0_S1385894721015965_main.pdf
"Sustainable ai: Environmental implications, challenges and opportunities","… of AI at-scale, we must look beyond efficiency optimization and complement efficiency and utilization optimization with efforts to tackle the remaining embodied carbon footprint of AI …",https://proceedings.mlsys.org/paper_files/paper/2022/file/462211f67c7d858f663355eff93b745e-Paper.pdf
Building a sustainable economy-how ai can optimize resource allocation,"… into artificial intelligence (AI) and its potential for optimizing resource allocation, we cannot ignore the ethical implications that arise from these technologies. The marriage of AI and …",https://conference-w.com/wp-content/uploads/2024/10/USA.P-0304102024.pdf#page=191
Application of artificial intelligence in automation of supply chain management,"… Adext (AI platform) can automate the handling and optimization of advertisements on various platforms including Google AdWords and Facebook. More importantly, it detects the most …",https://articlearchives.co/index.php/JSIS/article/download/4867/4828
Artificial intelligence in drug discovery and development,"… It further delves into the methodologies for optimizing and validating AI models, detailing the metrics used for quantitative assessment. The chapter then shifts focus to the drug discovery …",https://pmc.ncbi.nlm.nih.gov/articles/PMC7577280/pdf/main.pdf
Optimizing space-air-ground integrated networks by artificial intelligence,"… In this article, we propose the AI technique to optimize SAGINs, as the AI technique has … and explain how these problems can be solved by AI. Then, we consider the satellite traffic …",https://arxiv.org/pdf/1808.01053
Optimizing cloud resource allocation using advanced AI techniques: A comparative study of reinforcement learning and genetic algorithms in multi-cloud …,"… is pivotal for optimizing performance and minimizing costs, … analysis of two advanced artificial intelligence techniques—… for its robust global optimization through evolutionary strategies, …",https://wjarr.co.in/sites/default/files/WJARR-2020-0261.pdf
An overview of artificial intelligence applications for power electronics,"… by AI, including optimization, classification, regression, and data structure exploration. The applications of four categories of AI … opportunities in the application of AI for power electronics. …",https://ieeexplore.ieee.org/iel7/63/4359240/09200511.pdf
AI-Enhanced lifecycle assessment of renewable energy systems,"… AI and machine learning are revolutionizing the way we assess and optimize the environmental impact and sustainability of renewable energy systems. By employing these techniques, …",https://www.researchgate.net/profile/Kelvin-Bassey-2/publication/383874831_AI-Enhanced_lifecycle_assessment_of_renewable_energy_systems/links/66df27f164f7bf7b19a2e022/AI-Enhanced-lifecycle-assessment-of-renewable-energy-systems.pdf
AI for 5G: research directions and paradigms,"… optimization of two or more blocks, AI algorithms also achieve success, eg, the aforementioned joint optimization … 59] both provide a comprehensive summary of AI in the physical layer. …",https://arxiv.org/pdf/1807.08671
AI in Dynamic Data Sharding for Optimized Performance in Large Databases,… This paper presents an innovative approach that integrates artificial intelligence (AI) techniques to automate and optimize the dynamic sharding process. By leveraging machine …,https://www.academia.edu/download/119017192/413_440_ijmlrcai_2022.pdf
The roadmap to 6G: AI empowered wireless networks,"… Meanwhile, AI will play a critical role in designing and optimizing 6G architectures, protocols… AI applications, as well as AI-enabled methodologies for 6G network design and optimization…",https://arxiv.org/pdf/1904.11686
Analyzing the Challenges and Obstacles to Developing and Fielding Autonomous and Semi-Autonomous Systems,… semi-autonomous systems operate on a system of systems (… Unmanned systems present a significant challenge for the … developing semi-autonomous and autonomous systems through …,https://www.academia.edu/download/94607809/343437553.pdf
A review of essential technologies for autonomous and semi-autonomous articulated heavy vehicles,… These PSSs are featured with semiautonomous driving functions. AHVs represent a 7.5 … proposed and examined for autonomous and semi-autonomous AHVs. The pros and cons of the …,https://library.upei.ca/islandora/object/csme2020%3A62/datastream/PDF/download/csme2020_62.pdf
Clustering optimization for abnormality detection in semi-autonomous systems,… in multisensory data coming from a semiautonomous vehicle. We use an extension of … maneuvering tasks performed by a semi-autonomous vehicle that interacts with pedestrians …,https://www.researchgate.net/profile/Damian-Campo-2/publication/336239352_Clustering_Optimization_for_Abnormality_Detection_in_Semi-Autonomous_Systems/links/5db86f18299bf1a47bfd402d/Clustering-Optimization-for-Abnormality-Detection-in-Semi-Autonomous-Systems.pdf
A review of computer vision for semi-autonomous control of assistive robotic manipulators (ARMs),… semi-autonomous behaviour of the different systems. This is done by identifying which parts of the system … This framework suggests that a semi-autonomous system can be split into four …,https://vbn.aau.dk/files/495942591/review_paper_accepted_manuscript.pdf
Navigation systems panel report navigation systems for autonomous and semi-autonomous vehicles: Current trends and future challenges,… The world is abuzz with semi-autonomous and fully autonomous … system failure for these vehicles could have intolerable consequences. Navigation systems for future semi-autonomous …,https://par.nsf.gov/servlets/purl/10119491
Application of UAV swarm semi-autonomous system for the linear photogrammetric survey,"… As a result, new modules have been developed based on all of the functionalities of our current semi-autonomous architecture: the swarm system in Mission Planner (MP), which is in …",https://isprs-archives.copernicus.org/articles/XLIII-B1-2022/407/2022/isprs-archives-XLIII-B1-2022-407-2022.pdf
Optimal switching policy between driving entities in semi-autonomous vehicles,"… Location/environment and switching risks are quantified in semi-autonomous vehicles. … autonomous system in certain situations. In level 4 automation, the autonomous driving system is …",https://www.researchgate.net/profile/Anahita-Khojandi-2/publication/339662007_Optimal_switching_policy_between_driving_entities_in_semi-autonomous_vehicles/links/5e614112299bf182deed4e23/Optimal-switching-policy-between-driving-entities-in-semi-autonomous-vehicles.pdf
"Defining semi-autonomous, automated and autonomous weapon systems in order to understand their ethical challenges","… This article offers a typology of these weapon systems by distinguishing between semi-autonomous, automated and autonomous weapons. This necessary distinction allows for a better …",https://scholar.archive.org/work/wngihnu7t5b2reecmeje73e7zy/access/wayback/https://link.springer.com/content/pdf/10.1057/s42984-020-00028-5.pdf?error=cookies_not_supported&code=abf7bd0b-b666-40e7-a1fe-93f40e005c35
Efficiency of Semi‐Autonomous and Fully Autonomous Bus Services in Trunk‐and‐Branches Networks,"… This section presents the models for the operating and capital costs of conventional, semi-autonomous, and fully autonomous buses. The notation adopted in the paper is summarized …",https://onlinelibrary.wiley.com/doi/pdf/10.1155/2019/7648735
Semi-autonomous avatar enabling unconstrained parallel conversations–seamless hybrid of WOZ and autonomous dialogue systems–,… We propose a novel framework of parallel conversations with semi-autonomous … system and conduct further experiments to fill the gap between the current semi-autonomous system …,https://www.tandfonline.com/doi/pdf/10.1080/01691864.2021.1928549
Towards of a modular framework for semi-autonomous driving assistance systems,"… Even though the design is ready and the simulations have a low error rate, actual tests with the instrumentation system are required to verify the semi-autonomous steering quality of our …",https://www.academia.edu/download/97365008/s12008-018-0465-920230116-1-1nm8yqw.pdf
Active safety system for semi-autonomous teleoperated vehicles,"… Contributions To address the above challenges, this paper presents an active safety system … driver assistance system (Sec. II), based on MPC, for a teleoperated semi-autonomous road …",https://arxiv.org/pdf/2106.14554
Semi-autonomous grasping system based on eye movement and EEG to assist the interaction between the disabled and environment,"… In this paper, a semi-autonomous grasping system based on EEG and eye movement signals is presented. Users only need to gaze the object and keep focused, then manipulator will …",https://www.techrxiv.org/doi/pdf/10.36227/techrxiv.14604138
Influence of lane width on semi-autonomous vehicle performance,"… Unfortunately, existing semi-autonomous systems are in an early development stage and disengagements are relatively frequent. This may lead to drivers being unwilling to activate the …",https://riunet.upv.es/bitstream/handle/10251/162864/Garc%C3%ADa?sequence=7
Alphastar: An evolutionary computation perspective,"… This part of the training process was built upon multi-agent RL and game-theoretic perspectives [2, 10], but the very notion of a population is central to evolutionary computation (EC), …",https://arxiv.org/pdf/1902.01724
Reinforcement learning versus evolutionary computation: A survey on hybrid algorithms,… blends with one or more techniques from Evolutionary Computation (EC) resulting in hybrid … We denote this class of hybrid algorithmic techniques as the evolutionary computation …,https://www.researchgate.net/profile/Mohamed-Mourad-Lafifi/post/Any_reference_paper_with_detailing_on_how_to_hybradize_Q-Learning_algorithm_with_Genetic_Algorithm_especially_for_a_variable_optimization_problem/attachment/60213347e501d80001b17f3e/AS%3A988921009819663%401612788550903/download/Reinforcement+learning+versus+evolutionary+computation+_+A+survey+on+hybrid+algorithms+_+Drugan2018.pdf
Recent trends in the use of statistical tests for comparing swarm and evolutionary computing algorithms: Practical guidelines and a critical review,"… Moreover, the results achieved and final rankings of this competition are supposed to indicate what is the state-of-the-art in evolutionary computation and against which algorithms our …",https://arxiv.org/pdf/2002.09227
The surprising creativity of digital evolution: A collection of anecdotes from the evolutionary computation and artificial life research communities,… organisms are and how natural their evolution can be. To our … artificial life and evolutionary computation who have provided … and importance of evolutionary surprises extends beyond …,https://direct.mit.edu/artl/article-pdf/26/2/274/1896071/artl_a_00319.pdf
A survey on evolutionary machine learning,"… Evolutionary computation is an umbrella of population-based intelligent/learning algorithms … This paper provides a review on evolutionary machine learning, ie evolutionary computation …",https://www.tandfonline.com/doi/pdf/10.1080/03036758.2019.1609052
Automated algorithm selection: Survey and perspectives,"… continuous optimisation, the performance of popular evolutionary computation techniques—such as differential evolution, evolution strategies, and particle swarm optimisation—has …",https://arxiv.org/pdf/1811.11597
Bio-inspired computation: Where we stand and what's next,"… as Evolutionary Computation (EC, [6]). A special mention should be also given to Differential Evolution (… Simultaneously to the forge of the EC field, the availability of more computational …",https://dr.ntu.edu.sg/bitstream/10356/143184/2/Bio-inspired%20computation%20Where%20we%20stand%20and%20what%27s%20next.pdf
Evolutionary constrained multiobjective optimization: Test suite construction and performance comparisons,"For solving constrained multiobjective optimization problems (CMOPs), many algorithms have been proposed in the evolutionary computation research community for the past two …",https://staff.fmi.uvt.ro/~daniela.zaharie/ma2019/Projects/ResearchPapers/MultiobjectiveOptimization/MOEA_TestSuites_2019.pdf
Surrogate-assisted evolutionary deep learning using an end-to-end random forest-based performance predictor,"Convolutional neural networks (CNNs) have shown remarkable performance in various real-world applications. Unfortunately, the promising performance of CNNs can be achieved …",https://openaccess.wgtn.ac.nz/articles/journal_contribution/Surrogate-Assisted_Evolutionary_Deep_Learning_Using_an_End-to-End_Random_Forest-Based_Performance_Predictor/13158302/1/files/25303568.pdf
Large language models as evolutionary optimizers,"… Specifically, in each generation of the evolutionary search, LMEA instructs the LLM to … in evolutionary search. In summary, our results reveal the great potentials of LLMs as evolutionary …",https://arxiv.org/pdf/2310.19046
One pixel attack for fooling deep neural networks,"… one-pixel adversarial perturbations based on differential evolution (DE). It requires less … of DE (or broadly speaking, evolutionary computation) in the domain of adversarial machine …",https://arxiv.org/pdf/1710.08864
Evolving deep convolutional neural networks for image classification,"Evolutionary paradigms have been successfully applied to neural network designs for two decades. Unfortunately, these methods cannot scale well to the modern deep neural networks …",https://arxiv.org/pdf/1710.10741
"A review on genetic algorithm: past, present, and future",… of recent advances in genetic algorithms is discussed. The genetic algorithms of great interest … demanding researchers to provide the wider vision of genetic algorithms. The well-known …,https://link.springer.com/content/pdf/10.1007/s11042-020-10139-6.pdf
"Genetic algorithm: Theory, literature review, and application in image reconstruction",… Multi-parent recombination with simplex crossover in real coded genetic algorithms. In Proceedings of the 1st Annual Conference on Genetic and Evolutionary Computation-Volume 1 (…,https://www.researchgate.net/profile/Seyedali-Mirjalili/publication/347096197_Nature-Inspired_Optimizers_Theories_Literature_Reviews_and_Applications_Theories_Literature_Reviews_and_Applications/links/63ecb5cd51d7af0540272e22/Nature-Inspired-Optimizers-Theories-Literature-Reviews-and-Applications-Theories-Literature-Reviews-and-Applications.pdf#page=81
Vehicle Routin1 with Time Windows usin1 Genetic Algorithms,"… In this chapter we describe GIDEON, a Genetic Algorithm for heuristically solving the VRPTW. GIDEON has a global customer clustering method and a local post-optimization method. …",https://citeseerx.ist.psu.edu/document?repid=rep1&type=pdf&doi=29642d1f64de11c5521040f4b6cadb06401303aa
Pygad: An intuitive genetic algorithm python library,"… This paper introduces PyGAD, an open-source easy-to-use Python library for building the genetic algorithm (GA) and solving multi-objective optimization problems. PyGAD is designed …",https://arxiv.org/pdf/2106.06158
Prediction of Indonesian inflation rate using regression model based on genetic algorithms,… Genetic algorithms are generally used to deal with the optimization problems. “Genetic Algorithm” is a solution-search algorithm … This study used Genetic algorithms for optimization in …,https://join.if.uinsgd.ac.id/index.php/join/article/download/532/142
Genetic algorithm and machine learning,"Genetic algorithm is based on the natural search process, which mimics natural growth and employs approaches inspired by natural evolution to solve optimization problems, …",https://www.researchgate.net/profile/Ankur-Gupta-82/publication/366846098_Genetic_Algorithm_and_Machine_Learning/links/63b4eb72a03100368a4fac0e/Genetic-Algorithm-and-Machine-Learning.pdf
Mathematical modeling method based on genetic algorithm and its applications,"… Diagram of the genetic algorithm. As the dignity of the genetic algorithm secrete a number of … First, the genetic algorithm handles encoded values of the parameters of the task. Secondly, …",https://iopscience.iop.org/article/10.1088/1742-6596/1203/1/012082/pdf
Choosing mutation and crossover ratios for genetic algorithms—a review with a new dynamic approach,Genetic algorithm (GA) is an artificial intelligence search method that uses the process of … and is under the umbrella of evolutionary computing algorithm. It is an efficient tool for solving …,https://www.mdpi.com/2078-2489/10/12/390/pdf
Polymer design using genetic algorithm and machine learning,"… Here, we employ a nature-mimicking optimization method, the genetic algorithm, in tandem … have been selected and revealed by the algorithm. The approach presented here is general …",https://www.sciencedirect.com/science/article/am/pii/S0927025620305589
Genetic algorithms for computational materials discovery accelerated by machine learning,… analyzing how to augment convergence in genetic algorithm-based approaches by using … learning accelerated genetic algorithm combining robust qualities of the genetic algorithm with …,https://www.nature.com/articles/s41524-019-0181-4.pdf
Logic guided genetic algorithms (student abstract),"… We present a novel Auxiliary Truth enhanced Genetic Algorithm (GA) that uses logical or … symbolic regression (SR) algorithms. Our method, logicguided genetic algorithm (LGGA), takes …",https://ojs.aaai.org/index.php/AAAI/article/view/17873/17678
Automatically designing CNN architectures using the genetic algorithm for image classification,"… genetic algorithms, to effectively address the image classification tasks. The most merit of the proposed algorithm … of CNNs when using the proposed algorithm, while they can still obtain …",https://arxiv.org/pdf/1808.03818
"Grid search, random search, genetic algorithm: a big comparison for NAS","… popular algorithms for hyperparameter optimization (Grid Search, Random Search, and Genetic Algorithm) … We use these algorithms for building a convolutional neural network (search …",https://arxiv.org/pdf/1912.06059
Genetic algorithm based on natural selection theory for optimization problems,"… In this study, we proposed the new GABONST based on the existing genetic algorithm (GA) for the optimization problem. GABONST has the same concept as the conventional GA, …",https://www.mdpi.com/2073-8994/12/11/1758/pdf
Hyperparameter optimization in convolutional neural network using genetic algorithms,… Genetic Algorithm Optimization The difference between genetic algorithms and evolutionary algorithms is that the genetic algorithms rely on the binary representation of individuals (an …,https://pdfs.semanticscholar.org/c02f/877d81f487106cbd437f3f8d46b1496a897f.pdf
Optimization strategies for Microgrid energy management systems by Genetic Algorithms,… In this work we investigate different strategies for the synthesis of a FIS (ie rule based) EMS by means of a hierarchical Genetic Algorithm (GA) with the aim to maximize the profit …,https://iris.uniroma1.it/bitstream/11573/1353176/1/Leonori_Optimization-strategies_2020.pdf
A comparative review between Genetic Algorithm use in composite optimisation and the state-of-the-art in evolutionary computation,"… of Genetic Algorithms within the field of optimisation, the use of Genetic Algorithms in … found by searching the keywords “Genetic Algorithm for composite material and structure”. …",https://eprints.soton.ac.uk/436192/1/Final_Version_of_the_Paper_Manuscript.pdf
Augmenting genetic algorithms with deep neural networks for exploring the chemical space,"… Our generator is a genetic algorithm with a population of molecules m. In each generation, the fitness of all molecules is evaluated as a linear combination of molecular properties J(m) …",https://arxiv.org/pdf/1909.11655
Designing neural networks through neuroevolution,"… Finally, because neuroevolution research has (until recently) … key aspects of modern neuroevolution, including large-scale … , and to explain how neuroevolution could prove to be a …",https://www.researchgate.net/profile/Jeff-Clune/publication/330203191_Designing_neural_networks_through_neuroevolution/links/5e7243fc92851c93e0ac18ea/Designing-neural-networks-through-neuroevolution.pdf?_sg%5B0%5D=started_experiment_milestone&_sg%5B1%5D=started_experiment_milestone&origin=journalDetail
Neuroevolution in deep neural networks: Current trends and future challenges,… and limitations of using neuroevolution approaches in DNNs. … and challenges in neuroevolution and identifies multiple … feasible method (called neuroevolution) for the automated …,https://arxiv.org/pdf/2006.05415
A systematic literature review of the successors of “neuroevolution of augmenting topologies”,"… NeuroEvolution (NE) refers to a family of methods for optimizing Artificial Neural Networks (… For a comprehensive review on modern neuroevolution, not necessarily based on NEAT …",https://direct.mit.edu/evco/article-pdf/29/1/1/1888486/evco_a_00282.pdf
Neuroevolution of self-interpretable agents,"… We find neuroevolution ideal for training self-attention architectures for vision-based reinforcement learning (RL) tasks, allowing us to incorporate modules that can include discrete, non-…",https://dl.acm.org/doi/pdf/10.1145/3377930.3389847
Evojax: Hardware-accelerated neuroevolution,"… EvoJAX aims to improve the neuroevolution training … – the neuroevolution algorithm, the policy and the task. Although these components are common in conventional neuroevolution …",https://arxiv.org/pdf/2202.05008
Robust optimization through neuroevolution,We propose a method for evolving neural network controllers robust with respect to variations of the environmental conditions (ie that can operate effectively in new conditions …,https://journals.plos.org/plosone/article/file?id=10.1371/journal.pone.0213193&type=printable
Fast denser: Efficient deep neuroevolution,The search for Artificial Neural Networks (ANNs) that are effective in solving a particular task is a long and time consuming trial-and-error process where we have to make decisions …,https://drive.google.com/file/d/1u2V5K4vdss8rdjGLiThItEfv3O3UhiMB/view
Deep neuroevolution of recurrent and discrete world models,"Neural architectures inspired by our own human cognitive system, such as the recently introduced world models, have been shown to outperform traditional deep reinforcement learning …",https://arxiv.org/pdf/1906.08857
Scaling map-elites to deep neuroevolution,"Quality-Diversity (QD) algorithms, and MAP-Elites (ME) in particular, have proven very useful for a broad range of applications including enabling real robots to recover quickly from joint …",https://inria.hal.science/hal-03099878/document
Correspondence between neuroevolution and gradient descent,"… Now consider a simple neuroevolution scheme in which we … process, this form of neuroevolution is therefore equivalent to … not increase, weights under neuroevolution evolve …",https://www.nature.com/articles/s41467-021-26568-2.pdf
Neorl: Neuroevolution optimization with reinforcement learning,"… In addition, we provide an implementation of ACKTR-DE as another neuroevolution alternative that can be promising for continuous optimization. Both of these neuroevolution …",https://arxiv.org/pdf/2112.07057
Neuroevolution machine learning potentials: Combining high accuracy and low cost in atomistic simulations and application to heat transport,We develop a neuroevolution-potential (NEP) framework for generating neural network-based machine-learning potentials. They are trained using an evolutionary strategy for …,https://arxiv.org/pdf/2107.08119
Efficient training and design of photonic neural network through neuroevolution,… based on neuroevolution to design and train ONNs. Two typical neuroevolution algorithms are … of the training algorithms based on neuroevolution are competitive with other traditional …,https://opg.optica.org/viewmedia.cfm?seq=0&uri=oe-27-26-37150
Neuroevolution-based generation of tests and oracles for games,"… In this paper we introduce Neatest, an approach that implements this idea using neuroevolution … • We propose Neatest, a novel test generation approach that uses the NeuroEvolution of …",https://arxiv.org/pdf/2208.13632
Neuroevolution for parameter adaptation in differential evolution,"Parameter adaptation is one of the key research fields in the area of evolutionary computation. In this study, the application of neuroevolution of augmented topologies to design efficient …",https://www.mdpi.com/1999-4893/15/4/122/pdf
The AI Revolution in Financial Services: Emerging Methods for Fraud Detection and Prevention,"… With advances in technology, artificial intelligence (AI) has become an effective tool in detecting and preventing financial fraud. The use of AI in financial fraud detection provides several …",https://ejournal.pancawidya.or.id/index.php/galaksi/article/download/5/5
Java in Action: AI for Fraud Detection and Prevention,"… Artificial Intelligence (AI) systems for fraud detection and prevention. Java has long been a trusted choice for building scalable and robust applications, and AI is … to prevent fraudulent …",https://www.academia.edu/download/111710534/CSEIT239063.pdf
Artificial intelligence and fraud detection,"… We do not attempt to review the entire literature on fraud, nor do we cover artificial intelligence or even machine learning in depth. The primary objective of the chapter is to identify the …",https://papers.ssrn.com/sol3/Delivery.cfm?abstractid=3738618
AI-Enhanced Data Mining Techniques for Large-Scale Financial Fraud Detection,"… AI not only improves the timeliness of fraud detection but also facilitates the identification of complex fraud … necessity of adopting AI-enhanced strategies for proactive fraud prevention, …",https://www.researchgate.net/profile/Dileep-Kumar-Chikwarti/publication/385720858_AI-Enhanced_Data_Mining_Techniques_for_Large-Scale_Financial_Fraud_Detection/links/6732c54268de5e5a30739b18/AI-Enhanced-Data-Mining-Techniques-for-Large-Scale-Financial-Fraud-Detection.pdf
AI-Powered Fraud Detection in Banking: Safeguarding Financial Transactions,"… Given the pervasive nature of banking fraud in our digital society, the utilization of artificial intelligence algorithms for fraud detection stands as a critical and timely endeavor, promising …",https://inlibrary.uz/index.php/tajmei/article/download/35397/35946
A secure ai-driven architecture for automated insurance systems: Fraud detection and risk measurement,"… claim submission, and improve fraud detection efficiency. In addition, we propose to employ two machine learning methods to build the fraud detection and risk measurement modules. …",https://ieeexplore.ieee.org/iel7/6287639/8948470/09046765.pdf
Leveraging AI for Fraud Detection in Identity and Access Management: A Focus on Large-Scale Customer Data,"… This study examines the application of artificial intelligence (AI) in detecting fraud within … of fraud schemes. Artificial intelligence (AI) encompasses machine learning algorithms, anomaly …",https://papers.ssrn.com/sol3/Delivery.cfm?abstractid=5117225
Identify fraud detection in corporate tax using Artificial Intelligence advancements,… Research Objectives: The primary objective of this research is to investigate and evaluate the application of AI advancements in corporate tax fraud detection. The study aims to achieve …,https://ijsdcs.com/index.php/IJMLSD/article/download/468/188
Open AI and its Impact on Fraud Detection in Financial Industry,"… are overwhelmingly shifting to AI to help in efficient fraud detection. Multiple industries including banking, fintech and e-commerce have already adopted fraud detection solutions. Using …",https://papers.ssrn.com/sol3/Delivery.cfm?abstractid=4684331
Insurance fraud detection: Evidence from artificial intelligence and machine learning,… This study proposes a framework for fraud detection in the … applied for developing a fraud detection mechanism. Six metrics … The findings of this study are beneficial for fraud detection in …,https://www.sciencedirect.com/science/article/am/pii/S0275531922001325
Artificial intelligence in fraud prevention: Exploring techniques and applications challenges and opportunities,"… fraud detection and prevention. As we delve deeper into the exploration of AI-driven fraud … Here, we explore some of the key AI techniques employed in fraud detection (Hasan, Gazi & …",https://www.researchgate.net/profile/Oluwabusayo-Bello/publication/383264952_Artificial_intelligence_in_fraud_prevention_Exploring_techniques_and_applications_challenges_and_opportunities/links/66c50f434b25ef677f72463c/Artificial-intelligence-in-fraud-prevention-Exploring-techniques-and-applications-challenges-and-opportunities.pdf
AI-Driven Database Systems in FinTech: Enhancing Fraud Detection and Transaction Efficiency,… AI-driven database systems change FinTech fraud detection … language processing improve fraud detection and transaction … to assess financial services AI integration performance via …,https://www.researchgate.net/profile/Aditya-Manikyala/publication/386575787_AI-Driven_Database_Systems_in_FinTech_Enhancing_Fraud_Detection_and_Transaction_Efficiency/links/6757ab093f7c7c7a83216b06/AI-Driven-Database-Systems-in-FinTech-Enhancing-Fraud-Detection-and-Transaction-Efficiency.pdf
E‐Commerce Fraud Detection Model by Computer Artificial Intelligence Data Mining,… AI technologies have exerted great potential and brought recent … fraud detection model (FDM) to trace the fraudster online within their few clicks of the mouse. Traditional lie detection …,https://onlinelibrary.wiley.com/doi/pdf/10.1155/2022/8783783
"Blockchain and AI-empowered healthcare insurance fraud detection: an analysis, architecture, and future prospects",… for Artificial Intelligence (AI) and blockchain-enabled secure health insurance fraud detection in … We proposed a blockchain and AI-based secure and intelligent system to detect health …,https://ieeexplore.ieee.org/iel7/6287639/6514899/09843995.pdf
Towards design principles for user-centric explainable AI in fraud detection,… fraud detection within a European bank. We identify the problem of fraud experts’ lack of trust towards AI … between their tasks and explanations to review fraud cases. The next step is to …,https://doras.dcu.ie/26056/1/Post_Print_CameraReady_HCII_2021_Towards_Design_Principles_for_User_Centric_Explainable_AI_in_Fraud_Detection.pdf
Transforming fintech fraud detection with advanced artificial intelligence algorithms,"… AI algorithms. These challenges necessitate a balanced approach that leverages the strengths of AI … As we explore the transformative role of AI in fintech fraud detection, it is clear that AI …",https://www.fepbl.com/index.php/farj/article/download/1036/1259
The advanced proprietary AI/ML solution as Anti-fraudTensorlink4cheque (AFTL4C) for Cheque fraud detection,,https://www.researchgate.net/profile/Prabhs-Uyyala/publication/371123538_The_advanced_proprietary_AIML_solution_as_Anti-fraud-_Tensorlink4cheque_AFTL4C_for_Cheque_fraud_detection/links/6479e308d702370600cc44b8/The-advanced-proprietary-AI-ML-solution-as-Anti-fraud-Tensorlink4cheque-AFTL4C-for-Cheque-fraud-detection.pdf?origin=journalDetail&_tp=eyJwYWdlIjoiam91cm5hbERldGFpbCJ9
Fraud detection in ecommerce payment systems: The role of predictive ai in real-time transaction security and risk management,… face of rising challenges and fraud attempts that are perilous … AI has become a quintessential tool for fraud detection in real time in these systems. Traditional rule-based fraud detection …,https://www.researchgate.net/profile/Rahul-Khurana-10/publication/386576119_Fraud_Detection_in_eCommerce_Payment_Systems_The_Role_of_Predictive_AI_in_Real-Time_Transaction_Security_and_Risk_Management/links/675795623f7c7c7a832168ec/Fraud-Detection-in-eCommerce-Payment-Systems-The-Role-of-Predictive-AI-in-Real-Time-Transaction-Security-and-Risk-Management.pdf
"Artificial intelligence in the digital twins: State of the art, challenges, and future research topics","… of digital twins in the combination with AI, this paper classifies the applications and prospects of AI in digital twins by … We discuss the application status of digital twins in the four areas of …",https://digitaltwin1.org/articles/1-12/pdf
The role of AI for developing digital twins in healthcare: The case of cancer care,"… In applying digital twins in combination with AI to complex … of a digital twin model combined with AI to address key, current … the role of AI techniques in developing digital twins for cancer …",https://wires.onlinelibrary.wiley.com/doi/pdf/10.1002/widm.1480
A review of digital twins and their application in cybersecurity based on artificial intelligence,"… between digital twins and artificial intelligence tools, which … the cybersecurity of these digital platforms based on their … artificial intelligence in providing cybersecurity for digital twin …",https://link.springer.com/content/pdf/10.1007/s10462-024-10805-3.pdf
Intelligent digital twins and the development and management of complex systems,"… organized and managed via digital twins. In addition, the development of Artificial Intelligence (AI) will result in … The advances in AI and M&S will make possible the Intelligent digital twin. …",https://digitaltwin1.org/articles/2-8/pdf
Toward intelligent cyber-physical systems: Digital twin meets artificial intelligence,"… and more accurate digital twins can be devised where autonomy is achieved through AI-controlled … This article overviews the digital twin as a CPS solution, where AI is introduced as the …",https://e-archivo.uc3m.es/bitstream/handle/10016/33912/Towards_CM_2021_ps.pdf?sequence=1
Digital twins: artificial intelligence and the IoT cyber-physical systems in Industry 4.0,"… artificial intelligence (AI), is evolving at the edge. With consideration of the above, our research focus was on AI … was on conceptualisation of AI assimilation in ‘digital twins’ of CPS—that …",https://link.springer.com/content/pdf/10.1007/s41315-021-00180-5.pdf
"Digital twins: A survey on enabling technologies, challenges, trends and future prospects","Digital Twin (DT) is an emerging technology surrounded by many promises, and potentials to reshape the future of industries and society overall. A DT is a system-of-systems which …",https://repository.mdx.ac.uk/download/00d2caaa9af7d11f5df84a70d8fc102c0eb5f8d6e31b7af120df0afeb644a887/12601959/DT_Survey_Final_Accepted.pdf
Artificial intelligence in underwater digital twins sensor networks,"… driving factors of digital twins. With the gradual maturity of technology, digital twins has begun to … By continuously integrating the latest information, digital twins technology can bring the …",https://dl.acm.org/doi/pdf/10.1145/3519301
OpenAI ChatGPT generated literature review: Digital twin in healthcare,"… These technologies are likely to continue to be adapted in the future, both as a way to prepare for future pandemics and due to the advancement of artificial intelligence. This study looks …",https://papers.ssrn.com/sol3/Delivery.cfm?abstractid=4308687
Increasing acceptance of AI‐generated digital twins through clinical trial applications,"… in the form of an AI-generated digital twin. This could support … In this work, we focus on uses for AI-generated digital twins … the safe application of AI-generated digital twins in healthcare. …",https://ascpt.onlinelibrary.wiley.com/doi/pdf/10.1111/cts.13897
Smart city based on digital twins,"… Combination of digital twin and artificial intelligence in manufacturing using industrial IoT. In 2020 IEEE 11th international conference on dependable systems, services and …",https://link.springer.com/content/pdf/10.1007/s43762-021-00005-y.pdf
A comprehensive review of coverage path planning in robotics using classical and heuristic algorithms,"… in the path space domain. Hence, autonomous robots must overcome the obstacles by resolving the coverage path planning (CPP) problem for interacting in a complex environment. …",https://ieeexplore.ieee.org/iel7/6287639/6514899/09523743.pdf
Path planning for autonomous mobile robots: A review,… path planning solutions. This is the main motivation for writing this review paper: it describes in detail different path planning … on those algorithms aimed at robots that move on top of …,https://www.mdpi.com/1424-8220/21/23/7898/pdf
A survey of path planning algorithms for mobile robots,"… In this paper, we present an overview of the most frequently used path planning algorithms applicable to robots/AVs and discuss which algorithm is the best suited for a static/dynamic …",https://www.mdpi.com/2624-8921/3/3/27/pdf
Review of autonomous path planning algorithms for mobile robots,"… path planning algorithm of a mobile robot. We divide the path planning methods of mobile robots … In addition, we review a path planning algorithm for multi-robot systems and different …",https://www.mdpi.com/2504-446X/7/3/211/pdf
Path planning for ground robots in agriculture: A short review,"… For all of these processes, the autonomous robot navigation is essential. This step consists … path planning, a necessary part of the autonomous robot navigation. Path planning of a robot …",https://www.crkls.nl/app/uploads/2022/10/69OND_Planning_for_ground_robots_in_agriculture.pdf
Multi-robot path planning method using reinforcement learning,"… This paper proposes a noble multi-robot path planning … In conventional path planning algorithms, robots need to search a … Each robot in the multi-robot system is inherently required to …",https://www.mdpi.com/2076-3417/9/15/3057/pdf
A comparative review on mobile robot path planning: Classical or meta-heuristic methods?,… for motion planning and navigation of a mobile robot in static environments with numerous obstacles resulting in a hard to manoeuvre path. The main hypothesis is that a mobile robot …,https://salford-repository.worktribe.com/preview/1487650/Annual_Reviews_in_Control_MNAW_SNM_AA.pdf
A survey on path planning algorithms for mobile robots,"… path planning algorithms for different types of mobile robots. … PATH PLANNING ALGORITHMS In this section, are described path planning algorithms that can be applied to mobile robots…",https://www.researchgate.net/profile/Manuel-Silva-8/publication/342787879_A_Survey_on_Path_Planning_Algorithms_for_Mobile_Robots/links/5f06296b92851c52d620f088/A-Survey-on-Path-Planning-Algorithms-for-Mobile-Robots.pdf
Path planning of mobile robots based on an improved A* algorithm,"… of mobile robots’ path planning. The establishment of a mobile robot's working environment … In this paper, a grid model is used as the environment model for mobile robot path planning. …",https://www.academia.edu/download/107155557/Path_planning_of_mobile_robot_based_on_improved_A_algorithm.pdf
Reinforcement based mobile robot path planning with improved dynamic window approach in unknown environment,… The content of this paper covers the path planning algorithm of mobile robot and its combination with RL. A summary of the relevant works and results in these areas are as follows. …,https://www.researchgate.net/profile/Liang-Shan-14/publication/344438229_Reinforcement_based_mobile_robot_path_planning_with_improved_dynamic_window_approach_in_unknown_environment/links/60190477299bf1b33e407215/Reinforcement-based-mobile-robot-path-planning-with-improved-dynamic-window-approach-in-unknown-environment.pdf?_sg%5B0%5D=started_experiment_milestone&_sg%5B1%5D=started_experiment_milestone&origin=journalDetail&_rtd=e30%3D
HPPRM: hybrid potential based probabilistic roadmap algorithm for improved dynamic path planning of mobile robots,"… is relatively more straightforward, planning under dynamic and completely … robotics community. The work in this paper presents a solution for mobile robot navigation and path planning …",https://ieeexplore.ieee.org/iel7/6287639/8948470/09286439.pdf
Mobile robot path planning in dynamic environments through globally guided reinforcement learning,"… -planning strategies … -robot path planning problem in a fully distributed reactive manner. We evaluate our method across different map types, obstacle densities, and the number of robots…",https://arxiv.org/pdf/2005.05420
Graph-based path planning for autonomous robotic exploration in subterranean environments,"… robotics. The contribution proposed in this paper aims to offer a general in nature, but also optimized in design, path planning … and solutions-complete local planning strategy which is …",https://www.researchgate.net/profile/Shehryar-Khattak/publication/333916528_Graph-based_Path_Planning_for_Autonomous_Robotic_Exploration_in_Subterranean_Environments/links/6016e5f0299bf1b33e3d27c7/Graph-based-Path-Planning-for-Autonomous-Robotic-Exploration-in-Subterranean-Environments.pdf
Autonomous driving system: A comprehensive survey,"… of autonomous … autonomous driving, offering a comprehensive assessment of the technologies and innovations that are essential for moving toward a safe and efficient autonomous …",https://drive.google.com/file/d/1P6MuKyM9kCCtdxcFwUVBULcGcJj2wKHm/view
A Survey of Autonomous Driving: Common Practices and Emerging Technologies,"… driving into subcategories and employ an array of sensors and algorithms on various modules. More recently, end-to-end driving … such as ‘‘autonomous driving’’ and ‘‘self-driving car’’ in …",https://ieeexplore.ieee.org/iel7/6287639/8948470/09046805.pdf
Computing systems for autonomous driving: State of the art and challenges,"… current autonomous driving computing … autonomous driving, including seven performance metrics and nine key technologies, followed by 12 challenges to realize autonomous driving. …",https://arxiv.org/pdf/2009.14349
Planning-oriented autonomous driving,"… To this end, we introduce UniAD, a Unified Autonomous Driving … autonomous driving. The contributions are summarized as follows. (a) we embrace a new outlook of autonomous driving …",https://openaccess.thecvf.com/content/CVPR2023/papers/Hu_Planning-Oriented_Autonomous_Driving_CVPR_2023_paper.pdf
Explanations in autonomous driving: A survey,"… With the hope to deploy autonomous vehicles (AV) on a … the existing work in explainable autonomous driving. First, we open … interested in explanation provisions in autonomous driving. …",https://arxiv.org/pdf/2103.05154
nuscenes: A multimodal dataset for autonomous driving,"… Autonomous driving has the potential to radically change the … To achieve this, a modern self-driving vehicle deploys several … of any autonomous driving datasets that provide radar data. …",http://openaccess.thecvf.com/content_CVPR_2020/papers/Caesar_nuScenes_A_Multimodal_Dataset_for_Autonomous_Driving_CVPR_2020_paper.pdf
A2d2: Audi autonomous driving dataset,"… of autonomous driving systems. In this paper we present the Audi Autonomous Driving … We believe this is important for further advances in autonomous driving, and therefore have …",https://arxiv.org/pdf/2004.06320
DriveDreamer: Towards Real-World-Drive World Models for Autonomous Driving,"… driving videos, encompassing even long-tail scenarios, which can be utilized to train various driving … end-to-end driving, ushering in a new era of autonomous driving experiences. …",https://arxiv.org/pdf/2309.09777
End-to-end autonomous driving: Challenges and frontiers,… a crucial role in determining the driving experience. The most … We define end-to-end autonomous driving systems as fully … roadmap for end-to-end autonomous driving systems. End-to-…,https://ieeexplore.ieee.org/iel8/34/4359286/10614862.pdf
Edge computing for autonomous driving: Opportunities and challenges,"… of autonomous driving edge computing systems. In addition, it presents the security issues in autonomous driving as well … In Section II, we review the background of autonomous driving …",http://weisongshi.org/papers/liu19-EdgeAV.pdf
Towards connected autonomous driving: review of use-cases,"… autonomous vehicles. Therefore, the aim of this paper is to investigate the potential benefits that can be achieved from connected autonomous … performance of autonomous vehicles and …",https://openresearch.surrey.ac.uk/view/delivery/44SUR_INST/12139840760002346/13140569430002346
Deep learning for safe autonomous driving: Current challenges and future directions,"Advances in information and signal processing technologies have a significant impact on autonomous driving (AD), improving driving safety while minimizing the efforts of human …",https://ieeexplore.ieee.org/iel7/6979/9480662/09284628.pdf
A survey of deep learning techniques for autonomous driving,"… AI as central components of autonomous driving. The turning point is … autonomous driving, and provide a survey on state-of-the-art deep learning and AI methods applied to self-driving …",https://arxiv.org/pdf/1910.07738
"Autonomous driving, the built environment and policy implications",… Autonomous driving has started to receive attention not only … greater uncertainty about how autonomous vehicles in cities may … Visions of integrating autonomous vehicles into the urban …,https://elib.dlr.de/120740/1/Fraedrich_et_al_AV_Planning_resubmission_20180108.pdf
Scalability in perception for autonomous driving: Waymo open dataset,"… autonomous driving technology, we present the largest and most diverse multimodal autonomous driving … mounted on a fleet of self-driving vehicles. The geographical area captured by …",https://openaccess.thecvf.com/content_CVPR_2020/papers/Sun_Scalability_in_Perception_for_Autonomous_Driving_Waymo_Open_Dataset_CVPR_2020_paper.pdf
A review of motion planning for highway autonomous driving,"… partnership numerous autonomous driving projects financed … rules, to highlight the specific situation of highway driving. … planning by the next autonomous driving car generation, and …",https://eprints.qut.edu.au/132328/7/132328a.pdf
Exploring the limitations of behavior cloning for autonomous driving,"… portant to consider in complex driving scenarios, in particu- … in a safety-critical application like autonomous driving. Imitation learning … for more realistic and challenging driving behaviors. …",https://openaccess.thecvf.com/content_ICCV_2019/papers/Codevilla_Exploring_the_Limitations_of_Behavior_Cloning_for_Autonomous_Driving_ICCV_2019_paper.pdf
Advances in smart environment monitoring systems using IoT and sensors,"… We have briefly discussed in this section the main issues related to environment monitoring, SEM, the role of IoT, AI and WSNs in implementing SEM. The next part of the paper is …",https://www.mdpi.com/1424-8220/20/11/3113/pdf
"Real-time artificial intelligence based health monitoring, diagnosing and environmental control system for COVID-19 patients","… , environmental monitoring, and bio identification [21,22], etc. The key function of IoT in an emergency is to monitor … Our AI-Based Patient Monitoring System has been designed to help …",http://www.aimspress.com/aimspress-data/mbe/2022/8/PDF/mbe-19-08-357.pdf
Towards synoptic water monitoring systems: a review of AI methods for automating water body detection and water quality monitoring using remote sensing,… Both the quantity and the quality of freshwater systems are critical environmental features … the larger environmental challenges we face with climate change and associated stressors [6]. …,https://www.mdpi.com/1424-8220/22/6/2416/pdf
Efficient drone-based rare plant monitoring using a species distribution model and AI-based object detection,"… monitoring process. Given the plant species and a general region where it should be monitored, environmental … cliff faces provide a challenging environment to conduct plant monitoring. …",https://www.mdpi.com/2504-446X/5/4/110/pdf
"Artificial intelligence, systemic risks, and sustainability","… AI and associated technologies could lead to more effective uses of land- and seascapes, augmented environmental monitoring … sustainability risks as AI technologies diffuse into new …",https://www.sciencedirect.com/science/article/am/pii/S0160791X21002165
"Ag-IoT for crop and environment monitoring: Past, present, and future","… human behavior are artificial intelligence (AI), while a subset of AI that gives machines the ability … AI becomes an integral part of IoT due to its capability of using it as a data analytics tool. …",https://www.sciencedirect.com/science/article/am/pii/S0308521X22001330
AI for next generation computing: Emerging trends and future directions,"… Further, we discuss challenges and opportunities for leveraging AI and ML in next generation computing for emerging computing paradigms, including cloud, fog, edge, serverless and …",https://arxiv.org/pdf/2203.04159
Contributions and risks of artificial intelligence (AI) in building smarter cities: Insights from a systematic review of the literature,… internet of things in a user-centric smart city Sensors To discuss the links between AI and IoT in the context of smart city Describes how AI can contribute to environmental monitoring. …,https://www.mdpi.com/1996-1073/13/6/1473/pdf
An internet of things framework for real-time aquatic environment monitoring using an Arduino and sensors,"… Considering the limitations of the state-ofart models, in this paper, we propose an IoT framework for real-time aquatic environment monitoring using Arduino and sensors. To evaluate …",https://www.academia.edu/download/93526440/15434.pdf
Detection of environmental microfiber pollutants through vibrational spectroscopic techniques: recent advances of environmental monitoring and future prospects,… environmental monitoring system is highly essential for the instant detection of environmental … An immediate and accurate environmental monitoring system is crucial to investigate the …,https://www.researchgate.net/profile/Banismita-Tripathy/publication/365346889_Detection_of_Environmental_Microfiber_Pollutants_through_Vibrational_Spectroscopic_Techniques_Recent_Advances_of_Environmental_Monitoring_and_Future_Prospects/links/65800bcbaff8b16813b4f56c/Detection-of-Environmental-Microfiber-Pollutants-through-Vibrational-Spectroscopic-Techniques-Recent-Advances-of-Environmental-Monitoring-and-Future-Prospects.pdf
Realizing the potential of the internet of things for smart tourism with 5G and AI,"… To this end, in this article, we outline 5G and AI-empowered IoT systems for smart tourism. Efficient data transmission based on 5G technology and smart data processing based on AI …",https://www.researchgate.net/profile/Xiangjie-Kong-2/publication/346379497_Realizing_the_Potential_of_Internet_of_Things_for_Smart_Tourism_with_5G_and_AI/links/65f566e3286738732d528b17/Realizing-the-Potential-of-Internet-of-Things-for-Smart-Tourism-with-5G-and-AI.pdf
Artificial intelligence (AI) in agriculture,"… Peters et al. in “Harnessing AI to transform agriculture and inform agricultural research,” … , and opportunities for AI technologies in agriculture. They illustrate the potential of AI using four …",https://ieeexplore.ieee.org/iel7/6294/9097816/09098011.pdf
Applications of artificial intelligence in agriculture: A review.,"… The application of Artificial Intelligence (AI) has … AI in agriculture is its flexibility, high performance, accuracy, and cost-effectiveness. This paper presents a review of the applications of AI …",https://pdfs.semanticscholar.org/6e08/7108aa8048da8cfc82cdecb7071a55bab488.pdf
"IoT, big data, and artificial intelligence in agriculture and food industry","… In this review we present an overview of IoT, big data, and artificial intelligence (AI) and their … , big data, and AI, we discuss the role of IoT and big data analysis in agriculture (including …",https://agresearch.figshare.com/articles/journal_contribution/IoT_big_data_and_artificial_intelligence_in_agriculture_and_food_industry/22752947/1/files/40430954.pdf
Sensors driven AI-based agriculture recommendation model for assessing land suitability,… of agriculture. This research proposes an expert system by integrating sensor networks with Artificial Intelligence … (MLP) for the assessment of agriculture land suitability. This proposed …,https://www.mdpi.com/1424-8220/19/17/3667/pdf
"IoT-equipped and AI-enabled next generation smart agriculture: A critical review, current challenges and future trends","… have revolutionized conventional agriculture practices. This … field of smart agriculture systems through IoT technologies and AI … and social, when smart agriculture systems will be widely …",https://ieeexplore.ieee.org/iel7/6287639/9668973/09716089.pdf
Artificial intelligence to improve the food and agriculture sector,"… artificial intelligence, machine learning for improved monitoring of crops, and water, for agriculture … of the AI and ML algorithms in different clusters of the agriculture supply chain and the …",https://onlinelibrary.wiley.com/doi/pdf/10.1155/2021/5584754
Adaptive AI in precision agriculture: a review: investigating the use of self-learning algorithms in optimizing farm operations based on real-time data,"… Artificial Intelligence (AI) on precision agriculture, focusing on optimizing farm operations through real-time data analysis. The primary objective was to assess how adaptive AI … AI …",https://pdfs.semanticscholar.org/3314/15efe806be5cbb4e4cf7a1c4c6d29a17dab9.pdf
Data-driven artificial intelligence applications for sustainable precision agriculture,"One of the main challenges for the implementation of artificial intelligence (AI) in agriculture includes the low replicability and the corresponding difficulty in systematic data gathering, as …",https://www.mdpi.com/2073-4395/11/6/1227/pdf
Enabling precision agriculture through embedded sensing with artificial intelligence,"… smart agriculture and introduce the reader to the state-of-the-art research in the area. The AI … Afterward, we present the experimental evaluation with the proposed AI solution for a low-…",https://www.researchgate.net/profile/Alexander-Menshchikov-3/publication/336541558_Enabling_Precision_Agriculture_Through_Embedded_Sensing_With_Artificial_Intelligence/links/5dc2eb58a6fdcc21280bb148/Enabling-Precision-Agriculture-Through-Embedded-Sensing-With-Artificial-Intelligence.pdf
Artificial intelligence in advanced manufacturing: Current status and future outlook,"… This section aims to review the recent advancement in AI approaches as it applies to manufacturing systems including system modeling and performance analysis, and optimal system-…",https://asmedigitalcollection.asme.org/manufacturingscience/article-pdf/142/11/110804/6594922/manu_142_11_110804.pdf
Artificial intelligence in manufacturing companies and broader: An overview,… future changes in manufacturing systems is given. Artificial intelligence (AI) is the key driver in this change and it is critical to prepare us for a future dominated by AI. Robots and …,https://www.daaam.info/Downloads/Pdfs/science_books_pdfs/2019/Sc_Book_2019-007.pdf
"Artificial intelligence in manufacturing and logistics systems: algorithms, applications, and case studies","… AI methods for manufacturing systems, AI developments specifically in semiconductor manufacturing, and AI in additive manufacturing … essential for general manufacturing systems. The …",https://www.tandfonline.com/doi/pdf/10.1080/00207543.2020.1752488
Artificial intelligence (AI) in augmented reality (AR)-assisted manufacturing applications: a review,"… at the intersection of AR, AI, and manufacturing. Sections 3 through 11 deliberate each … and the potential for AI; current approaches within AR that utilise AI; potential AI methods that can …",https://www.researchgate.net/profile/Chandan-Kumar-Sahu/publication/348037151_Artificial_intelligence_AI_in_augmented_reality_AR-assisted_manufacturing_applications_a_review/links/5fffd7b545851553a0418910/Artificial-intelligence-AI-in-augmented-reality-AR-assisted-manufacturing-applications-a-review.pdf
Exploring challenges and opportunities to support designers in learning to co-create with AI-based manufacturing design tools,"… In this study, we investigate human-AI collaboration for emerging manufacturing design tasks—an area where successful task performance sometimes requires human–AI collaboration, …",https://dl.acm.org/doi/pdf/10.1145/3544548.3580999
"Artificial-intelligence-driven customized manufacturing factory: key technologies, applications, and challenges","… on the implementation of AI in customized manufacturing (CM). The architecture of an AI-driven customized smart factory is presented. Details of intelligent manufacturing devices, …",https://arxiv.org/pdf/2108.03383
AI-based modeling and data-driven evaluation for smart manufacturing processes,"… In summary, the overall objective is to propose an AI-based multi-objective feature selection method together with an efficient classification algorithm to scrutinise manufacturing …",https://arxiv.org/pdf/2008.12987
The ASSISTANT project: AI for high level decisions in manufacturing,"… quality inspection, but manufacturing AI tends to be applied at … To extend the capabilities of manufacturing AI systems and … embed AI technologies in higher-level manufacturing decision …",https://hal.science/hal-03793828/file/Castane%20et%20al%202022_no_logo.pdf
Understanding AI adoption in manufacturing and production firms using an integrated TAM-TOE model,"… of AI in organizations in the socioenvironmental context. However, studies covering how AI would help manufacturing … might become ready to adopt AI and how leadership support might …",https://bradscholars.brad.ac.uk/bitstream/handle/10454/18484/Chatterjee-et-al-2021-TFSC-07052021.pdf?sequence=9&isAllowed=n
Systematic review on machine learning (ML) methods for manufacturing processes–Identifying artificial intelligence (AI) methods for field application,Artificial Intelligence (AI) and especially machine learning (ML) become increasingly more frequently applicable in factory operations. This paper presents a systematic review of today’s …,https://www.sciencedirect.com/science/article/pii/S2212827120307435/pdf?md5=50daff10c3bce7810cdce552f0cff289&pid=1-s2.0-S2212827120307435-main.pdf
Machine learning in manufacturing and industry 4.0 applications,… can gain insights to optimise the productivity of individual assets as well as the total manufacturing operation prevailing artificial intelligence (AI) and machine learning (ML). …,https://www.tandfonline.com/doi/pdf/10.1080/00207543.2021.1956675
Artificial intelligence applications for increasing resource efficiency in manufacturing companies—a comprehensive review,"… Since this paper focusses on AI applications within manufacturing companies, the definition of business divisions was based on the value chain according to [51]. The following …",https://www.mdpi.com/2071-1050/13/12/6689/pdf
Combination of digital twin and artificial intelligence in manufacturing using industrial IoT,… AI applications open up a broad spectrum of opportunities in manufacturing to add value by … DT and IIoT implementation for the simulation of real enterprise manufacturing were …,https://www.dessert-conf.org/wp-content/uploads/2022/10/DESSERT2022_paper_template.pdf
"Advancing Manufacturing Through Artificial Intelligence: Current Landscape, Perspectives, Best Practices, Challenges and Future Direction",… This paper discusses the different AI technologies used in manufacturing and their benefits to … tion of AI in manufacturing. It identifies the challenges and opportunities associated with AI …,https://ieeexplore.ieee.org/iel8/6287639/10380310/10677409.pdf
Interpretable machine learning,… er understand and evaluate any new paper on interpretability published on arxiv.org⁶ in the … of maine learning interpretability. We will discuss when interpretability is important and …,https://www.academia.edu/download/103712558/Christoph_Molnar_Interpretable_Machine_Learning_lulu.com_20210426_.pdf
Techniques for interpretable machine learning,"… Interpretability would be an indispensable part for machine learning models in order to better serve human beings and bring benefits to society. For end users, explanation will increase their …",https://dl.acm.org/doi/pdf/10.1145/3359786
"Interpretable machine learning–a brief history, state-of-the-art and challenges","… We present a brief history of the field of interpretable machine learning (IML), give an … old roots in regression modeling and rule-based machine learning, starting in the 1960s. Recently, …",https://arxiv.org/pdf/2010.09337
"Definitions, methods, and applications in interpretable machine learning",… We define interpretable machine learning as the extraction of relevant knowledge from a machine-learning model concerning relationships either contained in data or learned by the …,https://www.pnas.org/doi/pdf/10.1073/pnas.1900654116
"Interpretable machine learning: definitions, methods, and applications","… Instead of general interpretability, we focus on the use of interpretations in the context of ML … We define interpretable machine learning as the use of machine-learning models for the …",https://arxiv.org/pdf/1901.04592.pdf?fbclid=IwAR2frcHrhLc4iaH5-TmKKq263NVv
Interpretable machine learning: Fundamental principles and 10 grand challenges,"… Abstract: Interpretability in machine learning (ML) is crucial … fundamental principles for interpretable ML, and dispel … challenge areas in interpretable machine learning and provide …",https://projecteuclid.org/journals/statistics-surveys/volume-16/issue-none/Interpretable-machine-learning-Fundamental-principles-and-10-grand-challenges/10.1214/21-SS133.pdf
Opening the black box: interpretable machine learning for geneticists,"… and heterogeneous data, machine learning (ML) has emerged … Here, we discuss the importance of interpretable ML, different … directions for interpretable ML in genetics and genomics. …",https://www.sciencedirect.com/science/article/am/pii/S016895252030069X
Review study of interpretation methods for future interpretable machine learning,"… interpretable machine learning to promote the development of interpretable machine learning. … , the investigators summarized the interpretable machine learning methods from different …",https://ieeexplore.ieee.org/iel7/6287639/8948470/09234594.pdf
Interpretable machine learning for knowledge generation in heterogeneous catalysis,"… models with the physical interpretability of physics-… interpretable machine learning methods available to catalysis researchers, highlight the potential of interpretable machine learning to …",https://par.nsf.gov/servlets/purl/10359008
Interpretable machine learning for science with PySR and SymbolicRegression. jl,"… PySR 3 is an open-source library for practical symbolic regression, a type of machine learning which aims to discover human-interpretable symbolic models. PySR was developed to …",https://arxiv.org/pdf/2305.01582
Interpretable machine learning tools: A survey,"… Also, these tools include a variety of interpretable machine learning methods that assist people … Furthermore, we provide the state-of-the-art of interpretable machine learning (IML) tools, …",https://www.academia.edu/download/86405016/namita_IML_tools.pdf
How interpretable machine learning can benefit process understanding in the geosciences,"… broader relevance of Interpretable Machine Learning (IML) … advancing field, in which Interpretable Machine Learning (IML) is … IML goes beyond the predictive power of machine …",https://agupubs.onlinelibrary.wiley.com/doi/pdf/10.1029/2024EF004540
A translucent box: interpretable machine learning in ecology,… Many researchers consider machine learning algorithms to be a … of techniques for interpreting machine learning models at the level … I also discuss the limits of interpretability for different …,https://esajournals.onlinelibrary.wiley.com/doi/pdf/10.1002/ecm.1422
Exploring evaluation methods for interpretable machine learning: A survey,"… of interpretability in a machine learning framework is [9] “the use of machine learning … In most of the literature, interpretability and explainability are used interchangeably [6,10]; in …",https://www.mdpi.com/2078-2489/14/8/469/pdf
Interpretable and explainable machine learning for materials science and chemistry,"… of interpretability and explainability in machine learning and … We show how interpretability in scientific machine learning … Building upon formal definitions in machine learning, we …",https://pubs.acs.org/doi/pdf/10.1021/accountsmr.1c00244
Neural additive models: Interpretable machine learning with neural nets,… can be used for multitask learning on synthetic data and on the … them to train more complex interpretable models for COVID-19. … interpretable models in the deep learning community. …,https://proceedings.neurips.cc/paper/2021/file/251bd0442dfcc53b5a761e050f8022b8-Paper.pdf
Beyond expertise and roles: A framework to characterize the stakeholders of interpretable machine learning and their needs,"… To develop a more granular and composable vocabulary for describing the stakeholders of interpretable machine learning, we engaged in an iterative process with alternating phases …",https://dl.acm.org/doi/pdf/10.1145/3411764.3445088
A survey on neural network interpretability,"… As defined above, we see explanations as the core of interpretability and use interpretability… , we focus on the interpretability of (deep) neural networks (rarely recurrent neural networks), …",https://arxiv.org/pdf/2012.14261
A benchmark for interpretability methods in deep neural networks,"… Instead, in this work we evaluate interpretability methods by verifying how the accuracy of a retrained model degrades as features estimated to be important are removed. We term this …",https://proceedings.neurips.cc/paper_files/paper/2019/file/fe4b8556000d0f0cae99daa5c5c5a410-Paper.pdf
On interpretability of artificial neural networks,"… of neural networks and shed light on some future directions of interpretability research (This … We think that the hurdles to interpretable neural networks come from four aspects: human, …",https://www.researchgate.net/profile/Ge-Wang-21/publication/338476640_On_Interpretability_of_Artificial_Neural_Networks/links/5e665679a6fdcc37dd1264b9/On-Interpretability-of-Artificial-Neural-Networks.pdf
What is interpretability?,… for a network to be interpretable? We argue that accounts of “explanation” tailored specifically to neural networks … accounts of explanation apply to neural networks as they would to any …,https://link.springer.com/content/pdf/10.1007/s13347-020-00435-2.pdf
"A survey of safety and trustworthiness of deep neural networks: Verification, testing, adversarial attack and defence, and interpretability","… a few key concepts such as verification, testing, interpretability, and distance metrics. This is … is followed by a review of a set of interpretability techniques for DNNs in Section 7. Finally, …",https://arxiv.org/pdf/1812.08342
Model interpretability through the lens of computational complexity,"… models are more interpretable than others – eg, “linear models are more interpretable than deep neural networks” – we still lack a principled notion of interpretability to formally compare …",https://proceedings.neurips.cc/paper/2020/file/b1adda14824f50ef24ff1c05bb66faf3-Paper.pdf
Interpretability-based multimodal convolutional neural networks for skin lesion diagnosis,"… 1) We propose a novel interpretability-based multimodal convolutional neural network (IM-… 2) We design an interpretability visual module to give explanations for the three branches, …",https://www.researchgate.net/profile/Dujuan-Wang/publication/354752465_Interpretability-Based_Multimodal_Convolutional_Neural_Networks_for_Skin_Lesion_Diagnosis/links/61854e1ed7d1af224bb5670c/Interpretability-Based-Multimodal-Convolutional-Neural-Networks-for-Skin-Lesion-Diagnosis.pdf
"Interpretable deep learning: Interpretation, interpretability, trustworthiness, and beyond","… We take visual tasks as an example: Given input image x, neural networks compute a class activation function \(S_c\) for class \(c\in C\). A sensitivity map can be constructed by …",https://arxiv.org/pdf/2103.10689
Towards better interpretability in deep q-networks,"… these networks seem to learn, are far behind. In this paper we propose an interpretable neural network … However, results suggest that the features extracted by the neural network are …",https://aaai.org/ojs/index.php/AAAI/article/download/4377/4255
Graphlime: Local interpretable model explanations for graph neural networks,"… Abstract—Recently, graph neural networks (GNN) were … In this paper, we propose GraphLIME, a local interpretable … framework that learns a nonlinear interpretable model locally in the …",https://arxiv.org/pdf/2001.06216
Post-hoc interpretability for neural nlp: A survey,"… Indeed, in this article, only methods that apply to neural networks are discussed. Because of the inherent ability to explain the model after training, post-hoc methods are valuable in …",https://dl.acm.org/doi/pdf/10.1145/3546577
Interpretability analysis of heartbeat classification based on heartbeat activity's global sequence features and BiLSTM-attention neural network,… The BiLSTM-Attention neural network model with heartbeat activity’s global sequence features … sequence features has higher interpretability than other methods discussed in this paper. …,https://ieeexplore.ieee.org/iel7/6287639/8600701/08790681.pdf
Towards interpretability of segmentation networks by analyzing deepdreams,"… Interpretability of a neural network can be expressed as the identification of patterns or features to which the network … , where the activation of a neuron is maximized by performing …",https://perso.telecom-paristech.fr/bloch/papers/proceedings/MICCAI-iMIMIC2019-Vincent.pdf
Captum: A unified and generic model interpretability library for pytorch,"… Many state-of-the-art Neural Networks with a large number of model parameters use large-sized inputs which, ultimately, leads to computationally expensive forward and backward …",https://arxiv.org/pdf/2009.07896
WaveletKernelNet: An interpretable deep neural network for industrial intelligent diagnosis,"… these interpretable neural networks are … interpretability of WKN is discussed, including the convergence speed of WKN, and the generalizability of the CWConv layer. The interpretability …",https://arxiv.org/pdf/1911.07925
"AI in marketing, consumer research and psychology: A systematic literature review and research agenda","… of artificial intelligence (AI) published in the marketing, … the emerging intellectual structure of AI research in the three bodies … to advance the scholarly debate on AI in the three literatures …",https://onlinelibrary.wiley.com/doi/pdf/10.1002/mar.21619
Artificial intelligence in marketing: A systematic literature review,"… , cutting-edge technologies, such as AI, deploying them in … AI in marketing as an emergent stream of research. Based on inferences from earlier studies, the study categorizes marketing …",https://journals.sagepub.com/doi/pdf/10.1177/14707853211018428
Machine learning and AI in marketing–Connecting computing power to human insights,"… with statistical and econometric methods that marketing researchers traditionally use. We argue … AI-driven industry trends and practices, and review the still nascent academic marketing …",https://nscpolteksby.ac.id/ebook/files/Ebook/Journal%20International/Marketing/International%20Journal%20of%20Research%20in%20Marketing/Volume%2037%2C%20Issue%203%2C%20September%202020%2C%20Pages%20481-504.pdf
The evolving role of artificial intelligence in marketing: A review and research agenda,"… /Artificial Intelligence (AI) in marketing has shown that AI … AI among marketing researchers and practitioners, this review seeks to provide an overview of the trajectory of marketing and AI …",https://cris.unibo.it/bitstream/11585/834100/4/Postprint%202021%20AI%20review%20JBR.pdf
A strategic framework for artificial intelligence in marketing,"… AI applications. It can be used for strategic marketing planning, for organizing the existing AI marketing … framework for using AI in marketing that leverages the three AI intelligences and …",https://link.springer.com/content/pdf/10.1007/s11747-020-00749-9.pdf
Artificial intelligence and marketing: Pitfalls and opportunities,… the impending challenges AI applications will face in marketing where tacit knowledge is … among marketing stakeholders a source of competitive advantage. Recent AI techniques have …,https://www.sciencedirect.com/science/article/am/pii/S1094996820300888
Marketing and artificial intelligence.,… AI has also reached marketing. The aim of the paper is to research how deeply AI is applied in marketing and what implications there are for marketing practitioners. Authors stated two …,http://cebr.vse.cz/pdfs/cbr/2019/02/03.pdf
"Artificial intelligence in marketing: Topic modeling, scientometric analysis, and research agenda","… Therefore, with this study, we investigate dominant research topics related to AI in marketing, outlining key themes, influential publications, and networks among authors and journals, to …",https://www.researchgate.net/profile/Mekhail-Mustak/publication/344725778_Artificial_Intelligence_in_Marketing_Bibliometric_Analysis_Topic_Modeling_and_Research_Agenda/links/63aae74a097c7832ca6e021a/Artificial-Intelligence-in-Marketing-Bibliometric-Analysis-Topic-Modeling-and-Research-Agenda.pdf
Artificial intelligence (AI) and its implications for market knowledge in B2B marketing,"… for AI with respect to different types of market knowledge in the context of B2B marketing decision … In doing so, our article contributes to the literature on AI and B2B marketing from a …",https://www.researchgate.net/profile/Jeannette-Paschen-2/publication/333839369_Artificial_intelligence_AI_and_its_implications_for_market_knowledge_in_B2B_marketing/links/5d0dc008458515c11ced6094/Artificial-intelligence-AI-and-its-implications-for-market-knowledge-in-B2B-marketing.pdf
Artificial intelligence (AI) in strategic marketing decision-making: a research agenda,… of artificial intelligence (AI) in strategic situations and identify the research that is needed in the area of applying AI to strategic marketing … is firmly on the use of AI in marketing strategy. …,https://research.stmarys.ac.uk/id/eprint/3892/1/AI%20in%20strategic%20marketing%20decision%20making%20final%20V2.pdf
"Generative artificial intelligence in marketing: Applications, opportunities, challenges, and research agenda","… in generative artificial intelligence (GAI), marketing … marketing activities. This editorial article aims to fill this void. It outlines the current state of generative artificial intelligence in marketing…",https://core.ac.uk/download/pdf/593057566.pdf
Letting the computers take over: Using AI to solve marketing problems,"… However, though many firms want to take advantage of AI to improve marketing, they lack a … a Marketing AI project. This article discusses the use of AI to provide support for marketing …",https://www.researchgate.net/profile/Manuel-Chica/publication/334368270_Letting_the_Computers_Take_Over_Using_AI_to_Solve_Marketing_Problems/links/5df9fec04585159aa4850836/Letting-the-Computers-Take-Over-Using-AI-to-Solve-Marketing-Problems.pdf
The future of marketing,"… the consequences of the AI revolution to marketing, as well as the research opportunities in marketing resulting from AI. … How can we market effectively to AI as the decision maker? …",https://nscpolteksby.ac.id/ebook/files/Ebook/Journal%20International/Marketing/International%20Journal%20of%20Research%20in%20Marketing/Volume%2037%2C%20Issue%201%2C%20March%202020%2C%20Pages%2015-26.pdf
How artificial intelligence will change the future of marketing,"… future research, in which we delineate how AI may affect marketing strategies and customer behaviors. In so doing, we respond to mounting calls that AI be studied not only by those in …",https://link.springer.com/content/pdf/10.1007/s11747-019-00696-0.pdf
Revolutionised technologies for marketing: Theoretical review with focus on artificial intelligence,"… opportunities to obtain business goals and create breakthrough using AI. … AI and marketing, which would lead to understanding the future scope of AI and its penetration in marketing …",https://www.econstor.eu/bitstream/10419/248081/1/1755900031.pdf
Strategic framework for leveraging artificial intelligence in future marketing decision-making,"… in artificial intelligence (AI) and marketing that have been occurring recently, it examines the latest developments in marketing using artificial intelligence (AI… , and implementing AI-driven …",https://www.researchgate.net/profile/Nassera-Habbat/publication/373759557_Strategic_Framework_for_Leveraging_Artificial_Intelligence_in_Future_Marketing_Decision-Making/links/65dcba82c3b52a1170fbbff2/Strategic-Framework-for-Leveraging-Artificial-Intelligence-in-Future-Marketing-Decision-Making.pdf
Artificial intelligence in operations management and supply chain management: An exploratory case study,"… knowledge of AI in SCM, this paper aims to study two research questions: what are the possible applications of AI in operations management and supply chain management, and what …",https://www.tandfonline.com/doi/pdf/10.1080/09537287.2021.1882690
Improving performance of supply chain by applying artificial intelligence,… The application of artificial intelligence (AI) in supply chain management has emerged as a … of using AI technologies to improve various aspects of the supply chain. By leveraging …,http://bgsiran.ir/journal/ojs-3.1.1-4/index.php/IJIEOR/article/download/43/33
Industry experiences of artificial intelligence (AI): benefits and challenges in operations and supply chain management,… of Artificial Intelligence (AI): benefits and challenges in operations and supply chain management.… the relationship between AI and operations and supply chain management (OSCM) …,https://www.researchgate.net/profile/Samuel-Fosso-Wamba/publication/350943552_Industry_experiences_of_artificial_intelligence_AI_benefits_and_challenges_in_operations_and_supply_chain_management/links/62384ae5d545b77294090c87/Industry-experiences-of-artificial-intelligence-AI-benefits-and-challenges-in-operations-and-supply-chain-management.pdf?origin=journalDetail&_tp=eyJwYWdlIjoiam91cm5hbERldGFpbCJ9
AI technologies and their impact on supply chain resilience during COVID-19,"… pushed many supply chains to re-… supply chains that had their weak links exposed during COVID-19, the objective of the study is to employ artificial intelligence to develop supply chain …",https://www.researchgate.net/profile/Shivam_Gupta30/publication/351993491_AI_Technologies_and_their_Impact_on_Supply_Chain_Resilience_during_Covid-19/links/60cc8030458515dc178e0540/AI-Technologies-and-their-Impact-on-Supply-Chain-Resilience-during-Covid-19.pdf
Leveraging artificial intelligence for enhanced supply chain optimization,"… of Artificial Intelligence (AI) into Supply Chain Management (… The study identifies key advancements in AI technologies, … applications across various supply chain processes including …",https://text2fa.ir/wp-content/uploads/Text2fa.ir-Leveraging-artificial-intelligence-for-enhanced-supply.pdf
A review of explainable artificial intelligence in supply chain management using neurosymbolic approaches,… We find that neurosymbolic AI research in supply chain management has been lagging behind. The majority of literature that explores neurosymbolic AI in supply chain management …,https://www.tandfonline.com/doi/pdf/10.1080/00207543.2023.2281663
Artificial intelligence for supply chain resilience: learning from Covid-19,… improve supply chain resilience by developing business continuity capabilities. This study examines how firms employ AI and consider the opportunities for AI to enhance supply chain …,https://researchonline.ljmu.ac.uk/id/eprint/15291/3/Artificial%20intelligence%20for%20supply%20chain%20resilience%20%20Learning%20from%20Covid-19.pdf
Supply chain risk management and artificial intelligence: state of the art and future research directions,"… artificial intelligence (AI) techniques. The aim of this paper is to provide a comprehensive review of supply chain … SCRM using approaches that fall within the AI spectrum. To that end, an …",https://keele-repository.worktribe.com/preview/457584/2018_IJPR.pdf
Artificial intelligence applications in supply chain: A descriptive bibliometric analysis and future research directions,"… AI in the supply chain context remains an innovation … AI applications in the supply chain field. With this study, we aim to provide a comprehensive view of AI applications in supply chains, …",https://www.researchgate.net/profile/Saikouk-Tarik/post/Instructions_on_how_to_conduct_a_systematic_literature_review/attachment/603d54fe6e8959000110b556/AS%3A996653792247811%401614632189911/download/Artificialintelligenceapplicationsinsupplychain.pdf
Application of machine learning in supply chain management: a comprehensive overview of the main areas,… Despite the presence of AI for the last half-century and its recent emergence in the SCM … of artificial intelligence for different areas of the supply chain. Based on projected AI research …,https://onlinelibrary.wiley.com/doi/pdf/10.1155/2021/1476043
Industrial IoT and AI implementation in vehicular logistics and supply chain management for vehicle mediated transportation systems,"… The role of IIoT in in present day logistics and smart delivery systems followed by implemented frameworks of AI, 6G and Blockchain in the logistics and supply chain systems which has …",https://www.researchgate.net/profile/Samrat-Ray/publication/357901708_Industrial_IoT_and_AI_implementation_in_vehicular_logistics_and_supply_chain_management_for_vehicle_mediated_transportation_systems/links/61e6abcd5779d35951b92127/Industrial-IoT-and-AI-implementation-in-vehicular-logistics-and-supply-chain-management-for-vehicle-mediated-transportation-systems.pdf
Artificial intelligence-driven innovation for enhancing supply chain resilience and performance under the effect of supply chain dynamism: an empirical investigation,"… Through reviewing the literature of AI in the supply chain context, we summarize the most used techniques according to the IPT levels proposed by Haefner et al. (2021) as presented in …",https://link.springer.com/content/pdf/10.1007/s10479-021-03956-x.pdf
Challenges and opportunities in quantum machine learning,"… quantum and classical machine learning, with a focus on quantum neural networks and quantum deep learning. … opportunities for quantum advantage with quantum machine learning. …",https://arxiv.org/pdf/2303.09491
Quantum machine learning: A review and case studies,"… a review of Quantum Machine Learning from the perspective … quantum theory through Quantum Machine Learning … basic algorithms for Quantum Machine Learning, which are …",https://www.mdpi.com/1099-4300/25/2/287/pdf
Recent advances in quantum machine learning,"… quantum machine learning and shows a path of the research from the basic quantum information to quantum machine learning … basic algorithms for quantum machine learning, namely, …",https://onlinelibrary.wiley.com/doi/pdf/10.1002/que2.34
Power of data in quantum machine learning,"… These are the largest combined simulation and analysis in digital quantum machine learning that we are aware of, and make use of the TensorFlow and TensorFlow-Quantum package …",https://www.nature.com/articles/s41467-021-22539-9.pdf
Quantum machine learning in feature hilbert spaces,"… in the quantum machine learning literature… quantum computing as a resource for machine learning. Across the approaches in this young field, which vary from sampling [1–5] to quantum …",https://arxiv.org/pdf/1803.07128
Quantum machine learning for chemistry and physics,"… Due to the specific nature of the data, we shall broadly call all such examples as instances of quantum machine learning (as is commonly done in this domain 60,61 ) even if the …",https://pubs.rsc.org/zh-hans/content/articlepdf/2022/cs/d2cs00203e
Is quantum advantage the right goal for quantum machine learning?,"… current state of quantum machine learning, where … quantum machine learning fails to produce immediate commercial use cases. The frequently repeated solution is to discard quantum …",https://link.aps.org/pdf/10.1103/PRXQuantum.3.030101
Tensorflow quantum: A software framework for quantum machine learning,"… In the next section, we describe an example of an abstract quantum machine learning … implementation of quantum machine learning, having defined quantum models over quantum data …",https://qiniu.pattern.swarma.org/pdf/arxiv/2003.02989.pdf
Shadows of quantum machine learning,"… : all standard quantum machine learning models for supervised learning can be expressed as … parametrized quantum circuits in machine learning 7,12 . These works proposed quantum …",https://www.nature.com/articles/s41467-024-49877-8.pdf
Group-invariant quantum machine learning,"… from the field of geometric deep learning to the realm of quantum machine learning (QML). QML … -term quantum devices [11,12]. QML formally generalizes classical machine learning by …",https://link.aps.org/pdf/10.1103/PRXQuantum.3.030341
Quantum machine learning—an overview,… arise when combining classical and quantum computing to achieve acceleration in … state of quantum machine learning and benchmarking the performance of quantum and classical …,https://www.mdpi.com/2079-9292/12/11/2379/pdf
Generalization in quantum machine learning: A quantum information standpoint,"… Moreover, we introduce a quantum version of the … quantum phases of an Ising spin chain, and we propose the variational quantum information bottleneck method to optimize quantum …",https://link.aps.org/pdf/10.1103/PRXQuantum.2.040321
Quantum machine learning in high energy physics,… fields of quantum computing and quantum machine learning are first … quantum machine learning algorithms for particle physics using quantum annealing QA in Sections 4 and quantum …,https://iopscience.iop.org/article/10.1088/2632-2153/abc17d/pdf
Supervised quantum machine learning models are kernel methods,"… In a young and explorative discipline like quantum machine learning (there we go!), this … “quantum kernels”, “quantum support vector machines”, “quantum classifiers” or even “quantum …",https://arxiv.org/pdf/2101.11020
Classification with quantum machine learning: A survey,"… lately in Quantum Machine Learning (QML). we propose a classification scheme in the quantum world and discuss encoding methods for mapping classical data to quantum data. Then, …",https://arxiv.org/pdf/2006.12270
Generalization in quantum machine learning from few training data,"… We consider a quantum machine learning model (QMLM) as being a parameterized quantum channel, ie, a completely positive trace preserving (CPTP) map that is parameterized. We …",https://www.nature.com/articles/s41467-022-32550-3.pdf
AI and the everything in the whole wide world benchmark,"… flexible and generalizable AI systems. State-of-the-art performance on these benchmarks is widely … In this position paper, we explore the limits of such benchmarks in order to reveal the …",https://arxiv.org/pdf/2111.15366
Ai benchmark: All about deep learning on smartphones in 2019,"… mobile SoCs collected in-the-wild with the AI Benchmark application. … Section 4 provides a detailed description of the recent modifications in our AI Benchmark architecture, its …",https://arxiv.org/pdf/1910.06663
Dataperf: Benchmarks for data-centric ai development,… benchmark suite for evaluating ML datasets and data-centric algorithms. We aim to foster innovation in data-centric AI … The first iteration of DataPerf contains five benchmarks covering a …,https://proceedings.neurips.cc/paper_files/paper/2023/file/112db88215e25b3ae2750e9eefcded94-Paper-Datasets_and_Benchmarks.pdf
Inadequacies of large language model benchmarks in the era of generative artificial intelligence,"… their own LLM benchmarks. Noticing preliminary inadequacies in those benchmarks, we … , and technology, under the pillars of benchmark functionality and integrity. Our research …",https://arxiv.org/pdf/2402.09880
Survey and benchmarking of machine learning accelerators,"… We then select and benchmark two commercially available low size, weight, and power (SWaP) accelerators as these processors are the most interesting for embedded and mobile …",https://arxiv.org/pdf/1908.11348
Dynabench: Rethinking benchmarking in NLP,"We introduce Dynabench, an open-source platform for dynamic dataset creation and model benchmarking. Dynabench runs in a web browser and supports human-and-model-in-the-…",https://arxiv.org/pdf/2104.14337.pdf?utm_campaign=Sunday%20Newsletter&utm_medium=email&_hsmi=129185965&_hsenc=p2ANqtz-9wHvZRrtxFiuQw3X4biY4Yv58gzqtGQjXS3TDfhxNMP5EzdnT4fIoelxTlyxUl9gkWPPdCQKBf5wB63cqQYpl1PALQcg&utm_content=129185965&utm_source=hs_email
Fedscale: Benchmarking model and system performance of federated learning at scale,… late the system trace of different clients using AI Benchmark (Ignatov et al.) and MobiPerf Measurements (mob) on mobiles. AI Benchmark provides the training and inference speed of …,https://proceedings.mlr.press/v162/lai22a/lai22a.pdf
Mlperf inference benchmark,… MLPerf Inference provides a way to simulate the realistic behavior of the inference system under test; such a feature is unique among AI benchmarks. We prescribe target qualities and …,https://arxiv.org/pdf/1911.02549
"Advances, challenges and opportunities in creating data for trustworthy AI","… create benchmarks for each of these tasks. The recently released Data-centric AI Benchmarks, … The goal of Data-centric AI Benchmarks is to foster the development of new scalable tools …",https://drive.google.com/file/d/1IwFt7hk3Sb12CEPDyhpYVch_Ophe-Y9z/view
Benchmarking natural language understanding services for building conversational agents,"We have recently seen the emergence of several publicly available Natural Language Understanding (NLU) toolkits, which map user utterances to structured, but more abstract, …",https://arxiv.org/pdf/1903.05566
Cblue: A chinese biomedical language understanding evaluation benchmark,"… benchmark, an openended, community-driven project with diverse tasks. The proposed benchmark … ’ attention to the medical AI field and promote the development of the community. …",https://arxiv.org/pdf/2106.08087
The wmdp benchmark: Measuring and reducing malicious use with unlearning,"… and major AI labs to anticipate risk by designing evaluations for AI-… is bottlenecked by the lack of a public benchmark. … Destruction Proxy Benchmark (WMDP), a benchmark of 3,668 …",https://arxiv.org/pdf/2403.03218
On the measure of intelligence,"… , the contemporary AI community still gravitates towards benchmarking intelligence by … a general AI benchmark should look like. Finally, we present a new benchmark closely following …",https://arxiv.org/pdf/1911.01547.pdf?trk=public_post_comment-text
GuacaMol: benchmarking models for de novo molecular design,… benefit from the introduction of standardized benchmarks. They allow for a straightforward … for benchmarking models for de novo molecular design. We define a suite of benchmarks and …,https://pubs.acs.org/doi/pdf/10.1021/acs.jcim.8b00839
Benchmarking and survey of explanation methods for black box models,"… -Level Expert Group on AI presented the ethics guidelines for trustworthy AI, Footnote 2 … AI Act, the proposed new EU regulation establishing standardized rules on artificial intelligence. …",https://link.springer.com/content/pdf/10.1007/s10618-023-00933-9.pdf
Habitat: A platform for embodied ai research,"… and other areas of AI [10, 18, 4, 1]. As the community transitions to embodied AI, we believe … simulators, specifying embodied AI tasks that enable us to benchmark scientific progress, …",http://openaccess.thecvf.com/content_ICCV_2019/papers/Savva_Habitat_A_Platform_for_Embodied_AI_Research_ICCV_2019_paper.pdf
A survey on multi-task learning,"… to play tennis and squash, we find that the skill of playing tennis can help learn to … learning ability, Multi-Task Learning (MTL) [1], a learning paradigm in machine learning, aims to learn …",https://arxiv.org/pdf/1707.08114
Multi-task learning in natural language processing: An overview,"… , we summarize the application of multi-task learning in NLP tasks, including applying MTL … learn multiple tasks (ie, Joint MTL), and to improve the performance in multilingual multi-task …",https://arxiv.org/pdf/2109.09138
Which tasks should be learned together in multi-task learning?,"… these tasks for transfer learning, we are interested in the multi-task learning setting. Interestingly, we find notable differences between transfer task affinity and multi-task affinity. Their …",http://proceedings.mlr.press/v119/standley20a/standley20a.pdf
Multi-task learning with deep neural networks: A survey,"… In this survey, we give an overview of multi-task learning methods for deep neural networks, … task relationship learning. We also provide a summary of common multi-task benchmarks. …",https://arxiv.org/pdf/2009.09796
End-to-end multi-task learning with attention,… important aspects of multi-task learning: how can a good multitask network architecture be … sharing in multi-task learning across all tasks? Most multi-task learning network architectures …,https://openaccess.thecvf.com/content_CVPR_2019/papers/Liu_End-To-End_Multi-Task_Learning_With_Attention_CVPR_2019_paper.pdf
Efficiently identifying task groupings for multi-task learning,… Multi-task learning can leverage information learned by one task to benefit the training of … which tasks should train together in multi-task learning models. Our method determines task …,https://proceedings.neurips.cc/paper_files/paper/2021/file/e77910ebb93b511588557806310f78f1-Paper.pdf
Pareto multi-task learning,"… Multi-task learning is a powerful method for … multi-task learning as multiobjective optimization. In this paper, we generalize this idea and propose a novel Pareto multi-task learning …",https://proceedings.neurips.cc/paper_files/paper/2019/file/685bfde03eb646c27ed565881917c71c-Paper.pdf
Multi-task learning for dense prediction tasks: A survey,"… Following prior work [10], [11], [16], [18], we define the multi-task performance ΔMTL of a multi-task learning model m as the average per-task drop in performance wrt the single-task …",https://arxiv.org/pdf/2004.13379
Gradient surgery for multi-task learning,… of prior approaches have observed the difficulty of optimization in multi-task learning [26… multi-task learning may be attributed to what we describe as the tragic triad of multi-task learning …,https://proceedings.neurips.cc/paper_files/paper/2020/file/3fe78a8acf5fda99de95303940a2420c-Paper.pdf
Learning to branch for multi-task learning,"… In this work, we present an automated multi-task learning algorithm that learns where to share or branch within a network, designing an effective network topology that is directly …",http://proceedings.mlr.press/v119/guo20e/guo20e.pdf
Adashare: Learning what to share for efficient deep multi-task learning,"… to execute for a given task in the multi-task network. In other words, we aim to obtain a single network for multi-task learning that supports separate execution paths for different tasks, as …",https://proceedings.neurips.cc/paper/2020/file/634841a6831464b64c072c8510c7f35c-Paper.pdf
A brief review of deep multi-task learning and auxiliary task learning,"… Multi-task learning (MTL) optimizes several learning tasks simultaneously and leverages … In this paper, we provide a brief review on the recent deep multi-task learning (dMTL) …",https://arxiv.org/pdf/2007.01126
Understanding and improving information transfer in multi-task learning,… We investigate multi-task learning approaches that use a … affect the performance of multi-task learning. We show that mis… gains for multi-task training and transfer learning on the GLUE …,https://arxiv.org/pdf/2005.00944
Revisiting multi-task learning in the deep learning era,… multi-task learning (MTL) models that given an input image can infer all desired task outputs. Before the deep learning … hope that a joint task learning could result in better generalization …,https://homes.esat.kuleuven.be/~konijn/publications/2020/vandenhende.pdf
Abaw: Learning from synthetic data & multi-task learning challenges,"… i) a Multi-Task-Learning one in which the goal is to learn at the same time (ie, in a multi-task learning setting) all the three above mentioned tasks; and ii) a Learning from Synthetic Data …",https://arxiv.org/pdf/2207.01138
A survey of multi‐task learning methods in chemoinformatics,"… However, one can also formulate an even broader question: “Can we derive non-linear dependences between tasks from data and use them to improve multi-task learning?” Zamir et al. …",https://onlinelibrary.wiley.com/doi/pdfdirect/10.1002/minf.201800108
Mti-net: Multi-scale task interaction networks for multi-task learning,"… Extensive experiments on two multi-task dense labeling datasets show that, unlike prior work, our multi-task model delivers on the full potential of multi-task learning, that is, smaller …",https://arxiv.org/pdf/2001.06902
Multi-task learning as a bargaining game,"… In Multi-task learning (MTL), a joint model is trained to simultaneously make predictions for … to use as a principled approach to multi-task learning. We describe a new MTL optimization …",https://arxiv.org/pdf/2202.01017
Conflict-averse gradient descent for multi-task learning,"… In this section, we first introduce the problem setup of multi-task learning (MTL). Then we analyze the optimization challenge of MTL and discuss the limitation of prior gradient …",https://proceedings.neurips.cc/paper_files/paper/2021/file/9d27fdf2477ffbff837d73ef7ae23db9-Paper.pdf
Using neuroscience to develop artificial intelligence,"… is to say, thoughts are perception of computational circuits' results.Although AI seems to be cleverer than human beings in some special tasks, AI has its computational limit. When facing …",https://cbmm.mit.edu/sites/default/files/documents/Science%20Perspectives%20Ullman%202019.pdf
Explainable artificial intelligence for neuroscience: behavioral neurostimulation,"… , a task that is ideally suited for AI/ML approaches. In the sensory … of AI/ML algorithms and, as mentioned, explainable AI … In computational neuroscience and computational psychiatry …",https://www.frontiersin.org/articles/10.3389/fnins.2019.01346/pdf
Brain-inspired computational intelligence via predictive coding,"… play in the future of AI; especially, as we aspire to more robust and efficient (ie, neuro-mimetic/… However, implementations of PC in computational neuroscience have solved this problem …",https://www.researchgate.net/profile/Alexander-Ororbia/publication/373142044_Brain-Inspired_Computational_Intelligence_via_Predictive_Coding/links/65603ab1b86a1d521b030750/Brain-Inspired-Computational-Intelligence-via-Predictive-Coding.pdf
Fundamentals of Artificial Neural Networks: Applications in Neuroscientific Research,"… datasets, and computational scalability (Dutil et al., 2018; Ritter et al., 2020). Addressing these issues necessitates interdisciplinary collaborations bridging computational neuroscience, …",https://www.researchgate.net/profile/Motohisa-Osaka-2/publication/388497176_REVISTA_DE_INTELIGENCIA_ARTIFICIAL_EN_MEDICINA_Fundamentals_of_Artificial_Neural_Networks_Applications_in_Neuroscientific_Research/links/679b08c18311ce680c42ea0d/REVISTA-DE-INTELIGENCIA-ARTIFICIAL-EN-MEDICINA-Fundamentals-of-Artificial-Neural-Networks-Applications-in-Neuroscientific-Research.pdf
Sentiment analysis for words and fiction characters from the perspective of computational (neuro-) poetics,"… A special aspect of SA addressed in this paper concerns the computational modeling of the emotional facets of a given figure or character described in natural language text (eg, Egloff …",https://www.frontiersin.org/articles/10.3389/frobt.2019.00053/pdf
Catalyzing next-generation artificial intelligence through neuroai,"… of computational theory are rarely mentioned in a typical computer science curriculum. Leading AI … the latest advances in both computational neuroscience and machine learning, now …",https://www.nature.com/articles/s41467-023-37180-x.pdf
Is neuro-symbolic AI meeting its promises in natural language processing? A structured review,… in the AI community has culminated in “violent agreement” [80] that the next phase of AI … in the sense of NeSy AI [which] is at least a path forward to much stronger AI systems” [123]. …,https://content.iospress.com/download/semantic-web/sw223228?id=semantic-web%2Fsw223228
Neuro-symbolic ai: An emerging class of ai workloads and their characterization,… —Neuro-symbolic artificial intelligence is a novel area of AI research which seeks to combine traditional rules-based AI approaches with modern deep learning techniques. Neuro…,https://arxiv.org/pdf/2109.06133
Brain-inspired computing: A systematic survey and future trends,"… of many different domains, including computational neuroscience, AI, computer science, … : how can AI models benefit from the recent advancements in computational neuroscience? …",https://www.authorea.com/doi/pdf/10.36227/techrxiv.21837027.v1
From statistical relational to neuro-symbolic artificial intelligence,… Neuro-symbolic and statistical relational artificial intelligence both integrate frameworks for learn… to characterize and position neuro-symbolic artificial intelligence approaches but also to …,https://arxiv.org/pdf/2003.08316
A massive 7T fMRI dataset to bridge cognitive neuroscience and artificial intelligence,"… , NSD opens new avenues of inquiry in cognitive neuroscience and artificial intelligence. … with widespread application in neuroscience and its intersection with artificial intelligence. …",https://par.nsf.gov/servlets/purl/10335108
Engineering a less artificial intelligence,… in artificial intelligence (AI) systems. These attempts had limited success until recent years when successful AI … AI systems promise an even more significant change to come: improving …,https://www.cell.com/neuron/pdf/S0896-6273(19)30740-8.pdf
Neuro-symbolic artificial intelligence: The state of the art,"… will only make truly scientific and long-lasting progress on AI in general, and on hybrid, neuro-symbolic systems of the “3rd wave of AI” in particular, if we go beyond building systems. …",https://lirias.kuleuven.be/retrieve/723053
"Precision medicine, AI, and the future of personalized health care","… (AI) and precision medicine promises to revolutionize health care. Precision medicine methods … AI leverages sophisticated computation and inference to generate insights, enables the …",https://ascpt.onlinelibrary.wiley.com/doi/pdf/10.1111/cts.12884
Precision medicine in the era of artificial intelligence: implications in chronic disease management,… the implementation of ML/AI algorithms in personalized medicine to better manage … AI is quickly becoming a crucial methodology in the advancement of precision/personalized medicine …,https://link.springer.com/content/pdf/10.1186/s12967-020-02658-5.pdf
Advancing personalized medicine through the application of whole exome sequencing and big data analytics,… of personalized medicine. This includes the incorporation of artificial intelligence (AI) in the … consideration to create a new frontier toward advancing the field of personalized medicine. …,https://www.frontiersin.org/articles/10.3389/fgene.2019.00049/pdf
Personalized medicine and the power of electronic health records,… Personalized medicine has largely been enabled by the … research that drive personalized medicine. We review advances in … the widespread implementation of personalized medicine. …,https://www.cell.com/cell/pdf/S0092-8674(19)30222-3.pdf
Multimodal biomedical AI,"… We explore opportunities in personalized medicine, digital clinical trials, remote monitoring and care, pandemic surveillance, digital twin technology and virtual health assistants. Further…",https://www.nature.com/articles/s41591-022-01981-2.pdf
Artificial Intelligence in Healthcare: Transforming Patient Care and Medical Practices,"… By analyzing current applications such as AI-driven diagnostic tools, personalized medicine… the significant advancements AI has brought to the field. However, the integration of AI also …",https://philpapers.org/archive/ALZAII.PDF
Digital twins: from personalised medicine to precision public health,"… will be key to delivering highly personalised treatments and interventions, and thanks to their key features, such as digital thread tracing and tracking, we will have more explainable AI …",https://www.mdpi.com/2075-4426/11/8/745/pdf
Revolutionizing healthcare: the role of artificial intelligence in clinical practice,"… The advent of high-throughput genomic sequencing technologies, combined with advancements in AI and ML, has laid a strong foundation for accelerating personalized medicine and …",https://link.springer.com/content/pdf/10.1186/s12909-023-04698-z.pdf
AI-based smart prediction of clinical disease using random forest classifier and Naive Bayes,"… Thus, these data are only utilized for analysis by a doctor who then ascertains the disease using his/her personal medical expertise. The artificial intelligence has been used with Naive …",https://link.springer.com/content/pdf/10.1007/s11227-020-03481-x.pdf
Challenges in establishing pure lung cancer organoids limit their utility for personalized medicine,"… Clinical implementation of tumor organoids for personalized medicine requires that pure tumor organoids can be reliably established. Here, we present our experience with organoid …",https://www.cell.com/cell-reports/pdfExtended/S2211-1247(20)30537-4
"“Bridging the Gap” Everything that Could Have Been Avoided If We Had Applied Gender Medicine, Pharmacogenetics and Personalized Medicine in the Gender …","… Gender medicine is the first step of personalized medicine and patient-centred care, an … ), gender medicine represents the crucial assumption for achieving the personalized health-care …",https://www.mdpi.com/1422-0067/21/1/296/pdf
"Artificial intelligence (AI) in medicine, current applications and future role with special emphasis on its potential and promise in pathology: present and future impact …",… AI promises to revolutionize patient care in the coming years with the aim of optimizing personalized medicine and tailoring it to the use of individual patients. Medicine embraced AI …,https://link.springer.com/content/pdf/10.1186/s13000-021-01085-4.pdf
