title,snippet,link
Applications for deep learning in ecology,"… However, to our knowledge, we currently lack an insightful overview on when deep learning could be useful to ecologists. This review shows that the flexibility of deep learning can …",https://besjournals.onlinelibrary.wiley.com/doi/pdf/10.1111/2041-210X.13256
Machine learning and deep learning,"… Machine learning describes the capacity of systems to learn … Deep learning is a machine learning concept based on … , deep learning models outperform shallow machine learning …",https://link.springer.com/content/pdf/10.1007/s12525-021-00475-2.pdf
Fundamentals of deep learning,"… , computer vision, and reinforcement learning with deep dives into the latest advancements … field of deep learning. We hope that these updates inspire you to practice deep learning on …",https://coursesteach.com/pluginfile.php/7459/mod_resource/content/1/Fundamentals%20of%20Deep%20Learning%202nd%20Edition%20pdf.pdf
Deep learning for AI,"… We reviewed the basic concepts and some of the breakthrough achievements of deep learning several years ago.Here we briefly describe the origins of deep learning, describe a few …",https://dl.acm.org/doi/pdf/10.1145/3448250
The computational limits of deep learning,"… deep learning is so computationally expensive, we analyze its statistical and computational scaling in theory. We show that deep learning is … burden of deep learning models is scaling …",https://assets.pubpub.org/9c76pmmn/11686018723236.pdf
Energy and policy considerations for modern deep learning research,"… In this article, we summarize previous work characterizing the energy required to train and develop recent deep learning models for NLP, and share conclusions and recommendations …",https://ojs.aaai.org/index.php/AAAI/article/download/7123/6977
Accelerating 3d deep learning with pytorch3d,"… deep learning remains relatively underexplored. We believe that some of this disparity is due to the engineering challenges involved in 3D deep learning, … research in 3D deep learning. …",https://arxiv.org/pdf/2007.08501
What is the effect of importance weighting in deep learning?,"… from recent developments in the theory of deep learning. In particular we are motivated by … cover only shallow linear, deep linear, and deep convolutional linear neural networks, our …",http://proceedings.mlr.press/v97/byrd19a/byrd19a.pdf
A guide to deep learning in healthcare,"… Here we present deep-learning techniques for healthcare, centering our discussion on deep learning in computer vision, natural language processing, reinforcement learning, and …",https://www.researchgate.net/profile/Alexandre-Robicquet/publication/330203264_A_guide_to_deep_learning_in_healthcare/links/5db3782f92851c577ec35e39/A-guide-to-deep-learning-in-healthcare.pdf
Deep challenges associated with deep learning,… Abstract—Deep learning is a recent emerging field of research in data science. Deep learning is essentially a combination of artificial intelligence and machine learning. Inspired by …,https://www.researchgate.net/profile/Ochin-Sharma/publication/336440781_Deep_Challenges_Associated_with_Deep_Learning/links/60d05760458515dc179972e1/Deep-Challenges-Associated-with-Deep-Learning.pdf
Deep learning for audio signal processing,"… of deep learn- ing, this paper provides a review of the state-of-the-art deep learning techniques … , log-mel spectra and raw waveform) and deep learning models are reviewed, including …",https://arxiv.org/pdf/1905.00078
Measuring Calibration in Deep Learning.,The reliability of a machine learning model’s confidence in its predictions is critical for high-risk applications. Calibration—the idea that a model’s predicted probabilities of outcomes …,http://openaccess.thecvf.com/content_CVPRW_2019/papers/Uncertainty%20and%20Robustness%20in%20Deep%20Visual%20Learning/Nixon_Measuring_Calibration_in_Deep_Learning_CVPRW_2019_paper.pdf
A selective overview of deep learning,"… Along the way, we highlight new characteristics of deep learning (including depth … deep learning, many of which are only suggestive. While a complete understanding of deep learning …",https://pmc.ncbi.nlm.nih.gov/articles/PMC8300482/pdf/nihms-1639566.pdf
Review on Convolutional Neural Networks (CNN) in vegetation remote sensing,"… learning method of Convolutional Neural Networks (CNN) is very … This review introduces the principles of CNN and distils why … data, as well as CNN approaches and architectures. The …",https://www.academia.edu/download/65705615/Kattenborn_et_al._2021_Review_on_Convolutional_Neural_Networks_CNN_in_vegetation_remote_sensing.pdf
Review on convolutional neural network (CNN) applied to plant leaf disease classification,"… those based on convolutional neural network (CNN), have … In this work, we reviewed the latest CNN networks pertinent to … and corresponding solutions of CNN used for plant disease …",https://www.mdpi.com/2077-0472/11/8/707/pdf
"A survey of convolutional neural networks: analysis, applications, and prospects","… CNN is a kind of feedforward neural network that is able to extract features from data with convolution … Different from the traditional feature extraction methods [17]–[19], CNN does not …",https://arxiv.org/pdf/2004.02806
Classification of image using convolutional neural network (CNN),… is the Convolutional Neural Network. We design Convolutional Neural Network to recognize … Almost all CNN architectures follow the same general design principles of successively …,https://www.researchgate.net/profile/Md-Anwar-Hossain-6/publication/333191474_Classification_of_Image_using_Convolutional_Neural_Network_CNN/links/5ce0158c299bf14d95a4cf14/Classification-of-Image-using-Convolutional-Neural-Network-CNN.pdf
Speech emotion recognition using convolutional neural network (CNN),"… Here, the speech emotion recognition is based on the Convolutional Neural Network (CNN) algorithm which uses different modules for the emotion recognition and the classifiers are …",https://www.researchgate.net/profile/Harini-Murugan-2/publication/342231090_Speech_Emotion_Recognition_Using_CNN/links/5eece25e92851ce9e7f10df8/Speech-Emotion-Recognition-Using-CNN.pdf
Improved handwritten digit recognition using convolutional neural networks (CNN),"… , deep belief networks and deep Boltzmann machines. Here, we introduce a convolutional neural network, which is a specific type of deep neural network having wide applications in …",https://www.mdpi.com/1424-8220/20/12/3344/pdf
A survey of the recent architectures of deep convolutional neural networks,"… reported deep CNN architectures and, consequently, classifies the recent innovations in CNN … Additionally, the elementary understanding of CNN components, current challenges, and …",https://arxiv.org/pdf/1901.06032
Convolutional neural network (CNN) for automatic skin cancer classification system,… The system was developed in this study could identify skin cancer and benign tumor lesions automatically using the Convolutional Neural Network (CNN). The proposed model consists …,https://iopscience.iop.org/article/10.1088/1757-899X/982/1/012005/pdf
CNN explainer: learning convolutional neural networks with interactive visualization,"… CNN EXPLAINER, an interactive visualization tool designed for non-experts to learn and examine convolutional neural networks (… CNN EXPLAINER tightly integrates a model overview …",https://arxiv.org/pdf/2004.15004
Transfer learning with deep convolutional neural network (CNN) for pneumonia detection using chest X-ray,… highlighted a visualization technique in CNN to find the region of … convolutional network (FCN) model and pneumonia category classification using a deep convolutional neural network (…,https://www.mdpi.com/2076-3417/10/9/3233/pdf
Emotion recognition using convolutional neural network (CNN),"… CNN, this study proposed a mobile-based emotion recognition using Convolutional Neural Network (CNN… by the implementation of Convolutional Neural Network (CNN) for recognizing …",https://iopscience.iop.org/article/10.1088/1742-6596/1962/1/012040/pdf
Optimizing the topology of convolutional neural network (CNN) and artificial neural network (ANN) for brain tumor diagnosis (BTD) through MRIs,"… of a Convolutional Neural Network (CNN) for the segmentation of brain MRIs is introduced in this article. Ensuring optimal image segmentation quality, this CNN's adjustable hyper-…",https://www.cell.com/heliyon/pdf/S2405-8440(24)11114-0.pdf
XNet: a convolutional neural network (CNN) implementation for medical x-ray image segmentation suitable for small datasets,… This means institutions wishing to train such a network must provide and label their … of neural networks for X-Ray segmentation. We design a unique Convolutional Neural Network (CNN…,https://arxiv.org/pdf/1812.00548
Artificial intelligence (AI) diagnostic tools: Utilizing a convolutional neural network (CNN) to assess periodontal bone level radiographically—A retrospective study,… The purpose of this investigation was to develop a computer-assisted detection system based on a deep convolutional neural network (CNN) algorithm and to evaluate the accuracy …,https://link.springer.com/content/pdf/10.1186/s12903-022-02436-3.pdf
Review on Convolutional Neural Networks (CNN) in vegetation remote sensing,… This review introduces the principles of CNN and distils why they are particularly suitable for … well as CNN approaches and architectures. The literature review showed that CNN can be …,https://www.academia.edu/download/65705615/Kattenborn_et_al._2021_Review_on_Convolutional_Neural_Networks_CNN_in_vegetation_remote_sensing.pdf
"Review of deep learning: concepts, CNN architectures, challenges, applications, future directions","… The main advantage of CNN compared to its predecessors is that it … CNN by presenting the main components of it. Furthermore, we have elaborated in detail the most common CNN …",https://link.springer.com/content/pdf/10.1186/s40537-021-00444-8.pdf
"CNN variants for computer vision: History, architecture, application, challenges and future scope","… As a result, there are several variants of the basic CNN design. This manuscript covers an introduction to CNN, the evolution of CNN over time, various features of CNN design, and the …",https://www.mdpi.com/2079-9292/10/20/2470/pdf
Mesh r-cnn,"… Like Mask R-CNN, we maintain correspondence between the input image and features … [34] as the backbone CNN; the box and mask branches are identical to Mask R-CNN. The voxel …",https://openaccess.thecvf.com/content_ICCV_2019/papers/Gkioxari_Mesh_R-CNN_ICCV_2019_paper.pdf
CNN-generated images are surprisingly easy to spot... for now,… trained on CNN-generated images exhibit a surprising amount of generalization to other CNN synthesis methods; 2) we propose a new dataset and evaluation metric for detecting CNN-…,http://openaccess.thecvf.com/content_CVPR_2020/papers/Wang_CNN-Generated_Images_Are_Surprisingly_Easy_to_Spot..._for_Now_CVPR_2020_paper.pdf
Grid r-cnn,"This paper proposes a novel object detection framework named Grid R-CNN, which adopts a grid guided localization mechanism for accurate object detection. Different from the …",http://openaccess.thecvf.com/content_CVPR_2019/papers/Lu_Grid_R-CNN_CVPR_2019_paper.pdf
Fast point r-cnn,"We present a unified, efficient and effective framework for point-cloud based 3D object detection. Our two-stage approach utilizes both voxel representation and raw point cloud data to …",http://openaccess.thecvf.com/content_ICCV_2019/papers/Chen_Fast_Point_R-CNN_ICCV_2019_paper.pdf
Performance analysis of state-of-the-art cnn architectures for luna16,"The convolutional neural network (CNN) has become a … This study focuses on the intrinsic various CNN architectures: LeNet, … The performances of the three CNN architectures were …",https://www.mdpi.com/1424-8220/22/12/4426/pdf
Understanding of convolutional neural network (cnn): A review,"… CNN has become the most representative neural network in deep learning [12]. CNN has been … After knowing several layers in CNN, we will discuss some popular CNN architectures in …",https://pubs2.ascee.org/index.php/IJRCS/article/download/888/341
Oriented R-CNN for object detection,"… The second stage of oriented R-CNN is oriented R-CNN … Without bells and whistles, we evaluate our oriented RCNN on two … Thus, the oriented R-CNN is a practical object detection …",http://openaccess.thecvf.com/content/ICCV2021/papers/Xie_Oriented_R-CNN_for_Object_Detection_ICCV_2021_paper.pdf
Boundary-preserving mask r-cnn,"… [35], BMask R-CNN achieves considerably significant improvements compared with Mask R-CNN regardless of the backbones. Note that our BMask R-CNN provides larger gains if it …",https://arxiv.org/pdf/2007.08921
Mask scoring r-cnn,"… CNN results and our MS R-CNN results. As Table 1 shows, comparing with Mask R-CNN, our MS R-CNN … backbone networks: Our MS R-CNN can get a remarkable improvement (about …",http://openaccess.thecvf.com/content_CVPR_2019/papers/Huang_Mask_Scoring_R-CNN_CVPR_2019_paper.pdf
Speech emotion recognition using convolutional neural network (CNN),"The Automated Speech Emotion Recognition is a tough process because of the gap among acoustic characteristics and human emotions, which depends strongly on the discriminative …",https://www.researchgate.net/profile/Harini-Murugan-2/publication/342231090_Speech_Emotion_Recognition_Using_CNN/links/5eece25e92851ce9e7f10df8/Speech-Emotion-Recognition-Using-CNN.pdf
More on convolution neural network CNN,"Since the rise of social media and social media platforms, automatic age segregation has become increasingly significant in many programmes. Significant gains in performance may …",https://www.ijsdcs.com/index.php/ijsdcs/article/download/80/86
Crack detection and comparison study based on faster R-CNN and mask R-CNN,"… , and Faster R-CNN and Mask R-CNN are compared and … that both Faster R-CNN and Mask R-CNN complete the crack … effectiveness of the bounding box detected by Mask R-CNN. …",https://www.mdpi.com/1424-8220/22/3/1215/pdf
CNN-Based Chinese NER with Lexicon Rethinking.,"… The first issue is handled using a CNN to process the whole … : 1) We propose a novel CNN structure for incorporating lexicons … In this work, we propose a novel CNN architecture that can …",https://www.ijcai.org/Proceedings/2019/0692.pdf
Completely automated CNN architecture design based on blocks,… to design a CNN with … CNN architectures by using a genetic algorithm (GA) based on ResNet and DenseNet blocks. The proposed algorithm is completely automatic in designing CNN …,https://openaccess.wgtn.ac.nz/articles/journal_contribution/Completely_Automated_CNN_Architecture_Design_Based_on_Blocks/13158305/1/files/25303571.pdf
Fundamentals of recurrent neural network (RNN) and long short-term memory (LSTM) network,"… , the Recurrent Neural Network (RNN), which is the general class of a neural network that is the … We focus on the RNN first, because the LSTM network is a type of an RNN, and since the …",https://arxiv.org/pdf/1808.03314
Recurrent neural networks (rnns): A gentle introduction and overview,"… In theory, this unfolds the RNN to construct a traditional Feedfoward Neural Network where we can apply backpropagation. For that, we use the same notations for the RNN as proposed …",https://arxiv.org/pdf/1912.05911
Stock market prediction using LSTM recurrent neural network,… This article aims to build a model using Recurrent Neural Networks (RNN) and especially Long-Short Term Memory model (LSTM) to predict future stock market values. The main …,https://www.sciencedirect.com/science/article/pii/S1877050920304865/pdf?md5=f0f2446923ca23a6818f69ae22186b4c&pid=1-s2.0-S1877050920304865-main.pdf
Understanding LSTM--a tutorial into long short-term memory recurrent neural networks,"… A partial recurrent neural network with a fully connected recurrent hidden … recurrent neural networks are Backpropagation Through Time (BPTT) [62, 74, 75] and Real-Time Recurrent …",https://arxiv.org/pdf/1909.09586
Recurrent neural network wave functions,… Some of the most important algorithmic advances in NLP have been developed in the context of sequence learning using recurrent neural networks (RNNs) [20–24]. These have …,https://link.aps.org/pdf/10.1103/PhysRevResearch.2.023358
Recurrent neural networks: An embedded computing perspective,"… imposes some optimizations to RNN applications. Embedded … RNN applications efficiently on embedded platforms, RNN … article, we study RNN models and specifically focus on RNN …",https://ieeexplore.ieee.org/iel7/6287639/8948470/09044359.pdf
Evaluating recurrent neural network explanations,"… Along-the-way we purposely adapted a simple toy task, to serve as a testbed for recurrent neural networks explanations. Lastly, we explore how word relevances can be used to build …",https://arxiv.org/pdf/1904.11829
Wave physics as an analog recurrent neural network,"… the computation in recurrent neural networks. This mapping … , using standard training techniques for neural networks. As a … implementation of a recurrent neural network. These findings …",https://www.science.org/doi/pdf/10.1126/sciadv.aay6946
ChronoNet: A deep recurrent neural network for abnormal EEG identification,"… In this section, we will use the concepts of inception modules and densely connected networks to build novel recurrent neural networks architectures for time-series classification. …",https://arxiv.org/pdf/1802.00308
Sentiment analysis using recurrent neural network,… sentiment analysis classification model using deep learning and neural networks. This study used the algorithm Recurrent Neural Network (RNN) and Word2vec. No previous research …,https://iopscience.iop.org/article/10.1088/1742-6596/1471/1/012018/pdf
Using a long short-term memory recurrent neural network (LSTM-RNN) to classify network attacks,"… Commonly used deep learning-based approaches include the deep neural network (DNN) [12,13], the recurrent neural network (RNN) [14,15], the convolutional neural network (CNN) […",https://www.mdpi.com/2078-2489/11/5/243/pdf
Predrnn: A recurrent neural network for spatiotemporal predictive learning,"… In this paper, we train neural networks parametrized by u. Concretely, we use stochastic … the Predictive Recurrent Neural Network (PredRNN). For Challenge I, we present a new RNN …",https://arxiv.org/pdf/2103.09504
Fundamentals of recurrent neural network (RNN) and long short-term memory (LSTM) network,"… with training the standard RNN and address them by transforming the RNN into the “Vanilla … on the RNN first, because the LSTM network is a type of an RNN, and since the RNN is a …",https://arxiv.org/pdf/1808.03314
Do RNN and LSTM have long memory?,"… We incorporate this memory filter structure into RNN and LSTM and introduce Memoryaugmented RNN (… Thus, we compare our models with MIST RNN and RWA in the experiments. …",http://proceedings.mlr.press/v119/zhao20c/zhao20c.pdf
A comparative study on transformer vs rnn in speech applications,… (RNN) in natural language processing tasks. This paper provides intensive comparisons of its performance with that of RNN … ) than the conventional RNN based models. Our goal is to …,https://arxiv.org/pdf/1909.06317
Deep rnn framework for visual sequential applications,"… RNN framework with 15 layers, 7× than conventional RNN net… relative improvements over shallow RNN models on Kinetics, … replacing the shallow RNN part of Polygon-RNN with our 15-…",https://openaccess.thecvf.com/content_CVPR_2019/papers/Pang_Deep_RNN_Framework_for_Visual_Sequential_Applications_CVPR_2019_paper.pdf
A formal hierarchy of RNN architectures,"… the internal structure of the RNN can be described by WFAs. … On the other hand, we show that the saturated Elman RNN … power beyond any saturated RNN we consider—including the …",https://arxiv.org/pdf/2004.08500
Advancing RNN transducer technology for speech recognition,"… We investigate a set of techniques for RNN Transducers (RNN-Ts) that were instrumental in … Second, we discuss the applicability of i-vector speaker adaptation to RNNTs in conjunction …",https://arxiv.org/pdf/2103.09935
Design and development of RNN anomaly detection model for IoT networks,"… The primary aim of this paper is to develop an RNN based … layers to develop a novel RNN and CNNRNN based model for … Overfitting of the RNN model was assessed using drop layer, …",https://ieeexplore.ieee.org/iel7/6287639/6514899/09777970.pdf
A CNN-RNN framework for crop yield prediction,"… The proposed CNN-RNN model, along with other … CNN-RNN has three salient features that make it a potentially useful method for other crop yield prediction studies. (1) The CNN-RNN …",https://www.frontiersin.org/journals/plant-science/articles/10.3389/fpls.2019.01750/pdf
Accurate photovoltaic power forecasting models using deep LSTM-RNN,"… In this paper, we propose the use of long short-term memory recurrent neural network (LSTM-RNN) to accurately forecast the output power of PV systems. The LSTM networks can …",https://www.academia.edu/download/55351805/10.1007_s00521-017-3225-z.pdf
Improving RNN transducer modeling for end-to-end speech recognition,"… propose how to improve the RNN-T training by reducing the memory consumption which constrains the training minibatch size because of the large-size tensors in RNN-T. In Section 4, …",https://arxiv.org/pdf/1909.12415
Human activity recognition using LSTM-RNN deep neural network architecture,"… LSTM has been designed to overcome these issues that arise in RNN architectures. LSTM and … In other words, traditional RNN cells have a single internal layer that acts on the current …",https://arxiv.org/pdf/1905.00599
"Performance evaluation of deep neural networks applied to speech recognition: RNN, LSTM and GRU","… Recurrent Neural Network (RNN) is another class of network … Speech involves a dynamic process, and thus, RNN seems a … same as bidirectional RNN, however, instead of RNN we use …",https://sciendo.com/pdf/10.2478/jaiscr-2019-0006
Using a long short-term memory recurrent neural network (LSTM-RNN) to classify network attacks,"… ) with a recurrent neural network (RNN). We found that using LSTM-RNN classifiers with the … In this section, we will describe the architecture of RNN and long short-term memory (LSTM)…",https://www.mdpi.com/2078-2489/11/5/243/pdf
Fundamentals of recurrent neural network (RNN) and long short-term memory (LSTM) network,"… learn about the Long Short-Term Memory network (henceforth, “the LSTM network”) … RNN and LSTM network architectures. Naturally, some practitioners, even if new to the RNN/LSTM …",https://arxiv.org/pdf/1808.03314
Application of long short-term memory (LSTM) neural network for flood forecasting,"… This paper suggests a Long Short-Term Memory (LSTM) neural network model for flood forecasting, where the daily discharge and rainfall were used as input data. Moreover, …",https://www.mdpi.com/2073-4441/11/7/1387/pdf
Intrusion detection systems using long short-term memory (LSTM),"… In this paper, we implemented deep learning solutions for detecting attacks based on Long Short-Term Memory (LSTM). PCA (principal component analysis) and Mutual information (MI) …",https://link.springer.com/content/pdf/10.1186/s40537-021-00448-4.pdf
A review on the long short-term memory model,"… As for the search criteria on which this literature review is based, we evaluated 409 papers containing the terms “Long short-term memory” or “LSTM” in either the title, abstract or …",https://www.researchgate.net/profile/Gonzalo-Napoles/publication/340493274_A_Review_on_the_Long_Short-Term_Memory_Model/links/5ec26516458515626cb0bcff/A-Review-on-the-Long-Short-Term-Memory-Model.pdf?_sg%5B0%5D=started_experiment_milestone&_sg%5B1%5D=started_experiment_milestone&origin=journalDetail
Long short-term memory (LSTM) recurrent neural network for low-flow hydrological time series forecasting,… of a long short-term memory recurrent neural network (LSTM-RNN) and artificial intelligence (AI) method for low-flow time series forecasting. The long short-term memory works on the …,https://www.researchgate.net/profile/Bibhuti-Sahoo-4/publication/334595611_Long_short-term_memory_LSTM_recurrent_neural_network_for_low-flow_hydrological_time_series_forecasting/links/5f697a1ba6fdcc0086342ba9/Long-short-term-memory-LSTM-recurrent-neural-network-for-low-flow-hydrological-time-series-forecasting.pdf
Brain tumor detection: a long short-term memory (LSTM)-based learning model,"… , a novel approach is proposed based on long short-term memory (LSTM) model using magnetic … The presented deep LSTM model having four layers is utilized for classification. In each …",https://www.academia.edu/download/112816704/s00521-019-04650-720240328-1-r5fnxt.pdf
Hydrological concept formation inside long short-term memory (LSTM) networks,"… have demonstrated that the internal states of long short-term memory networks (LSTMs), a … the LSTM captures about the hydrological system. We assess the hypothesis that the LSTM …",https://hess.copernicus.org/articles/26/3079/2022/hess-26-3079-2022.pdf
Long short-term memory-Fully connected (LSTM-FC) neural network for PM2. 5 concentration prediction,… two components: (1) Using a long short-term memory (LSTM)-based temporal simulator to … long short-term memory (LSTM) models on the same dataset. The results show that our LSTM-…,https://pris.bit.edu.cn/docs/20200615072240489223.pdf
Sentiment analysis using Word2vec and long short-term memory (LSTM) for Indonesian hotel reviews,… of Long-Short Term Memory (LSTM) model as well as the Word2Vec model. The integration of Word2Vec and LSTM … Whereas the parameter combinations for LSTM are dropout value is …,https://www.sciencedirect.com/science/article/pii/S1877050921000752/pdf?md5=f306c4792b8603dacddc40b33cab1e8c&pid=1-s2.0-S1877050921000752-main.pdf
Reconstruction of missing groundwater level data by using Long Short-Term Memory (LSTM) deep neural network,"… This study evaluates Long Short-Term Memory (LSTM) neural network modeling to reconstruct GWLs, fill gaps and extend existing time-series. The approach is illustrated by using …",https://www.sciencedirect.com/science/article/am/pii/S0022169420312373
Using a long short-term memory recurrent neural network (LSTM-RNN) to classify network attacks,"… ) with a recurrent neural network (RNN). We found that using LSTM-RNN classifiers with the … In this section, we will describe the architecture of RNN and long short-term memory (LSTM)…",https://www.mdpi.com/2078-2489/11/5/243/pdf
Deep learning with long short-term memory for time series prediction,"… able computing cost of LSTM, we put forward a … , Long Short-Term Memory (LSTM) has been revolutionarily designed by changing the structure of the hidden neurons in traditional RNN […",https://arxiv.org/pdf/1810.10161
Mogrifier lstm,"… While the LSTM is typically presented as a solution to the … In this sense, the LSTM nudges Elman Networks towards … Here, instead, we take a more cautious step, and equip the LSTM …",https://arxiv.org/pdf/1909.01792
Fundamentals of recurrent neural network (RNN) and long short-term memory (LSTM) network,"… and the method for presenting the LSTM system emphasizes ease of … LSTM system and incorporate these extensions into the Vanilla LSTM network, producing the most general LSTM …",https://arxiv.org/pdf/1808.03314
Deep learning: RNNs and LSTM,… LSTM and GRUs give exponentially many paths between … We first remark that many different variants of LSTM and GRUs … The most common variant of LSTM is described by(21.37) f t = …,https://sci-hub.gg/downloads/2019-10-27/15/10.1016@B978-0-12-816176-0.00026-0.pdf
The performance of LSTM and BiLSTM in forecasting time series,"… layers of training data into the LSTM. To investigate whether incorporating additional layers … an LSTM improves its prediction, this paper explores the performance of Bidirectional LSTM (…",https://par.nsf.gov/servlets/purl/10186554
A survey on LSTM memristive neural network architectures and applications,… why LSTM neural network has been developed. We provide a tutorial survey on the existing LSTM methods and highlight the recent developments in memristive LSTM architectures. …,https://www.researchgate.net/profile/A-James-3/publication/333321491_A_survey_on_LSTM_memristive_neural_network_architectures_and_applications/links/5ce6d011a6fdccc9ddca5325/A-survey-on-LSTM-memristive-neural-network-architectures-and-applications.pdf
EA-LSTM: Evolutionary attention-based LSTM for time series prediction,"… on LSTM. Then, inspired by the input information of the human brain’s attention mechanism, we introduced a layer of attention in LSTM. … defects of the traditional LSTM. Furthermore, our …",https://arxiv.org/pdf/1811.03760
Working memory connections for LSTM,"… model (LSTM-WC) to a traditional LSTM and to an LSTM with peephole connections (LSTM-PH). … In both settings, our LSTM-WM outperforms traditional LSTM and LSTM-PH by a clear …",https://arxiv.org/pdf/2109.00020
At-lstm: An attention-based lstm model for financial time series prediction,"… LSTM model and AT-LSTM for financial time series prediction is shown in figure 1. Since the encoding of the attention model requires the LSTM units, we will introduce the LSTM neural …",https://iopscience.iop.org/article/10.1088/1757-899X/569/5/052037/pdf
Short-term load forecasts using LSTM networks,"… However, further data processing is not required for LSTM except the removal of yearly seasonality because we have only one years’ data to train which would lead the LSTM network …",https://www.sciencedirect.com/science/article/pii/S1876610219310008/pdf?md5=006969cac5857353de6c9e8f0311c273&pid=1-s2.0-S1876610219310008-main.pdf
Unsupervised anomaly detection with LSTM neural networks,… length data sequences through an LSTM-based structure to … train the parameters of the LSTM architecture and the OC-… the LSTM architecture and optimize the parameters of the LSTM …,https://arxiv.org/pdf/1710.09207
Large-batch training for LSTM and beyond,"… ) with LSTM, we are able to scale the batch size by a factor of 16 without losing accuracy and without tuning the hyper-parameters mentioned above. For the PTB dataset with LSTM, we …",https://arxiv.org/pdf/1901.08256
A CNN‐LSTM‐based model to forecast stock prices,"… adopt LSTM to predict the stock price with the extracted feature data. According to the experimental results, the CNN-LSTM … with LSTM, after CNN layer, MAE and RMSE of CNN-LSTM …",https://onlinelibrary.wiley.com/doi/pdf/10.1155/2020/6622927
Co-LSTM: Convolutional LSTM model for sentiment analysis in social big data,"… In this paper, normal LSTM model is adopted instead of bidirectional LSTM as bidirectional LSTM are found to be more complex and needs huge computational power. They also need …",https://www.researchgate.net/profile/Sanjay-Misra-6/publication/347379205_Co-LSTM_Convolutional_LSTM_model_for_sentiment_analysis_in_social_big_data/links/5fdde05945851553a0cefa15/Co-LSTM-Convolutional-LSTM-model-for-sentiment-analysis-in-social-big-data.pdf
Groundwater level prediction with meteorologically sensitive Gated Recurrent Unit (GRU) neural networks,"… of Gated Recurrent Unit (GRU) deep learning-based neural network models via the module of sequence-to-sequence regression are designed. In this sense, 180-time series datasets of …",https://openaccess.hku.edu.tr/xmlui/bitstream/handle/20.500.11782/3040/makale%20-%20yay%C4%B1nc%C4%B1%20s%C3%BCr%C3%BCm%C3%BC.pdf?sequence=1&isAllowed=y
Application of gated recurrent unit (GRU) neural network for smart batch production prediction,"… This study proposed a Gated Recurrent Unit (GRU) neural network-based model to achieve batch production forecasting in M conglomerate reservoir of China, which tackles the …",https://www.mdpi.com/1996-1073/13/22/6121/pdf
OGRU: An optimized gated recurrent unit neural network,"… deep GRU neural network model, this paper proposes an optimized Gated Recurrent Unit (… optimizes the learning mechanism of the standard GRU model gating unit. The output of the …",https://iopscience.iop.org/article/10.1088/1742-6596/1325/1/012089/pdf
Predicting machine failure using recurrent neural network-gated recurrent unit (RNN-GRU) through time series data,… recurrent neural network-gated recurrent unit (RNN-GRU) to forecast the state of machines producing the time series data in an oil and gas sector. RNN-GRU is an affiliation of recurrent …,https://beei.org/index.php/EEI/article/download/2036/2127
Data-gru: Dual-attention time-aware gated recurrent unit for irregular multivariate time series,"… Therefore, we propose a novel end-to-end Dual-Attention Time-Aware Gated Recurrent Unit (DATA-GRU) for IMTS to predict the mortality risk of patients. In particular, DATA-GRU is …",https://ojs.aaai.org/index.php/AAAI/article/view/5440/5296
ET-GRU: using multi-layer gated recurrent units to identify electron transport proteins,"… In this paper, we present a novel approach by using deep gated recurrent units (GRU) on full PSSMs to resolve this problem. Our approach can precisely predict the electron …",https://link.springer.com/content/pdf/10.1186/s12859-019-2972-5.pdf
Recurrent attention unit: A new gated recurrent unit for long-term memory of important parts in sequential data,"… Gated recurrent unit (GRU) is a variant of the recurrent neural network (RNN). It has been widely used in many applications, such as handwriting recognition and natural language …",https://researchportal.port.ac.uk/files/65336197/Recurrent_attention_unit_A_new_gated_recurrent_unit_pp.pdf
A gated recurrent unit approach to bitcoin price prediction,"… In particular, we developed a gated recurring unit (GRU) architecture that can learn the Bitcoin price fluctuations more efficiently than the traditional LSTM. We compare our model with a …",https://www.mdpi.com/1911-8074/13/2/23/pdf
DIDDOS: An approach for detection and identification of Distributed Denial of Service (DDoS) cyberattacks using Gated Recurrent Units (GRU),… attacks using Gated Recurrent Unit (GRU) a type of Recurrent Neural … Gated Recurrent Unit (GRU) aims to solve the vanishing gradient problem which comes with a standard recurrent …,https://e-space.mmu.ac.uk/627611/1/FGCS-%20DIDDOS-%20DeepDDosDetectionAnalysis.pdf
Forecasting of COVID-19 using deep layer recurrent neural networks (RNNs) with gated recurrent units (GRUs) and long short-term memory (LSTM) cells,"… of the forget gate, output gate, input gate and update … gate decides what to forget from the previous memory units, the input gate decides what to accept into the neuron, the update gate …",https://www.sciencedirect.com/science/article/am/pii/S0960077921002149
Water level prediction model applying a long short-term memory (lstm)–gated recurrent unit (gru) method for flood prediction,"… A key parameter of flooding is water level data, and this paper proposes a water level prediction model using long short-term memory (LSTM) and a gated recurrent unit (GRU). As …",https://www.mdpi.com/2073-4441/14/14/2221/pdf
SiTGRU: single-tunnelled gated recurrent unit for abnormality detection,"… Gated Recurrent Unit (GRU), called Single-Tunnelled GRU for abnormality detection. Particularly, the Single-Tunnelled GRU discards the heavy-weighted reset gate from GRU … -gated-…",https://arxiv.org/pdf/2003.13528
An autoencoder gated recurrent unit for remaining useful life prediction,"… Gated Recurrent Unit (AE-GRU), in which the Autoencoder (AE) extracts the important features from the raw data and the Gated Recurrent Unit (GRU… of the proposed AE-GRU model, an …",https://www.mdpi.com/2227-9717/8/9/1155/pdf
"Predicting energy consumption using LSTM, multi-layer GRU and drop-GRU neural networks","… (LSTM), the Gated Recurrent Unit (GRU) and the Drop-GRU. We are going to use the power … produces a better result than the GRU and the Drop-GRU forecasting methods. There are …",https://www.mdpi.com/1424-8220/22/11/4062/pdf
Comparing LSTM and GRU models to predict the condition of a pulp paper press,"… The GRU internal unit is similar to the LSTM internal unit [62], except that the GRU … In [63], a new system called the multi-GRU prediction system was developed based on GRU …",https://www.mdpi.com/1996-1073/14/21/6958/pdf
Network intrusion detection model based on CNN and GRU,"… single model of CNN and GRU, the CNN-GRU model can effectively extract … GRU structure can extract temporal features of the data better. The model in this paper fuses CNN and GRU …",https://www.mdpi.com/2076-3417/12/9/4184/pdf
Stock prediction based on optimized LSTM and GRU models,… the prediction accuracy of the two GRU models is higher than … Yahoo Finance mobile phone and GRU model to predict the … The LSTM and GRU models are then utilized in this paper to …,https://onlinelibrary.wiley.com/doi/pdf/10.1155/2021/4055281
"A comprehensive overview and comparative analysis on deep learning models: CNN, RNN, LSTM, GRU","Deep learning (DL) has emerged as a powerful subset of machine learning (ML) and artificial intelligence (AI), outperforming traditional ML methods, especially in handling unstructured …",https://arxiv.org/pdf/2305.17473
A comparison of LSTM and GRU networks for learning symbolic sequences,We explore the architecture of recurrent neural networks (RNNs) by studying the complexity of string sequences that it is able to memorize. Symbolic sequences of different complexity …,https://arxiv.org/pdf/2107.02248
Lstm and gru neural network performance comparison study: Taking yelp review dataset as an example,Long short-term memory networks(LSTM) and gate recurrent unit networks(GRU) are two popular variants of recurrent neural networks(RNN) with long-term memory. This study …,https://www.researchgate.net/profile/Shudong-Yang/publication/347267378_LSTM_and_GRU_Neural_Network_Performance_Comparison_Study_Taking_Yelp_Review_Dataset_as_an_Example/links/607ecd28907dcf667bafa669/LSTM-and-GRU-Neural-Network-Performance-Comparison-Study-Taking-Yelp-Review-Dataset-as-an-Example.pdf
GRU-INC: An inception-attention based approach using GRU for human activity recognition,"… Gated Recurrent Unit-Inception (GRU-INC) model has been proposed, which is an Inception-Attention based approach using Gated Recurrent Unit (GRU) that effectively makes use of …",https://www.researchgate.net/profile/Mohammad-Yousuf/publication/366180314_GRU-INC_An_inception-attention_based_approach_using_GRU_for_human_activity_recognition/links/6698aba24a172d2988aa31a6/GRU-INC-An-inception-attention-based-approach-using-GRU-for-human-activity-recognition.pdf
A GRU deep learning system against attacks in software defined networks,The management of modern network environments is becoming more and more complex due to new requirements of devices' heterogeneity regarding the popularization of the Internet …,https://riunet.upv.es/bitstream/handle/10251/189732/AssisCarvalhoLloret%20-%20A%20GRU%20deep%20learning%20system%20against%20attacks%20in%20software%20defined%20networks.pdf?sequence=3
Water level prediction model based on GRU and CNN,… (GRU) and convolutional neural network (CNN) are combined to build a CNN-GRU model in which the GRU … The CNN-GRU model that using data from multiple locations to predict the …,https://ieeexplore.ieee.org/iel7/6287639/8948470/09044367.pdf
Are GRU cells more specific and LSTM cells more sensitive in motive classification of text?,"… to use GRU and when to use LSTM cells. We think that because of the architecture, the GRU … So the aim of this study is to compare GRU and LSTM cells for automated motive coding, a …",https://www.frontiersin.org/articles/10.3389/frai.2020.00040/pdf
A deep bidirectional GRU network model for biometric electrocardiogram classification based on recurrent neural networks,"In this paper, we propose a deep Recurrent Neural Networks (RNNs) based on Gated Recurrent Unit (GRU) in a bidirectional manner (BGRU) for human identification from …",https://ieeexplore.ieee.org/iel7/6287639/8600701/08826253.pdf
Short-term runoff prediction with GRU and LSTM networks without requiring time step optimization during sample generation,"… and GRU models perform better than ANN models when the time step is optimized. GRU models … models, and our results show that GRU models perform equally well as LSTM models. …",https://drive.google.com/file/d/12IoMyP2TLyO_XeUHDF4pbiDyNers7yGc/view
Simple but effective GRU variants,"… In this study, we revise GRU networks and propose two simple but effective variants of GRU. We used an empirical approach and tried to clarify the effectiveness of the current units and …",https://www.researchgate.net/profile/Gulsum-Yigit/publication/354970612_Simple_But_Effective_GRU_Variants/links/652e8bcc6725c324010d6016/Simple-But-Effective-GRU-Variants.pdf
"Introduction to sequence learning models: RNN, LSTM, GRU",Sequences consist of data points that can be meaningfully ordered such that observations at one location in the sequence provide useful information about observations at other …,https://www.researchgate.net/profile/Sakib-Zargar-2/publication/350950396_Introduction_to_Sequence_Learning_Models_RNN_LSTM_GRU/links/607b41c0907dcf667ba83ade/Introduction-to-Sequence-Learning-Models-RNN-LSTM-GRU.pdf
A novel CNN-GRU-based hybrid approach for short-term residential load forecasting,"… Inspired by the results of CNN-GRU, we developed a hybrid model incorporating CNNs with multi-layered GRU model and achieved up-to-date results. The architecture of the proposed …",https://ieeexplore.ieee.org/iel7/6287639/8948470/09141253.pdf
Ae2-nets: Autoencoder in autoencoder networks,"… Autoencoder in Autoencoder Networks (AE^ 2-Nets), which integrates information from heterogeneous sources into an intact representation by the nested autoencoder … autoencoder …",http://openaccess.thecvf.com/content_CVPR_2019/papers/Zhang_AE2-Nets_Autoencoder_in_Autoencoder_Networks_CVPR_2019_paper.pdf
NVAE: A deep hierarchical variational autoencoder,"Normalizing flows, autoregressive models, variational autoencoders (VAEs), and deep energy-based models are among competing likelihood-based frameworks for deep generative …",https://proceedings.neurips.cc/paper/2020/file/e3b21256183cf7c2c7a66be163579d37-Paper.pdf
An introduction to autoencoders,"… autoencoders. This article covers the mathematics and the fundamental concepts of autoencoders. … We will start with a general introduction to autoencoders, and we will discuss the …",https://arxiv.org/pdf/2201.03898
Context autoencoder for self-supervised representation learning,"We present a novel masked image modeling (MIM) approach, context autoencoder (CAE), for self-supervised representation pretraining. We pretrain an encoder by making predictions …",https://arxiv.org/pdf/2202.03026
Controlvae: Controllable variational autoencoder,"… Variational Autoencoders (VAE) and their variants have been widely used in a variety of … To address these issues, we propose a novel controllable variational autoencoder framework, …",http://proceedings.mlr.press/v119/shao20b/shao20b.pdf
Dirichlet variational autoencoder,"This paper proposes Dirichlet Variational Autoencoder (DirVAE) using a Dirichlet prior. To infer the parameters of DirVAE, we utilize the stochastic gradient method by approximating the …",https://arxiv.org/pdf/1901.02739
DAEN: Deep autoencoder networks for hyperspectral unmixing,"… In this paper, we develop a new deep autoencoder network (… In the second step, we employ a variational autoencoder (VAE… learning and inherit autoencoder architecture which can be …",https://www2.umbc.edu/rssipl/people/aplaza/Papers/Journals/2019.TGRS.DAEN.pdf
ALIME: Autoencoder based approach for local interpretability,"… We use a variant of autoencoder called denoising autoencoder [14], … We train an autoencoder with the help of the training data to be … Then, the autoencoder is made to reconstruct the …",https://arxiv.org/pdf/1909.02437
In-context autoencoder for context compression in a large language model,"We propose the In-context Autoencoder (ICAE), leveraging the power of a large language model (LLM) to compress a long context into short compact memory slots that can be directly …",https://arxiv.org/pdf/2307.06945
Tutorial: Deriving the standard variational autoencoder (vae) loss function,… Variational Autoencoders (VAE) are one important example where variational inference is … lower bound loss function of the standard variational autoencoder. We do so in the instance of …,https://arxiv.org/pdf/1907.08956
Autoencoders,"… This chapter surveys the different types of autoencoders that are mainly used today. It also … of linear autoencoder where we also drop the nonlinear operations, the autoencoder would …",https://arxiv.org/pdf/2003.05991
Multi-level convolutional autoencoder networks for parametric prediction of spatio-temporal dynamics,… autoencoder is used as the top level to encode the high dimensional input data along spatial dimensions into a sequence of latent variables. A temporal convolutional autoencoder (…,https://www.sciencedirect.com/science/article/am/pii/S0045782520305648
DEVDAN: Deep evolving denoising autoencoder,"… Autoencoder (DAE) enhances the flexibility of data stream method in exploiting unlabeled … Deep evolving denoising autoencoder (DEVDAN), is proposed in this paper. It features an …",https://arxiv.org/pdf/1910.04062
Contrastive audio-visual masked autoencoder,"In this paper, we first extend the recent Masked Auto-Encoder (MAE) model from a single modality to audio-visual multi-modalities. Subsequently, we propose the Contrastive Audio-…",https://arxiv.org/pdf/2210.07839
Tutorial: Deriving the standard variational autoencoder (vae) loss function,"… ) are one important example where variational inference is utilized. In this tutorial, we derive the variational lower bound loss function of the standard variational autoencoder. We do so …",https://arxiv.org/pdf/1907.08956
The autoencoding variational autoencoder,"… In this section, we will justify the VAE from an alternative perspective of learning a variational approximation in an extended model, essentially first arriving at an identical algorithm to the …",https://proceedings.neurips.cc/paper/2020/file/ac10ff1941c540cd87c107330996f4f6-Paper.pdf
Dynamical variational autoencoders: A comprehensive review,"… variational autoencoders (DVAEs), … variational lower bound (VLB), over a training dataset.Hereinafter, we refer to this general variational inference and training methodology as the …",https://arxiv.org/pdf/2008.12595
D-vae: A variational autoencoder for directed acyclic graphs,"… Inspired by this work, we propose to also train a variational autoencoder for DAGs, and … In this section, we describe our proposed DAG variational autoencoder (D-VAE). D-VAE uses an …",https://proceedings.neurips.cc/paper_files/paper/2019/file/e205ee2a5de471a70c1fd1b46033a75f-Paper.pdf
Application of variational autoEncoder (VAE) model and image processing approaches in game design,"… combine with the Variational AutoEncoder (VAE) model to … effectiveness of the Variational AutoEncoder (VAE) model in … that consists of a variational autoencoder, which is equipped …",https://www.mdpi.com/1424-8220/23/7/3457/pdf
Recvae: A new variational autoencoder for top-n recommendations with implicit feedback,"… Mult-VAE model, which used the multinomial likelihood variational autoencoders, has shown … In this work, we propose the Recommender VAE (RecVAE) model that originates from our …",https://arxiv.org/pdf/1912.11160
Guided variational autoencoder for disentanglement learning,"… We propose an algorithm, guided variational autoencoder (Guided-VAE), that is able to learn a controllable generative model by performing latent representation disentanglement …",https://openaccess.thecvf.com/content_CVPR_2020/papers/Ding_Guided_Variational_Autoencoder_for_Disentanglement_Learning_CVPR_2020_paper.pdf
GF-VAE: a flow-based variational autoencoder for molecule generation,… -VAE which is short for Graph Flow - Variational AutoEncoder to generate molecular graphs. The key idea behind it is to attach a VAE-… This is a perfect marriage between VAE model and …,https://dl.acm.org/doi/pdf/10.1145/3459637.3482260
VAE-Sim: a novel molecular similarity measure based on a variational autoencoder,"… , in the form of a variational autoencoder (VAE). This learns the … (C) The variational autoencoder (VAE) architecture used in … (C) The variational autoencoder (VAE) architecture used in …",https://www.mdpi.com/1420-3049/25/15/3446/pdf
"Factor analysis, probabilistic principal component analysis, variational inference, and variational autoencoder: Tutorial and survey","… Using the EM introduced in variational inference, the ELBO is maximized and the … details of factor analysis, PPCA, variational inference, and VAE. The remainder of this paper …",https://arxiv.org/pdf/2101.00734
A stable variational autoencoder for text modelling,… HR-VAE model with three strong baselines using VAE for text modelling: VAE-LSTM-base3: A variational autoencoder … 2016); VAE-CNN4: A variational autoencoder model with a LSTM …,https://arxiv.org/pdf/1911.05343
VAE-Stega: linguistic steganography based on variational auto-encoder,"… Variational Auto-Encoder (VAE), which can be called VAE-Stega. We use the encoder in VAE… texts, and then use the decoder in VAE-Stega to generate steganographic sentences which …",https://www.researchgate.net/profile/Zhongliang-Yang-2/publication/343840385_VAE-Stega_Linguistic_Steganography_Based_on_Variational_Auto-Encoder/links/5f44616e299bf13404efa79b/VAE-Stega-Linguistic-Steganography-Based-on-Variational-Auto-Encoder.pdf
A robust variational autoencoder using beta divergence,… Here we focus on variational autoencoders (VAEs). While the VAE is a popular framework for … We propose a variational lower bound that leads to a robust VAE model that has the same …,https://www.sciencedirect.com/science/article/am/pii/S0950705121010534
Diagnosing and enhancing VAE models,"… we rigorously analyze the VAE objective, … VAE, which is merely a VAE model with explicit Gaussian assumptions and parameterizations: Definition 1 A κ-simple VAE is defined as a VAE …",https://arxiv.org/pdf/1903.05789
Tutorial: Deriving the standard variational autoencoder (vae) loss function,"… VAE yields a likelihood distribution p(x|z), … VAE as pφ(x|z). The output of the encoder are parameters of the latent distribution, which is sampled to yield the input into the decoder. A VAE …",https://arxiv.org/pdf/1907.08956
Simple and effective VAE training with calibrated decoders,"… sian variance the σ-VAE. In our experiments, the σ-VAE outperforms the alternative of learning … We validate our results on several VAE and sequence VAE models and a range of image …",http://proceedings.mlr.press/v139/rybkin21a/rybkin21a.pdf
Generating diverse high-fidelity images with vq-vae-2,"We explore the use of Vector Quantized Variational AutoEncoder (VQ-VAE) models for large scale image generation. To this end, we scale and enhance the autoregressive priors used …",https://proceedings.neurips.cc/paper/2019/file/5f8e2fa1718d1bbcadf1cd9c7a54fb8c-Paper.pdf
Anomaly detection for time series using vae-lstm hybrid model,"… VAE-LSTM hybrid model as an unsupervised approach for anomaly detection in time series. Our model utilizes both a VAE … top of the features inferred from the VAE module. As a result, …",https://www.oxford-man.ox.ac.uk/wp-content/uploads/2020/06/ANOMALY-DETECTION-FOR-TIME-SERIES-USING-VAE-LSTM-HYBRID-MODEL.pdf
Gp-vae: Deep probabilistic time series imputation,… We propose a VAE architecture for multivariate time series imputation with a GP prior in the latent space to capture temporal dynamics. We propose a Cauchy kernel to allow the time …,http://proceedings.mlr.press/v108/fortuin20a/fortuin20a.pdf
Vv-net: Voxel vae net with group convolutions for point cloud segmentation,"We present a novel algorithm for point cloud segmentation. Our approach transforms unstructured point clouds into regular voxel grids, and further uses a kernel-based interpolated …",https://openaccess.thecvf.com/content_ICCV_2019/papers/Meng_VV-Net_Voxel_VAE_Net_With_Group_Convolutions_for_Point_Cloud_ICCV_2019_paper.pdf
Don't blame the elbo! a linear vae perspective on posterior collapse,… objective for the linear VAE does not introduce additional spurious local maxima relative to log marginal likelihood. We show further that training a linear VAE with exact variational …,https://proceedings.neurips.cc/paper_files/paper/2019/file/7e3315fe390974fcf25e44a9445bd821-Paper.pdf
Muse-vae: Multi-scale vae for environment-aware long term trajectory prediction,"… , we propose MUSE-VAE, a new … VAE backbones across the two stages make it possible to naturally account for the joint uncertainty at both levels of granularity. As a result, MUSE-VAE …",http://openaccess.thecvf.com/content/CVPR2022/papers/Lee_MUSE-VAE_Multi-Scale_VAE_for_Environment-Aware_Long_Term_Trajectory_Prediction_CVPR_2022_paper.pdf
LSTM-based VAE-GAN for time-series anomaly detection,"… To make the VAE-GAN learn the temporal dependence of time series, we combine the VAE-GAN with LSTM by using LSTM as the encoder, the generator and the discriminator of VAE-…",https://www.mdpi.com/1424-8220/20/13/3738/pdf
Nerf-vae: A geometry aware 3d scene generative model,"… NeRF-VAE, a … -VAE’s explicit 3D rendering process further contrasts previous generative models with convolution-based rendering which lacks geometric structure. Our model is a VAE …",http://proceedings.mlr.press/v139/kosiorek21a/kosiorek21a.pdf
Dr. VAE: improving drug response prediction via modeling of drug perturbation effects,… VAE is a deep generative model based on variational autoencoders. Our experimental results showed Dr.VAE to … VAE can be credited to the incorporation of drug-induced perturbation …,https://academic.oup.com/bioinformatics/article-pdf/35/19/3743/48975711/btz158.pdf
Multi-VAE: Learning disentangled view-common and view-peculiar visual representations for multi-view clustering,"… issue, we present a novel VAE-based multi-view clustering framework (Multi-VAE) by learning … Experimental results demonstrate that Multi-VAE enjoys the disentangled and explainable …",http://openaccess.thecvf.com/content/ICCV2021/papers/Xu_Multi-VAE_Learning_Disentangled_View-Common_and_View-Peculiar_Visual_Representations_for_Multi-View_ICCV_2021_paper.pdf
Videogpt: Video generation using vq-vae and transformers,"… We compare VQ-VAE with and without axial attention blocks as shown in Table 3. Empirically, incorporating axial attention into the VQ-VAE architecture improves reconstruction (NMSE) …",https://arxiv.org/pdf/2104.10157
Generating diverse structure for image inpainting with hierarchical VQ-VAE,"… VAE (VQ-VAE) [20] is suitable for our study1. First, there is a vector quantization step in VQ-VAE … Based on the hierarchical VQ-VAE, we propose a twostage model for multiple-solution …",https://openaccess.thecvf.com/content/CVPR2021/papers/Peng_Generating_Diverse_Structure_for_Image_Inpainting_With_Hierarchical_VQ-VAE_CVPR_2021_paper.pdf
Application of generative adversarial networks (GAN) for ophthalmology image domains: a survey,"… generative adversarial network (GAN), which consists of two competing types of deep neural networks, … The adoption of GAN for medical imaging is increasing for image generation and …",https://link.springer.com/content/pdf/10.1186/s40662-022-00277-3.pdf
Generative adversarial networks,… GAN-like models called domain-adversarial networks can be used for domain adaptation.GANs can be used for a variety of interactive digital media effects where the end goal is to …,https://dl.acm.org/doi/pdf/10.1145/3422622
Study of prevention of mode collapse in generative adversarial network (GAN),"… Abstract—With the advancement of Deep Neural Network and its increased applications, … requirement Deep generative models specifically Generative Adversarial Networks (GANs) …",https://www.researchgate.net/profile/Vandana-Kushwaha/publication/348366663_Study_of_Prevention_of_Mode_Collapse_in_Generative_Adversarial_Network_GAN/links/630307b3ceb9764f7214b539/Study-of-Prevention-of-Mode-Collapse-in-Generative-Adversarial-Network-GAN.pdf
Generating realistic building electrical load profiles through the Generative Adversarial Network (GAN),"… buildings through the Generative Adversarial Network (GAN), … , and (3) using GAN to generate daily load profiles for each … the load profiles generated by GAN can capture not only the …",https://www.sciencedirect.com/science/article/am/pii/S0378778820307234
Applications of generative adversarial networks (gans): An updated review,… VAE and a generative adversarial network (GAN) [34]. It can be used the GAN discriminator to measure sample similarity. They achieved this by combining a VAE with a GAN as shown …,https://kc.kku.edu.sa/research_library/GANs_Applications_Review.pdf
"A survey on generative adversarial networks: Variants, applications, and training",… The Generative Models have gained considerable attention in unsupervised … Generative Adversarial Networks (GAN) due to their outstanding data generation capability. Many GAN …,https://arxiv.org/pdf/2006.05132
Generative adversarial networks (GAN) based efficient sampling of chemical composition space for inverse design of inorganic materials,"… , we propose the first generative adversarial network model for … Project 16 , and ICSD, our GAN models are able to learn the … The analysis shows that our generative GAN can achieve …",https://www.nature.com/articles/s41524-020-00352-0.pdf
"A review on generative adversarial networks: Algorithms, theory, and applications","… Abstract—Generative adversarial networks (GANs) have … to provide a review of the various GAN methods from the … , and structures of most GAN algorithms are introduced in detail, and …",https://arxiv.org/pdf/2001.06937
Training generative adversarial networks with limited data,"… Training generative adversarial networks (GAN) using too little data typically leads to discriminator overfitting, causing training to diverge. We propose an adaptive discriminator …",https://proceedings.neurips.cc/paper/2020/file/8d30aa96e72440759f74bd2306c1fa3d-Paper.pdf
A generative adversarial network (gan) technique for internet of medical things data,"… In this work, we apply the concept of generative adversarial networks (GANs) to perform a data … datasets created through a well-structured GAN are comparable with a real dataset, as …",https://www.mdpi.com/1424-8220/21/11/3726/pdf
Building footprint extraction from high resolution aerial images using generative adversarial network (GAN) architecture,"… Thus, we introduce an end-to-end convolutional neural network called Generative Adversarial Network (GAN) in this study to tackle these issues. In the generative model, we utilized …",https://ieeexplore.ieee.org/iel7/6287639/8948470/09260150.pdf
Evolutionary generative adversarial networks,"… In this paper, we build an evolutionary GAN (E-GAN), which treats the adversarial training procedure as an evolutionary problem. Specifically, a discriminator acts as the environment (ie…",https://arxiv.org/pdf/1803.00657
MAD-GAN: Multivariate anomaly detection for time series data with generative adversarial networks,"… on Generative Adversarial Networks (GANs), using the Long-Short-Term-Memory Recurrent Neural Networks … generator and discriminator) in the GAN framework to capture the temporal …",https://arxiv.org/pdf/1901.04997
Generative adversarial networks and its applications in biomedical informatics,"… The basic Generative Adversarial Networks (GAN) model is composed of the input vector, generator, and discriminator. Among them, the generator and discriminator are implicit …",https://www.frontiersin.org/articles/10.3389/fpubh.2020.00164/pdf
Storygan: A sequential conditional gan for story visualization,"In this work, we propose a new task called Story Visualization. Given a multi-sentence paragraph, the story is visualized by generating a sequence of images, one for each sentence. In …",http://openaccess.thecvf.com/content_CVPR_2019/papers/Li_StoryGAN_A_Sequential_Conditional_GAN_for_Story_Visualization_CVPR_2019_paper.pdf
Pros and cons of GAN evaluation measures: New developments,"… relatively more popular, GAN evaluation is not a … GAN evaluation and deepfakes. These are important areas of concern in the machine learning community today and progress in GAN …",https://arxiv.org/pdf/2103.09396
Gan inversion: A survey,"… latent spaces of GAN models, representative GAN inversion methods, and their properties. As the StyleGAN models achieve state-of-the-art image synthesis, numerous GAN inversion …",https://arxiv.org/pdf/2101.05278
Pros and cons of GAN evaluation measures,"… to understand GAN … GAN measures and help the researchers objectively assess them. At the end, I will offer some suggestions for designing more efficient measures for fair GAN …",https://arxiv.org/pdf/1802.03446
Seeing what a gan cannot generate,"… Network (GAN) to synthesize realistic images leads us to ask: How can we know what a GAN is unable to generate? Modedropping or mode collapse, where a GAN omits portions of the …",http://openaccess.thecvf.com/content_ICCV_2019/papers/Bau_Seeing_What_a_GAN_Cannot_Generate_ICCV_2019_paper.pdf
Building layout generation using site-embedded GAN model,"… domains enabled by GAN including floorplan generation, street-… to apply deep generative methods including GAN and VAE (… For example, Fedorova [34] used a GAN-based approach to …",https://drive.google.com/file/d/12PNXSspXZKV2K-ZlGMo8MfGy5t4DgQox/view
From gan to wgan,… This paper explains the math behind a generative adversarial network (GAN) [1] model and why it is hard to be trained. Wasserstein GAN is intended to improve GANs’ training by …,https://arxiv.org/pdf/1904.08994
Data-efficient gan training beyond (just) augmentations: A lottery ticket perspective,"… data-efficient GAN training: by first identifying the lottery ticket from the original GAN using the … of our proposed framework, across various GAN architectures (SNGAN, BigGAN, and …",https://proceedings.neurips.cc/paper/2021/file/af4f00ca48321fb026865c5a1772dafd-Paper.pdf
"GaN-based power devices: Physics, reliability, and perspectives","… GaN-based power devices: in the first part of the article, starting from a discussion of the main properties of the material, the characteristics of lateral and vertical GaN … of traps in GaN and …",https://iris.unimore.it/bitstream/11380/1255364/1/JAP21-TU-WBGM2022-03402.pdf
Image augmentations for gan training,"… real images and samples generated during GAN training. Through extensive experiments… GAN training, whereas augmenting both real and generated images consistently improve GAN …",https://arxiv.org/pdf/2006.02595
GaN transistors for efficient power conversion,"… learning curve in GaN technology advancements. Acknowledging that GaN transistors are not … a practical guide for understanding basic GaN transistor construction, characteristics, and …",https://epc-co.com/epc/Portals/0/epc/documents/presentations/IIC-2012.pdf
Actformer: A gan-based transformer towards general action-conditioned 3d human motion generation,"We present a GAN-based Transformer for general action-conditioned 3D human motion generation, including not only single-person actions but also multi-person interactive actions. …",http://openaccess.thecvf.com/content/ICCV2023/papers/Xu_ActFormer_A_GAN-based_Transformer_towards_General_Action-Conditioned_3D_Human_Motion_ICCV_2023_paper.pdf
Image processing using multi-code gan prior,"… ) in image synthesis, applying trained GAN models to real image … reconstruction enables the trained GAN models as prior to … -wise representation learned by GAN models and shed light …",https://openaccess.thecvf.com/content_CVPR_2020/papers/Gu_Image_Processing_Using_Multi-Code_GAN_Prior_CVPR_2020_paper.pdf
HiGAN+: handwriting imitation GAN with disentangled representations,"… To address the above challenges, in our previous conference work [Gan and Wang 2021], we have proposed a novel handwriting imitation GAN (HiGAN) for HI, which can generate …",https://dl.acm.org/doi/pdf/10.1145/3550070
On data augmentation for GAN training,"… using our proposed DAG aligns with the original GAN in minimizing the Jensen–Shannon (… DAG to different GAN models: unconditional GAN, conditional GAN, self-supervised GAN and …",https://arxiv.org/pdf/2006.05338
An accurate datasheet-based full-characteristics analytical model of GaN HEMTs for deadtime optimization,"… of GaN HEMTs, including circuit's parasitic inductances, the nonlinear capacitances, the unique reverse characteristics, etc. Taking a GaN… the high-frequency application of GaN HEMTs. …",https://www.researchgate.net/profile/Zhiyuan-Qi/publication/347610052_An_Accurate_Datasheet-Based_Full-Characteristics_Analytical_Model_of_GaN_HEMTs_for_Deadtime_Optimization/links/60442fe5a6fdcc9c781ad7c6/An-Accurate-Datasheet-Based-Full-Characteristics-Analytical-Model-of-GaN-HEMTs-for-Deadtime-Optimization.pdf
Deep reinforcement learning,"… This kind of task requires the so-called deep reinforcement learning (DRL), which is an indepth combination of artificial neural network (ANN) and reinforcement learning (RL). The “deep…",https://arxiv.org/pdf/1810.06339
Exploration in deep reinforcement learning: A survey,"… deep reinforcement learning. Note that this review is intended for beginners in exploration for deep reinforcement learning; … the paper, we will use ’reinforcement learning’ as it is a more …",https://arxiv.org/pdf/2205.00824
Deep reinforcement learning,"… Deep Reinforcement Learning. By combining the concepts from deep learning and Reinforcement Learning, … research in the field of Deep Reinforcement Learning, this book also covers …",https://www.researchgate.net/profile/Mohit-Sewak/publication/334079091_Deep_Reinforcement_Learning_Frontiers_of_Artificial_Intelligence/links/5ebd05c5299bf1c09abbdd5b/Deep-Reinforcement-Learning-Frontiers-of-Artificial-Intelligence.pdf
Deep reinforcement learning: a survey,… Road tracking using deep reinforcement learning for self-driving car applications. Int Conf … Deep reinforcement learning in a handful of trials using probabilistic dynamics models. Proc …,https://www.fitee.zjujournals.com/rc-pub/front/front-article/download/24331220/lowqualitypdf/%C3%A6%C2%B7%C2%B1%C3%A5%C2%BA%C2%A6%C3%A5%C2%BC%C2%BA%C3%A5%C5%92%E2%80%93%C3%A5%C2%AD%C2%A6%C3%A4%C2%B9%C2%A0%C3%A7%C2%BB%C2%BC%C3%A8%C2%BF%C2%B0.pdf
Deep reinforcement learning and its neuroscientific implications,"… computers, allowing scaling of supervised deep learning systems to much more interesting … , deep reinforcement learning (RL). As we will detail, deep RL brings deep learning together …",https://www.cell.com/neuron/pdf/S0896-6273(20)30468-2.pdf
Explainability in deep reinforcement learning,"… of Deep Reinforcement Learning … reinforcement learning (RL), has not been extensively studied. We review recent works in the direction to attain Explainable Reinforcement Learning (…",https://www.sciencedirect.com/science/article/am/pii/S0950705120308145
Applications of deep reinforcement learning in communications and networking: A survey,"… It can overcome the limitations of reinforcement learning, and thus open a new era for the development of reinforcement learning, namely Deep Reinforcement Learning (DRL). DRL …",https://arxiv.org/pdf/1810.07862
Multi-agent deep reinforcement learning: a survey,"… , multi-agent reinforcement learning gains rapid traction, and … deep reinforcement learning. We focus primarily on literature from recent years that combines deep reinforcement learning …",https://link.springer.com/content/pdf/10.1007/s10462-021-09996-w.pdf
Chainerrl: A deep reinforcement learning library,"… deep reinforcement learning (DRL) library built using Python and the Chainer deep learning … Keywords: reinforcement learning, deep reinforcement learning, reproducibility, open …",https://www.jmlr.org/papers/volume22/20-376/20-376.pdf
Deep reinforcement learning for autonomous driving: A survey,"… a powerful learning framework now capable of learning com… This review summarises deep reinforcement learning (DRL) … , imitation learning, inverse reinforcement learning that are …",https://arxiv.org/pdf/2002.00444
Deep reinforcement learning for power system applications: An overview,"… and response, is a machine learning method. It has become in… tion with deep learning, called deep reinforcement learning, … the application of deep reinforcement learning in power sys…",https://ieeexplore.ieee.org/iel7/7054730/9020217/08859593.pdf
Deep reinforcement learning in computer vision: a comprehensive survey,"… reinforcement learning. We then propose a categorization of deep reinforcement learning … In particular, we divide deep reinforcement learning into seven main categories according to …",https://arxiv.org/pdf/2108.11510
Suphx: Mastering mahjong with deep reinforcement learning,"… We design an AI for Mahjong, named Suphx, based on deep reinforcement learning with some newly introduced techniques including global reward prediction, oracle guiding, and run-…",https://arxiv.org/pdf/2003.13590
Drone deep reinforcement learning: A review,"… In this paper, we described the state of the art of one subset of these algorithms: the deep reinforcement learning (DRL) techniques. We made a detailed description of them, and we …",https://www.mdpi.com/2079-9292/10/9/999/pdf
Optimization of molecules via deep reinforcement learning,"… and reinforcement learning, which we call Molecule Deep Q-… employ the deep reinforcement learning technique of Deep Q-… of multi-objective deep reinforcement learning, our model is …",https://www.nature.com/articles/s41598-019-47148-x.pdf
Deep reinforcement learning for trading,… We adopt Deep Reinforcement Learning algorithms to design trading strategies for continuous futures contracts. Both discrete and continuous action spaces are considered and …,https://arxiv.org/pdf/1911.10107
Deep learning in image classification using residual network (ResNet) variants for detection of colorectal cancer,"… Based on the results of the implementation of the Deep Residual Network (ResNet) method … There are two ResNet architectural models, particularly ResNet-18 and ResNet-50, with …",https://www.sciencedirect.com/science/article/pii/S1877050921000284/pdf?md5=5486e43b489047004e08921def981006&pid=1-s2.0-S1877050921000284-main.pdf
Spiking deep residual networks,… residual network (ResNet) [24] to its spiking equivalent. ResNet is a cutting-edge convolutional neural network (CNN) architecture that allows a network to go extremely deep and has …,https://arxiv.org/pdf/1805.01352
Improved residual networks for image and video recognition,… Improved information flow through the network A residual network (ResNet) [5] is constructed by stacking together many residual building blocks (ResBlocks). An example of a residual …,https://arxiv.org/pdf/2004.04989
Dn-resnet: Efficient deep residual network for image denoising,… Residual Network (DN-ResNet) which is more efficient and accurate than prior art. DN-ResNet consists of residual blocks (ResBlock) which are gradually inserted into the network stage …,https://arxiv.org/pdf/1810.06766
Study of residual networks for image recognition,"… In this project, we designed ResNet models that can perform a simple image … of these ResNet models with their equivalent Convolutional Network (ConvNet) by removing the residual …",https://arxiv.org/pdf/1805.00325
Why resnet works? residuals generalize,"… article, we consider a neural network constructed by adding multiple residual connections to … neural networks with residual connections and provide a generalization bound for ResNet …",https://arxiv.org/pdf/1904.01367
Invertible residual networks,"… We show that standard ResNet architectures can be made invertible, allowing the same … to the Jacobian log-determinant of a residual block. Our empirical evaluation shows that …",http://proceedings.mlr.press/v97/behrmann19a/behrmann19a.pdf
Feature reuse residual networks for insect pest recognition,"… network (FR-ResNet) and evaluated the performance on IP102 benchmark dataset. The experimental results showed that FR-ResNet … residual networks, including ResNet, Pre-ResNet, …",https://ieeexplore.ieee.org/iel7/6287639/8600701/08819933.pdf
Norm-preservation: Why residual networks can become extremely deep?,"… Section 2, and to empirically demonstrate the behavior and effectiveness of the proposed modifications, we experimented with Residual Network (ResNet) and the proposed Procrustes …",https://arxiv.org/pdf/1805.07477
Deep residual learning for image recognition: A survey,"… In this survey, we will try to explain what Deep Residual Networks are, how they achieve their … In 2015, a new deep learning model known as a deep residual network (ResNet) was …",https://www.mdpi.com/2076-3417/12/18/8972/pdf
Residual networks as flows of diffeomorphisms,"… understanding and characterization of residual networks (ResNet), which … ResNet implementation. We further discuss the resulting theoretical and computational insights into ResNet …",https://hal.science/hal-01796729/document
Wider or deeper: Revisiting the resnet model for visual recognition,"… residual network into an exponentially wider one, and assorted the success of residual networks … on this topic, ie, the unravelled view of residual networks. Based on that, we try to find a …",https://www.researchgate.net/profile/Zifeng-Wu-2/publication/311222763_Wider_or_Deeper_Revisiting_the_ResNet_Model_for_Visual_Recognition/links/584127b108ae2d217560f418/Wider-or-Deeper-Revisiting-the-ResNet-Model-for-Visual-Recognition.pdf
Towards understanding the importance of shortcut connections in residual networks,"… Residual Network (ResNet) is undoubtedly a milestone in deep learning. ResNet is equipped … In this paper, we study a two-layer non-overlapping convolutional ResNet. Training such a …",https://proceedings.neurips.cc/paper_files/paper/2019/file/7716d0fc31636914783865d34f6cdfd5-Paper.pdf
Resnet-se: Channel attention-based deep residual network for complex activity recognition using wrist-worn wearable sensors,"… This study represents the first attempt at establishing a ResNet-based structure as a generic framework for complex action recognition. • A deep residual network, known as ResNet-SE, …",https://ieeexplore.ieee.org/iel7/6287639/6514899/09771436.pdf
Deep residual learning in spiking neural networks,"… can hardly implement residual learning. In this paper, we propose the spikeelement-wise (SEW) ResNet to realize residual learning in deep SNNs. We prove that the SEW ResNet can …",https://proceedings.neurips.cc/paper/2021/file/afe434653a898da20044041262b3ac74-Paper.pdf
Soft error resilience of deep residual networks for object recognition,"… Residual Networks (ResNet) are known with their depth (ie able to accept more … As ResNet is believed to be one of the best CNN models used in classification tasks. Moreover, ResNet …",https://ieeexplore.ieee.org/iel7/6287639/8948470/08963961.pdf
Why resnet works? residuals generalize,"… margin-based multiclass generalization bound is obtained for ResNet, as an exemplary … ResNet (see Lemma 4). Eventually, we provide a proof of the generalization bound for ResNet …",https://arxiv.org/pdf/1904.01367
Resnet strikes back: An improved training procedure in timm,"… paper, we focus on the vanilla ResNet-50 architecture2 as … of the ResNet-50 such as SE-ResNet-50 [20] or ResNet-50-… to be strong baselines for a vanilla ResNet-50 used at inference …",https://arxiv.org/pdf/2110.00476
"What can resnet learn efficiently, going beyond kernels?","… How can neural networks such as ResNet efficiently learn CIFAR-10 with test accuracy more … In the end, we also prove a computation complexity advantage of ResNet with respect to …",https://proceedings.neurips.cc/paper_files/paper/2019/file/5857d68cd9280bc98d079fa912fd6740-Paper.pdf
Inception and ResNet features are (almost) equivalent,"… ResNet, in terms of the properties they extract from images. We find that the properties extracted by Inception are very similar to the properties extracted by ResNet, … images by ResNet is …",https://www.sciencedirect.com/science/article/am/pii/S1389041719305066
Resnet or densenet? introducing dense shortcuts to resnet,"… For ResNet, the identity shortcut that stabilizes training might … Partially due to this, it is not a trivial choice between ResNet … philosophy of simple design in ResNet and DenseNet. On …",http://openaccess.thecvf.com/content/WACV2021/papers/Zhang_ResNet_or_DenseNet_Introducing_Dense_Shortcuts_to_ResNet_WACV_2021_paper.pdf
CO-ResNet: Optimized ResNet model for COVID-19 diagnosis from X-ray images,"… CO-ResNet is applied to a novel dataset of 5,935 X-ray … testing different epochs our CO-ResNet was optimized for detecting COVID-… Our proposed CO-ResNet obtains consistently best …",https://journals.sagepub.com/doi/pdf/10.3233/HIS-210008
Image classification based on RESNET,"… RESNET in an acceptable time, and compared several deep learning models, which proved that RESNET … show the inception RESNET modules used in inception RESNET V1 and the …",https://iopscience.iop.org/article/10.1088/1742-6596/1634/1/012110/pdf
Object detection based on VGG with ResNet network,… We implement ResNet network in VGG that minimize VGG networks training error and able … The output of conv6 passes through to improved ResNet network. The modified ResNet …,https://www.researchgate.net/profile/Foysal-Haque/publication/333232428_Object_Detection_Based_on_VGG_with_ResNet_Network/links/6077fea12fb9097c0ce570e9/Object-Detection-Based-on-VGG-with-ResNet-Network.pdf
Deep learning in image classification using residual network (ResNet) variants for detection of colorectal cancer,… seen that ResNet-50 has a higher level of accuracy than ResNet-18. The sensitivity value on the same data sets shows ResNet-18 has a minimum sensitivity value of 64% and Resnet-…,https://www.sciencedirect.com/science/article/pii/S1877050921000284/pdf?md5=5486e43b489047004e08921def981006&pid=1-s2.0-S1877050921000284-main.pdf
Covid-resnet: A deep learning framework for screening of covid19 from radiographs,… This work presents a 3-step technique to fine-tune a pre-trained ResNet-50 architecture to improve model performance and reduce training time – we call it COVID-ResNet. This is …,https://arxiv.org/pdf/2003.14395
Masked face recognition using resnet-50,"… In this paper, the authors train a ResNet-50 based architecture that performs well at recognizing masked faces. The outcome of this study could be seamlessly integrated into existing …",https://arxiv.org/pdf/2104.08997
Rrl: Resnet as representation for reinforcement learning,"… Is Resnet lucky? To investigate if architectural choice of Resnet is lucky, in Figure 6 we test … Not much degradation in performance is observed with respect to the Resnet model. This …",https://arxiv.org/pdf/2107.03380
COV19-CNNet and COV19-ResNet: diagnostic inference Engines for early detection of COVID-19,… We named these engines COV19-CNNet and COV19-ResNet. The former is based on convolutional neural network architecture; the latter is on residual neural network (ResNet) …,https://link.springer.com/content/pdf/10.1007/s12559-020-09795-5.pdf
Multiple feature reweight densenet for image classification,"… inter-layer feature reweight DenseNet (ILFR-DenseNet). In the last step, we designed the MFR-DenseNet by combining the CFR-DenseNet and the ILFR-DenseNet with an ensemble …",https://ieeexplore.ieee.org/iel7/6287639/8600701/08611344.pdf
Resnet or densenet? introducing dense shortcuts to resnet,"… Nonetheless, DenseNet requires heavy GPU memory due to concatenation … of DenseNet by 20% [37]. The main reason that DenseNet requires more training time is that DenseNet uses …",http://openaccess.thecvf.com/content/WACV2021/papers/Zhang_ResNet_or_DenseNet_Introducing_Dense_Shortcuts_to_ResNet_WACV_2021_paper.pdf
DenseNet convolutional neural networks application for predicting COVID-19 using CT image,"… Another feature of DenseNet is that it has a smaller set of parameters to be optimized than … Thus, DenseNet is less complicated. To acquire greater accuracy, we applied a DenseNet …",https://link.springer.com/content/pdf/10.1007/s42979-021-00782-7.pdf
Application of DenseNet in Camera Model Identification and Post-processing Detection.,"… In this paper, we present a DenseNet pipeline to solve the problem of identifying the source … We use this extended dataset to train a Neural Network with the DenseNet-201 architecture. …",https://openaccess.thecvf.com/content_CVPRW_2019/papers/Media%20Forensics/Rafi_Application_of_DenseNet_in_Camera_Model_Identification_and_Post-processing_Detection_CVPRW_2019_paper.pdf
An efficient densenet-based deep learning model for malware detection,… deep learning DenseNet model [14] enhanced with a class-balanced loss for reweighting the categorical cross-entropy loss. The proposed modification of the DenseNet model ensures …,https://www.mdpi.com/1099-4300/23/3/344/pdf
DenseNet-II: An improved deep convolutional neural network for melanoma cancer detection,"… The main motivation of this work is to develop DenseNet-II to make the process of diagnosis of melanoma quicker and more efficient which further reduces the application of CT scans, X-…",https://link.springer.com/content/pdf/10.1007/s00500-022-07406-z.pdf
COVID-DenseNet: A deep learning architecture to detect COVID-19 from chest radiology images,"… DenseNet-121 for disease prediction from radiology images of the ChestRadiology-14 … performance of DenseNet on radiology images (eg paper [7] and [8]), we used DenseNet-121 as …",https://www.academia.edu/download/102944248/download.pdf
FCN-based DenseNet framework for automated detection and classification of skin lesions in dermoscopy images,"… the second step is the classification of detected lesions with an FCN-based DenseNet system. In the … In the second step, we devised an FCN-based DenseNet framework which utilized a …",https://ieeexplore.ieee.org/iel7/6287639/6514899/09167192.pdf
Cancer image classification based on DenseNet model,"… In this paper, we design a novel DenseNet based model for metastatic cancer image classification. Our model employs DenseNet Block to effectively capture the important characteristic …",https://iopscience.iop.org/article/10.1088/1742-6596/1651/1/012143/pdf
Effective combination of DenseNet and BiLSTM for keyword spotting,"… to make DenseNet suitable for KWS, we propose a variant DenseNet, called DenseNet-… local features of DenseNet, we propose a method of combining DenseNet and BiLSTM to …",https://ieeexplore.ieee.org/iel7/6287639/8600701/08607038.pdf
Finger-vein recognition based on deep DenseNet using composite image,"… DenseNet in a known problem of finger-vein recognition, this study has the value as the first finger-vein recognition study using a deep DenseNet… overall structure of DenseNet-161 used …",https://ieeexplore.ieee.org/iel7/6287639/6514899/08721065.pdf
Improved YOLO-V3 with DenseNet for multi-scale remote sensing target detection,"Remote sensing targets have different dimensions, and they have the characteristics of dense distribution and a complex background. This makes remote sensing target detection …",https://www.mdpi.com/1424-8220/20/15/4276/pdf
DF-SSD: An improved SSD object detection algorithm based on DenseNet and feature fusion,"… Both ResNet [14] and DenseNet [15] have skip-connection, which satisfy this requirement. We design the feature extraction network DenseNet-S-32-1 based on the idea of DenseNet. …",https://ieeexplore.ieee.org/iel7/6287639/8948470/08978787.pdf
Uncertainty quantification in DenseNet model using myocardial infarction ECG signals,… DenseNet model training Hyperparameters and layers of the DenseNet model used in this study have been previously described [8] and are summarized in Table 1. The model was …,https://www.sciencedirect.com/science/article/am/pii/S0169260722006897
Channel-attention-based DenseNet network for remote sensing image scene classification,"… We propose a novel channel-attention-based DenseNet (CAD) network to better extract … In the channel domain, the channel attention mechanism is integrated into DenseNet. The cross …",https://ieeexplore.ieee.org/iel7/4609443/4609444/09141394.pdf
Deepcaps: Going deeper with capsule networks,"… In existing capsule networks and decoders, it is not possible to guarantee … capsule network architecture by leveraging two key ideas: Dynamic routing and Going deeper in the network. …",http://openaccess.thecvf.com/content_CVPR_2019/papers/Rajasegaran_DeepCaps_Going_Deeper_With_Capsule_Networks_CVPR_2019_paper.pdf
Self-routing capsule networks,"… , a new network architecture called capsule networks (… In this design of networks, each capsule contains a pose (or … Active capsules in one layer make pose predictions for capsules in …",https://proceedings.neurips.cc/paper_files/paper/2019/file/e46bc064f8e92ac2c404b9871b2a4ef2-Paper.pdf
3D point capsule networks,"… -capsule networks, an auto-encoder designed to process sparse 3D point clouds while preserving spatial arrangements of the input data. 3D capsule networks … by our capsule networks …",http://openaccess.thecvf.com/content_CVPR_2019/papers/Zhao_3D_Point_Capsule_Networks_CVPR_2019_paper.pdf
Capsule-forensics: Using capsule networks to detect forged images and videos,… The method introduced in this paper uses a capsule network to detect various kinds of … deep convolutional neural networks. It extends the application of capsule networks beyond their …,https://arxiv.org/pdf/1810.11215
Pushing the limits of capsule networks,Convolutional neural networks use pooling and other downscaling … deep networks. A team at Google Brain recently made news with an attempt to fix this problem: Capsule Networks. …,https://arxiv.org/pdf/2103.08074
Towards scalable and reliable capsule networks for challenging NLP applications,"… to have made capsule networks more suitable to large-scale problems and, hence, more mature for real-world applications. In the future, we plan to apply capsule networks to even …",https://arxiv.org/pdf/1906.02829
Path capsule networks,"… (CapsNet) was introduced as an enhancement over convolutional neural networks, … of the capsules. To address these limitations, we introduce Path Capsule Network (PathCapsNet), a …",https://arxiv.org/pdf/1902.03760
Efficient-capsnet: Capsule network with self-attention routing,"… networks and endow artificial visual perception with a process to encode more efficiently all feature affine transformations. Indeed, a properly working capsule network … capsule networks …",https://www.nature.com/articles/s41598-021-93977-0.pdf
Investigating the transferring capability of capsule networks for text classification,"… capsule networks outperform the compared models on 4 out of 6 datasets, suggesting the effectiveness of the capsule networks … cross-domain capsule network (TL-Capsule) by …",https://drive.google.com/file/d/1GA0ofwXUU5p341UATeN6DzRLyO54aEtm/view
Speech emotion recognition using capsule networks,"… features and introducing neural network methods, eg, convolutional neural networks (CNNs)… This paper presents a novel architecture based on the capsule networks (CapsNets) for SER…",https://www1.se.cuhk.edu.hk/~hccl/publications/pub/icassp2019_SER_Capsule_final.pdf
Improving the robustness of capsule networks to image affine transformations,"… Concretely, we propose to use the same transformation function for all primary capsules (ie, ensuring tj|i(·) ≡ tj|k(·)). We implement a robust affine capsule network (Aff-CapsNet) by …",https://openaccess.thecvf.com/content_CVPR_2020/papers/Gu_Improving_the_Robustness_of_Capsule_Networks_to_Image_Affine_Transformations_CVPR_2020_paper.pdf
Hierarchical multi-label classification of text with capsule networks,… can the capabilities of capsule networks be transferred and ap… we compare HMCadjusted capsule networks to several baseline neu… The main benefit of capsules is their ability to encode …,https://aclanthology.org/P19-2045.pdf
Diabetic retinopathy detection and classification using capsule networks,… The recent developments like capsule networks in … capsule network is developed for the detection and classification of diabetic retinopathy. Using the convolution and primary capsule …,https://link.springer.com/content/pdf/10.1007/s40747-021-00318-9.pdf
Comparative study of capsule neural network in various applications,"… especially for the tasks in computer vision, the capsule network have been designed as an … capsule network employed in the fault diagnosis enhances the accuracy of the classification …",https://www.researchgate.net/profile/T-Vijayakumar-2/publication/336466044_COMPARATIVE_STUDY_OF_CAPSULE_NEURAL_NETWORK_IN_VARIOUS_APPLICATIONS/links/6070127aa6fdcc5f7790b004/COMPARATIVE-STUDY-OF-CAPSULE-NEURAL-NETWORK-IN-VARIOUS-APPLICATIONS.pdf?_sg%5B0%5D=started_experiment_milestone&origin=journalDetail
Capsule networks with max-min normalization,… Capsule Networks (CapsNets) have the potential to perform … -level capsules between adjacent layers in the network. Each … -level capsule should be assigned to a higher-level capsule. …,https://arxiv.org/pdf/1903.09662
Forecasting transportation network speed using deep capsule networks with nested LSTM models,… cated transportation networks is of vital importance to modern transportation management. … a new capsule network (CapsNet) to extract the spatial features of traffic networks and utilize …,https://arxiv.org/pdf/1811.04745
Star-caps: Capsule networks with straight-through attentive routing,"… Though a capsule network architecture has a fixed number of parameters, training and … To address the computational complexity of capsule networks, we replace the recurrent dynamic …",https://proceedings.neurips.cc/paper_files/paper/2019/file/cf040fc71060367913e81ac1eb050aea-Paper.pdf
Graph transformer networks,"… Here, we develop Graph Transformer Network (GTN) that learns to transform a … GTNs can be viewed as a graph analogue of Spatial Transformer Networks [16] which explicitly learn …",https://proceedings.neurips.cc/paper_files/paper/2019/file/9d63484abb477c97640154d40595a3bb-Paper.pdf
A generalization of transformer networks to graphs,… This work presented a simple yet effective approach to generalize transformer networks on arbitrary graphs and introduced the corresponding architecture. Our experiments consistently …,https://arxiv.org/pdf/2012.09699
Video transformer network,… transformer-based framework for video recognition. Inspired by recent developments in vision transformers… Our approach is generic and builds on top of any given 2D spatial network. In …,https://openaccess.thecvf.com/content/ICCV2021W/CVEU/papers/Neimark_Video_Transformer_Network_ICCVW_2021_paper.pdf
Transformer networks for trajectory forecasting,"… Here we argue that Transformer Networks … Transformer Networks [15], first to model sequences merely by attention mechanisms. Aside TF, we consider the Bidirectional Transformers …",https://ieeexplore.ieee.org/iel7/9411940/9411911/09412190.pdf
Contextual transformer networks for visual recognition,"… By directly replacing each 3Â3 convolution in a ResNet structure with CoT block, we present a new Contextual Transformer Networks (dubbed as CoTNet) for image representation …",https://ieeexplore.ieee.org/iel7/34/4359286/09747984.pdf
Video action transformer network,"… Our answer is a new video action recognition network, the Action Transformer, that uses a modified Transformer architecture as a ‘head’ to classify the action of a person of interest. It …",https://openaccess.thecvf.com/content_CVPR_2019/papers/Girdhar_Video_Action_Transformer_Network_CVPR_2019_paper.pdf
Spatial-temporal transformer networks for traffic flow forecasting,"… In this section, we introduce the proposed spatial-temporal transformer network. We first … Subsequently, we elaborate the proposed spatial transformer and temporal transformer in …",https://arxiv.org/pdf/2001.02908
Transformer networks of human conceptual knowledge.,… Our approach involves a pretrained transformer network that is further fine-tuned on large data sets of participant-generated feature norms. We show that such a model can successfully …,https://psycnet.apa.org/manuscript/2023-13379-001.pdf
Equivariant transformer networks,"… How can prior knowledge on the transformation invariances of a domain be incorporated into the architecture of a neural network? We propose Equivariant Transformers (ETs), a family …",http://proceedings.mlr.press/v97/tai19a/tai19a.pdf
Tranad: Deep transformer networks for anomaly detection in multivariate time series data,"… In this paper, we propose TranAD, a deep transformer network based anomaly detection and diagnosis model which uses attentionbased sequence encoders to swiftly perform …",https://arxiv.org/pdf/2201.07284
Variational transformer networks for layout generation,"… Our proposed Variational Transformer Network (VTN) is capable of learning margins, alignments and other global design rules without explicit supervision. Layouts sampled from our …",https://openaccess.thecvf.com/content/CVPR2021/papers/Arroyo_Variational_Transformer_Networks_for_Layout_Generation_CVPR_2021_paper.pdf
Neural speech synthesis with transformer network,"… recurrent neural networks (RNNs). Inspired by the success of Transformer network in neural … Using phoneme sequences as input, our Transformer TTS network generates mel spec…",https://ojs.aaai.org/index.php/AAAI/article/download/4642/4520
Kernel transformer networks for compact spherical convolution,"… accuracy—especially for deeper networks—due to an implicit … , we propose the Kernel Transformer Network (KTN). The … network (eg, increasing the footprint of a VGG network by only 25…",https://openaccess.thecvf.com/content_CVPR_2019/papers/Su_Kernel_Transformer_Networks_for_Compact_Spherical_Convolution_CVPR_2019_paper.pdf
The transformer network for the traveling salesman problem,"… of promising techniques where (graph) neural networks have been capable to learn new … In this work, we propose to adapt the recent successful Transformer architecture originally …",https://arxiv.org/pdf/2103.03012
Gated transformer networks for multivariate time series classification,"… of the current Transformer Networks with gating, named Gated Transformer Networks (GTN) … With the gating that merges two towers of Transformer which model the channel-wise and …",https://arxiv.org/pdf/2103.14438
Image-and-spatial transformer networks for structure-guided image registration,"… networks to learn representations, we introduce Image-and-Spatial Transformer Networks (ISTNs) where a dedicated Image Transformer Network (ITN) is added to the head of a Spatial …",https://arxiv.org/pdf/1907.09200
Team papelo: Transformer networks at FEVER,"… based on a transformer network. Transformer networks (Vaswani et al., 2017) are deep … Therefore, we run most later comparisons with extended ESIM or transformer networks as the …",https://arxiv.org/pdf/1901.02534
Point 4d transformer networks for spatio-temporal modeling in point cloud videos,"… a novel Point 4D Transformer Network (P4Transformer) to … transformer. Second, instead of grouping these embedded local areas with tracking [36], we propose to utilize the transformer …",http://openaccess.thecvf.com/content/CVPR2021/papers/Fan_Point_4D_Transformer_Networks_for_Spatio-Temporal_Modeling_in_Point_Cloud_CVPR_2021_paper.pdf
Medical image segmentation using transformer networks,"… PROPOSED NETWORK Our proposed transformer network for 3D medical image segmentation is shown in Figure 1. The input to our network is a 3D image block B ∈ IRW ×W ×W ×c, …",https://ieeexplore.ieee.org/iel7/6287639/6514899/09729189.pdf
Sign language recognition with transformer networks,"… In this work, we use a Long Short-Term Memory (LSTM) network as a baseline. We then present and compare three methods based on the transformer network architecture, that …",https://aclanthology.org/2020.lrec-1.737.pdf
Attention mechanisms in computer vision: A survey,"… attention mechanisms in computer vision and categorize them according to approach, such as channel attention, spatial attention, temporal attention, … for attention mechanism research. …",https://link.springer.com/content/pdf/10.1007/s41095-022-0271-y.pdf
Research progress in attention mechanism in deep learning,"… attention mechanism is then provided to a certain extent, and roles of attention mechanism … Finally, this survey identified the future direction and challenges of the attention mechanism. …",http://cje.ustb.edu.cn/en/article/pdf/preview/10.13374/j.issn2095-9389.2021.01.30.005.pdf
Attention branch network: Learning of attention mechanism for visual explanation,"… In this work, we propose Attention Branch Network (… attention mechanism. ABN can be applicable to several image recognition tasks by introducing a branch for the attention mechanism …",https://openaccess.thecvf.com/content_CVPR_2019/papers/Fukui_Attention_Branch_Network_Learning_of_Attention_Mechanism_for_Visual_Explanation_CVPR_2019_paper.pdf
An introductory survey on attention mechanisms in NLP problems,"… translation for automatic token alignment, attention mechanism, a simple method that can … and conduct an introductory summary of the attention mechanism in different NLP problems, …",https://arxiv.org/pdf/1811.05544
Attention mechanisms and their applications to complex systems,"… years, attention mechanisms have emerged as a promising solution to these problems. In this review, we describe the key aspects of attention mechanisms and some relevant attention …",https://www.mdpi.com/1099-4300/23/3/283/pdf
An empirical study of spatial attention mechanisms in deep networks,"… Towards disentangling the effects of different attention factors and mechanisms, … attention, in which various elements of attention mechanisms are ablated within a generalized attention …",https://openaccess.thecvf.com/content_ICCV_2019/papers/Zhu_An_Empirical_Study_of_Spatial_Attention_Mechanisms_in_Deep_Networks_ICCV_2019_paper.pdf
Global attention mechanism: Retain information to enhance channel-spatial interactions,"… To magnify cross-dimension interactions, we propose an attention mechanism that is … We adopt the sequential channel-spatial attention mechanism from CBAM and redesign the …",https://arxiv.org/pdf/2112.05561
A survey on attention mechanisms for medical applications: are we moving toward better Algorithms?,… reviews the use of attention mechanisms in machine learning … and potentialities of attention mechanisms presented in the … integrating process of attention mechanisms into established …,https://ieeexplore.ieee.org/iel7/6287639/9668973/09889720.pdf
STAT: Spatial-temporal attention mechanism for video captioning,"… attention mechanism suffer from the problems of recognition error and detail missing, because temporal attention mechanism … novel spatial-temporal attention mechanism (STAT) within …",https://drive.google.com/file/d/13GSjwxXpMGbYlpaxnBFG5IUJWuZ67fTK/view
Classification of hyperspectral image based on double-branch dual-attention mechanism network,"… In recent years, researchers have paid increasing attention on … double-branch dual-attention mechanism network (DBDA) for … , a channel attention block and a spatial attention block are …",https://www.mdpi.com/2072-4292/12/3/582/pdf
Bi-LSTM model to increase accuracy in text classification: Combining Word2vec CNN and attention mechanism,… attention-based Bi-LSTM+CNN hybrid model that capitalize on the advantages of LSTM and CNN with an additional attention mechanism… that the proposed hybrid attention Bi-LSTM+…,https://www.mdpi.com/2076-3417/10/17/5841/pdf
Self-supervised equivariant attention mechanism for weakly supervised semantic segmentation,"… In this paper, we propose a self-supervised equivariant attention mechanism (SEAM) to discover additional supervision and narrow the gap. Our method is based on the observation …",https://openaccess.thecvf.com/content_CVPR_2020/papers/Wang_Self-Supervised_Equivariant_Attention_Mechanism_for_Weakly_Supervised_Semantic_Segmentation_CVPR_2020_paper.pdf
Neural malware analysis with attention mechanism,"… is to exploit a CNN with the attention mechanism in order to make manual analysis efficient. … into images and then apply a CNN with the attention mechanism to the images. In doing so, …",https://www.researchgate.net/profile/Hiromu-Yakura/publication/335101933_Neural_Malware_Analysis_with_Attention_Mechanism/links/5d5a047d92851cb74c760579/Neural-Malware-Analysis-with-Attention-Mechanism.pdf
Attention on attention for image captioning,… (AoA) to image captioning in this paper; AoA is a general extension to attention mechanisms and can be applied to any of them; AoA determines the relevance between the …,http://openaccess.thecvf.com/content_ICCV_2019/papers/Huang_Attention_on_Attention_for_Image_Captioning_ICCV_2019_paper.pdf
Bidirectional Encoder Representations from Transformers (BERT): A sentiment analysis odyssey,"The purpose of the study is to investigate the relative effectiveness of four different sentiment analysis techniques:(1) unsupervised lexicon-based model using Sent WordNet;(2) traditional supervised machine learning model using logistic regression;(3) supervised deep learning model using Long Short-Term Memory (LSTM); and,(4) advanced supervised deep learning models using Bidirectional Encoder Representations from Transformers (BERT). We use publicly available labeled corpora of 50,000 movie reviews originally posted on …",https://arxiv.org/pdf/2007.01127
What does BERT learn about the structure of language?,… language structure learned by BERT. We first show that BERT’s phrasal representation captures phrase-level information in the lower layers. We also show that BERT’s intermediate …,https://inria.hal.science/hal-02131630/document
A comprehensive survey on pretrained foundation models: A history from bert to chatgpt,"Pretrained Foundation Models (PFMs) are regarded as the foundation for various downstream tasks across different data modalities. A PFM (eg, BERT, ChatGPT, GPT-4) is trained on …",https://arxiv.org/pdf/2302.09419
BERT: a review of applications in natural language processing and understanding,"… relative to the original BERT model, which is logical given that BERT is trained on a general … to use BERT for a target. For example, you can use the representation provided by BERT as …",https://arxiv.org/pdf/2103.11943
Bertje: A dutch bert model,"… a monolingual Dutch BERT model called BERTje. Compared to the multilingual BERT model, … Our pre-trained Dutch BERT model is made available at https://github.com/wietsedv/bertje. …",https://arxiv.org/pdf/1912.09582
A primer in BERTology: What we know about how BERT works,"… This paper is the first survey of over 150 studies of the popular BERT model. We review the current state of knowledge about how BERT works, what kind of information it learns and how …",https://direct.mit.edu/tacl/article-pdf/doi/10.1162/tacl_a_00349/1923281/tacl_a_00349.pdf
Visualizing and understanding the effectiveness of BERT,"… trajectories of fine-tuning BERT on specific datasets. First, we … BERT is highly over-parameterized for downstream tasks. Second, the visualization results indicate that fine-tuning BERT …",https://arxiv.org/pdf/1908.05620
BERTese: Learning to speak to BERT,"… the rewriter’s output to be similar to BERT token embeddings. Moreover, we must guarantee … useful for extracting knowledge from BERT. While we experiment on BERT, our method is …",https://arxiv.org/pdf/2103.05327
Understanding the Behaviors of BERT in Ranking,"… However, on the MS MARCO passage ranking task, fine-tuning BERT and treating ranking … properties of BERT in ad hoc ranking tasks. We explore several ways to use BERT in ranking, …",https://arxiv.org/pdf/1904.07531
What does BERT with vision look at?,"… In addition to all the components of BERT, we introduce a set of visual embeddings, F, to model an image. Each f ∈ F corresponds to a bounding region in the image, derived from an …",https://aclanthology.org/2020.acl-main.469.pdf
Cogltx: Applying bert to long texts,… BERT is incapable of processing long texts due to its … The maximum length limit in BERT reminds us the limited capacity (5∼ 9 … They never appear in the same BERT input window in the …,https://proceedings.neurips.cc/paper_files/paper/2020/file/96671501524948bc3937b4b30d0e57b9-Paper.pdf
I-bert: Integer-only bert quantization,"… In this work, we propose I-BERT, a novel quantization scheme … , I-BERT performs an end-to-end integer-only BERT inference … We show that for both cases, I-BERT achieves similar (and …",http://proceedings.mlr.press/v139/kim21d/kim21d.pdf
Bert-attack: Adversarial attack against bert using bert,"… Motivated by the interesting idea of turning BERT against BERT, we propose BERT-Attack, using the original BERT model to craft adversarial samples to fool the fine-tuned BERT model…",https://arxiv.org/pdf/2004.09984
E-BERT: Efficient-yet-effective entity embeddings for BERT,"… This stands in contrast to previous entity-enhanced versions of BERT, such as ERNIE or … over original BERT, ERNIE and KnowBert. We also find that the original BERT model is overly …",https://arxiv.org/pdf/1911.03681
Vln bert: A recurrent vision-and-language bert for navigation,"… One reason for this is the difficulty adapting the BERT architecture to the partially … a recurrent BERT model that is time-aware for use in VLN. Specifically, we equip the BERT model with …",http://openaccess.thecvf.com/content/CVPR2021/papers/Hong_VLN_BERT_A_Recurrent_Vision-and-Language_BERT_for_Navigation_CVPR_2021_paper.pdf
Publicly available clinical BERT embeddings,"… al., 2015; Stubbs and Uzuner, 2015), general BERT and BioBERT outperform clinical BERT and we argue that fundamental facets of the de-ID context motivate this lack of performance. …",https://arxiv.org/pdf/1904.03323
What Does Bert Look At? An Analysis of Bert's Attention,… An Analysis of Bert’s Attention What Does Bert Look At? An Analysis of Bert’s Attention …,https://fq.pkwyx.com/default/https/aclanthology.org/W19-4828.pdf
Visualizing and measuring the geometry of BERT,"… Investigating how BERT represents syntax, we describe … show suggestive evidence that BERT distinguishes word senses at a … Our object of study is the BERT model introduced in [5]. To …",https://proceedings.neurips.cc/paper_files/paper/2019/file/159c1ffe5b61b41b3c4d8f4c2150f6c4-Paper.pdf
Active learning for BERT: an empirical study,"… Recently, pre-trained NLP models, and BERT in particular, are … on active learning techniques for BERT-based classification, addressing … Our results demonstrate that AL can boost BERT …",https://aclanthology.org/2020.emnlp-main.638.pdf
"Gpt (generative pre-trained transformer)–a comprehensive review on enabling technologies, potential applications, emerging challenges, and future directions","… ABSTRACT The Generative Pre-trained Transformer (GPT) … GPT is based on the transformer architecture, a deep neural … to effectively converse, GPT have gained significant popularity …",https://ieeexplore.ieee.org/iel7/6287639/6514899/10500411.pdf
Generative pre-trained transformer (GPT) in research: A systematic review on data augmentation,"… GPT (Generative Pre-trained Transformer) represents … explores alternative dimensions of GPT and LLM applications, … (1) GPT on Generating Research data, (2) GPT on Data Analysis…",https://www.mdpi.com/2078-2489/15/2/99/pdf
How large language models including generative pre-trained transformer (GPT) 3 and 4 will impact medicine and surgery,"… large language model (LLM), Generative Pre-trained Transformer (GPT)-3 trained with 175 … ChatGPT’s global uptake has been exponential: 40 days post launch, GPT-3, had 10 million …",https://link.springer.com/content/pdf/10.1007/s10151-023-02837-8.pdf
Plagiarism in the age of massive Generative Pre-trained Transformers (GPT-3),"… general intelligence (AGI), GPT3 (Generative Pre-trained Transformer-3) represents an … GPT-3 does not represent much of a methodological innovation compared to previous GPT …",https://www.int-res.com/articles/esep2021/21/e021p017.pdf
Vl-gpt: A generative pre-trained transformer for vision and language understanding and generation,"… Generative Pre-trained Transformer (VL-GPT), a transformer model proficient at concurrently perceiving and generating visual and linguistic data. VL-GPT … Consequently, VL-GPT can …",https://arxiv.org/pdf/2312.09251
Evaluating the performance of Generative Pre-trained Transformer-4 (GPT-4) in standardizing radiology reports,"… The findings of this study suggest that GPT-4 (Generative Pre-trained Transformer 4), an advanced AI model, has the potential to significantly contribute to the standardization and …",https://akademi.mindengineers.co/wp-content/uploads/2024/02/s00330-023-10384-x.pdf
Can generative pre-trained transformers (gpt) pass assessments in higher education programming courses?,"… the ability of generative pre-trained transformers (GPT), … We subjected GPT’s answers and coding task solutions to the … aware of the capabilities of GPT models to write fluent text …",https://dl.acm.org/doi/pdf/10.1145/3587102.3588792
Generative pre-trained transformer for design concept generation: an exploration,"… However, current generative design … of generative pre-trained transformers (GPT) for natural language design concept generation. Our experiments involve the use of GPT-2 and GPT-3 …",https://www.cambridge.org/core/services/aop-cambridge-core/content/view/41894D82DCBC0610B5B6E68967B7047F/S2732527X22001857a.pdf/generative_pretrained_transformer_for_design_concept_generation_an_exploration.pdf
Considering the possibilities and pitfalls of Generative Pre-trained Transformer 3 (GPT-3) in healthcare delivery,"… the recent release of Generative Pre-trained Transformer 3, they could be … However, for GPT-3 and similar applications to be … , OpenAI’s Generative Pre-trained Transformer 3, or GPT-3, …",https://www.nature.com/articles/s41746-021-00464-x.pdf
Towards javascript program repair with generative pre-trained transformer (gpt-2),"… As the Generative Pre-trained Transformer (GPT) model is now available to everyone … we describe the GPT-2 model [2]. The original Generative Pre-trained Transformer, or in short GPT, …",https://real.mtak.hu/150454/1/Lajko-APR22.pdf
Is generative pre-trained transformer artificial intelligence (Chat-GPT) a reliable tool for guidelines synthesis? A preliminary evaluation for biologic CRSwNP therapy,Is generative pre-trained transformer artificial intelligence (Chat-GPT) a reliable tool for guidelines synthesis? A preliminary evaluation for biologic CRSwNP therapy | European …,https://www.researchgate.net/profile/Ignazio-La-Mantia/publication/378075779_Is_generative_pre-trained_transformer_artificial_intelligence_Chat-GPT_a_reliable_tool_for_guidelines_synthesis_A_preliminary_evaluation_for_biologic_CRSwNP_therapy/links/65d07b9a476dd15fb3423ba0/Is-generative-pre-trained-transformer-artificial-intelligence-Chat-GPT-a-reliable-tool-for-guidelines-synthesis-A-preliminary-evaluation-for-biologic-CRSwNP-therapy.pdf
Fluid-gpt (fast learning to understand and investigate dynamics with a generative pre-trained transformer): Efficient predictions of particle trajectories and erosion,… Our work demonstrates that FLUID-GPT is an accurate and efficient ML approach for predicting time-series trajectories and their subsequent spatial erosion patterns in these complex …,https://pubs.acs.org/doi/pdf/10.1021/acs.iecr.3c01639
"Event Stream GPT: a data pre-processing and modeling library for generative, pre-trained transformers over continuous-time sequences of complex events","… We will realize this through a transformer neural network architecture parametrized by θ, such that fθ(ti, xi, hi−1) = p(ti, xi|hi−1). Note that, unlike other GPT modeling settings, it may be …",https://proceedings.neurips.cc/paper_files/paper/2023/file/4c8f197b24e9b05d22028c2de16a45d2-Paper-Datasets_and_Benchmarks.pdf
BioGPT: generative pre-trained transformer for biomedical text generation and mining,"… proposed BioGPT, a generative pre-trained Transformer language model for biomedical text generation and mining. We adopted GPT-2 as our backbone model and pre-trained on |$15…",https://arxiv.org/pdf/2210.10341.pdf?trk=article-ssr-frontend-pulse_x-social-details_comments-action_comment-text
Gpt-4 technical report,"… The GPT-4 base model is only slightly better at this task than GPT-3.5; however, after RLHF … improvements over GPT-3.5.Table 4 shows both a correct and an incorrect answer. GPT-4 …",https://arxiv.org/pdf/2303.08774.pdf?fbclid=IwAR2XS6JT2NLIP4MjFn9npot34FhddoqStNbLwIvWETf5ZGlCPsIbuYneo8s&mibextid=Zxz2cZ
Chatting about ChatGPT: how may AI and GPT impact academia and libraries?,"Purpose This paper aims to provide an overview of key definitions related to ChatGPT, a public tool developed by OpenAI, and its underlying technology, Generative Pretrained …",https://papers.ssrn.com/sol3/Delivery.cfm?abstractid=4333415
What Makes Good In-Context Examples for GPT-?,… found that the empirical results of GPT-3 depend heavily on … (relative to random sampling) that better leverage GPT3’s few-shot … as more informative inputs to unleash GPT-3’s extensive …,https://arxiv.org/pdf/2101.06804
The now and future of ChatGPT and GPT in psychiatry,"… Despite recent improvements of the GPT model in the past few years, the GPT-4 (the latest iteration of GPT) is reported to still have several limitations19. First and foremost, GPT-4 is not …",https://onlinelibrary.wiley.com/doi/pdf/10.1111/pcn.13588
"GPT-3: Its nature, scope, limits, and consequences","In this commentary, we discuss the nature of reversible and irreversible questions, that is, questions that may enable one to identify the nature of the source of their answers. We then …",https://link.springer.com/content/pdf/10.1007/s11023-020-09548-1.pdf
GPT-3: What's it good for?,"GPT-3 made the mainstream media headlines this year, generating far more interest than we’d normally expect of a technical advance in NLP. People are fascinated by its ability to …",https://www.cambridge.org/core/services/aop-cambridge-core/content/view/0E05CFE68A7AC8BF794C8ECBE28AA990/S1351324920000601a.pdf/gpt3_whats_it_good_for.pdf
Gpt-driver: Learning to drive with gpt,"… unified language tokens, and we instruct a GPT-3.5 model to understand these tokens and … potential of GPT-3.5, we propose a prompting-reasoning-finetuning strategy, where GPT-3.5 …",https://arxiv.org/pdf/2310.01415
GPT-4 is here: what scientists think,"Artificial intelligence company OpenAI this week unveiled GPT-4, the latest incarnation of the large language model that powers its popular chatbot ChatGPT. The company says GPT-4 …",http://www.hajim.rochester.edu/che/assets/pdf/gpt-4-is-here-what-scientists-think.pdf
Use of GPT-4 to diagnose complex clinical cases,… We assessed the performance of GPT-4 in real-life … GPT-4 with a prompt and a clinical case (see Supplementary Methods 1 in the Supplementary Appendix). The prompt instructed GPT-…,https://ai.nejm.org/doi/pdf/10.1056/AIp2300031
Capabilities of gpt-4 on medical challenge problems,"… GPT-4 on medical challenge problems. To establish strong baselines for comparison, we evaluate GPT-4 against GPT-… -of-the-box” performance numbers for GPT-4. To that end, we use …",https://arxiv.org/pdf/2303.13375
Using cognitive psychology to understand GPT-3,… model (GPT-3) do experiments from the cognitive psychology literature. We find that GPT-3 can … the cognitive psychology literature to demystify how GPT-3 solves different tasks and use …,https://www.pnas.org/doi/pdf/10.1073/pnas.2218523120
AI model GPT-3 (dis) informs us better than humans,"… by GPT-3 can affect people’s comprehension of information. The purpose of this paper is to assess whether GPT-3 can … To achieve our goals, we asked GPT-3 to write tweets containing …",https://www.science.org/doi/pdf/10.1126/sciadv.adh1850
Gpt-4 passes the bar exam,"… members of the GPT family and the alpha version of GPT-4 we used for this study. GPT-4 delivers … In addition, GPT-4’s MBE score is not only more than 15% above the minimum passing …",https://royalsocietypublishing.org/doi/pdf/10.1098/rsta.2023.0254
What gpt knows about who is who,"… POS and Entity Types While the overall performance indicates that GPT models are comparable to a random model, we hypothesize that for some subset of mention pairs, GPT might …",https://arxiv.org/pdf/2205.07407
Gpt-4o system card,"… In this System Card, we provide a detailed look at GPT-4o's capabilities, limitations, and … , as well as discussion of potential societal impacts of GPT-4o's text and vision capabilities. …",https://arxiv.org/pdf/2410.21276?
Instruction tuning with gpt-4,… instruction-following data generated by GPT-4 leads to superior zero-… GPT-4 to enable a comprehensive evaluation and reward model training. We make our data generated using GPT…,https://arxiv.org/pdf/2304.03277.pdf?trk=public_post_comment-text
GPT-4: a new era of artificial intelligence in medicine,GPT-4 is the latest version of ChatGPT which is reported by OpenAI to have greater problem-solving abilities and an even broader knowledge base. We examined GPT-4’s ability to …,https://akademi.mindengineers.co/wp-content/uploads/2024/02/s11845-023-03377-8.pdf
Dialogxl: All-in-one xlnet for multi-party conversation emotion recognition,"… models such as XLNet. To address this issue, we propose an all-in-one XLNet model, namely … Specifically, we first modify the recurrence mechanism of XLNet from segment-level to …",https://ojs.aaai.org/index.php/AAAI/article/view/17625/17432
Comparing BERT and XLNet from the perspective of computational characteristics,"… and XLNet are two popular models utilizing Transformer. In this paper, we compare the computational characteristics of the inference of BERT and XLNet … features of XLNet, leading to a …",https://scale.snu.ac.kr/papers/2020-01-Conference-ICEIC-BERTvs.XLNet.pdf
Xl-editor: Post-editing sentences with xlnet,"… More importantly, both BERT and XLNet implicitly requires prior knowledge … XLNet for text generation, in this work, we propose XL-Editor, a novel training framework that extends XLNet …",https://arxiv.org/pdf/1910.10479
XLNet-based prediction model for CVSS metric values,"… More specifically, this method utilizes the XLNet model that is fine-tuned with a self-built … To verify the performance of our method, we compare the XLNet model with other pre-trained …",https://www.mdpi.com/2076-3417/12/18/8983/pdf
Speech-XLNet: Unsupervised acoustic model pretraining for self-attention networks,"… and XLNet. In this paper, we present an XLNet-like pretraining scheme “Speech-XLNet” to … Firstly, we find that by shuffling the speech frame orders, Speech-XLNet serves as a strong …",https://arxiv.org/pdf/1910.10387
Improved XLNet modeling for Chinese named entity recognition of edible fungus,"… In our case, the XLNet model is employed instead of the BERT model, and the IDCNN is integrated into the XLNet model to enhance the capture of features between utterances. …",https://www.frontiersin.org/journals/plant-science/articles/10.3389/fpls.2024.1368847/pdf
XLNet-CNN: Combining Global Context Understanding of XLNet with Local Context Capture through Convolution for Improved Multi-Label Text Classification,"… view, we propose XLNet-CNN, which is based on XLNet, an … Our model enhances XLNet’s global context understanding … that XLNet-CNN consistently outperforms XLNet and domain-…",https://dl.acm.org/doi/pdf/10.1145/3704522.3704540
"Bert, xlnet or roberta: the best transfer learning model to detect clickbaits","… In this work we fine-tuned BERT, XLNet and RoBERTa models by integrating novel configuration changes into their default architectures such as model expansion, pruning and data …",https://ieeexplore.ieee.org/iel7/6287639/6514899/09617586.pdf
"Comparative analyses of bert, roberta, distilbert, and xlnet for text-based emotion recognition","Transformers' feat is attributed to its better language understanding abilities to achieve state-of-the-art results in medicine, education, and other major NLP tasks. This paper analyzes …",https://www.researchgate.net/profile/Henry-Nunoo-Mensah/publication/346443459_Comparative_Analyses_of_BERT_RoBERTa_DistilBERT_and_XLNet_for_Text-based_Emotion_Recognition/links/5fc24071458515b7977cfa4c/Comparative-Analyses-of-BERT-RoBERTa-DistilBERT-and-XLNet-for-Text-based-Emotion-Recognition.pdf
Using BERT and XLNET for the Automatic Short Answer Grading Task.,"… Then, we compare the performance of BERT and XLNET with the best graders in the SOTA. We do not consider the question in our ASAG task because BERT and XLNET classifiers …",https://www.academia.edu/download/105673573/94224.pdf
Fake news detection using XLNet fine-tuning model,"… XLNet fine-tuning model to predict fake news in a multi-class and binary class problem. Our results show that the proposed XLNet … Therefore, we propose XLNet base fine tuning model …",https://www.researchgate.net/profile/Ashok-Kumar-Jayaraman-2/publication/358417906_Fake_News_Detection_Using_XLNet_Fine-Tuning_Model/links/62d40ce95aab971198b6d614/Fake-News-Detection-Using-XLNet-Fine-Tuning-Model.pdf
"Exploring transformers in natural language generation: Gpt, bert, and xlnet","… We analyze the implications of three key Transformerbased models—GPT-3, BERT, and XLNet… models, but their focus on Transformers is limited and does not include GPT-3 or XLNet. …",https://arxiv.org/pdf/2102.08036
Robbert: a dutch roberta-based language model,"Pre-trained language models have been dominating the field of natural language processing in recent years, and have led to significant performance gains for various complex natural …",https://arxiv.org/pdf/2001.06286
Emoberta: Speaker-aware emotion recognition in conversation with roberta,"We present EmoBERTa: Speaker-Aware Emotion Recognition in Conversation with RoBERTa, a simple yet expressive scheme of solving the ERC (emotion recognition in conversation) …",https://arxiv.org/pdf/2108.12009
Learning which features matter: RoBERTa acquires a preference for linguistic generalizations (eventually),"… Surface Biases of RoBERTa Our results also suggest some specific conclusions about which kinds of surface features RoBERTa pays attention to.For instance, these models have little …",https://arxiv.org/pdf/2010.05358
RoBERTa-LSTM: a hybrid model for sentiment analysis with transformer and recurrent neural network,"Due to the rapid development of technology, social media has become more and more common in human daily life. Social media is a platform for people to express their feelings, …",https://ieeexplore.ieee.org/iel7/6287639/9668973/09716923.pdf
Trusting roberta over bert: Insights from checklisting the natural language inference task,… 2019b) fine-tuned on MultiNLI (referred to as RoBERTa). We also observe the effects of adversarial training using RoBERTa-large fine-tuned on Adversarial NLI dataset (RoBERTa-ANLI…,https://arxiv.org/pdf/2107.07229
Chemical composition and bioactivity of essential oils and Ethanolic extracts of Ocimum basilicum L. and Thymus algeriensis Boiss. & Reut. from the Algerian …,Background There is increasing interest in the pharmaceutical and food industries to substitute synthetic chemicals with naturally occurring compounds possessing bioactive properties. …,https://link.springer.com/content/pdf/10.1186/s12906-019-2556-y.pdf
Probing across time: What does RoBERTa know and when?,… We test whether RoBERTa scores the grammatical sentence higher than the ungrammatical one. The score for a sentence is calculated by sequentially masking one word at a time and …,https://arxiv.org/pdf/2104.07885
"Clinical and laboratory data, radiological structured report findings and quantitative evaluation of lung involvement on baseline chest CT in COVID-19 patients to …",Objective To evaluate by means of regression models the relationships between baseline clinical and laboratory data and lung involvement on baseline chest CT and to quantify the …,https://link.springer.com/content/pdf/10.1007/s11547-020-01293-w.pdf
Detection and Classification of mental illnesses on social media using RoBERTa,"… We propose a RoBERTa based classifier in order to accomplish this. In addition, we also … RoBERTa model. Table 4 showcases the granular class-wise results of the RoBERTa model. …",https://arxiv.org/pdf/2011.11226
Does syntax matter? a strong baseline for aspect-based sentiment analysis with roberta,… (3) We achieve SOTA or near SOTA performances on six ALSC datasets across four languages based on RoBERTa. We find that the RoBERTa could better adapt to ALSC and help the …,https://arxiv.org/pdf/2104.04986
"Compositional and lexical semantics in RoBERTa, BERT and DistilBERT: A case study on CoQA","… We identify the problematic areas for the finetuned RoBERTa, BERT and DistilBERT models … represent compositional and lexical information between RoBERTa, BERT and DistilBERT. …",https://arxiv.org/pdf/2009.08257
Efficientnet: Rethinking model scaling for convolutional neural networks,"Convolutional Neural Networks (ConvNets) are commonly developed at a fixed resource budget, and then scaled up for better accuracy if more resources are given. In this paper, we …",http://proceedings.mlr.press/v97/tan19a/tan19a.pdf
Practical analysis on architecture of EfficientNet,"… , EfficientNet is one of the state-of-the-art architectures. It can be considered a family of network models. EfficientNet … SE modules on the performance of EfficientNet-B0, the fundamental …",http://islab.ulsan.ac.kr/files/publications/20210708-HSI2021-Van-Thanh_Hoang-FinalVersion.pdf
Plant leaf disease classification using EfficientNet deep learning model,"… In this study, EfficientNet deep learning architecture was … EfficientNet architecture and other deep learning models … B5 and B4 models of EfficientNet architecture achieved the highest …",https://www.academia.edu/download/102337194/j.ecoinf.2020.10118220230517-1-291xh6.pdf
Automated fruit recognition using EfficientNet and MixNet,"… In this sense, we anticipate that both EfficientNet and MixNet … In our work, we compared EfficientNet and MixNet with a … Even though, we believe that the application of EfficientNet …",https://www.researchgate.net/profile/Phuong-Nguyen-51/publication/339798572_Automated_fruit_recognition_using_EfficientNet_and_MixNet/links/5f2ad92ea6fdcccc43ac5b87/Automated-fruit-recognition-using-EfficientNet-and-MixNet.pdf
Classification of remote sensing images using EfficientNet-B3 CNN model with attention,"… propose a solution, named EfficientNet-B3-Attn-2, based on the pre-trained EfficientNet-B3 CNN … We tested the proposed EfficientNet-B3-Attn-2 on six popular remote sensing datasets, …",https://ieeexplore.ieee.org/iel7/6287639/9312710/09320487.pdf
Efficientnet-based robust recognition of peach plant diseases in field images,"… EfficientNet architectures were developed by searching a … The main building block in EfficientNet is the inverted … In this study, we utilized the EfficientNet architectures to detect diseases …",https://cdn.techscience.cn/ueditor/files/cmc/TSP_CMC-71-1/TSP_CMC_18961/TSP_CMC_18961.pdf
Brain tumor classification using dense efficient-net,"… This study proposed a CNN-based dense EfficientNet using … The developed network is a variant of EfficientNet with dense … , the newly designed EfficientNet CNN architecture can be a …",https://www.mdpi.com/2075-1680/11/1/34/pdf
Multi-label classification of fundus images with efficientnet,"… Due to the high efficiency of EfficientNet, we proposed a multi-label classification model of fundus images using EfficientNet as the feature extractor. At the same time, we also used …",https://ieeexplore.ieee.org/iel7/6287639/6514899/09268081.pdf
Boosted efficientnet: Detection of lymph node metastases in breast cancer using convolutional neural networks,"… of EfficientNet on Metastatic Breast Cancer (MBC) classification, and elaborate experiments are conducted to compare the performance of EfficientNet with … of the original EfficientNet. …",https://www.mdpi.com/2072-6694/13/4/661/pdf
Breast cancer diagnosis in two-view mammography using end-to-end trained efficientnet-based convolutional network,"… We use EfficientNet as the basis of our model. We “end-to-end” train the entire system using CBIS-DDSM dataset. To ensure statistical robustness, we test our system twice using: (a) 5-…",https://ieeexplore.ieee.org/iel7/6287639/6514899/09837037.pdf
Brainnet: precision brain tumor classification with optimized efficientnet architecture,"… EfficientNet models specifically for brain tumor classification. By leveraging transfer learning, we utilize the EfficientNet … Reconfiguration of EfficientNet: We have adapted the EfficientNet …",https://onlinelibrary.wiley.com/doi/pdf/10.1155/2024/3583612
A Robust Deep Learning Model for Brain Tumor Detection and Classification Using Efficient Net: A Brief Meta-Analysis,… a comprehensive examination utilizing the EfficientNet family of deep learning architectures … performance of different EfficientNet models (ranging from EfficientNet-B0 to EfficientNet-B7) …,https://pdfs.semanticscholar.org/d523/97aaeb58f24b1458f77c4eb81a2ce7b3aa7e.pdf
Automation of brain tumor identification using efficientnet on magnetic resonance images,"… a technique for the detection of tumors by using EfficientNet, a pre-trained model using the … family of models of EfficientNet namely EfficientNet-B2, EfficientNet-B3, and EfficientNet-B4. …",https://www.sciencedirect.com/science/article/pii/S1877050923001333/pdf?md5=b20c031b47e727d2e2ede99e7ab41f7b&pid=1-s2.0-S1877050923001333-main.pdf
YOLOv10 to its genesis: a decadal and comprehensive review of the you only look once (YOLO) series,"… progression of the You Only Look Once (YOLO) object detection … the advancements introduced by YOLO algorithms, beginning … The study highlights the transformative impact of YOLO …",https://arxiv.org/pdf/2406.19407
"Surveying You Only Look Once (YOLO) Multispectral Object Detection Advancements, Applications And Challenges","… of you only look once (YOLO). Ground-based collection is the most prevalent approach, totaling 63% of the papers reviewed, although uncrewed aerial systems (UAS) for YOLO-… YOLO …",https://ieeexplore.ieee.org/iel8/6287639/10820123/10829595.pdf
Evaluating the evolution of yolo (you only look once) models: A comprehensive benchmark study of yolo11 and its predecessors,"… benchmark analysis of various YOLO (You Only Look Once) algorithms, from YOLOv3 to the … of YOLO11, the latest addition to the YOLO family. It evaluates their performance on three …",https://arxiv.org/pdf/2411.00201
YOLO nano: A highly compact you only look once convolutional neural network for object detection,"… In this study, we introduce YOLO Nano, a highly compact deep convolutional … YOLO Nano, where principled network design prototyping, based on design principles from the YOLO …",https://arxiv.org/pdf/1910.01271
Objek Deteksi Makanan Khas Palembang Menggunakan Algoritma YOLO (You Only Look Once),… detection dengan metode You Only look Once (YOLO). Metode You Only Look Once(YOLO) merupakan salah … YOLO mempunyai banyak versi yang sering diterapkan yaitu mulai versi …,http://journal.jis-institute.org/index.php/jnik/article/download/534/318
Yolov10 to its genesis: A decadal and comprehensive review of the you only look once series,… This review systematically examines the progression of the You Only Look Once (YOLO) object detection algorithms from YOLOv1 to the recently unveiled YOLOv10. Employing a …,https://papers.ssrn.com/sol3/Delivery.cfm?abstractid=4874098
Automated vehicle counting from pre-recorded video using you only look once (YOLO) object detection model,"… In this context, the You Only Look Once (YOLO) object … -recorded videos using the YOLO model with flexible interval counting. … The YOLO model was applied in TensorFlow API with the …",https://www.mdpi.com/2313-433X/9/7/131/pdf
A Review of Yolo algorithm developments,"… You Only Look Once (YOLO) algorithm and its subsequent advanced versions. Through the analysis, we … similarities among the YOLO versions and between YOLO and Convolutional …",https://www.sciencedirect.com/science/article/pii/S1877050922001363/pdf?md5=4bdf4d0a84fcdecfd3bd313649e8e53d&pid=1-s2.0-S1877050922001363-main.pdf
Investigation of a promoted you only look once algorithm and its application in traffic flow monitoring,"… In this paper, we present YOLO-UA, which is a regression-based, high-performance … flows that use the You Only Look Once (YOLO) algorithm as the base [29,30,31]. We employed the …",https://www.mdpi.com/2076-3417/9/17/3619/pdf
You only look one-level feature,"… Also, in one-stage detectors, YOLO [26] and YOLOv2 [27] only use the last output feature of the backbone. They can be super fast but have to bear a performance decline in detection. …",https://openaccess.thecvf.com/content/CVPR2021/papers/Chen_You_Only_Look_One-Level_Feature_CVPR_2021_paper.pdf
Design of A Real-Time Object Detection Prototype System with YOLOv3 (You Only Look Once),"… The You Only Look Once (YOLO) method is one of the fastest and most accurate methods for … You Only Look Once, an object detection method, is very fast because a single neural …",https://ijesty.org/index.php/ijesty/article/download/309/216
"Object detection using YOLO: Challenges, architectural successors, datasets and applications","… Moreover, with the advent of YOLO (You Only Look Once) and its architectural … YOLO and Fast-RCNN respectively, however, inference time is around 300 times faster in case of YOLO. …",https://link.springer.com/content/pdf/10.1007/s11042-022-13644-y.pdf
"YOLO-v1 to YOLO-v8, the rise of YOLO and its complementary nature toward digital manufacturing and industrial defect detection","… This principle has been found within the DNA of all YOLO variants with increasing intensity, … -depth review of the YOLO evolution from the original YOLO to the recent release (YOLO-v8) …",https://www.mdpi.com/2075-1702/11/7/677/pdf
ViT-YOLO: Transformer-based YOLO for object detection,"Drone captured images have overwhelming characteristics including dramatic scale variance, complicated background filled with distractors, and flexible viewpoints, which pose …",https://openaccess.thecvf.com/content/ICCV2021W/VisDrone/papers/Zhang_ViT-YOLOTransformer-Based_YOLO_for_Object_Detection_ICCVW_2021_paper.pdf
Comparison of CNN and YOLO for Object Detection,"… YOLO. This paper presents two representative algorithm series, based on CNN and YOLO … Compared with the latest advanced solution, YOLO v3 achieves a good trade-off between …",https://koreascience.kr/article/JAKO202011161035249.pdf
PP-YOLO: An effective and efficient implementation of object detector,"… Since all experiments in this paper are conducted based on PaddlePaddle, we call it PP-YOLO. By combining multiple tricks, PP-YOLO can achieve a better balance between …",https://arxiv.org/pdf/2007.12099
Yolo-based uav technology: A review of the research and its applications,"… —YOLO-based UAV technology (YBUT). UAVs provide more application scenarios for the YOLO algorithm, and the YOLO … In this way, drone technology and the YOLO algorithm can …",https://www.mdpi.com/2504-446X/7/3/190/pdf
Tinier-YOLO: A real-time object detection method for constrained environments,"… YOLO is one of the state-of-the-art … -YOLO-V3 is its latest variant with a small model that can run on embedded devices. In this paper, Tinier-YOLO, which is originated from TinyYOLO-V3…",https://ieeexplore.ieee.org/iel7/6287639/6514899/08941141.pdf
Damo-yolo: A report on real-time object detection design,"… method dubbed DAMO-YOLO, which achieves higher performance than the state-of-the-art YOLO series. … Hence, we discard the detector head in previous YOLO series works [1…",https://arxiv.org/pdf/2211.15444
A new YOLO-based method for real-time crowd detection from video and performance analysis of YOLO models,"… YOLO models were tested separately in the proposed method and their … YOLO v3 model achieved the highest value in accuracy rate and mAP (both 0.50 and 0.75) metrics, the YOLO …",https://link.springer.com/content/pdf/10.1007/s11554-023-01276-w.pdf
"Yolov5, yolo-x, yolo-r, yolov7 performance comparison: A survey","… Due to its fast & accurate detection, YOLO algorithm has huge … YOLO algorithms are analyzed for the accuracy and speed to yield the best performing model. YOLOv5, YOLO-X, YOLO-R …",https://csitcp.com/paper/12/1216csit02.pdf
Yolov1 to v8: Unveiling each variant–a comprehensive review of yolo,"… of internal architectural enhancements, YOLO has fostered a robustness that extends … -world impact of YOLO. Through specific examples where YOLO has showcased its efficacy, …",https://ieeexplore.ieee.org/iel7/6287639/10380310/10473783.pdf
YOLO* C—Adding context improves YOLO performance,… You Only Look Once (YOLO) algorithms deliver state-of-the-art performance in … YOLO-based algorithm that explicitly models the spatial context inherent in traffic scenes. The new YOLO*…,https://www.researchgate.net/profile/Goran-Oreski-2/publication/372914141_YOLOC_-Adding_context_improves_YOLO_performance/links/64cded20806a9e4e5cea9538/YOLOC-Adding-context-improves-YOLO-performance.pdf
Evolution of Yolo algorithm and Yolov5: The State-of-the-Art object detention algorithm,"… out of the computer vision research community, YOLO has been upgraded to five versions and … of YOLO, YOLOv5, is the latest version not developed by the original author of YOLO. …",https://www.theseus.fi/bitstream/handle/10024/452552/Do_Thuan.pdf?sequence=2.
Analysis of object detection performance based on Faster R-CNN,… performance of Faster R-CNN. This paper analyzed the performance of Faster RCNN models … of Faster R-CNN. The experimental results showed the accuracy and detection speed of …,https://iopscience.iop.org/article/10.1088/1742-6596/1827/1/012085/pdf
An improved faster R-CNN for small object detection,"… a new solution that modified the structure of Faster R-CNN, the network can integrate low-level … of Faster R-CNN, this paper proposes an improved method based on Faster R-CNN for …",https://ieeexplore.ieee.org/iel7/6287639/8600701/08786135.pdf
Faster r-cnn and yolo based vehicle detection: A survey,"… the time complexity of Fast R-CNN to some extent compared to R-CNN but the problem of … algorithm too exists in Fast R-CNN as like R-CNN, in Fast R-CNN too the region proposals …",https://www.researchgate.net/profile/Sriparna-Banerjee/publication/350727309_Faster_R-CNN_and_YOLO_based_Vehicle_detection_A_Survey/links/6521395a3ab6cb4ec6c3d538/Faster-R-CNN-and-YOLO-based-Vehicle-detection-A-Survey.pdf
Improving Faster R‐CNN Framework for Fast Vehicle Detection,"… This paper proposes an improved framework based on Faster R-CNN for fast … in Faster R-CNN. Then, NMS algorithm after the region proposal network in the original Faster R-CNN is …",https://onlinelibrary.wiley.com/doi/pdf/10.1155/2019/3808064
Few-shot adaptive faster r-cnn,"… We apply these three novel techniques to Faster R-CNN model and obtain the few-shot adaptive Faster-RCNN (FAFRCNN), which is able to adapt to novel domains with only a few …",https://openaccess.thecvf.com/content_CVPR_2019/papers/Wang_Few-Shot_Adaptive_Faster_R-CNN_CVPR_2019_paper.pdf
An improved faster R-CNN for high-speed railway dropper detection,… This paper proposes an improved Faster R-CNN algorithm … box regression loss function of Faster R-CNN. Through a center-… We validate the improved Faster R-CNN through extensive …,https://ieeexplore.ieee.org/iel7/6287639/8948470/09110596.pdf
Local keypoint-based Faster R-CNN,"… We incorporate local keypoints in Faster R-CNN to improve object detection. The designed keypoint anchors are coupled with Faster anchors to cover the deficiency of Faster R-CNN, …",https://hull-repository.worktribe.com/preview/3546445/Keypoint%20based%20Faster%20R-CNNv3.pdf
MS-Faster R-CNN: Multi-stream backbone for improved Faster R-CNN object detection and aerial tracking from UAV images,"… In this paper, we propose a novel DL model, namely, the Multi-Stream Faster R-CNN, to provide reliable features at different flight heights for improving tracking by UAVs. A standard …",https://www.mdpi.com/2072-4292/13/9/1670/pdf
Road damage detection and classification with detectron2 and faster r-cnn,"… Specifically, we evaluate Detectron2’s implementation of Faster R-CNN using different base … The results show that the X101-FPN base model for Faster R-CNN with Detectron2’s default …",https://arxiv.org/pdf/2010.15021
"Performance analysis and comparison of faster R-CNN, mask R-CNN and ResNet50 for the detection and counting of vehicles","… Accuracy of Faster RCNN goes on increasing by decreasing frame per second, but this study is performed at 30FPS to compare at same scenario under same circumstances with no …",https://www.researchgate.net/profile/Muhammad-Shahbaz-Khan/publication/350927615_Performance_Analysis_and_Comparison_of_Faster_R-CNN_Mask_R-CNN_and_ResNet50_for_the_Detection_and_Counting_of_Vehicles/links/624ec148b0cee02d69586d7a/Performance-Analysis-and-Comparison-of-Faster-R-CNN-Mask-R-CNN-and-ResNet50-for-the-Detection-and-Counting-of-Vehicles.pdf
Defrcn: Decoupled faster r-cnn for few-shot object detection,"… In this paper, we look closely into the conventional Faster R-CNN and analyze its … , named Decoupled Faster R-CNN (DeFRCN). To be concrete, we extend Faster R-CNN by introducing …",https://openaccess.thecvf.com/content/ICCV2021/papers/Qiao_DeFRCN_Decoupled_Faster_R-CNN_for_Few-Shot_Object_Detection_ICCV_2021_paper.pdf
Rapid detection of rice disease based on FCM-KM and faster R-CNN fusion,"… fast convergence. Therefore, a rapid rice disease detection method based on FCM-KM and Faster R-CNN … proposal to the Faster R-CNN network, and then train the Faster R-CNN. After …",https://ieeexplore.ieee.org/iel7/6287639/8600701/08847623.pdf
Faster R-CNN for multi-class fruit detection using a robotic vision system,"… Therefore, this paper proposes an improved Faster R-CNN for multiclass fruit detection using a deep learning framework to achieve higher efficiency, effectiveness, and reliability in …",https://ikee.lib.auth.gr/record/309885/files/Shaohua%20Wan_Sotirios%20Goudos.pdf
Iemask r-cnn: Information-enhanced mask r-cnn,"… of Mask RCNN, we focused on the classic model Mask R-CNN … -enhanced Mask R-CNN, called IEMask R-CNN. Compared … of Mask R-CNN, we focused on the classic Mask R-CNN and …",https://drive.google.com/file/d/1aYJiWbfXH0HWwAt5prPC5bpl1UIFQrIA/view
Object detection based on RGC mask R‐CNN,"… Faster R-CNN was improved to RoI Align in Mask R-CNN, and the bilinear interpolation method was used to reduce the position error of the boundary regression box. Additionally, the …",https://ietresearch.onlinelibrary.wiley.com/doi/pdfdirect/10.1049/iet-ipr.2019.0057
An improved mask R‐CNN model for multiorgan segmentation,"… We applied the Mask R-CNN to esophageal cancer medical image processing successfully. Most existing methods focus on single-organ segmentation, while this paper devotes to …",https://onlinelibrary.wiley.com/doi/pdf/10.1155/2020/8351725
Face Detection and Segmentation Based on Improved Mask R‐CNN,"… Mask R-CNN (G-Mask) is proposed in this paper. In particular, our scheme introduces Generalized Intersection over Union (GIoU) [26] as the loss function for bounding box regression …",https://onlinelibrary.wiley.com/doi/pdf/10.1155/2020/9242917
Instance segmentation of apple flowers using the improved mask R–CNN model,"… network architecture of Mask R–CNN, and proposed the Mask Scoring R–CNN model. The Mask Scoring R–CNN model improved the segmentation accuracy of the Mask R–CNN, and …",https://www.researchgate.net/profile/Yunong-Tian/publication/340164698_Instance_segmentation_of_apple_flowers_using_the_improved_mask_R-CNN_model/links/606281dd458515e8347d86f5/Instance-segmentation-of-apple-flowers-using-the-improved-mask-R-CNN-model.pdf
A new mask R-CNN-based method for improved landslide detection,"… tection by exploiting the Mask R-CNN capability of identifying an object layout by using a pixel-based segmentation, along with transfer learning used to train the proposed model. A …",https://ieeexplore.ieee.org/iel7/4609443/9314330/09373966.pdf
Deep learning-based apple detection using a suppression mask R-CNN,"… Mask R-CNN for apple detection, in which a suppression branch is added to the standard Mask R-CNN to … Further, we develop a novel Suppression Mask R-CNN that has superior …",https://www.sciencedirect.com/science/article/am/pii/S0167865521001616
Mask R-CNN-based detection and segmentation for pulmonary nodule 3D visualization diagnosis,"… Experimental results show that Mask R-CNN of weighted loss … 50 score of 0.882 using Mask R-CNN with weighted loss on … and segmentation tasks, we used Mask R-CNN, which is the …",https://ieeexplore.ieee.org/iel7/6287639/6514899/09016227.pdf
Faster training of Mask R-CNN by focusing on instance boundaries,"… to Mask R-CNN, an instance segmentation network, which leads to faster training of the mask … We propose to attach an Edge Agreement Head to the mask branch of Mask R-CNN which …",https://arxiv.org/pdf/1809.07069
Mask is all you need: Rethinking mask R-CNN for dense and arbitrary-shaped scene text detection,… the mask branch which commonly exists in Mask R-CNN based … • We analyze the performance degradation when Mask R-CNN … from the learning confusion issue in the mask head. …,https://arxiv.org/pdf/2109.03426
Detection and classification the breast tumors using mask R-CNN on sonograms,"… contour and biopsy were used as the ground truth for Mask R-CNN network training. … R-CNN, and the red one is differences and amendments between Mask R-CNN and Faster R-CNN. …",https://journals.lww.com/md-journal/_layouts/15/oaks.journals/downloadpdf.aspx?an=00005792-201905100-00004
Deep orange: Mask R-CNN based orange detection and segmentation,"… To this end, we present an application of Mask R-CNN to fruit detection and segmentation in orchard environments. The objective is to detect individual fruits and obtain pixelwise …",https://drive.google.com/file/d/1N--2K5liI_ooBA23Mcs6-CqgLbGoD6QE/view
Attention mask R-CNN for ship detection and segmentation from remote sensing images,"… improved Mask R-CNN model. Our proposed method can accurately detect and segment ships at the pixel level. By adding a bottom-up structure to the FPN structure of Mask R-CNN, …",https://ieeexplore.ieee.org/iel7/6287639/8948470/08951182.pdf
Medical image segmentation review: The success of u-net,"… with the inheritance design of U-net rather than the conceptual … U-Net, and following that, we will introduce the 3D U-Net. Eventually, we will elaborate on the importance of the U-Net …",https://arxiv.org/pdf/2211.14830
U-net and its variants for medical image segmentation: A review of theory and applications,"… Distribution of (a) U-net related papers in our survey by year of publication starting with 2017, (b) image modality in U-net related papers, and (c) application area in U-net related papers…",https://ieeexplore.ieee.org/iel7/6287639/9312710/09446143.pdf
A unified framework for U-Net design and analysis,… general U-Net architectures. We begin with a comprehensive definition of a U-Net which … Our U-Net framework paves the way to designing U-Nets which can model distributions …,https://proceedings.neurips.cc/paper_files/paper/2023/file/58575be50c9b47902359920a4d5d1ab4-Paper-Conference.pdf
UIU-Net: U-Net in U-Net for infrared small object detection,"… effective “U-Net in U-Net” framework, UIU-Net for short, and detect small objects in infrared images. As the name suggests, UIU-Net embeds a tiny UNet into a larger U-Net backbone, …",https://arxiv.org/pdf/2212.00968
U‐Net‐Based Medical Image Segmentation,"… medical imaging in recent years, U-Net has been cited academically more … U-Net architecture. This paper summarizes the medical image segmentation technologies based on the U-Net …",https://onlinelibrary.wiley.com/doi/pdf/10.1155/2022/4189781
Recurrent residual U-Net for medical image segmentation,"… U-Net, has become one of the most popular for these applications. We propose a recurrent U-Net model and a recurrent residual U-Net … The proposed models utilize the power of U-Net, …",https://www.spiedigitallibrary.org/journals/journal-of-medical-imaging/volume-6/issue-1/014006/Recurrent-residual-U-Net-for-medical-image-segmentation/10.1117/1.JMI.6.1.014006.pdf
An attempt at beating the 3D U-Net,… Our comparison between a simple U-Net architecture on the one hand and residual U-Net architectures on the other yielded inconclusive results: we were unable to declare a clear …,https://arxiv.org/pdf/1908.02182
Optimized U-Net for brain tumor segmentation,"… We propose an optimized U-Net architecture for a brain tumor segmentation task in the … Additionally, we have searched for the optimal depth of the U-Net encoder, number of …",https://arxiv.org/pdf/2110.03352
A u-net based discriminator for generative adversarial networks,"… U-Net based discriminator architecture, borrowing the insights from the segmentation literature. The proposed U-Net based … We evaluate the proposed U-Net GAN model across several …",http://openaccess.thecvf.com/content_CVPR_2020/papers/Schonfeld_A_U-Net_Based_Discriminator_for_Generative_Adversarial_Networks_CVPR_2020_paper.pdf
MultiResUNet: Rethinking the U-Net architecture for multimodal biomedical image segmentation,"… that the classical U-Net architecture seems to be … U-Net model. Following these modifications, we develop a novel architecture, MultiResUNet, as the potential successor to the U-Net …",https://arxiv.org/pdf/1902.04049
LCU-Net: A novel low-cost U-Net for environmental microorganism image segmentation,"… However, the adaptability of U-Net is limited by its single receptive field setting, and the memory cost of U-Net is relatively high in practical work, so we propose a novel Low-cost U-Net (…",https://www.project-10.de/Kosov/files/PRJ_2021.pdf
U-net vs transformer: Is u-net outdated in medical image registration?,"… convolutional block to a vanilla U-Net in order to enhance … the performance of the vanilla U-Net is already comparable with that … to the vanilla U-Net, we show that U-Net can outperform …",https://arxiv.org/pdf/2208.04939
Uctransnet: rethinking the skip connections in u-net from a channel-wise perspective with transformer,… U-Net and observe several major limitations according to our analysis on multiple datasets. We find that it is still challenging for U-Net … issues for the extension of U-Net: which layers of …,https://ojs.aaai.org/index.php/AAAI/article/download/20144/19903
Bu-net: Brain tumor segmentation using modified u-net architecture,"… , U-net cannot be directly applied if we require similar output resolution as that of input. Further, the U-Net … that resembles the U-Net architecture, which uses two-stage U-Net. However, …",https://www.mdpi.com/2079-9292/9/12/2203/pdf
DENSE-INception U-net for medical image segmentation,"… U-Net needs less training resources and can reserve more important feature information. However, the standard U-Net … paper is to make the U-Net deeper and wider without redundant …",https://pure.ulster.ac.uk/files/78473378/AcceptedDenseNet.pdf
Segmentation of roots in soil with U-Net,… requirements when compared to U-Net. We hypothesize that (1) U-Net will be able to … between root length density obtained from U-Net segmentations and root intensity obtained …,https://link.springer.com/content/pdf/10.1186/s13007-020-0563-0.pdf
Modality specific U-Net variants for biomedical image segmentation: a survey,… 1 illustrates that the latest approaches are developed by employing the U-Net framework … of U-Net architectural design developed for segmentation. It is evident that the U-Net model …,https://link.springer.com/content/pdf/10.1007/s10462-022-10152-1.pdf
Automated brain tumor segmentation on multi-modal MR image using SegNet,"… a fully convolutional neural network SegNet to 3D data sets … , the four separately trained SegNet models are integrated by … Experimental results demonstrate that using SegNet models …",https://link.springer.com/content/pdf/10.1007/s41095-019-0139-y.pdf
Liver tumor segmentation in CT scans using modified SegNet,The main cause of death related to cancer worldwide is from hepatic cancer. Detection of hepatic cancer early using computed tomography (CT) could prevent millions of patients’ death …,https://www.mdpi.com/1424-8220/20/5/1516/pdf
EV-SegNet: Semantic segmentation for event-based cameras,"Event cameras, as Dynamic Vision Sensor (DVS), are very promising sensors which have shown several advantages over frame-based cameras. However, most recent works on real …",http://openaccess.thecvf.com/content_CVPRW_2019/papers/EventVision/Alonso_EV-SegNet_Semantic_Segmentation_for_Event-Based_Cameras_CVPRW_2019_paper.pdf
An ensemble architecture of deep convolutional Segnet and Unet networks for building semantic segmentation from high-resolution aerial images,"… network called SegUnet, a combination of Segnet and Unet architectures for building objects … The model has an encoder–decoder architecture that incorporates index pooling (Segnet) …",https://opus.lib.uts.edu.au/bitstream/10453/148623/3/An%20ensemble%20architecture%20of%20deep%20convolutional%20Segnet%20and%20Unet%20networks%20for%20building%20semantic%20segmentation%20from%20high-resolution%20aerial%20images.pdf
COVID-19 lung CT image segmentation using deep learning methods: U-Net versus SegNet,"… We propose to use two known deep learning networks, SegNet and U-NET, for image tissue classification. SegNet is characterized as a scene segmentation network and U-NET as a …",https://link.springer.com/content/pdf/10.1186/s12880-020-00529-5.pdf
AM-SegNet for additive manufacturing in situ X-ray image segmentation and feature quantification,"… learning model, AM-SegNet, for segmenting and quantifying … AM-SegNet incorporates a lightweight convolution block and … Additionally, the application of AM-SegNet to other advanced …",https://www.tandfonline.com/doi/pdf/10.1080/17452759.2024.2325572
Water areas segmentation from remote sensing images using a separable residual segnet network,"… that the proposed SR-SegNet v1 and SR-SegNet v2 in this paper reduce the number of parameters by 65% and 71%, respectively, compared with the classical SegNet, and the training …",https://www.mdpi.com/2220-9964/9/4/256/pdf
Duo-SegNet: adversarial dual-views for semi-supervised medical image segmentation,"… We start this section by providing an overview of the Duo-SegNet (see Fig. 1 for a conceptual … The Duo-SegNet includes two basic modules, a dual view segmentation networks and a …",https://arxiv.org/pdf/2108.11154
"Image segmentation keras: Implementation of segnet, fcn, unet, pspnet and other models in keras","Semantic segmentation plays a vital role in computer vision tasks, enabling precise pixel-level understanding of images. In this paper, we present a comprehensive library for semantic …",https://arxiv.org/pdf/2307.13215
Comparison of multi-class and fusion of multiple single-class SegNet model for mapping karst wetland vegetation using UAV images,… multi-class SegNet model and fusion of multiple single-class SegNet model with different … (3) construction of multi-class SegNet model and fusion of four single-class SegNet models …,https://www.nature.com/articles/s41598-022-17620-2.pdf
Skin lesion segmentation using SegNet with binary CrossEntropy,In this paper a simple and computationally efficient approach as per the complexity has been presented for Automatic Skin Lesion Segmentation using a Deep Learning architecture …,https://www.academia.edu/download/61319526/paper20191124-21798-1159tha.pdf
Brain SegNet: 3D local refinement network for brain lesion segmentation,"… simple brain segmentation network (referred as Brain SegNet), which is a 3D residual … We further applied the proposed Brain SegNet for ischemic stroke lesion outcome prediction…",https://link.springer.com/content/pdf/10.1186/s12880-020-0409-2.pdf
Deep belief networks (DBN) for financial time series analysis and market trends prediction,"… Abstract: Deep Belief Networks (DBNs) represent a … deep learning techniques. By leveraging hierarchical layers of unsupervised Restricted Boltzmann Machines (RBMs), DBNs excel in …",https://adwenpub.com/index.php/wjimt/article/download/327/327
An optimization method for intrusion detection classification model based on deep belief network,"… to protect the network. Deep Belief Network (DBN), as a classic model of deep learning, has … However, the network structure of DBN is generally set through practical experience. For the …",https://ieeexplore.ieee.org/iel7/6287639/6514899/08751965.pdf
Deep belief networks (DBN) with IoT-based alzheimer's disease detection and classification,"… MRI features and Deep Belief Network (DBN) trained with the … patients is demonstrated by the DBN-MOA accuracy of 97.456… , and applicability of the DBN-MOA algorithm developed for …",https://www.mdpi.com/2076-3417/13/13/7833/pdf
An intrusion detection approach based on improved deep belief network,"… deep learning methods, the deep belief network (DBN) … This research is aimed at improving DBN to make the network better … detection approach based on improved DBN is proposed. In …",https://www.researchgate.net/profile/Dezhi-Han/publication/341198133_An_intrusion_detection_approach_based_on_improved_deep_belief_network/links/61a81684ca2d401f27b93c26/An-intrusion-detection-approach-based-on-improved-deep-belief-network.pdf
A developmental approach for training deep belief networks,"… unsupervised learning methods for stochastic neural networks known as Deep Belief Networks (DBNs) [2, 3]. Since their introduction, DBNs have been successfully used in many …",https://link.springer.com/content/pdf/10.1007/s12559-022-10085-5.pdf
An intrusion detection system based on deep belief networks,… performance of Deep Belief Networks (DBNs) on detecting cyber-attacks within a network of … train and evaluate the performance of our proposed DBN approach. Several class balancing …,https://arxiv.org/pdf/2207.02117
"Mapping the susceptibility to landslides based on the deep belief network: a case study in Sichuan Province, China","… using the deep belief network (DBN), a typical model based on deep learning technology, for mapping LS. DBN is a probability generating model. Compared with the neural network of …",https://www.researchgate.net/profile/Zheng-Han-11/publication/342514748_Mapping_the_susceptibility_to_landslides_based_on_the_deep_belief_network_a_case_study_in_Sichuan_Province_China/links/5ef96e3145851550507b0657/Mapping-the-susceptibility-to-landslides-based-on-the-deep-belief-network-a-case-study-in-Sichuan-Province-China.pdf
Deep belief network modeling for automatic liver segmentation,… on deep belief network (DBN) for liver segmentation. The proposed method was based on training by a DBN … The whole method of pretraining and fine tuning is known as DBN-DNN. In …,https://ieeexplore.ieee.org/iel7/6287639/6514899/08632904.pdf
Intrusion detection for IoT based on improved genetic algorithm and deep belief network,… (GA) and deep belief network (DBN). Facing different types of … detection model based on the DBN achieves a high detection … detection model combined with DBN can effectively improve …,https://ieeexplore.ieee.org/iel7/6287639/8600701/08662673.pdf
An improved quantum-inspired differential evolution algorithm for deep belief network,"… As a typical representative of deep learning, deep belief network (DBN) forms a more abstract high-level representation by combining low-level features to discover distributed feature …",https://www.researchgate.net/profile/Wu-Deng-3/publication/340181749_An_Improved_Quantum-Inspired_Differential_Evolution_Algorithm_for_Deep_Belief_Network/links/5f45cfdea6fdcccc4305f469/An-Improved-Quantum-Inspired-Differential-Evolution-Algorithm-for-Deep-Belief-Network.pdf
A study on different deep learning algorithms used in deep neural nets: MLP SOM and DBN,"… However, traditional neural networks SOM, MLP and DBN … DBN with deep learning models [1] and the techniques used to improve the performance of the model. MLP, SOM, and DBN …",https://link.springer.com/content/pdf/10.1007/s11277-022-10079-4.pdf
Medical multimedia big data analysis modeling based on DBN algorithm,"With the development of medical multimedia analysis methods based on DBN, DBN models have gained the ability to surpass medical experts in the evaluation of multimedia in some …",https://ieeexplore.ieee.org/iel7/6287639/6514899/08962052.pdf
Developing a multi-level intrusion detection system using hybrid-DBN,"… of DBN in other applications, a hybrid classification method based on DBN is proposed in this study. The motivation of the study was provided by examining the proposed DBN studies …",https://www.researchgate.net/profile/Ahmet-Suezen/publication/342365811_Developing_a_Multi-Level_Intrusion_Detection_System_Using_Hybrid-DBN/links/60e24f03458515d6fbfd3eaa/Developing-a-Multi-Level-Intrusion-Detection-System-Using-Hybrid-DBN.pdf
An efficient network behavior anomaly detection using a hybrid DBN-LSTM network,"… (DBN) and long short-term memory (LSTM) networks is proposed. First, a nonlinear feature extraction method using a DBN is … on a DBN by comparing the current approach without DBN-…",https://www.researchgate.net/profile/Aiguo-Chen-3/publication/357513537_An_Efficient_Network_Behavior_Anomaly_Detection_using_a_Hybrid_DBN-LSTM_Network/links/6426f42b66f8522c38e924e1/An-Efficient-Network-Behavior-Anomaly-Detection-using-a-Hybrid-DBN-LSTM-Network.pdf
Application of DBN and GWO-SVM in analog circuit fault diagnosis,"… Thirdly, the DBN can solve problems regarding the … a DBN and GWO-optimized SVM for fault diagnosis. First, the different initial fault modes of the analog circuit are set; then, the DBN is …",https://www.nature.com/articles/s41598-021-86916-6.pdf
Deep belief networks (DBN) for financial time series analysis and market trends prediction,"… data in the financial market, a [4-6] DBN (Deep Belief Network) model can be employed to … as the input for the DBN deep learning model. Consequently, a DBN-based deep learning …",https://adwenpub.com/index.php/wjimt/article/download/327/327
A DBN‐Based Deep Neural Network Model with Multitask Learning for Online Air Quality Prediction,"… ability of DBN and the … -DBN-DNN), pretrained by a deep belief network (DBN), is proposed for forecasting of nonlinear systems and tested on the forecast of air quality time series. DBN …",https://onlinelibrary.wiley.com/doi/pdf/10.1155/2019/5304535
An overview of restricted Boltzmann machines,"… To reduce the complexity of learning, the connectivity structure of the BM is restricted15, 19, 42. This model is called the restricted Boltzmann machine (RBM). The RBM model has …",https://journal.iisc.ac.in/index.php/iisc/article/download/4765/5052
Restricted Boltzmann machine: Recent advances and mean-field theory,… with restricted Boltzmann machine (RBM) under the light of statistical physics. The RBM is a classical family of machine … First the functioning of the RBM can be analyzed via the phase …,https://arxiv.org/pdf/2011.11307
Restricted boltzmann machine and deep belief network: Tutorial and survey,"… We introduce conditional RBM and how it is trained. Finally, we explain deep belief network as a stack of RBM models. This paper on Boltzmann machines can be useful in various …",https://arxiv.org/pdf/2107.12521
Experiment improvement of restricted Boltzmann machine methods for image classification,"… automated incremental learning algorithm that can be used in the deep architecture, and we will use other advanced types of RBM like Gaussian RBM and Deep Boltzmann Machines. …",https://www.worldscientific.com/doi/pdf/10.1142/S2196888821500184
Entanglement transitions from restricted Boltzmann machines,… We study the entanglement scaling of short-range restricted Boltzmann machine (RBM) … Our work establishes the presence of long-range correlated phases in RBM-based wave …,https://link.aps.org/accepted/10.1103/PhysRevB.104.104205
Restricted Boltzmann machines as models of interacting variables,"… In order to understand the effect of the choice of a particular architecture on the representational power of the corresponding RBM, namely, the subset of distributions that the RBM is …",https://arxiv.org/pdf/2103.15917
Random batch methods (RBM) for interacting particle systems,"We develop Random Batch Methods for interacting particle systems with large number of particles. These methods use small but random batches for particle interactions, thus the …",https://www.sciencedirect.com/science/article/am/pii/S0021999119305741
Jointly network: a network based on CNN and RBM for gesture recognition,"… , RBM-based multi-layer network is mostly used. Each of them has its own shortcomings. RBM-… And then, we introduce CNN and RBM networks and propose a jointly network based on …",https://researchportal.port.ac.uk/files/12186719/Jointly_network_a_network_based_on_CNN_and_RBM_for_gesture_recognition_Proof.pdf
Omicron SARS-CoV-2 mutations stabilize spike up-RBD conformation and lead to a non-RBM-binding monoclonal antibody escape,"Omicron SARS-CoV-2 is rapidly spreading worldwide. To delineate the impact of emerging mutations on spike’s properties, we performed systematic structural analyses on apo …",https://www.nature.com/articles/s41467-022-32665-7.pdf
Outperforming RBM feature-extraction capabilities by “dreaming” mechanism,"… , and compare them to the RBM reference. We find that, in a … and find that the DBM again outperforms the RBM reference. … Interestingly, the DBM outperforms the RBM, and we discuss …",https://iris.uniroma1.it/bitstream/11573/1658172/1/Fachech_Outperforming%20RBM_2022.pdf
Learning from results-based management evaluations and reviews,What have we learned from implementing results-based management in development co-operation organisations? What progress and benefits can be seen? What are the main …,https://www.diva-portal.org/smash/get/diva2:1376348/FULLTEXT01.pdf
Sustainable regenerated binding materials (RBM) utilizing industrial solid wastes for soil and aggregate stabilization,"This study presents an experimental investigation on a sustainable regenerated binding material (RBM), which is derived from several industrial solid wastes. Initially, the hydration …",https://www.academia.edu/download/116839435/j.jclepro.2020.12299120240716-1-8bvhkf.pdf
Sentiment analysis and feature extraction using rule-based model (RBM),"In the current era, each and every individual get benefited with available information on Internet that is used in decision-making by perceiving others’ attitude, opinions, sentiments, and …",https://www.researchgate.net/profile/Ashwini-Kumar-44/publication/329073021_Sentiment_Analysis_and_Feature_Extraction_Using_Rule-Based_Model_RBM_Proceedings_of_ICICC_2018_Volume_2/links/5dfc951b299bf10bc3694cf1/Sentiment-Analysis-and-Feature-Extraction-Using-Rule-Based-Model-RBM-Proceedings-of-ICICC-2018-Volume-2.pdf
Defining a de novo non-RBM antibody as RBD-8 and its synergistic rescue of immune-evaded antibodies to neutralize Omicron SARS-CoV-2,"Currently, monoclonal antibodies (MAbs) targeting the SARS-CoV-2 receptor binding domain (RBD) of spike (S) protein are classified into seven classes based on their binding epitopes…",https://www.pnas.org/doi/pdf/10.1073/pnas.2314193120
Toward a SARS-CoV-2 VLP Vaccine: HBc/G as a Carrier for SARS-CoV-2 Spike RBM and Nucleocapsid Protein-Derived Peptides,"… (RBM) is considered the most important region due to its direct interaction with the ACE2 receptor [27,28]. As the RBM … production of RBM-containing fusion proteins; thus, the RBM was …",https://www.mdpi.com/2076-393X/12/3/267/pdf
RBM-MHC: a semi-supervised machine-learning method for sample-specific prediction of antigen presentation by HLA-I alleles,… RBM-MHC can be trained on custom and newly available samples with no or a small amount of HLA annotations. RBM-… RBM-MHC is shown to be a flexible and easily interpretable …,https://www.cell.com/cell-systems/pdfExtended/S2405-4712(20)30456-7
AP205 VLPs based on dimerized capsid proteins accommodate RBM domain of SARS-CoV-2 and serve as an attractive vaccine candidate,"… RBM in bacteria is a valuable strategy to fight the pandemic [7]. Accordingly, we have chosen RBM … This resulted in the formation of immunogenic VLPs displaying RBM on the surface of …",https://www.mdpi.com/2076-393X/9/4/403/pdf
A survey on contrastive self-supervised learning,"… Self-supervised learning has gained popularity because of its ability to avoid the cost of … , contrastive learning has recently become a dominant component in self-supervised learning for …",https://www.mdpi.com/2227-7080/9/1/2/pdf
Self-supervised learning: A succinct review,… detailed literature on self-supervised learning as well as its … images learn from their visual features using self-supervised … self-supervised learning as well as different types of learning…,https://link.springer.com/content/pdf/10.1007/s11831-023-09884-2.pdf
S4l: Self-supervised semi-supervised learning,"… results [16], purely self-supervised techniques learn visual … We hypothesize that self-supervised learning techniques … to its widespread use in self-supervised learning methods, and to …",https://openaccess.thecvf.com/content_ICCV_2019/papers/Zhai_S4L_Self-Supervised_Semi-Supervised_Learning_ICCV_2019_paper.pdf
Self-supervised learning: Generative or contrastive,"… of self-supervised learning. We also present our categorization of self-supervised learning … From Sections 3, 4, and 5, we will introduce the empirical self-supervised learning methods …",https://arxiv.org/pdf/2006.08218
Graph self-supervised learning: A survey,"… Under the umbrella of graph self-supervised learning, we … CV [19], or self-supervised contrastive learning [35], while this … to the recent surveys on graph selfsupervised learning [36], [37]…",https://arxiv.org/pdf/2103.00111
Self-supervised learning for videos: A survey,"… ideas that advance self-supervised learning in the video and … existing approaches on self-supervised learning focusing on … learning objectives: (1) pretext tasks, (2) generative learning, …",https://arxiv.org/pdf/2207.00419&hl=en&sa=X&d=15794184987588458551&ei=JlDIYvfCDI72mgGq9JnICA&scisig=AAGBfm2sXdyykZM8AJ4a40Zb2AQxMtc78g&oi=scholaralrt&hist=T8vcOB4AAAAJ:638887244561382899:AAGBfm2bvDkZCbRhR9JkATjvxq-zIoNHhA&html=&pos=1&folt=cit
Self-supervised learning in remote sensing: A review,"… , documenting progress in self-supervised visual representation learning and how it did … selfsupervised visual representation learning. ◗ We summarize a taxonomy of self-supervised …",https://arxiv.org/pdf/2206.13188.pdf?trk=public_post_comment-text
Big self-supervised models are strong semi-supervised learners,"… Motivated by recent advances in self-supervised learning of visual representations [16–20, 1… for semi-supervised learning on ImageNet [21]. During self-supervised pretraining, images …",https://proceedings.neurips.cc/paper/2020/file/fcbc95ccdd551da181207c0c1400c655-Paper.pdf
Self-supervised learning of pretext-invariant representations,"… in self-supervised learning from images on several popular benchmarks for self-supervised learning… Despite being unsupervised, PIRL outperforms supervised pre-training in learning …",https://openaccess.thecvf.com/content_CVPR_2020/papers/Misra_Self-Supervised_Learning_of_Pretext-Invariant_Representations_CVPR_2020_paper.pdf
Using self-supervised learning can improve model robustness and uncertainty,"… In this paper, we applied self-supervised learning to improve the robustness and uncertainty of deep learning models beyond what was previously possible with purely supervised …",https://proceedings.neurips.cc/paper/2019/file/a2b15837edac15df90721968986f7f8e-Paper.pdf
Audio self-supervised learning: A survey,"Similar to humans' cognitive ability to generalize knowledge and skills, self-supervised learning (SSL) targets discovering general representations from large-scale data. This, through …",https://www.cell.com/patterns/pdf/S2666-3899(22)00241-0.pdf
"Data2vec: A general framework for self-supervised learning in speech, vision and language","… While the general idea of self-supervised learning is identical across modalities, the actual … self-supervised learning, we present data2vec, a framework that uses the same learning …",https://proceedings.mlr.press/v162/baevski22a/baevski22a.pdf
Self-supervised learning methods and applications in medical imaging analysis: A survey,… directions in self-supervised learning approaches for image … of the most recent self-supervised learning methods from the … in the field of self-supervised learning in medical imaging …,https://peerj.com/articles/cs-1045.pdf
Prottrans: Toward understanding the language of life through self-supervised learning,… We also assessed the information captured during selfsupervised pre-training of our protein LMs by using embeddings extracted from those models as sole input for supervised training. …,https://ieeexplore.ieee.org/iel7/34/4359286/09477085.pdf
Self-supervised learning from a multi-view perspective,… empirical perspectives on self-supervised learning. We show that the self-supervised learned … We believe this work sheds light on the advantages of self-supervised learning and may …,https://arxiv.org/pdf/2006.05576
Vicregl: Self-supervised learning of local visual features,"… have been used in self-supervised learning, and our work … in most standard self-supervised learning benchmarks. In order to … other global and local selfsupervised learning methods, all …",https://proceedings.neurips.cc/paper_files/paper/2022/file/39cee562b91611c16ac0b100f0bc1ea1-Paper-Conference.pdf
Unsupervised representation learning for time series: A review,"… of unsupervised representation learning approaches for time … evolving unsupervised representation learning approaches … , named ULTS (ie, Unsupervised Learning for Time Series), …",https://arxiv.org/pdf/2308.01578
A theoretical analysis of contrastive unsupervised representation learning,… This paper concerns unsupervised representation learning: using unlabeled data to learn a representation function f such that replacing data point x by feature vector f(x) in new …,https://arxiv.org/pdf/1902.09229
A theoretical analysis of contrastive unsupervised representation learning,… This paper concerns unsupervised representation learning: using unlabeled data to learn a representation function f such that replacing data point x by feature vector f(x) in new …,http://proceedings.mlr.press/v97/saunshi19a/saunshi19a.pdf
Tile2vec: Unsupervised representation learning for spatially distributed data,"… To fill this gap, we introduce Tile2Vec, an unsupervised representation learning algorithm that extends the distributional hypothesis from natural language — words appearing in similar …",https://aaai.org/ojs/index.php/AAAI/article/view/4288/4166
Continual unsupervised representation learning,… refer to as unsupervised continual learning. The focus is on learning representations without … We demonstrate the efficacy of CURL in an unsupervised learning setting with MNIST and …,https://proceedings.neurips.cc/paper_files/paper/2019/file/861578d797aeb0634f77aff3f488cca2-Paper.pdf
Unsupervised state representation learning in atari,"… We compare various unsupervised representation learning … the ability of different representation learning methods at … Atari 2600 games using the Arcade Learning Environment [ALE, 28]…",https://proceedings.neurips.cc/paper_files/paper/2019/file/6fb52e71b837628ac16539c1ff911667-Paper.pdf
Viewmaker networks: Learning views for unsupervised representation learning,… methods for unsupervised representation learning train … adoption of unsupervised representation learning methods across … : generative models that learn to produce useful views …,https://arxiv.org/pdf/2010.07432
Simple unsupervised graph representation learning,"… a new contrastive learning method, namely Simple Unsupervised Graph Representation Learning (SUGRL), to achieve effectiveness and scalability for representation learning, as …",https://ojs.aaai.org/index.php/AAAI/article/download/20748/20507
Federated unsupervised representation learning,… a new problem in federated learning called federated unsupervised representation learning (FURL) to learn a common representation model without supervision while preserving data …,https://arxiv.org/pdf/2010.08982
Online deep clustering for unsupervised representation learning,… learning methods have shown remarkable performance in unsupervised representation learning… and network parameters update leads to unstable learning of visual representations. To …,https://openaccess.thecvf.com/content_CVPR_2020/papers/Zhan_Online_Deep_Clustering_for_Unsupervised_Representation_Learning_CVPR_2020_paper.pdf
A large-scale study on unsupervised spatiotemporal representation learning,"… We present a large-scale study on unsupervised spatiotemporal representation learning from videos. With a unified perspective on four recent image-based frameworks, we study a …",https://openaccess.thecvf.com/content/CVPR2021/papers/Feichtenhofer_A_Large-Scale_Study_on_Unsupervised_Spatiotemporal_Representation_Learning_CVPR_2021_paper.pdf
Seco: Exploring sequence supervision for unsupervised representation learning,"… learning has made significant progress and is still dominant in visual representation learning. … In contrast, unsupervised representation learning alleviates the issues by completely …",https://ojs.aaai.org/index.php/AAAI/article/view/17274/17081
Unsupervised scalable representation learning for multivariate time series,… unsupervised general-purpose representation learning for time series. In spite of the increasing amount of work about representation learning … an unsupervised representation learning …,https://proceedings.neurips.cc/paper/2019/file/53c6de78244e9f528eb3e1cda69699bb-Paper.pdf
Aet vs. aed: Unsupervised representation learning by auto-encoding transformations rather than data,"… enough for unsupervised learning since our ultimate goal is not to obtain an accurate estimate of input transformation; instead, we aim at learning a good feature representation to give …",https://openaccess.thecvf.com/content_CVPR_2019/papers/Zhang_AET_vs._AED_Unsupervised_Representation_Learning_by_Auto-Encoding_Transformations_Rather_CVPR_2019_paper.pdf
Evolving losses for unsupervised video representation learning,"… -learning [17] has also been explored. In this paper, we propose a generalized approach to unsupervised representation learning, … improved by unsupervised representation learning. …",http://openaccess.thecvf.com/content_CVPR_2020/papers/Piergiovanni_Evolving_Losses_for_Unsupervised_Video_Representation_Learning_CVPR_2020_paper.pdf
Momentum contrast for unsupervised visual representation learning,"… Unsupervised representation learning is highly successful in … computer vision, where unsupervised methods generally lag … dictionaries, on which unsupervised learning can be based. …",http://openaccess.thecvf.com/content_CVPR_2020/papers/He_Momentum_Contrast_for_Unsupervised_Visual_Representation_Learning_CVPR_2020_paper.pdf
Unsupervised representation learning for time series with temporal neighborhood coding,"… In this paper, we propose a self-supervised framework for learning generalizable representations … We compare our method to recently developed unsupervised representation learning …",https://arxiv.org/pdf/2106.00750
An unsupervised autoregressive model for speech representation learning,… unsupervised autoregressive neural model for learning generic speech representations. In contrast to other speech representation learning … supervised and unsupervised approaches. …,https://arxiv.org/pdf/1904.03240
Propagate yourself: Exploring pixel-level consistency for unsupervised visual representation learning,… unsupervised/supervised methods. Though past evaluations of unsupervised representation learning … vised representation learning and a promising setting for pixel-level approaches. …,https://openaccess.thecvf.com/content/CVPR2021/papers/Xie_Propagate_Yourself_Exploring_Pixel-Level_Consistency_for_Unsupervised_Visual_Representation_Learning_CVPR_2021_paper.pdf
Unsupervised representation learning by predicting random distances,"… As a result, their transformation power is largely reduced for tasks that are unsupervised … unsupervised representation learning techniques to enable downstream unsupervised learning …",https://arxiv.org/pdf/1912.12186
A survey on evolutionary neural architecture search,"… Neural architecture search (NAS) is a type of technology that can design the architectures automatically. Among different methods to realize NAS, the evolutionary computation (EC) …",https://arxiv.org/pdf/2008.10937
Neural architecture search: A survey,"… Currently employed architectures have mostly been developed … interest in automated neural architecture search methods. We … to three dimensions: search space, search strategy, and …",https://www.jmlr.org/papers/volume20/18-598/18-598.pdf
A comprehensive survey of neural architecture search: Challenges and solutions,"… However, the design of the neural architecture heavily relies on the researchers’ prior … let the algorithm automatically design the neural architecture. Neural Architecture Search (NAS) is …",https://arxiv.org/pdf/2006.02903
A survey on neural architecture search,"… formally define the problem of neural architecture search. We denote the space of all datasets as D, the space of all deep learning models as M, and the architecture search space as A. …",https://arxiv.org/pdf/1905.01392
Auto-keras: An efficient neural architecture search system,"… neural architecture search with network morphism is proposed, which utilizes Bayesian optimization to guide through the search … , an edit-distance neural network kernel is constructed. …",https://dl.acm.org/doi/pdf/10.1145/3292500.3330648
Neural architecture search without training,… Designing a neural architecture by hand is a challenging and time-consuming task. It is … This has prompted an abundance of research into neural architecture search (NAS); the …,http://proceedings.mlr.press/v139/mellor21a/mellor21a.pdf
Neural predictor for neural architecture search,… Neural Architecture Search methods are effective but often use complex algorithms to come up with the best architecture. … We will modify their approach to handle neural architectures …,https://arxiv.org/pdf/1912.00848
Evaluating the search phase of neural architecture search,"Neural Architecture Search (NAS) aims to facilitate … search phase. To this end, we compare the quality of the solutions obtained by NAS search policies with that of random architecture …",https://arxiv.org/pdf/1902.08142
Mnasnet: Platform-aware neural architecture search for mobile,"… neural architecture search (MNAS) approach, which explicitly incorporate model latency into the main objective so that the search … balance between flexibility and search space size, we …",http://openaccess.thecvf.com/content_CVPR_2019/papers/Tan_MnasNet_Platform-Aware_Neural_Architecture_Search_for_Mobile_CVPR_2019_paper.pdf
Random search and reproducibility for neural architecture search,"… In line with prior work [49, 39, 32], we consider the two standard benchmarks for neural architecture search: (1) language modeling on the Penn Treebank (PTB) dataset [35] and (2) …",http://proceedings.mlr.press/v115/li20c/li20c.pdf
Nas-bench-101: Towards reproducible neural architecture search,"… search space as a whole. We illustrate such potential by measuring search space properties relevant to architecture search… of open source architecture/hyperparameter search methods, …",http://proceedings.mlr.press/v97/ying19a/ying19a.pdf
Bayesnas: A bayesian approach for neural architecture search,… Search Space Design The search space defines which neural architectures a NAS approach … Designing a good search space is a challenging problem for NAS. Some works (Zoph & Le…,http://proceedings.mlr.press/v97/zhou19e/zhou19e.pdf
Nsga-net: neural architecture search using multi-objective genetic algorithm,"… an evolutionary approach for neural architecture search (NAS)… of the space of potential neural network architectures, and (3) a … search algorithm that explores a space of potential neural …",https://arxiv.org/pdf/1810.03522
Nas-bench-201: Extending the scope of reproducible neural architecture search,… Neural architecture search (NAS) has achieved breakthrough success in a great number of … algorithms search architectures under different search space. These searched architectures …,https://arxiv.org/pdf/2001.00326
NAS-FCOS: Fast neural architecture search for object detection,"… neural networks relies on significant architecture engineering. Recently neural architecture search … design by automatically searching for optimal architectures, although typically such al…",http://openaccess.thecvf.com/content_CVPR_2020/papers/Wang_NAS-FCOS_Fast_Neural_Architecture_Search_for_Object_Detection_CVPR_2020_paper.pdf
Autogan: Neural architecture search for generative adversarial networks,… guiding the GAN search process. This paper presents an architecture search scheme specifically … Our technical innovations are summarized as follows: • We define the search space to …,https://openaccess.thecvf.com/content_ICCV_2019/papers/Gong_AutoGAN_Neural_Architecture_Search_for_Generative_Adversarial_Networks_ICCV_2019_paper.pdf
Auto-deeplab: Hierarchical neural architecture search for semantic image segmentation,"… In this work, we apply neural architecture search … In this paper, we present one of the first attempts to extend Neural Architecture Search beyond image classification to dense image …",https://openaccess.thecvf.com/content_CVPR_2019/papers/Liu_Auto-DeepLab_Hierarchical_Neural_Architecture_Search_for_Semantic_Image_Segmentation_CVPR_2019_paper.pdf
Hierarchical neural architecture search for deep stereo matching,"… To reduce the human efforts in neural network design, Neural Architecture Search (NAS) has been applied with remarkable success to various high-level vision tasks such as …",https://proceedings.neurips.cc/paper/2020/file/fc146be0b230d7e0a92e66a6114b840d-Paper.pdf
Neural architecture search for transformers: A survey,"… Neural Architecture Search techniques, targeting the Transformer model and its family of architectures … state-of-theart Neural Architecture Search methods and explore future directions …",https://ieeexplore.ieee.org/iel7/6287639/6514899/09913476.pdf
Efficient automation of neural network design: A survey on differentiable neural architecture search,"… Diferentiable Neural Architecture Search (… NEURAL ARCHITECTURE SEARCH In the literature, handcrafted approaches have irst been used to ind optimal Deep Learning architectures…",https://arxiv.org/pdf/2304.05405
Hyper-parameter optimization: A review of algorithms and applications,"… The paper concludes with problems that exist when HPO is applied to deep learning, a comparison between optimization algorithms, and prominent approaches for model evaluation …",https://arxiv.org/pdf/2003.05689
Efficient hyperparameter optimization in deep learning using a variable length genetic algorithm,… Those who rely on automatic hyperparameter optimization tools usually do not have that … variable length genetic algorithm for deep learning hyperparameter optimization. It starts from a …,https://arxiv.org/pdf/2006.12703
On hyperparameter optimization of machine learning algorithms: Theory and practice,"… Since all neural network models have an input layer and an output layer, the complexity of a deep learning model mainly depends on the number of hidden layers and the number of …",https://arxiv.org/pdf/2007.15745
Hyperparameter optimization,"… The flexibility of deep learning can also enable Bayesian optimization on more complex tasks. For example, a variational auto-encoder can be used to embed complex inputs (such as …",https://library.oapen.org/bitstream/handle/20.500.12657/23012/1/1007149.pdf#page=15
Hyperparameter optimization in learning systems,… The recent interest in hyperparameter optimization is related to the importance and … the deep learning architectures. The existing deep learning hyperparameter optimization algorithms …,https://www.academia.edu/download/80147977/s41965-019-00023-0.pdf
Attack classification of an intrusion detection system using deep learning and hyperparameter optimization,… Models were developed using hyperparameter optimization procedures. This research … to deep learning structure models through an automatic hyperparameter optimization process …,http://eprints.binadarma.ac.id/13318/1/2021-JISA.pdf
Dynamical hyperparameter optimization via deep reinforcement learning in tracking,"… vision problems, such as deep learning-based visual object … Most hyperparameter optimization algorithms tend to search … a novel dynamical hyperparameter optimization method that …",https://drive.google.com/file/d/1LFqag_UfQVQROymFg0dFf4tV7qA4kFpv/view
"Hyperparameter optimization: Foundations, algorithms, best practices, and open challenges","… After a general introduction of hyperparameter optimization, we review important HPO methods such as grid or random search, evolutionary algorithms, Bayesian optimization, …",https://wires.onlinelibrary.wiley.com/doi/pdfdirect/10.1002/widm.1484
Identification of clathrin proteins by incorporating hyperparameter optimization in deep learning and PSSM profiles,"… We present a deep learning model using a two-dimensional convolutional neural network (… Based on the 10-fold cross-validation results, hyper-parameter optimization process was …",https://dr.ntu.edu.sg/bitstream/10356/143870/2/Identification%20of%20clathrin%20proteins%20by%20incorporating%20hyperparameter%20optimization%20in%20deep%20learning%20and%20PSSM%20profiles.pdf
Deep neural network hyperparameter optimization with orthogonal array tuning,"… , the hyper-parameter ranges in Bayesian Optimization are … for hyper-parameter tuning in the context of deep learning. The proposed OATM is evaluated over two popular deep learning …",https://arxiv.org/pdf/1907.13359
Evaluation of hyperparameter optimization in machine and deep learning methods for decoding imagined speech EEG,"… Three traditional machine learning approaches were used as benchmark methods, and … of deep learning approaches in comparison with standard machine learning methods. …",https://www.mdpi.com/1424-8220/20/16/4629/pdf
Basic enhancement strategies when using Bayesian optimization for hyperparameter tuning of deep neural networks,"… it is used for DNN hyperparameter optimization. Specifically, … algorithm for DNN hyperparameter optimization - DEEP-BO (… the hyperparameter setting, and deep learning researchers …",https://ieeexplore.ieee.org/iel7/6287639/8948470/09037259.pdf
Understanding the effect of hyperparameter optimization on machine learning models for structure design problems,… on the effect of hyperparameters on the accuracy … hyperparameter optimization framework to deepen our understanding of the effect. Based on the sequential model-based optimization …,https://arxiv.org/pdf/2007.04431
Machine learning model optimization with hyper parameter tuning approach,"… A few of the most effective techniques for tuning hyper-parameters in the Deep learning methods are: Grid search, Random forest, Bayesian optimization, etc. Every method has some …",https://www.academia.edu/download/98220794/2-Machine-Learning-Model-Optimization.pdf
A review of deep transfer learning and recent advancements,"… learning and deep learning, please refer to [1], since this paper is focused on deep transfer learning, and … should have a thorough understanding of machine learning and deep learning. …",https://www.mdpi.com/2227-7080/11/2/40/pdf
Deep learning and transfer learning approaches for image classification,"… We have included transfer learning by using the CNN’s pre-trained architectures. … deep learning architectures. We explained about the pre-trained models, by applying transfer learning. …",https://www.researchgate.net/profile/Hemantha-Kumar-Kalluri/publication/333666150_Deep_Learning_and_Transfer_Learning_Approaches_for_Image_Classification/links/5cfbeeb9a6fdccd1308d6aae/Deep-Learning-and-Transfer-Learning-Approaches-for-Image-Classification.pdf
A comprehensive survey on transfer learning,"… representative transfer learning approaches, especially homogeneous transfer learning approaches, from the perspectives of data and model. The applications of transfer learning are …",https://arxiv.org/pdf/1911.02685
A novel deep learning based framework for the detection and classification of breast cancer using transfer learning,"… a novel deep learning framework for the detection and classification of breast cancer in breast cytology images using the concept of transfer learning. In general, deep learning …",https://www.academia.edu/download/116257640/j.patrec.2019.03.02220240622-1-icqlge.pdf
A decade survey of transfer learning (2010–2020),"… Recently, transfer learning (TL) has been brought to our attention to deal with all three difficulties. Primarily, TL aims to solve the target task by leveraging the knowledge …",https://ieeexplore.ieee.org/ielaam/9078688/9368888/9336290-aam.pdf
A deep learning-based framework for automatic brain tumors classification using transfer learning,"… To evaluate and explore the performance of deep networks, two studies of transfer learning (… Although this paper explored three architectures of deep CNN and transfer learning …",https://www.academia.edu/download/62877518/rehman201920200408-84265-4sqn0t.pdf
What is being transferred in transfer learning?,"… of transfer learning in various deep learning applications, we yet do not understand what enables a successful transfer and … See Figure 1 for sample images of the transfer learning tasks …",https://proceedings.neurips.cc/paper/2020/file/0607f4c705595b911a4f3e7a127b44e0-Paper.pdf
A novel deep-learning model for automatic detection and classification of breast cancer using the transfer-learning technique,"… In this work, a new deep-learning (DL) model based on the transfer-learning (TL) technique is developed to efficiently assist in the automatic detection and diagnosis of the BC …",https://ieeexplore.ieee.org/iel7/6287639/6514899/09427477.pdf
Transfer learning using vgg-16 with deep convolutional neural network for classifying images,"… , Transferring of Knowledge or transfer learning from disparate domains would be desirable. Transfer learning … Transfer learning can be used for classification, regression and clustering …",https://www.researchgate.net/profile/Srikanth-Tammina/publication/337105858_Transfer_learning_using_VGG-16_with_Deep_Convolutional_Neural_Network_for_Classifying_Images/links/5dc94c3ca6fdcc57503e6ad9/Transfer-learning-using-VGG-16-with-Deep-Convolutional-Neural-Network-for-Classifying-Images.pdf?_sg%5B0%5D=started_experiment_milestone&origin=journalDetail&_rtd=e30%3D
Towards a better understanding of transfer learning for medical imaging: a case study,"… In summarizing this paper, there are six main highlights: (i) the issue of the lack of training has been tackled using transfer learning; (ii) a hybrid deep learning model has been proposed …",https://www.mdpi.com/2076-3417/10/13/4523/pdf
A survey of transfer learning for convolutional neural networks,"… In section V, we discuss about transfer learning applied to deep learning. In section VI, we present different types of transfer learning. And finally, in section VII we cover trends and …",https://www.researchgate.net/profile/Ricardo-Ribani/publication/337794654_A_Survey_of_Transfer_Learning_for_Convolutional_Neural_Networks/links/61fd31821e98d168d7ee6adf/A-Survey-of-Transfer-Learning-for-Convolutional-Neural-Networks.pdf
Deep learning and transfer learning features for plankton classification,"… Cui et al. proposed a transfer learning approach starting from … both deep learned approaches and transfer learning with the … of using pre-trained CNN for transfer learning, (iii) the …",https://cris.unibo.it/bitstream/11585/722438/2/ECOINF_2018_261_Revision1.pdf
Transfusion: Understanding transfer learning for medical imaging,"… learned representations and features, we find that some of the differences from transfer learning … We also explore feature independent benefits of transfer arising from weight scalings. …",https://proceedings.neurips.cc/paper_files/paper/2019/file/eb1e78328c46506b46a4ac4a1e378b91-Paper.pdf
A systematic review of deep transfer learning for machinery fault diagnosis,"… , the deep transfer learning consisting of both transfer learning and deep learning components … This paper reviews the research progress of the deep transfer learning for the machinery …",https://www.academia.edu/download/96761302/j.neucom.2020.04.04520230103-1-h313e4.pdf
Deep learning for electromyographic hand gesture signal classification using transfer learning,… transfer learning on aggregated data from multiple users while leveraging the capacity of deep learning algorithms to learn … Three different deep learning networks employing three …,https://ieeexplore.ieee.org/iel7/7333/4359219/08630679.pdf
Transfer learning in natural language processing,"… , sequential transfer learning where tasks are learned in sequence. Sequential transfer learning consists of two stages: a pretraining phase in which general representations are learned …",https://aclanthology.org/N19-5004.pdf
A brief review of domain adaptation,"… It addresses the categorization of domain adaptation from different viewpoints. Besides, it … and deep domain adaptation approaches that aim to deal with domain adaptation problems. …",https://arxiv.org/pdf/2010.03978
Deep unsupervised domain adaptation: A review of recent advances and perspectives,"… unsupervised deep domain adaptation. The coverage of UDA, especially deep learning-based UDA, has been limited in the general transfer learning reviews. Many prior reviews of …",https://www.nowpublishers.com/article/OpenAccessDownload/SIP-2022-0019
A survey of unsupervised deep domain adaptation,"… domain adaptation methods, the components of those methods, and the results. Then, we overview domain adaptation theory and discuss what we can learn … for domain adaptation. …",https://dl.acm.org/doi/pdf/10.1145/3400066
Multi-source domain adaptation in the deep learning era: A systematic survey,"… Multi-source domain adaptation (MDA) is a powerful extension in which the labeled data … in the deep learning era, including latent space transformation and intermediate domain gen…",https://arxiv.org/pdf/2002.12169
Advancing medical imaging informatics by deep learning-based domain adaptation,… Domain adaptation (DA) has been developed to transfer the … data domain to a related but unlabeled domain in either image space or feature space. DA is a type of transfer learning (TL) …,https://www.thieme-connect.com/products/ejournals/pdf/10.1055/s-0040-1702009.pdf
Deep-learning domain adaptation techniques for credit cards fraud detection,… two domain adaptation techniques in a deep neural network setting: the first one is an original domain adaptation … to transfer properties of the source domain to the target one and the …,https://b-lebichot.github.io/publications/Deep-learning%20domain%20adaptation%20techniques%20for%20credit%20card%20fraud%20detection%20-%20preprint.pdf
On learning invariant representations for domain adaptation,… We consider the unsupervised domain adaptation problem where the learning algorithm … source domain and a set of unlabeled points {xj}m j=1 ∈ Xm sampled iid from the target domain…,http://proceedings.mlr.press/v97/zhao19a/zhao19a.pdf
Universal domain adaptation,… training data such that we can train a deep learning model that generalizes well. An alternative … domain (source domain) to improve the model for the domain of interest (target domain). …,http://openaccess.thecvf.com/content_CVPR_2019/papers/You_Universal_Domain_Adaptation_CVPR_2019_paper.pdf
A review of single-source deep unsupervised visual domain adaptation,… often performs poorly due to the presence of domain shift or dataset bias . Domain adaptation (DA) is a machine learning paradigm that aims to learn a model from a source domain that …,https://arxiv.org/pdf/2009.00155
Learning to transfer examples for partial domain adaptation,"… We compare the proposed ETN model with state-of-theart deep learning and (partial) domain adaptation methods: ResNet-50 [15], Deep Adaptation Network (DAN) [21], Domain-…",https://openaccess.thecvf.com/content_CVPR_2019/papers/Cao_Learning_to_Transfer_Examples_for_Partial_Domain_Adaptation_CVPR_2019_paper.pdf
Joint domain alignment and discriminative feature learning for unsupervised deep domain adaptation,… which guarantee the domain invariant features with … learning the discriminative features in the shared feature space can significantly boost the performance of deep domain adaptation …,https://aaai.org/ojs/index.php/AAAI/article/view/4202/4080
Towards accurate model selection in deep unsupervised domain adaptation,… we review the model selection methods in both supervised learning and domain adaptation. … Deep domain adaptation models usually close the domain gap by learning domain-…,http://proceedings.mlr.press/v97/you19a/you19a.pdf
Domain Adaptation-Based deep learning model for forecasting and diagnosis of glaucoma disease,… a domain adaptation-based deep learning model called Glaucoma Domain Adaptation (GDA) … GDA learns domain-invariant and domain-specific representations to extract both general …,https://www.techrxiv.org/doi/pdf/10.36227/techrxiv.21391551.v2
Cluster alignment with a teacher for unsupervised domain adaptation,"… of the source and target domains, while ignoring their … domain adaptation, which can effectively incorporate the discriminative clustering structures in both domains for better adaptation. …",http://openaccess.thecvf.com/content_ICCV_2019/papers/Deng_Cluster_Alignment_With_a_Teacher_for_Unsupervised_Domain_Adaptation_ICCV_2019_paper.pdf
Comparing rewinding and fine-tuning in neural network pruning,"… We study neural network pruning on a variety of standard architectures for image classification and machine translation. Specifically, we consider ResNet-56 (He et al., 2016) for CIFAR-…",https://arxiv.org/pdf/2003.02389
Improving optimization of convolutional neural networks through parameter fine-tuning,"… In recent years, convolutional neural networks have achieved state-of-the-… fine-tuning wherein a network is pre-trained on a different dataset can boost the performance of these networks…",https://link.springer.com/content/pdf/10.1007/s00521-017-3285-0.pdf
Arabic sign language recognition through deep neural networks fine-tuning,"… and fine tuning deep convolutional neural networks (… network, and finally, our own soft-max classification layer is added as the final layer after the last fully connected layer. The networks …",https://www.learntechlib.org/p/217934/paper_217934.pdf
Transfer learning with adaptive fine-tuning,"… The problem of feature selection could be easily translated to the problem of finding the most optimal selection of layers for a given neural network architecture, enabled for fine-tuning, …",https://ieeexplore.ieee.org/iel7/6287639/6514899/09241777.pdf
How deeply to fine-tune a convolutional neural network: a case study using a histopathology dataset,"… study showed that fine-tuning the entire network did not give … that for shallow networks like VGG, fine-tuning the top layers … deep networks like InceptionV3, fine-tuning the entire network …",https://www.mdpi.com/2076-3417/10/10/3359/pdf
Spottune: transfer learning through adaptive fine-tuning,"… our goal is to determine the parameters in a neural network that should be frozen or fine-tuned … Although our approach could be applied to different deep neural network architectures, in …",https://openaccess.thecvf.com/content_CVPR_2019/papers/Guo_SpotTune_Transfer_Learning_Through_Adaptive_Fine-Tuning_CVPR_2019_paper.pdf
Free fine-tuning: A plug-and-play watermarking scheme for deep neural networks,"… embedding specifically without fine-tuning the target model … is free of target model fine-tuning, which shows potential in … IP protection, as opposed to fine-tuning the target model in prior …",https://arxiv.org/pdf/2210.07809
Breast Cancer Prediction Empowered with Fine‐Tuning,"… , we proposed a fine-tuning model using AlexNet in the neural network to extract … fine-tuning in the neural network can detect breast cancer using MRI images and train a neural network …",https://onlinelibrary.wiley.com/doi/pdf/10.1155/2022/5918686
Evaluation of scalability and degree of fine-tuning of deep convolutional neural networks for COVID-19 screening on chest X-ray images using explainable deep …,"… degree of fine-tuning on transfer learning with a deep convolutional neural network (CNN)-… CNNs called VGG-16 and VGG-19 were used as backbone networks. Then, each backbone …",https://www.mdpi.com/2075-4426/10/4/213/pdf
Recurrent neural network pruning using dynamical systems and iterative fine-tuning,Network pruning techniques are widely employed to reduce the memory requirements and increase the inference speed of neural networks. This work proposes a novel RNN pruning …,https://www.iti.gr/iti/wp-content/uploads/m-files/document/publications/1-s2.0-S0893608021002641-main.pdf
Fine-tuning convolutional neural network with transfer learning for semantic segmentation of ground-level oilseed rape images in a field with high weed pressure,… network and fine-tuning it for another task using new image datasets. Fine-tuning the whole network with transfer learning is generally much faster and easier than training the network …,https://drive.google.com/file/d/1W4WkGcioE_aAjW-KDIf0xsrgTqD4NhhM/view
Classification of astronomical bodies by efficient layer fine-tuning of deep neural networks,… This paper aims to evaluate transfer learning models by sequentially fine tuning the layers in … fine tuning and model performance. Models are evaluated using metrics such as validation …,https://arxiv.org/pdf/2205.07124
… hyperparameter fine-tuning for boosting the robustness and quality of the particle swarm optimization algorithm for non-linear RBF neural network modelling and its …,"… neural network (RBFNN) is proposed for identifying and diagnosing non-linear systems. The neural network … , width, and weights, but also for network size (the count of neurons stored in …",https://www.mdpi.com/2227-7390/11/1/242/pdf
Fine-tuning large neural language models for biomedical natural language processing,… study on fine-tuning stability in biomedical NLP. We show that fine-tuning performance may … addressing fine-tuning instability. We show that these techniques can substantially improve …,https://www.cell.com/patterns/pdf/S2666-3899(23)00069-7.pdf
Factorizing knowledge in neural networks,"… Moreover, these factor networks are expected to be readily integratable, meaning that we … factor networks, without any fine-tuning, to produce a more competent multi-talented network. …",https://arxiv.org/pdf/2207.03337
A comparative study of fine-tuning deep learning models for plant disease identification,"… In this work, an evaluation of the state-of-the-art convolutional neural network and fine-tuning it for the task of plant disease identification and classification using images from …",https://www.academia.edu/download/89209710/j.compag.2018.03.03220220802-1-a64uib.pdf
Predicting Alzheimer's disease progression using multi-modal deep learning approach,"… To evaluate the performance and effectiveness of our proposed longitudinal multi-modal deep learning method, we used three schemes and compared their performances (Table 2). In …",https://www.nature.com/articles/s41598-018-37769-z.pdf
Multi-modal deep learning diagnosis of parkinson's disease—A systematic review,"… While prodromal diagnosis primarily relies on non-motor symptoms, our systematic review proposes a multi-modal deep learning approach to enhance early clinical diagnosis based on …",https://ieeexplore.ieee.org/iel7/7333/4359219/10129131.pdf
Multi-modal deep analysis for multimedia,"… [50], we focus on multi-modal transfer learning in multimedia through … deep learning methods and so forth in this section. One benefit brought by deep neural network is the famous deep …",https://arxiv.org/pdf/1910.04964
Multi-modal deep learning for Fuji apple detection using RGB-D cameras and their radiometric capabilities,"… This work presents the KFuji RGB-DS database, composed of 967 multi-modal images containing a total of 12,839 Fuji apples. Compilation of the database allowed a study of the …",https://upcommons.upc.edu/bitstream/handle/2117/175186/postprint-Multi-modal%20deep%20learning%20Fuji%20apple%20detetion%20using%20RGB-D%20cameras%20and%20their%20radiometric%20capabilites.pdf?sequence=1
What makes multi-modal learning better than single (provably),"… Combining with experiment results, we show that multi-modal learning does possess … multi-modal fusion approaches, which is one of the most researched topics of multi-modal learning […",https://proceedings.neurips.cc/paper/2021/file/5aa3405a3f865c10f420a4a7b55cbff3-Paper.pdf
Characterizing and overcoming the greedy nature of learning in multi-modal deep neural networks,"… We hypothesize that due to the greedy nature of learning in multi-modal deep neural networks, these models tend to rely on just one modality while under-fitting the other modalities. …",https://proceedings.mlr.press/v162/wu22d/wu22d.pdf
The evolution of political memes: Detecting and characterizing internet memes with multi-modal deep learning,"… In this research, we propose and evaluate Meme-Hunter, a multi-modal deep learning model to classify images on the Internet as memes vs non-memes, and compare this to uni-modal …",https://www.researchgate.net/profile/David-Beskow/publication/338014985_The_Evolution_of_Political_Memes_Detecting_and_Characterizing_Internet_Memes_with_Multi-modal_Deep_Learning/links/5dfa3d42a6fdcc28372909f4/The-Evolution-of-Political-Memes-Detecting-and-Characterizing-Internet-Memes-with-Multi-modal-Deep-Learning.pdf
A comparative review on multi-modal sensors fusion based on deep learning,… of deep learning for multi-modal sensor fusion. This work investigates up-to-date developments in multi-modal sensor fusion via deep learning … the characteristics of multi-modal data for …,https://www.researchgate.net/profile/Fangqi-Zhu/publication/372080396_A_Comparative_Review_on_Multi-modal_Sensors_Fusion_based_on_Deep_Learning/links/650371e09fdf0c69dfc8dc72/A-Comparative-Review-on-Multi-modal-Sensors-Fusion-based-on-Deep-Learning.pdf
Prostate cancer therapy personalization via multi-modal deep learning on randomized phase III clinical trials,"… a deep learning architecture that simultaneously ingests multiple data types, including histopathology image data of variable sizes as well as clinical data, we built a deep learning …",https://www.nature.com/articles/s41746-022-00613-w.pdf
Modality competition: What makes joint training of multi-modal network fail in deep learning?(provably),"… Despite the remarkable success of deep multimodal learning … outperforms the jointly trained multi-modal network , which is … of multimodal data, we prove that for the multi-modal late-…",https://proceedings.mlr.press/v162/huang22e/huang22e.pdf
Emotion-Aware Interaction Design in Intelligent User Interface Using Multi-Modal Deep Learning,"… multi-head attention mechanism to handle multi-modal emotional data. Specifically, we adopt a multimodal Transformer architecture, with one branch … Through the multi-modal fusion …",https://arxiv.org/pdf/2411.06326
A deep learning based framework for the registration of three dimensional multi-modal medical images of the head,"… In this paper, we introduced a fully automated deep learning framework for 3D multi-modal medical image registration. To this end, we considered four aspects of image registration (…",https://www.nature.com/articles/s41598-021-81044-7.pdf
"Survey on deep multi-modal data analytics: Collaboration, rivalry, and fusion","… That largely improved the performance of the traditional multi-modal models, yielding the so called deep … In this section, we discuss some recent research of deep multi-modal models for …",https://arxiv.org/pdf/2006.08159
Emotion recognition using multi-modal data and machine learning techniques: A tutorial and review,"… -channel EEG signals as well as multi-modal physiological signals are reviewed. According … Finally, we compare different ML and deep learning algorithms for emotion recognition and …",https://drive.google.com/file/d/1wGagPpwhGPKpOVpcVmMLIKyU2fUWDYI-/view
Am-gcn: Adaptive multi-channel graph convolutional networks,"… • GCN [14] is a semi-supervised graph convolutional network model which … GCN. For comparison, instead of traditional topology graph, we use the sparse k-nearest neighbor graph …",https://arxiv.org/pdf/2007.02265
Geom-gcn: Geometric graph convolutional networks,"… of the scheme in graph convolutional networks, termed GeomGCN, to perform transductive learning on graphs. Experimental results show the proposed Geom-GCN achieved state-of-…",https://arxiv.org/pdf/2002.05287
T-GCN: A temporal graph convolutional network for traffic prediction,"… graph convolutional network (T-GCN) for traffic forecasting task based on urban road network. … time, we propose a temporal graph convolutional network model (T-GCN) based on the …",https://arxiv.org/pdf/1811.05320
Deep learning with graph convolutional networks: An overview and latest applications in computational intelligence,… heterogeneous collaborative filtering (GHCF) explores the high-hop heterogeneous user-item interactions; this study takes the advantages of graph convolutional network (GCN) and …,https://onlinelibrary.wiley.com/doi/pdf/10.1155/2023/8342104
Graph convolutional networks for text classification,"… graph for a corpus based on word co-occurrence and document word relations, then learn a Text Graph Convolutional Network (Text GCN… Text Graph Convolutional Networks (Text GCN…",https://aaai.org/ojs/index.php/AAAI/article/download/4725/4603
Cluster-gcn: An efficient algorithm for training deep and large graph convolutional networks,… between traditional graph convolution and our proposed cluster approach. The red node is the starting node for neighborhood nodes expansion. Traditional graph convolution suffers …,https://dl.acm.org/doi/pdf/10.1145/3292500.3330925
Universal graph convolutional networks,"… The main idea is that we will apply GCN to networks with different structural properties utilizing three types of nodes: 1-hop, 2-hop and k-nearest neighbor (kNN) neighbors, which are …",https://proceedings.neurips.cc/paper_files/paper/2021/file/5857d68cd9280bc98d079fa912fd6740-Paper.pdf
Scattering gcn: Overcoming oversmoothness in graph convolutional networks,… Graph convolutional networks (GCNs) have shown promising results in processing graph … We apply the graph residual layer on the output Hl of the Scattering GCN layer (Eq. 7). The …,https://proceedings.neurips.cc/paper/2020/file/a6b964c0bb675116a15ef1325b01ff45-Paper.pdf
Evolvegcn: Evolving graph convolutional networks for dynamic graphs,"… EvolveGCN, which adapts the graph convolutional network (GCN) model along the tem… the dynamism of the graph sequence through using an RNN to evolve the GCN parameters. …",https://aaai.org/ojs/index.php/AAAI/article/view/5984/5840
Graph convolutional networks: a comprehensive review,"… Then, we introduce several graph convolutional networks according to their application domains. … (named as GCN) aims at the semi-supervised node classification task on …",https://link.springer.com/content/pdf/10.1186/s40649-019-0069-y.pdf
Factorizable graph convolutional networks,"… a novel graph convolutional network (GCN), termed as factorizable graph convolutional network (FactorGCN), that explicitly disentangles such intertwined relations encoded in a graph. …",https://proceedings.neurips.cc/paper_files/paper/2020/file/ea3502c3594588f0e9d5142f99c66627-Paper.pdf
View-GCN: View-based graph convolutional network for 3D shape analysis,… The graph edges among nodes are determined by k-nearest neighbor of camera coordinates. We design a novel Graph Convolutional Network (GCN) over view-graph to aggregate …,https://openaccess.thecvf.com/content_CVPR_2020/papers/Wei_View-GCN_View-Based_Graph_Convolutional_Network_for_3D_Shape_Analysis_CVPR_2020_paper.pdf
Hypergcn: A new method for training graph convolutional networks on hypergraphs,"… Motivated by the fact that a graph convolutional network (GCN) has been effective for graph-based SSL, we propose HyperGCN, a novel way of training a GCN for SSL on hypergraphs …",https://proceedings.neurips.cc/paper/2019/file/1efa39bcaec6f3900149160693694536-Paper.pdf
Graph convolutional networks with eigenpooling,"… Graph Convolutional Networks (GCN) [22], which has been demonstrated to be effective in node-level representation learning. While the GCN … GCN is stacked by several convolutional …",https://dl.acm.org/doi/pdf/10.1145/3292500.3330982
Distilling knowledge from graph convolutional networks,"… have been focusing on convolutional neural networks (CNNs), … like graphs and thus call for the graph convolutional networks … teacher GCN, our goal is to train a student GCN model with …",https://openaccess.thecvf.com/content_CVPR_2020/papers/Yang_Distilling_Knowledge_From_Graph_Convolutional_Networks_CVPR_2020_paper.pdf
Graph convolutional networks for graphs containing missing features,"… We propose an approach that adapts GCN to graphs containing missing features. In contrast to traditional strategy, our approach integrates the processing of missing features and …",https://www.sciencedirect.com/science/article/am/pii/S0167739X20330405
Bi-gcn: Binary graph convolutional network,"… major memory consumption when processing the graphs with GNNs. … GCN, named Binary Graph Convolutional Network (Bi-GCN), which is a simple yet efficient approximation of GCN […",http://openaccess.thecvf.com/content/CVPR2021/papers/Wang_Bi-GCN_Binary_Graph_Convolutional_Network_CVPR_2021_paper.pdf
Node similarity preserving graph convolutional networks,"… Note that in this work, we focus on one of the most popular GNN models, ie, graph convolution network (or GCN) [15]; however, our study can be easily extended to other GNN models …",https://dl.acm.org/doi/pdf/10.1145/3437963.3441735
Photocatalytic hydrogen production using graphitic carbon nitride (GCN): A precise review,"… rates of Fe/GCN (0.37 wt percent) and Cu/GCN (0.42 wt … in Fe/GCN photocatalyst is feeble over GCN and Cu/GCN … in Fe/GCN compared to normal GCN and Cu/GCN photocatalyst [28,…",https://drive.google.com/file/d/1nOphc65i-D3i0lTtdD98WCy7AKoVAS3i/view
L2-gcn: Layer-wise and learned efficient training of graph convolutional networks,"… -wise training framework for GCN (L-GCN), that disentangles … L-GCN under the graph isomorphism framework, that L-GCN … We further propose L2-GCN, which learns a controller for …",https://openaccess.thecvf.com/content_CVPR_2020/papers/You_L2-GCN_Layer-Wise_and_Learned_Efficient_Training_of_Graph_Convolutional_Networks_CVPR_2020_paper.pdf
Hygcn: A gcn accelerator with hybrid architecture,"… of GCN workloads on Intel Xeon CPU. Next, guided by the characterization, we propose a GCN accel… (3) Next, we provide several typical GCN models as examples to explain the above …",https://arxiv.org/pdf/2001.02514
A deep neural network combined CNN and GCN for remote sensing scene classification,"… to employ the effective architecture GCN to model the … of GCN, our proposed model combined CNN and GCN as … the spatial location features based on GCN. Unlike the classical CNN-…",https://ieeexplore.ieee.org/iel7/4609443/4609444/09149910.pdf
N-gcn: Multi-scale graph convolution for semi-supervised node classification,"… of all GCN modules into a classification sub-network, and we jointly train all GCN modules … = 5), but for all GCN and SAGE modules, we use 2 GCN layer for baselines and our models. …",http://proceedings.mlr.press/v115/abu-el-haija20a/abu-el-haija20a.pdf
Grid-gcn for fast and scalable point cloud learning,"… This paper introduces Grid-GCN, which blends the advantages of volumetric models and point-based … We demonstrate the Grid-GCN model on two tasks: point cloud classification and …",http://openaccess.thecvf.com/content_CVPR_2020/papers/Xu_Grid-GCN_for_Fast_and_Scalable_Point_Cloud_Learning_CVPR_2020_paper.pdf
Deepgcns: Can gcns go as deep as cnns?,"… (3) We show how these new concepts help build a 56-layer GCN, the deepest GCN architecture by a large margin, and achieve close to 4% boost in state-of-the-art performance on the …",https://openaccess.thecvf.com/content_ICCV_2019/papers/Li_DeepGCNs_Can_GCNs_Go_As_Deep_As_CNNs_ICCV_2019_paper.pdf
GraphACT: Accelerating GCN training on CPU-FPGA heterogeneous platforms,"… We first analyze the computation and communication characteristics of various GCN training … To accelerate the weight update in GCN layers, we propose a systolic array based design …",https://dl.acm.org/doi/pdf/10.1145/3373087.3375312
Msr-gcn: Multi-scale residual graph convolution networks for human motion prediction,"… -GCN is composed of four kinds of GCNs: one start GCN… GCN and our method (MSR-GCN). Nevertheless, ours without GR still clearly outperforms other baselines without GR (Traj-GCN …",http://openaccess.thecvf.com/content/ICCV2021/papers/Dang_MSR-GCN_Multi-Scale_Residual_Graph_Convolution_Networks_for_Human_Motion_Prediction_ICCV_2021_paper.pdf
I-GCN: A graph convolutional network accelerator with runtime locality enhancement through islandization,"… In this paper we propose a novel hardware accelerator for GCN inference, called I-GCN, … adjustment of the GCN model structure. Experimental results show that I-GCN can significantly …",https://arxiv.org/pdf/2203.03606
DDP-GCN: Multi-graph convolutional network for spatiotemporal traffic forecasting,"Traffic speed forecasting is one of the core problems in transportation systems. For a more accurate prediction, recent studies started using not only the temporal speed patterns but also …",https://arxiv.org/pdf/1905.12256
AWB-GCN: A graph convolutional network accelerator with runtime workload rebalancing,"… -Balancing GCN (AWB-GCN) to accelerate GCN inference. To … In particular, AWB-GCN continuously monitors the sparse … Results show that 4K-PE AWB-GCN can significantly elevate …",https://arxiv.org/pdf/1908.10834
Inception recurrent convolutional neural network for object recognition,"… Recurrent Convolutional Neural Network (IRCNN), which utilizes the power of an … network combined with recurrent convolutional layers. Although the inputs are static, the recurrent …",https://arxiv.org/pdf/1704.07709
Recurrent convolutional neural networks help to predict location of earthquakes,… Our deep NN model has a recurrent part long short term memory (LSTM) that accounts for time dependencies between earthquakes and a convolutional part that accounts for spatial …,https://arxiv.org/pdf/2004.09140
Multi-channel recurrent convolutional neural networks for energy disaggregation,"… In this paper, we propose a CNN-based (Convolutional Neural Network) architecture with … Furthermore, the proposed model endows CNN models with a recurrent property in order to …",https://ieeexplore.ieee.org/iel7/6287639/6514899/08740964.pdf
PDRCNN: Precise phishing detection with recurrent convolutional neural networks,"… recurrent neural network (BRNN) is that each training sequence consists of two recurrent neural networks, … The basic idea is that each training sequence has two cyclic neural networks: …",https://onlinelibrary.wiley.com/doi/pdf/10.1155/2019/2595794
Speech separation using an asynchronous fully recurrent convolutional neural network,… recurrent convolutional neural network (FRCNN). This name emphasizes the presence of both lateral and top-down recurrent … 17] named recurrent convolutional neural network (RCNN) …,https://proceedings.neurips.cc/paper_files/paper/2021/file/be1bc7997695495f756312886f566110-Paper.pdf
Predicting financial prices of stock market using recurrent convolutional neural networks,"… In this section, we further investigate to introduce integrated design of the recurrent convolutional neural network model for the financial prediction of trading signals is presented in Fig. 4…",https://www.academia.edu/download/77654252/IJISA-V12-N6-2.pdf
A hybrid bidirectional recurrent convolutional neural network attention-based model for text classification,… as convolutional neural network and recurrent neural network… bidirectional recurrent convolutional neural network attention-… -term memory and the convolutional neural network with …,https://ieeexplore.ieee.org/iel7/6287639/8600701/08784247.pdf
Calibrcnn: Calibrating camera and lidar by recurrent convolutional neural network and geometric constraints,"In this paper, we present Calibration Recurrent Convolutional Neural Network (CalibRCNN) to infer a 6 degrees of freedom (DOF) rigid body transformation between 3D LiDAR and 2D …",https://researchportal.port.ac.uk/files/26875838/CalibRCNN_post_print.pdf
Deep sentiments in roman urdu text using recurrent convolutional neural network model,"Although over 64 million people worldwide speak Urdu language and are well aware of its Roman script, limited research and efforts have been made to carry out sentiment analysis …",https://e-space.mmu.ac.uk/625349/10/Deep%20Sentiments%20in%20Roman%20Urdu%20Text%20Using%20Recurrent%20Convolutional%20Neural%20Network%20Model%20e.pdf
Road detection and centerline extraction via deep recurrent convolutional neural network U-Net,"… In this paper, we propose a novel deep learning model, recurrent convolution neural network U-Net (RCNN-UNet), to tackle the aforementioned problem. Our proposed RCNN-UNet …",https://www.researchgate.net/profile/Xiaofei-Yang-20/publication/333095982_Road_Detection_and_Centerline_Extraction_Via_Deep_Recurrent_Convolutional_Neural_Network_U-Net/links/5ce6421692851c4eabb7143f/Road-Detection-and-Centerline-Extraction-Via-Deep-Recurrent-Convolutional-Neural-Network-U-Net.pdf
Causal discovery with attention-based convolutional neural networks,"… power of deep learning by using Attention-based Deep Neural Networks (DNNs) for both … consists of multiple convolutional neural networks (CNNs), where each network receives all …",https://www.mdpi.com/2504-4990/1/1/19/pdf
A lightweight Attention-based convolutional neural networks for tomato leaf disease classification,"… However, a deep convolutional neural network (CNN) requires high computational resources, limiting its portability. In this study, a lightweight convolutional neural network was …",https://www.mdpi.com/2077-0472/12/2/228/pdf
Attention-based deep neural networks for detection of cancerous and precancerous esophagus tissue on histopathological slides,… The F1 scores of the attention-based model were at least 8% higher for each class … of this study suggest that the proposed attention-based deep neural network framework for BE and …,https://jamanetwork.com/journals/jamanetworkopen/articlepdf/2753982/tomita_2019_oi_190563.pdf
An attention-based convolutional neural network for acute lymphoblastic leukemia classification,"… In this work, we proposed an attention-based CNN to address the task of categorization of ALL and healthy cell images. The designed deep learning model is trained from scratch on the …",https://www.mdpi.com/2076-3417/11/22/10662/pdf
Attention-based convolutional neural network for weakly labeled human activities' recognition with wearable sensors,"… In this paper, we exploit the attention-based convolutional neural network model to recognize activities from sensor data with weak labels. The dataset only obtains the information about …",https://arxiv.org/pdf/1903.10909
Environmental sound classification using temporal-frequency attention based convolutional neural network,"… In order to learn time and frequency features from Log-Mel spectrogram more effectively, a temporal-frequency attention based convolutional neural network model (TFCNN) is …",https://www.nature.com/articles/s41598-021-01045-4.pdf
Anomaly detection in automated vehicles using multistage attention-based convolutional neural network,"… However, to our knowledge, the multistage attention-based CNN has not been studied in CAVs for anomaly detection. Moreover, The dataset we used in this study is examined for …",https://pure.southwales.ac.uk/ws/portalfiles/portal/4210339/Final_Version_Anomaly_Detection_in_CAVs.pdf
Hyperspectral band selection using attention-based convolutional neural networks,… Hyperspectral Band Selection Using Attention-based Convolutional Neural Networks training of our attention-based convolutional neural network (we propose an embedded band …,https://ieeexplore.ieee.org/iel7/6287639/6514899/09019632.pdf
An attention-based convolutional neural network for intrusion detection model,"… network systems. Some researchers have already implemented intrusion detection models by convolutional neural networks … , an attention-based convolutional neural network intrusion …",https://ieeexplore.ieee.org/iel7/6287639/6514899/10110980.pdf
Self multi-head attention-based convolutional neural networks for fake news detection,… -Head Attention-based Convolutional Neural Networks) that can judge the authenticity of news with high accuracy based only on content by using convolutional neural networks and …,https://journals.plos.org/plosone/article/file?id=10.1371/journal.pone.0222713&type=printable
Attention‐based convolutional neural network for pavement crack detection,"Achieving high detection accuracy of pavement cracks with complex textures under different lighting conditions is still challenging. In this context, an encoder‐decoder network‐based …",https://onlinelibrary.wiley.com/doi/pdf/10.1155/2021/5520515
Prediction of inter-chain distance maps of protein complexes with 2D attention-based deep neural networks,Residue-residue distance information is useful for predicting tertiary structures of protein monomers or quaternary structures of protein complexes. Many deep learning methods have …,https://www.nature.com/articles/s41467-022-34600-2.pdf
Environment sound classification using multiple feature channels and attention based deep convolutional neural network,"In this paper, we propose a model for the Environment Sound Classification Task (ESC) that consists of multiple feature channels given as input to a Deep Convolutional Neural …",https://uia.brage.unit.no/uia-xmlui/bitstream/handle/11250/3056508/Article.pdf?sequence=4
A theoretical analysis of deep Q-learning,"… applying the Bellman operator to the Q-network. Thus, borrowing the analysis of DQN, we also establish theoretical results for Minimax-DQN. Specifically, we quantify the suboptimality …",http://proceedings.mlr.press/v120/yang20a/yang20a.pdf
Dynamic jobshop scheduling algorithm based on deep Q network,"… is improved based on the Deep Q Network (DQN). In the … a Deep Neural Network (DNN), as well as ten well-known heuristic dispatching rules are selected as the action set of the DQN. …",https://ieeexplore.ieee.org/iel7/6287639/6514899/09529186.pdf
A study on deep Q-learning and single stream Q-network architecture,"… Second, in addition to the previously mentioned Q-network, DQN utilizes yet another … in educating the Q-network. The target network is synchronized along with the Q-network after each …",https://www.researchgate.net/profile/Sripada-Kumar/publication/339536602_A_STUDY_ON_DEEP_Q-LEARNING_AND_SINGLE_STREAM_Q-NETWORK_ARCHITECTURE/links/5e57da694585152ce8f41ec3/A-STUDY-ON-DEEP-Q-LEARNING-AND-SINGLE-STREAM-Q-NETWORK-ARCHITECTURE.pdf
DM-DQN: Dueling Munchausen deep Q network for robot path planning,"… In M-DQN, when we need to update the Q value of an action, we update the Q network directly so that the Q value of the action is raised. The Q network of the M-DQN can be understood …",https://link.springer.com/content/pdf/10.1007/s40747-022-00948-7.pdf
Double deep Q-network-based energy-efficient resource allocation in cloud radio access network,"… (MDP) and subsequently adopt deep reinforcement learning (DRL) technique to … deep Q network (DQN), which is a combination of deep learning and Q-learning. In each time slot, DQN …",https://ieeexplore.ieee.org/iel7/6287639/6514899/09336582.pdf
Deep-q-network-based packet scheduling in an IoT environment,"… In this study, we present a practical deep Q-network (DQN)-based packet scheduling … packet scheduler by analyzing the policy of the DQN scheduler. The experimental results show that …",https://www.mdpi.com/1424-8220/23/3/1339/pdf
Double deep Q-network for power allocation in cloud radio access network,"… Our starting point is the deep Q network (DQN), which is a combination of a neural network and Q-learning. In each time slot, DQN turns on /off a RRH yielding the largest Q-value (…",https://www.researchgate.net/profile/Amjad-Iqbal-5/publication/345994584_Double_Deep_Q-Network_for_Power_Allocation_in_Cloud_Radio_Access_Network/links/5fb4ec4892851cf24cdc439e/Double-Deep-Q-Network-for-Power-Allocation-in-Cloud-Radio-Access-Network.pdf
A deep q-network-based algorithm for multi-connectivity optimization in heterogeneous cellular-networks,… the use of a deep reinforcement learning solution based on a Deep Q-Network (DQN) in order … The obtained results show a near-optimal performance of the DQN-based solution with an …,https://www.mdpi.com/1424-8220/22/16/6179/pdf
Cross dqn: Cross deep q network for ads allocation in feed,"… In this paper, we propose Cross Deep Q Network (Cross DQN) to extract the crucial arrangement signal by crossing the embeddings of different items and modeling the crossed …",https://arxiv.org/pdf/2109.04353
Autonomous penetration testing based on improved deep q-network,"… We propose an improved deep Q-network (DQN) named NDSPI-DQN to address the sparse reward problem and large action space problem in large-scale scenarios. First, we …",https://www.mdpi.com/2076-3417/11/19/8823/pdf
Stochastic double deep Q-network,"… Following the DQN, many new DRL algorithms have emerged, such as double DQN (DDQN) [6], dueling DQN [7], deep recurrent Q-network [8], [9], deep deterministic policy gradient [10…",https://ieeexplore.ieee.org/iel7/6287639/8600701/08736298.pdf
Convergent and efficient deep Q network algorithm,"… of the deep Q network (DQN) reinforcement learning algorithm and its variants, DQN is still not well understood and it does not guarantee convergence. In this work, we show that DQN …",https://arxiv.org/pdf/2106.15419
Deep echo state Q-network (DEQN) and its application in dynamic spectrum sharing for 5G and beyond,"… In this article, we introduce the deep echo state Q-network (… Q-network takes the state st as input and outputs the estimated Q-function of all possible actions. One key approach of DQN …",https://ieeexplore.ieee.org/ielaam/5962385/9722951/9246711-aam.pdf
Intelligent fault diagnosis for rotating machinery using deep Q-network based health state classification: A deep reinforcement learning approach,"… learns to diagnose faults utilizing a deep Q-network (DQN) combined with experience replay … the perception ability of deep learning, the proposed deep reinforcement learning-based …",https://www.researchgate.net/profile/Yu-Ding-33/publication/336186043_Intelligent_fault_diagnosis_for_rotating_machinery_using_deep_Q-network_based_health_state_classification_A_deep_reinforcement_learning_approach/links/5fbb9749299bf104cf6d4181/Intelligent-fault-diagnosis-for-rotating-machinery-using-deep-Q-network-based-health-state-classification-A-deep-reinforcement-learning-approach.pdf
Deep Q-network based dynamic movement strategy in a UAV-assisted network,"… In this research, we investigate a real-time dynamic UAV movement strategy design on a deep learning framework called deep Q-network (DQN) [13] to maximize the sum data rate. …",https://arxiv.org/pdf/2008.03162
Multi‐robot path planning based on a deep reinforcement learning DQN algorithm,"… This study uses a deep Q-network (DQN) algorithm in a deep reinforcement learning algorithm, which combines the Q-learning algorithm, an empirical playback mechanism, and the …",https://ietresearch.onlinelibrary.wiley.com/doi/pdfdirect/10.1049/trit.2020.0024?crawler=true&mimetype=application
Path planning via an improved DQN-based learning policy,"… Several improvements based on DQN have proposed in … The DQN framework has a certain improvement in learning speed and … DQN can solve these problems very well, so the DQN …",https://ieeexplore.ieee.org/iel7/6287639/8600701/08721655.pdf
Multi-DQN: An ensemble of Deep Q-learning agents for stock market forecasting,"The stock market forecasting is one of the most challenging application of machine learning, as its historical data are naturally noisy and unstable. Most of the successful approaches act …",https://www.academia.edu/download/111809328/SMA.pdf
DQN based single-pixel imaging,"… a black background and use the DQN based OT-SPIs, ie DQN-HSPI and DQN-FSPI, to image it … Then, we put a cup ahead there to change the scene and use DQN-HSPI and DQN-FSPI …",https://opg.optica.org/viewmedia.cfm?seq=0&uri=oe-29-10-15463
Understanding multi-step deep reinforcement learning: A systematic study of the DQN target,… Q(σ) with an architecture analogous to DQN. We test the performance of all these algorithms … DQN. For the learning rate parameter α we used a value of 0.00025 as in the original DQN …,https://arxiv.org/pdf/1901.07510
Research on adaptive job shop scheduling problems based on dueling double DQN,Traditional approaches for job shop scheduling problems are ill-suited to deal with complex and changeable production environments due to their limited real-time responsiveness. …,https://ieeexplore.ieee.org/iel7/6287639/8948470/09218934.pdf
Path planning of coastal ships based on optimized DQN reward function,… (DQN) algorithm. The model is mainly composed of environment status information and the DQN algorithm. The environment status information provides training space for the DQN …,https://www.mdpi.com/2077-1312/9/2/210/pdf
Dynamic reward-based dueling deep dyna-q: Robust policy learning in noisy environments,"… In this paper, we attempt to utilize Dueling DQN method to mitigate the negative impact of … In this stage, we employ a variant of DQN method, Dueling DQN method to improve the …",https://aaai.org/ojs/index.php/AAAI/article/view/6516/6372
Towards V2I age-aware fairness access: A DQN based intelligent vehicular node training and test method,"… the DQN algorithm is more suitable to solve the DRL problems. Therefore, we propose an extended DQN al… In this section, we first introduce how we extend the DQN training and testing …",https://ieeexplore.ieee.org/iel7/9970761/10292727/10292743.pdf
Policy gradient method for robust reinforcement learning,… This paper develops the first policy gradient method with global optimality guarantee … reinforcement learning under model mismatch. Robust reinforcement learning is to learn a policy …,https://proceedings.mlr.press/v162/wang22at/wang22at.pdf
Independent policy gradient methods for competitive reinforcement learning,"… player independently selects a policy and observes only … run policy gradient methods in tandem, their policies will … result for independent policy gradient methods in competitive RL; prior …",https://proceedings.neurips.cc/paper/2020/file/3b2acfe2e38102074656ed938abf4ac3-Paper.pdf
Is the policy gradient a gradient?,"… -the-art policy gradient methods. In Section 6, we review all of the policy gradient algorithms … of the algorithms used the “incorrect” policy gradient that we discuss in this paper. While this …",https://arxiv.org/pdf/1906.07073
Phasic policy gradient,"… Specifically, we set the policy gradient loss (… gradient is the policy gradient estimator, subject to a constraint on the KL-divergence between the original policy and the updated policy. …",http://proceedings.mlr.press/v139/cobbe21a/cobbe21a.pdf
An improved analysis of (variance-reduced) policy gradient and natural policy gradient methods,"… of policy gradient (PG), natural PG (NPG) methods, and their variance-reduced variants, under general smooth policy … More specifically, with the Fisher information matrix of the policy …",https://proceedings.neurips.cc/paper/2020/file/56577889b3c1cd083b6d7b32d32f99d5-Paper.pdf
Global convergence of policy gradient methods to (almost) locally optimal policies,… of RPG methods that unbiasedly estimate the true policy gradient for infinitehorizon discounted MDPs (section 3). These proposed methods … to stationary-point policies (spotlighted in a …,https://par.nsf.gov/servlets/purl/10218458
Implementation matters in deep policy gradients: A case study on ppo and trpo,"… on these algorithms, the fact that such optimizations are so important begs the question: how do we identify the true roots of algorithmic progress in deep policy gradient methods? …",https://arxiv.org/pdf/2005.12729
Neural policy gradient methods: Global optimality and rates of convergence,"… In comparison, our focus is on deep reinforcement learning with policy gradient methods. In particular, the policy evaluation steps are based on the TD(0) algorithm, which uses …",https://arxiv.org/pdf/1909.01150
On the convergence rates of policy gradient methods,"… In this paper, we focus on policy gradient methods for minimizing the weighted value … methods generate a sequence of policies {π(k)} through repeated evaluation of the policy gradient …",https://www.jmlr.org/papers/volume23/22-0056/22-0056.pdf
Robust multi-agent reinforcement learning via minimax deep deterministic policy gradient,"… algorithm, MiniMax Multi-agent Deep Deterministic Policy Gradient (M3DDPG) with the fol… multi-agent deep deterministic policy gradient algorithm (MADDPG), for robust policy learning; (…",https://aaai.org/ojs/index.php/AAAI/article/download/4327/4205
Pc-pg: Policy cover directed exploration for provable policy gradient learning,"… This work focuses on how policy gradient methods can be extended to handle exploration, … body of empirical techniques for exploration which combine policy gradient methods with …",https://proceedings.neurips.cc/paper/2020/file/9b3a9fb4db30fc6594ec3990cbc09932-Paper.pdf
"On the theory of policy gradient methods: Optimality, approximation, and distribution shift","… Overall, the results of this work place policy gradient methods under a solid theoretical footing, analogous to the global convergence guarantees of iterative value function based …",https://www.jmlr.org/papers/volume22/19-736/19-736.pdf
Policy gradient for rectangular robust markov decision processes,"… have become a standard for training reinforcement learning … policies can be computationally expensive. In this paper, we introduce robust policy gradient (RPG), a policybased method …",https://proceedings.neurips.cc/paper_files/paper/2023/file/ba8aee784ffe0813890288b334444eda-Paper-Conference.pdf
Worst cases policy gradients,"… deterministic policy gradient, where we backpropagate the CVaR loss gradients through the critic and down to the actor/policy networks. We obtain the deterministic gradient for the …",https://arxiv.org/pdf/1911.03618
On the global convergence rates of softmax policy gradient methods,"… First, we prove that with the true gradient, policy gradient methods with a softmax parametrization converge to the optimal policy at a O(1/t) rate, with constants depending on the …",http://proceedings.mlr.press/v119/mei20b/mei20b.pdf
A policy gradient algorithm for learning to learn in multiagent reinforcement learning,"… objective of MARL and then derive our policy gradient theorem to optimize this objective. Finally, we discuss how to interpret our meta-policy gradient theorem with respect to prior work. …",http://proceedings.mlr.press/v139/kim21g/kim21g.pdf
Policy gradient assisted map-elites,… Policy Gradient Assisted MAP-Elites (PGA-MAP-Elites) is an … data-efficiency of Policy Gradient methods with the exploration … operators in parallel: 1) a Policy Gradient (PG) operator. 2) a …,https://hal.science/hal-03135723/document
Algaedice: Policy gradient from arbitrary experience,"… , this formulation trains the policy (actor) and dual … policy gradient methods, we show that if the dual function is optimized, the gradient of the proposed objective with respect to the policy …",https://arxiv.org/pdf/1912.02074
What matters for on-policy deep actor-critic methods? a large-scale study,… of on-policy deep actor-critic reinforcement learning for … actor-critic gradient algorithm. We took the following approach to create a highly configurable unified on-policy deep actor-critic …,https://openreview.net/pdf?id=nIAxjsniDzg
A finite-time analysis of two time-scale actor-critic methods,… convergence and finite sample complexity of actor-critic methods are largely open. In this … two timescale actor-critic methods under non-iid setting. We prove that the actor-critic method is …,https://proceedings.neurips.cc/paper/2020/file/cc9b3c69b56df284846bf2432f1cba90-Paper.pdf
On the sample complexity of actor-critic method for reinforcement learning with function approximation,"… In this work, we investigate actor-critic methods to solve (2), which is a hybrid RL method … technique called policy gradient method, and explain how actor-critic augments policy gradient. …",https://link.springer.com/content/pdf/10.1007/s10994-023-06303-2.pdf
Provable benefits of actor-critic methods for offline reinforcement learning,"… Actor-critic methods are widely used in offline reinforcement learning practice, but are not so well-understood theoretically. We propose a new offline actor-critic algorithm that naturally …",https://proceedings.neurips.cc/paper_files/paper/2021/file/713fd63d76c8a57b16fc433fb4ae718a-Paper.pdf
Idql: Implicit q-learning as an actor-critic method with diffusion policies,"… Effective offline RL methods require properly handling out-of-… In this paper, we reinterpret IQL as an actor-critic method by … (AWR) used in prior methods. Instead, we propose using …",https://arxiv.org/pdf/2304.10573
TD-regularized actor-critic methods,"… Through evaluations on benchmark tasks, we show that our method is complementary to existing actor-critic methods, improving not only their stability but also their performance and …",https://link.springer.com/content/pdf/10.1007/s10994-019-05788-0.pdf
Online meta-critic learning for off-policy actor-critic methods,"… Off-Policy Actor-Critic (OffP-AC) methods have proven … actor that accelerates and improves actor-critic learning. Compared to … with contemporary OffP-AC methods DDPG, TD3 and SAC. …",https://proceedings.neurips.cc/paper_files/paper/2020/file/cceff8faa855336ad53b3325914caea2-Paper.pdf
Better exploration with optimistic actor critic,"… In order to limit overestimation [26, 46], modern actor-critic methods learn an approximate lower confidence bound on the Q-function [24, 17], obtained by using two networks ˆQ1 …",https://proceedings.neurips.cc/paper_files/paper/2019/file/a34bacf839b923770b2c360eefa26748-Paper.pdf
Convergence proof for actor-critic methods applied to PPO and RUDDER,… Our results are valid for actor-critic methods that use episodic … general actor-critic reinforcement learning algorithms. We apply this convergence proof to two concrete actor-critic methods…,https://arxiv.org/pdf/2012.01399
Asynchronous actor-critic for multi-agent reinforcement learning,"… actor-critic methods that generalize their primitive-action counterparts. First, we formulate a macro-action-based independent actor-critic (Mac-IAC) method. … -based actor-critic methods, …",https://proceedings.neurips.cc/paper_files/paper/2022/file/1c153788756d35559c22d105d1182c30-Paper-Conference.pdf
Actor-critic method for high dimensional static Hamilton--Jacobi--Bellman partial differential equations based on neural networks,"… Accordingly, the actor-critic algorithms consist of two parts: … have been developed under the actor-critic framework [2, 10, 15, … The pseudocode for our actor-critic method for solving high …",https://arxiv.org/pdf/2102.11379
Lvio-fusion: A self-adaptive multi-sensor fusion slam framework using actor-critic method,"… a actor-critic method in reinforcement learning to adaptively adjust sensors’ weight. After training, actor-critic … -of-the-art methods, which shows that the proposed method achieves high …",https://arxiv.org/pdf/2106.06783
Ac-teach: A bayesian actor-critic method for policy learning with an ensemble of suboptimal teachers,"… (b) Our method, AC-Teach, (light blue) modifies the actor-critic architecture to leverage advice from a set of teachers (red) as part of the Behavioral Policy to train the Agent Policy using …",https://arxiv.org/pdf/1909.04121
Single timescale actor-critic method to solve the linear quadratic regulator with convergence guarantees,"… In this section, we present our specific design of the algorithm under the actor-critic framework. We apply an LSTD method for the policy evaluation (critic), with a detailed description for …",https://www.jmlr.org/papers/volume24/22-0644/22-0644.pdf
Value-decomposition multi-agent actor-critics,"… actor-critic methods that are compatible with A2C and propose a novel actor-critic framework, value-decomposition actor-critic (… performance over other actor-critic methods. Furthermore, …",https://ojs.aaai.org/index.php/AAAI/article/download/17353/17160
Estimation error correction in deep reinforcement learning for deterministic actor-critic methods,"… deep reinforcement learning methods, approximation of value functions induces overestimation bias and leads to suboptimal policies. We show that in deep actor-critic methods that aim …",https://arxiv.org/pdf/2109.10736
Sparse sequence-to-sequence models,"Sequence-to-sequence models … models less interpretable and assigning probability mass to many implausible outputs. In this paper, we propose sparse sequence-to-sequence models, …",https://aclanthology.org/P19-1146.pdf
Deep reinforcement learning for sequence-to-sequence models,… learning models called sequence-to-sequence (seq2seq) models and discussed some of the recent advances in combining training of these models with RL techniques. The seq2seq …,https://arxiv.org/pdf/1805.09461
Lingvo: a modular and scalable framework for sequence-to-sequence modeling,"… An analysis of incorporating an external language model into a sequenceto-sequence model. In Proc. IEEE International Conference on Acoustics, Speech, and Signal Processing (…",https://arxiv.org/pdf/1902.08295
Seq2sick: Evaluating the robustness of sequence-to-sequence models with adversarial examples,"… problem of crafting adversarial examples for sequence-to-sequence (seq2seq) models (… We choose this problem not only because it is challenging, but also because seq2seq models …",https://aaai.org/ojs/index.php/AAAI/article/view/5767/5623
Foundations of sequence-to-sequence modeling for time series,"… sequence-to-sequence models with those of local models. In particular, we will compare our bounds on the generalization gap Φ(Y) for sequenceto-sequence models and local models, …",http://proceedings.mlr.press/v89/mariet19a/mariet19a.pdf
Document ranking with a pretrained sequence-to-sequence model,… of a pretrained sequence-to-sequence model to the task of … We show how a sequence-to-sequence model can be … with previous classification-based models and can surpass them with …,https://arxiv.org/pdf/2003.06713
Evaluating sequence-to-sequence models for handwritten text recognition,"… Abstract—Encoder-decoder models have become an effective approach for sequence … To this end, we propose an attention-based sequence-to-sequence model. It combines a …",https://arxiv.org/pdf/1903.07377
Direct speech-to-speech translation with a sequence-to-sequence model,"… an attention-based sequence-to-sequence neural net… model slightly underperforms a baseline cascade of a direct speech-to-text translation model and a text-to-speech synthesis model, …",https://arxiv.org/pdf/1904.06037
A systematic review on sequence-to-sequence learning with neural network and its models.,… Sequence-to-Sequence models can also be implemented through what is known as … ) and attention-based models. The sequence-to-sequence model was initially created by Google for …,https://www.researchgate.net/profile/Said-Salloum/publication/344664783_A_Systematic_Review_on_Sequence_to_Sequence_Neural_Network_and_its_Models/links/601108f692851c2d4df6fc47/A-Systematic-Review-on-Sequence-to-Sequence-Neural-Network-and-its-Models.pdf
On evaluation of adversarial perturbations for sequence-to-sequence models,"Adversarial examples --- perturbations to the input of a model that elicit … sequence-to-sequence (seq2seq) models. However, these perturbations only indicate weaknesses in the model …",https://arxiv.org/pdf/1903.06620
Neural abstractive text summarization with sequence-to-sequence models,"In the past few years, neural abstractive text summarization with sequence-to-sequence (seq2seq) models have gained a lot of popularity. Many interesting techniques have been …",https://dl.acm.org/doi/pdf/10.1145/3419106
Generating medical reports from patient-doctor conversations using sequence-to-sequence models,"… based sequence-to-sequence architectures for medical report generation from patient-doctor conversations. This study demonstrates the ability of sequence-to-sequence models, in …",https://aclanthology.org/2020.nlpmc-1.4.pdf
BartPho: pre-trained sequence-to-sequence models for Vietnamese,"… Capitalization and punctuation restoration models generally fall into two main categories of … sequence-to-sequence [41, 42]. In this investigation, we follow the sequence-to-sequence …",https://arxiv.org/pdf/2109.09701
Any-to-many voice conversion with location-relative sequence-to-sequence modeling,… Attention Mechanisms in Seq2seq Models Sequence-to-sequence models equipped with attention mechanism have been very popular in VC and TTS tasks. The BNE-Seq2seqMoL …,https://arxiv.org/pdf/2009.02725
NRTR: A no-recurrence sequence-to-sequence model for scene text recognition,"… This paper, for the first time, proposes a no-recurrence sequence-to-sequence text recognizer, named NRTR, that dispenses with recurrences and convolutions entirely. NRTR follows …",https://arxiv.org/pdf/1806.00926
Guiding attention in sequence-to-sequence models for dialogue act prediction,"… In this paper, we tackle this issue with a sequence-to-sequence … have been successfully applied to NMT, where modeling non local … Thus, it can be formulated as sequence to sequence …",https://ojs.aaai.org/index.php/AAAI/article/download/6259/6115
Multi-view sequence-to-sequence models with conversational structure for abstractive dialogue summarization,… This work proposes a multi-view sequence-tosequence model by first extracting conversational structures of unstructured daily chats from different views to represent conversations and …,https://arxiv.org/pdf/2010.01672
The expando-mono-duo design pattern for text ranking with pretrained sequence-to-sequence models,"… [41], but in this work we take advantage of the pretrained sequence-to-sequence model T5, as described in Nogueira and Lin [39]. In that paper, it was given the somewhat awkward …",https://arxiv.org/pdf/2101.05667
Correction of automatic speech recognition with transformer sequence-to-sequence model,… yet efficient postprocessing model for automatic speech recognition. Our model has Transformer-based encoder-decoder architecture which “translates” acoustic model output into …,https://arxiv.org/pdf/1910.10697
Recent advancements in end-to-end autonomous driving using deep learning: A survey,… the End-to-End autonomous driving stack. It provides a taxonomy of automated driving tasks wherein neural networks have been employed in an End-to-End … in End-to-End autonomous …,https://arxiv.org/pdf/2307.04370
End-to-end deep learning framework for digital holographic reconstruction,"… an end-to-end deep learning-based framework, called a holographic reconstruction network (HRNet), for numerical reconstruction in DH. By adopting this end-to-end learning strategy, …",https://www.spiedigitallibrary.org/journals/Advanced-Photonics/volume-1/issue-1/016004/End-to-end-deep-learning-framework-for-digital-holographic-reconstruction/10.1117/1.AP.1.1.016004.pdf
Learning from simulation: An end-to-end deep-learning approach for computational ghost imaging,"… design an end-to-end approach that … deep learning. In most DL-based computational imaging, thousands pairs of labeled input-output data should be acquired to train a neural network. …",https://opg.optica.org/viewmedia.cfm?uri=oe-27-18-25560&seq=0
End-to-end optimization of deep learning applications,… Figure 2 shows the break down of the end-to-end runtime for processing … end-to-end SW/HW co-optimization. Our experiments show that this optimization can increase the end-to-end …,https://dl.acm.org/doi/pdf/10.1145/3373087.3375321
Deepvcp: An end-to-end deep neural network for point cloud registration,… We present DeepVCP - a novel end-to-end learning… deep neural network structures to establish an end-to-end trainable network. Our keypoint detector is trained through this end-to-end …,https://openaccess.thecvf.com/content_ICCV_2019/papers/Lu_DeepVCP_An_End-to-End_Deep_Neural_Network_for_Point_Cloud_Registration_ICCV_2019_paper.pdf
End-to-end constrained optimization learning: A survey,… This paper surveys the recent attempts at leveraging machine learning to … machine learning architectures. These approaches hold the promise to develop new hybrid machine learning …,https://arxiv.org/pdf/2103.16378
Deepjit: an end-to-end deep learning framework for just-in-time defect prediction,"… changes and they are trained using machine learning techniques with the assumption that … Unlike those approaches, in this paper, we propose an end-to-end deep learning framework…",https://ink.library.smu.edu.sg/cgi/viewcontent.cgi?article=5489&context=sis_research
End-to-end deep learning framework for coronavirus (COVID-19) detection and monitoring,"… In this paper, we proposed an end-to-end framework for COVID-19 to enable a real-time … We proposed a deep learning model based on X-rays of the chest and transfer learning, to …",https://www.mdpi.com/2079-9292/9/9/1439/pdf
PestNet: An end-to-end deep learning approach for large-scale multi-class pest detection and classification,"… by the various applications of Convolutional Neural Network (CNN) in deep learning [5-8] … ,10], we develop an end-toend architecture PestNet based on deep learning for multiclass pest …",https://eprints.whiterose.ac.uk/150790/1/FINALArticle1.pdf
Deep learning-based end-to-end wireless communication systems with conditional GANs as unknown channels,"… Therefore, almost all the previous works on the endto-end paradigm are concentrating on … a channel agnostic endto-end communication system based on deep learning, where different …",https://ieeexplore.ieee.org/iel7/7693/9090043/08985539.pdf
End-to-end lung cancer screening with three-dimensional deep learning on low-dose chest computed tomography,"… , we aimed to build an end-to-end approach performing both … was to learn features using deep convolutional neural networks (… We chose to learn features because this approach has …",https://mlgdansk.pl/wp-content/uploads/2019/06/MLGdansk63_27.05.19_End-to-end_lung_cancer_screening_with_three-dimens.pdf
Automated end-to-end management of the modeling lifecycle in deep learning,"… To this end, we present a unified approach for managing the deep learning lifecycle end-to-end. We equip our approach with a software system for automated model management, …",https://par.nsf.gov/servlets/purl/10312568
DeepFMRI: End-to-end deep learning for functional connectivity and classification of ADHD using fMRI,"… In this work, we propose a novel end-to-end deep learning method incorporating functional connectivity for the classification of ADHD. To the best of our knowledge, this has not been …",https://openaccess.city.ac.uk/id/eprint/23201/1/DeepFMRI_ver02.pdf
Feature extraction for hyperspectral imagery: The evolution from shallow to deep: Overview and toolbox,"… Feature extraction (FE), a vibrant field of research in the hyperspectral community, evolved through decades of research to address this issue and extract … model to extract deep features. …",https://arxiv.org/pdf/2003.02822
A comprehensive review of dimensionality reduction techniques for feature selection and feature extraction,… This work reviewed more than forty articles of feature selection and feature extraction that … ] proposed a method for extraction features from images based on the deep CNN and PCA. …,https://www.jastt.org/index.php/jasttpath/article/download/24/10
Content‐Based Image Retrieval and Feature Extraction: A Comprehensive Review,… We analyzed the main aspects of various image retrieval and image representation models from low-level feature extraction to recent semantic deep-learning approaches. The …,https://onlinelibrary.wiley.com/doi/pdf/10.1155/2019/9658350
Texture feature extraction methods: A survey,… Various feature extraction methods have been proposed in the … survey of texture feature extraction methods. The latter are … -based methods and the deep learning methods) are very …,https://ieeexplore.ieee.org/iel7/6287639/6514899/08600329.pdf
Breast cancer detection using extreme learning machine based on feature fusion with CNN deep features,"… features. Therefore, in this paper, we propose a novel diagnosis method that merges several deep features. … CNN and US-ELM for feature extraction and clustering, respectively. First, a …",https://ieeexplore.ieee.org/iel7/6287639/6514899/08613773.pdf
Classification of remote sensing image scenes using double feature extraction hybrid deep learning approach,"… a double feature extraction hybrid deep learning approach to … feature abstraction techniques. Also, the proposed algorithm is applied to feature values in order to convert them to feature …",https://www.researchgate.net/profile/Rajesh-Sharma-Rajendran/publication/353144715_Classification_of_Remote_Sensing_Image_Scenes_Using_Double_Feature_Extraction_Hybrid_Deep_Learning_Approach/links/610a652c1e95fe241aac921d/Classification-of-Remote-Sensing-Image-Scenes-Using-Double-Feature-Extraction-Hybrid-Deep-Learning-Approach.pdf
Pneumonia detection using CNN based feature extraction,"… Although, the features were extracted with different variants of … the optimal model for the feature extraction stage. Therefore, … a feature extractor is that deeper the network more generic …",https://www.academia.edu/download/82119475/08869364.pdf
Plant disease and pest detection using deep learning-based features,"… In this study, we calculated execution times for deep feature extraction and transfer learning based on deep learning models, as shown in Tables 5 and 8. According to the results, …",https://journals.tubitak.gov.tr/cgi/viewcontent.cgi?article=1627&context=elektrik
Dfanet: Deep feature aggregation for real-time semantic segmentation,"… Both in ICNet and BiSeNet, only one branch is deep CNN for feature extraction, and other branches are designed to make up resolution details. Different from these methods, we …",http://openaccess.thecvf.com/content_CVPR_2019/papers/Li_DFANet_Deep_Feature_Aggregation_for_Real-Time_Semantic_Segmentation_CVPR_2019_paper.pdf
Trends in audio signal feature extraction methods,"… Since the evolution of deep learning, the deep features are extensively used in various applications, in audio signal processing deep features have been used since 2010 in the area of …",https://calebrascon.info/AR/Topic4/addresources/features.pdf
Algorithm selection using deep learning without feature extraction,… space P represents a potentially infinite sized set of instances for the problem domain ■ The feature space F describes a set of characteristics derived using feature extraction from P …,https://napier-repository.worktribe.com/preview/1732777/Algorithm_selection_using_Deep_learning.pdf
Multi-channel 3D deep feature learning for survival time prediction of brain tumor patients using multi-modal neuroimages,… feature extraction method (in our proposed method) and traditional unsupervised feature extraction … superiority of supervised feature extraction to unsupervised feature extraction (see …,https://www.nature.com/articles/s41598-018-37387-9.pdf
Image matching from handcrafted to deep features: A survey,"… In particular, feature detection can extract the distinctive structure from an image, and … ability in deep feature acquisition and non-linear expression, applying deep learning techniques …",https://link.springer.com/content/pdf/10.1007/s11263-020-01359-2.pdf
Model compression for deep neural networks: A survey,"… role in deploying models on edge devices. This study analyzed various model compression … speeding up model inference, reducing model complexity and training costs, and improving …",https://www.mdpi.com/2073-431X/12/3/60/pdf
Compression of deep learning models for text: A survey,"… model compression is using KD (also broadly known as student–teacher networks). In such methods, the idea is to first train a deep teacher model … Thus, the student model is trained to …",https://arxiv.org/pdf/2008.05221
A survey of model compression for deep neural networks,"… model size while retaining model precision has become a hot research issue. Model compression refers to the reduction of a trained model … After model compression, there are fewer …",http://cje.ustb.edu.cn/en/article/pdf/preview/10.13374/j.issn2095-9389.2019.03.27.002.pdf
Memory-and communication-aware model compression for distributed deep learning inference on IoT,"… art on model compression refers to … models, we assume that KD is also a model compression technique throughout this paper. Of note, the present work considers model compression …",https://dl.acm.org/doi/pdf/10.1145/3358205
Deep model compression and architecture optimization for embedded systems: A survey,"… In Table 1, we summarized and compared various deep-learning model compression methods from the literature discussed in this paper. These methods aim to reduce the size, …",https://hal.science/hal-03048735/file/Compression_Survey_hal.pdf
Compression helps deep learning in image classification,"… For each model, we initialized the learning rate to 0.01 to train the last logit layer with random … current learning rate, we stopped the training of the current layer and decayed the learning …",https://www.mdpi.com/1099-4300/23/7/881/pdf
Tt-rec: Tensor train compression for deep learning recommendation models,… TT is a simple and robust method for model compression (… 2011) and has been studied extensively for deep learning … been investigated for the deep learning recommendation space; …,https://proceedings.mlsys.org/paper_files/paper/2021/file/1c4534ff58dab447545594c4863239b3-Paper.pdf
Comprehensive Study on Performance Evaluation and Optimization of Model Compression: Bridging Traditional Deep Learning and Large Language Models,"… trained deep learning models, … , compression techniques on popular deep learning models used in the image classification, object detection, language models and generative models-…",https://arxiv.org/pdf/2407.15904
A survey of model compression strategies for object detection,"… of object detection model compression techniques in recent years. Firstly, these compression … After that, we discuss the application scenarios and future directions of model compression …",https://link.springer.com/content/pdf/10.1007/s11042-023-17192-x.pdf
Discrimination-aware network pruning for deep model compression,… 3) We apply the improved DCP to compress the latest face recognition models. 4) We extend DCP for kernel pruning to further compress models at kernel level. 5) We propose a new …,https://arxiv.org/pdf/2001.01050
Leveraging filter correlations for deep model compression,"… based model compression approach for deep convolutional … each such pair naıvely, the model is re-optimized to make the … each round, we further finetune the model to recover from the …",http://openaccess.thecvf.com/content_WACV_2020/papers/Singh_Leveraging_Filter_Correlations_for_Deep_Model_Compression_WACV_2020_paper.pdf
"A survey on deep neural network compression: Challenges, overview, and solutions","… correlated DNN models to perform cross model compression. In MTZ, the compression is … quantitative characterization approach for a deep learning model to make its deployment on …",https://arxiv.org/pdf/2010.03954
Towards efficient model compression via learned global ranking,"… Although the goal of this work is to develop a model compression method that produces a set of ConvNets across different FLOP counts, we also compare our method with prior art that …",https://openaccess.thecvf.com/content_CVPR_2020/papers/Chin_Towards_Efficient_Model_Compression_via_Learned_Global_Ranking_CVPR_2020_paper.pdf
Discrete model compression with resource constraint for deep neural networks,"… In this paper, we proposed an effective discrete model compression method to prune CNNs given certain resource constraints. By turning deterministic discrete gate to stochastic …",http://openaccess.thecvf.com/content_CVPR_2020/papers/Gao_Discrete_Model_Compression_With_Resource_Constraint_for_Deep_Neural_Networks_CVPR_2020_paper.pdf
A novel training strategy for deep learning model compression applied to viral classifications,"… In this paper, in contrast, we propose a novel model compression scheme that … Weight compression by quantization Figure 5 depicts the architecture of quantization-aware …",http://www.eecs.harvard.edu/~htk/publication/2021-ijcnn-fernandes-kung.pdf
"Efficient deep learning: A survey on making deep learning models smaller, faster, and better",… There are other survey papers that cover a limited part of the field of efficient deep learning such as specific compression techniques like quantization and distillation [26…,https://arxiv.org/pdf/2106.08962
What is the state of neural network pruning?,"… the configuration of the network’s parameters and … neural network model as a particular parameterization of an architecture, ie, f(x; W) for specific parameters W. Neural network pruning …",https://proceedings.mlsys.org/paper_files/paper/2020/file/6c44dc73014d66ba49b28d483a8f8b0d-Paper.pdf
Importance estimation for neural network pruning,"… At each pruning iteration, we remove the neuron with the least importance as measured by the criterion used, and measure the loss on the training set. Results in Fig. 3 show that …",https://openaccess.thecvf.com/content_CVPR_2019/papers/Molchanov_Importance_Estimation_for_Neural_Network_Pruning_CVPR_2019_paper.pdf
"A survey on deep neural network pruning: Taxonomy, comparison, analysis, and recommendations","… neural network pruning. To facilitate future research on deep neural network pruning, we summarize broad pruning … curated collection of datasets, networks, and evaluations on different …",https://arxiv.org/pdf/2308.06767
Structured pruning for deep convolutional neural networks: A survey,"… pruning of deep CNNs. We summarize and compare the state-of-the-art structured pruning … execution, neural architecture search, the lottery ticket hypothesis, and the applications of …",https://arxiv.org/pdf/2303.00566
Methods for pruning deep neural networks,"… Although methods for pruning shallow neural networks were proposed in … pruning deep neural networks. Hence, this paper presents a survey of recent work on pruning neural networks …",https://ieeexplore.ieee.org/iel7/6287639/6514899/09795013.pdf
Variational convolutional neural network pruning,… pruning convolutional neural networks in channel level. This idea is motivated by the fact that deterministic value based pruning … Our method conducts channel pruning without desire of …,https://openaccess.thecvf.com/content_CVPR_2019/papers/Zhao_Variational_Convolutional_Neural_Network_Pruning_CVPR_2019_paper.pdf
Pruning and quantization for deep neural network acceleration: A survey,… This paper focuses primarily on network optimization for convolutional neural networks. It is … an introduction to neural networks and specifically convolutional neural networks. We also …,https://arxiv.org/pdf/2101.09671
Recent advances on neural network pruning at initialization,"… ), attempts to prune a randomly initialized network. This paper … pruning fashion. We first introduce a generic formulation of neural network pruning, followed by the major classic pruning …",https://arxiv.org/pdf/2103.06460
Eagleeye: Fast sub-net evaluation for efficient neural network pruning,"… In this work, we present a pruning method called EagleEye, in which a simple yet … pruning algorithms. EagleEye achieves better pruning performance than all of the studied pruning …",https://arxiv.org/pdf/2007.02491
Convolutional neural network pruning with structural redundancy reduction,"… find that pruning in the layer(s) with the most structural redundancy outperforms pruning the … Based on this finding, we then propose a network pruning approach that identifies structural …",http://openaccess.thecvf.com/content/CVPR2021/papers/Wang_Convolutional_Neural_Network_Pruning_With_Structural_Redundancy_Reduction_CVPR_2021_paper.pdf
Scop: Scientific control for reliable neural network pruning,… reliable neural network pruning algorithm by setting up a scientific control. Existing pruning … importance of filters to the network and then execute filter pruning accordingly. To increase …,https://proceedings.neurips.cc/paper/2020/file/7bcdf75ad237b8e02e301f4091fb6bc8-Paper.pdf
Accelerator-aware pruning for convolutional neural networks,"… by network pruning[… pruning schemes have been proposed, some of which prune the weights without constraints [19], [20] while others prune the weights considering the neural network …",https://arxiv.org/pdf/1804.09862
Neural network pruning with residual-connections and limited-data,"… Network pruning is a useful tool to obtain a satisfactory balance between inference speed … , structured pruning such as filter level pruning is more preferred. In filter level pruning, the …",https://openaccess.thecvf.com/content_CVPR_2020/papers/Luo_Neural_Network_Pruning_With_Residual-Connections_and_Limited-Data_CVPR_2020_paper.pdf
Pruning neural networks at initialization: Why are we missing the mark?,"… Recent work has explored the possibility of pruning neural networks at initialization. We … and magnitude pruning. Although these methods surpass the trivial baseline of random pruning, …",https://arxiv.org/pdf/2009.08576
1xn pattern for pruning convolutional neural networks,"… the individual weights or the whole filters, we design a pruning pattern that supports network pruning by removing consecutive N output kernels with the same input channel index. To …",https://arxiv.org/pdf/2105.14713
Lost in pruning: The effects of pruning neural networks beyond test accuracy,"… the pruned network and its parent, we observe that the prune potential of the network varies … In this paper, we study the impact of pruning when deploying neural networks in real-world …",https://proceedings.mlsys.org/paper_files/paper/2021/file/521437c574a2bb7fcc20b222700b4181-Paper.pdf
Sparsity in deep learning: Pruning and growth for efficient inference and training in neural networks,"… We describe approaches to remove and add elements of neural networks, different training strategies to achieve model sparsity, and mechanisms to exploit sparsity in practice. Our …",https://www.jmlr.org/papers/volume22/21-0366/21-0366.pdf
And the bit goes down: Revisiting the quantization of neural networks,"… our approach for quantizing a neural network. We quantize the network sequentially starting … We guide the compression of the student network by the non-compressed teacher network, …",https://arxiv.org/pdf/1907.05686.pdf?utm_campaign=ExternalTechRecSeptember52019&utm_content=100275348&utm_medium=social&utm_source=twitter&hss_channel=tw-992153930095251456
Quantization networks,"… of neural network quantization. … bit quantization of deep neural networks from the perspective of non-linear functions. Inspired by activation functions in DNNs, a soft quantization function …",https://openaccess.thecvf.com/content_CVPR_2019/papers/Yang_Quantization_Networks_CVPR_2019_paper.pdf
Low-bit quantization of neural networks for efficient inference,"… quantization framework for neural networks. We analyze the MMSE quantization problem and propose optimal quantization … The hardware-aware partitioning of the network parameters, …",https://arxiv.org/pdf/1902.06822
A white paper on neural network quantization,… We start with an introduction to quantization and discuss hardware and practical … regimes of quantizing neural networks: Post-Training Quantization (PTQ) and QuantizationAware …,https://arxiv.org/pdf/2106.08295
A survey of quantization methods for efficient neural network inference,"… Thus, it is not surprising that quantization has emerged … Neural Networks. In this article, we survey approaches to the problem of quantizing the numerical values in deep Neural Network …",https://arxiv.org/pdf/2103.13630.pdf?trk=public_post_comment-text
Uniq: Uniform noise injection for non-uniform quantization of neural networks,"… We present a novel method for neural network quantization. Our method, named UNIQ, emulates a nonuniformk-quantile quantizer and adapts the model to perform well with quantized …",https://arxiv.org/pdf/1804.10969
Hawq: Hessian aware quantization of neural networks with mixed-precision,"… quantizing the model to a target precision. Here, we introduce Hessian AWare Quantization (HAWQ), a novel second-order quantization … of the relative quantization precision of each …",https://openaccess.thecvf.com/content_ICCV_2019/papers/Dong_HAWQ_Hessian_AWare_Quantization_of_Neural_Networks_With_Mixed-Precision_ICCV_2019_paper.pdf
A comprehensive survey on model quantization for deep neural networks in image classification,"… We describe using the scale factor and the clustering-based approaches for approximating the quantization levels accurately. Additionally, the training of a quantized neural network …",https://www.academia.edu/download/104789540/2205.07877.pdf
Least squares binary quantization of neural networks,… Training binary networks The loss functions in our quantized neural networks are non-differentiable due to the sign function in the quantizers. To address this challenge we use the …,http://openaccess.thecvf.com/content_CVPRW_2020/papers/w40/Pouransari_Least_Squares_Binary_Quantization_of_Neural_Networks_CVPRW_2020_paper.pdf
Releq: an automatic reinforcement learning approach for deep quantization of neural networks,"… Albeit alluring, quantization can lead to significant accuracy … accuracy, while benefiting from quantization the following two … tune quantized neural networks given a level of quantization …",https://par.nsf.gov/servlets/purl/10111602
Hawq-v2: Hessian aware trace-weighted quantization of neural networks,"… Quantization is an effective method for reducing memory footprint and inference time of Neural Networks. However, ultra low precision quantization could lead to significant degradation …",https://proceedings.neurips.cc/paper/2020/file/d77c703536718b95308130ff2e5cf9ee-Paper.pdf
ReLeQ : A Reinforcement Learning Approach for Automatic Deep Quantization of Neural Networks,"… To this end, quantization of neural networks provides a path … Albeit alluring, quantization can lead to significant accuracy … have developed techniques for quantized training.However, this …",https://ieeexplore.ieee.org/ielaam/40/9186208/9141414-aam.pdf
Linear symmetric quantization of neural networks for low-precision integer hardware,… on the quantization of neural networks. Quantization technique is also closely related to the implementation of specialized hardware that maps the procedure of network inference onto …,https://openreview.net/pdf?id=H1lBj2VFPS
Adabits: Neural network quantization with adaptive bit-widths,… study specific methods to train quantized neural networks adaptive to different requirements… -precision quantization. We find that an adaptive model produced by a joint quantization …,http://openaccess.thecvf.com/content_CVPR_2020/papers/Jin_AdaBits_Neural_Network_Quantization_With_Adaptive_Bit-Widths_CVPR_2020_paper.pdf
Quantization and deployment of deep neural networks on microcontrollers,… in our MicroAI framework for deep neural networks quantization. Section 5 details our … framework MicroAI and two popular embedded neural network frameworks (TensorFlow Lite for …,https://www.mdpi.com/1424-8220/21/9/2984/pdf
Hawq-v3: Dyadic neural network quantization,… to quantized integer values. This hidden cost limits the latency improvement realized by quantizing Neural Networks. … -precision integer-only quantization framework. The contributions of …,http://proceedings.mlr.press/v139/yao21a/yao21a.pdf
Efficient quantization for neural networks with binary weights and low bitwidth activations,… quantization strategy in which we formulate the forward and backward approximation of weights with binary values and quantize … of our quantized neural networks with binarized weights …,https://ojs.aaai.org/index.php/AAAI/article/download/4273/4151
Secure evaluation of quantized neural networks,"… our quantized neural networks. Finally, to illustrate the advantages of our approach with respect to constructing ad-hoc MPC protocols that are only suitable to certain type of models, we …",https://arxiv.org/pdf/1910.12435
"Federated deep learning for cyber security in the internet of things: Concepts, applications, and experimental analysis","… in federated learning-based security and privacy systems. Finally, we provide an experimental analysis of federated deep learning with three deep learning … ), and Deep Neural Network (…",https://ieeexplore.ieee.org/iel7/6287639/6514899/09562531.pdf
DeepFed: Federated deep learning for intrusion detection in industrial cyber–physical systems,"… federated deep learning scheme, named DeepFed, to detect cyber threats against industrial CPSs. Specifically, we first design a new deep learning-… a federated learning framework, …",https://www.cs.unb.ca/~rlu1/paper/LiWSLLZ21.pdf
Towards efficient and privacy-preserving federated deep learning,"… privacy-preserving federated deep learning scheme based on … in federated deep learning with lightweight homomorphic encryption. In this way, our scheme supports federated learning …",https://www.researchgate.net/profile/Guowen-Xu-5/publication/334487401_Towards_Efficient_and_Privacy-Preserving_Federated_Deep_Learning/links/60e80ecb0fbf460db8f30162/Towards-Efficient-and-Privacy-Preserving-Federated-Deep-Learning.pdf
Privacy-preserving federated deep learning with irregular users,"… In this paper, we only consider the federated learning scenario where each user holds independent and identically distributed (IID) samples. Specifically, Let N be the number of users …",https://ink.library.smu.edu.sg/cgi/viewcontent.cgi?article=6184&context=sis_research
An overview of federated deep learning privacy attacks and defensive strategies,"… Federated learning (FL) is the most popular of these methods, which provides privacy … of decentralized learning have been proposed, most notably that of federated learning (FL). …",https://arxiv.org/pdf/2004.04676
Federated deep learning for detecting COVID-19 lung abnormalities in CT: a privacy-preserving multinational validation study,… This study aimed to analyze the effectiveness of federated deep learning on the task of chest CT abnormality detection for COVID-19 with evaluating the performance of AI models …,https://www.nature.com/articles/s41746-021-00431-6.pdf
Federated learning improves site performance in multicenter deep learning without data sharing,"… HR, ZX, JT, DX, and MGF contributed to the underlying federated learning framework and adaptation for the application to this analysis. KVS, SH, TS, and HR primarily contributed to …",https://academic.oup.com/jamia/article-pdf/28/6/1259/38615457/ocaa341.pdf
Federated deep learning meets autonomous vehicle perception: Design and verification,"… instances, federated learning assisted connected autonomous vehicle (FLCAV) has been proposed, which leverages vehicular networks to establish federated deep neural networks (…",https://arxiv.org/pdf/2206.01748
Multi-institutional collaborations for improving deep learning-based magnetic resonance image reconstruction using federated learning,"… In recent years, deep learning-based methods have been shown to produce superior … In order to overcome this challenge, we propose a federated learning (FL) based solution in which …",https://openaccess.thecvf.com/content/CVPR2021/papers/Guo_Multi-Institutional_Collaborations_for_Improving_Deep_Learning-Based_Magnetic_Resonance_Image_Reconstruction_CVPR_2021_paper.pdf
Comprehensive privacy analysis of deep learning: Passive and active white-box inference attacks against centralized and federated learning,"… In federated learning, we show that a curious parameter … In federated learning, the repeated parameter updates of the … other parties, in the federated learning setting, the adversary can …",https://arxiv.org/pdf/1812.00910
From federated learning to federated neural architecture search: a survey,"… Meanwhile, neural architecture search has become very popular in deep learning for … categorize federated learning systems into offline and online approaches, where online federated …",https://link.springer.com/content/pdf/10.1007/s40747-020-00247-z.pdf
Detection of false data injection attacks in smart grid: A secure federated deep learning approach,"… Inspired by federated learning, a FDIA detection method based on secure federated deep learning is proposed in this paper by combining Transformer, federated learning and Paillier …",https://arxiv.org/pdf/2209.00778
Decentralized distributed multi-institutional PET image segmentation using a federated deep learning framework,"… Federated learning–based models have been developed for different medical imaging tasks… In the current study, we have developed a federated DL-based framework for PET image …",https://journals.lww.com/nuclearmed/_layouts/15/oaks.journals/downloadpdf.aspx?an=00003072-202207000-00006
Towards fair and privacy-preserving federated deep models,"… outperforms standalone deep learning. In … deep learning frameworks, and the related literatures on privacy-preserving collaborative deep learning, and fairness in federated learning …",https://arxiv.org/pdf/1906.01167
OpenFL: the open federated learning library,"… Federated learning (FL) is a computational paradigm that enables organizations to collaborate on machine learning (ML) and deep learning (DL) projects without sharing sensitive data, …",https://iopscience.iop.org/article/10.1088/1361-6560/ac97d9/pdf
A review of applications in federated learning,"… For joint training in deep learning network, those institutions with big data could manipulate the prediction model thus small and medium-sized organizations do not have impetus in joint …",https://orca.cardiff.ac.uk/id/eprint/134968/1/CAIE_A%20review%20of%20applications%20in%20federated%20learning_deposit.pdf
Convolutional self-attention networks,"… In this paper, we propose a parameter-free convolutional self-attention model to enhance the feature extraction of neighboring elements across multiple heads. Empirical results of …",https://arxiv.org/pdf/1904.03107
Context-aware self-attention networks,"… self-attention networks through capturing the richness of context. To maintain the simplicity and flexibility of the selfattention networks, we … vectors participate in the self-attention model. …",https://ojs.aaai.org/index.php/AAAI/article/view/3809/3687
Exploring self-attention for image recognition,"… self-attention, which is strictly more powerful than convolution. Our pairwise self-attention networks … tations and conclude that self-attention networks may have significant benefits in …",https://openaccess.thecvf.com/content_CVPR_2020/papers/Zhao_Exploring_Self-Attention_for_Image_Recognition_CVPR_2020_paper.pdf
Self-attention generative adversarial networks,"… self-attention mechanism, we build several SAGAN models by adding the selfattention … As shown in Table 1, the SAGAN models with the self-attention mechanism at the middle-to-…",http://proceedings.mlr.press/v97/zhang19d/zhang19d.pdf
Global self-attention networks for image recognition,"… of a deep network. Based on this module, we introduce new standalone global attention-based deep networks, referred to as global self-attention networks. A GSA network uses GSA …",https://arxiv.org/pdf/2010.03019
Self-attention networks can process bounded hierarchical languages,"… For the broader NLP community, our results also contribute to settling whether self-attention networks are restricted to model hierarchical structures due to non-recurrence, a concern (…",https://arxiv.org/pdf/2105.11115
Cloze-driven pretraining of self-attention networks,… Each block consists of two sub-blocks: the first is a multi-head self-attention module with H = … (2017) we apply layer normalization before the self-attention and FFN blocks instead of after…,https://arxiv.org/pdf/1903.07785
Self-attention network for skeleton-based human action recognition,"… In this paper, we propose a novel model with SelfAttention Network (SAN) to overcome the … options for encoders, self-attention network, and temporal segment network. Each experiment …",https://openaccess.thecvf.com/content_WACV_2020/papers/Cho_Self-Attention_Network_for_Skeleton-based_Human_Action_Recognition_WACV_2020_paper.pdf
Feature importance estimation with self-attention networks,"… 3 Self-Attention Networks This section presents the proposed Self-Attention Network (SAN) approach, illustrated in Figure 1. We begin by a formal description of the architecture, …",https://ebooks.iospress.nl/pdf/doi/10.3233/FAIA200256
Dysat: Deep neural representation learning on dynamic graphs via self-attention networks,"… different sizes including two communication networks [14, 21] and two rating networks [11]. Our … Dynamic SelfAttention Network that utilizes joint structural and temporal self-attention for …",https://aravindsankar28.github.io/files/DySAT-WSDM2020.pdf
Self-attention networks for code search,… We first utilize two individual self-attention networks to represent code snippets and their … we utilize the self-attention network to conduct an extra joint representation network for code …,https://drive.google.com/file/d/1NZoiM7E6L_lL0GHP5mpq-BNwyLe6Ig-e/view
How does selective mechanism improve self-attention networks?,… Task Description We evaluate the ability of selfattention on structure modeling by constructing constituency trees from the attention distributions. Under the assumption that attention …,https://arxiv.org/pdf/2005.00979
Self-attention networks for connectionist temporal classification in speech recognition,"… self-attention was used as a drop-in replacement for individual layers in the state-of-theart lattice-free MMI model [26], an HMM-NN system. Hybrid self-attention/… : selfattention could be …",https://arxiv.org/pdf/1901.10055
Dsanet: Dual self-attention network for multivariate time series forecasting,"… time series, we propose a dual self-attention network (DSANet) for highly efficient multivariate time … from each convolutional component are fed into an individual self-attention module, …",https://haonansu.github.io/files/DSANet/Huang-DSANet.pdf
Cross-modal self-attention network for referring image segmentation,"… Different from above works, we propose a cross-modal self-attention module to jointly … the success of self-attention [23, 24], the designed cross-modal self-attention module can capture …",http://openaccess.thecvf.com/content_CVPR_2019/papers/Ye_Cross-Modal_Self-Attention_Network_for_Referring_Image_Segmentation_CVPR_2019_paper.pdf
Very deep self-attention networks for end-to-end speech recognition,"… networks (TDNN) and long shortterm memory (LSTM) recurrent neural networks, we propose to use self-attention … Our analysis shows that deep Transformer networks with high learning …",https://arxiv.org/pdf/1904.13377
Graph contextualized self-attention network for session-based recommendation.,"… In this paper, we strengthen the self-attention network through graph neural network and meanwhile maintain the model’s simplicity and flexibility. To the best of our knowledge, this is …",https://www.ijcai.org/proceedings/2019/0547.pdf
On the integration of self-attention and convolution,"… between convolution and self-attention in the sense of … On the other hand, self-attention is first introduced in natural … have achieved, convolution and self-attention modules usually follow …",https://openaccess.thecvf.com/content/CVPR2022/papers/Pan_On_the_Integration_of_Self-Attention_and_Convolution_CVPR_2022_paper.pdf
Neural style transfer: A review,… . demonstrated the power of Convolutional Neural Networks (CNNs) … style. This process of using CNNs to render a content image in different styles is referred to as Neural Style Transfer …,https://hub.hku.hk/bitstream/10722/301335/1/Content.pdf?accept=1
Adaattn: Revisit attention mechanism in arbitrary neural style transfer,… to be ready for video style transfer with slight modifications. Experiments demonstrate that our method achieves state-of-the-art arbitrary image/video style transfer. Codes and models …,http://openaccess.thecvf.com/content/ICCV2021/papers/Liu_AdaAttN_Revisit_Attention_Mechanism_in_Arbitrary_Neural_Style_Transfer_ICCV_2021_paper.pdf
Hypernst: Hyper-networks for neural style transfer,"… We present HyperNST; a neural style transfer (NST) technique for the artistic stylization of … method for inducing style transfer parameterized by a metric space, pre-trained for style-based …",https://arxiv.org/pdf/2208.04807
Stytr2: Image style transfer with transformers,"… focus on neural style transfer based on convolutional neural networks (CNNs). Optimizationbased style transfer methods [19, 31, 47] render the input content images with learned style …",https://openaccess.thecvf.com/content/CVPR2022/papers/Deng_StyTr2_Image_Style_Transfer_With_Transformers_CVPR_2022_paper.pdf
Artflow: Unbiased image style transfer via reversible neural flows,"… style transfer modules. • Based on PFN in conjunction with an … style transfer module, we propose a novel style transfer framework, ie., ArtFlow, which achieves comparable style transfer …",https://openaccess.thecvf.com/content/CVPR2021/papers/An_ArtFlow_Unbiased_Image_Style_Transfer_via_Reversible_Neural_Flows_CVPR_2021_paper.pdf
Deep learning for text style transfer: A survey,"… neural models. In this article, we present a systematic survey of the research on neural text style transfer, spanning over 100 representative articles since the first neural text style transfer …",https://direct.mit.edu/coli/article-pdf/48/1/155/2006608/coli_a_00426.pdf
Clipstyler: Image style transfer with a single text condition,"… In the first to third rows, we compare the artistic style transfer performance of our text-guided style transfer with those of the baselines. For the case of early baseline models of AdaIN [9] …",https://openaccess.thecvf.com/content/CVPR2022/papers/Kwon_CLIPstyler_Image_Style_Transfer_With_a_Single_Text_Condition_CVPR_2022_paper.pdf
Inversion-based style transfer with diffusion models,… Image style transfer Image style transfer has been widely … style transfer methods use low-level handcrafted features to match the patches between the content image and the style image […,https://openaccess.thecvf.com/content/CVPR2023/papers/Zhang_Inversion-Based_Style_Transfer_With_Diffusion_Models_CVPR_2023_paper.pdf
Rethinking and improving the robustness of image style transfer,… neural style transfer methods has shown that the correlation between features extracted by a pre-trained VGG network has a remarkable ability to capture the visual style … for style transfer…,http://openaccess.thecvf.com/content/CVPR2021/papers/Wang_Rethinking_and_Improving_the_Robustness_of_Image_Style_Transfer_CVPR_2021_paper.pdf
Artistic style transfer with internal-external learning and contrastive learning,"… of the large-scale style dataset to learn the human-aware style information, which makes the … argue that existing style transfer methods only consider the content-to-stylization and style-to…",https://proceedings.neurips.cc/paper_files/paper/2021/file/df5354693177e83e8ba089e94b7b6b55-Paper.pdf
Accent modification for speech recognition of non-native speakers using neural style transfer,"… the style transfer feedforward algorithm from the graphical domain. … style transfer, we try to modify an image in a way that its style resembles the style of another, a so-called style image. …",https://link.springer.com/content/pdf/10.1186/s13636-021-00199-3.pdf
Multimodal style transfer via graph cuts,"… styles. In this paper, we introduce a more flexible and general universal style transfer technique: multimodal style transfer (… semantic patterns in content and style images. Specifically, the …",https://openaccess.thecvf.com/content_ICCV_2019/papers/Zhang_Multimodal_Style_Transfer_via_Graph_Cuts_ICCV_2019_paper.pdf
Controllable artistic text style transfer via shape-matching gan,… Figure 1: We propose a novel style transfer framework for rendering artistic text from a source style image in a scale-controllable manner. Our framework allows users to (b) adjust the …,http://openaccess.thecvf.com/content_ICCV_2019/papers/Yang_Controllable_Artistic_Text_Style_Transfer_via_Shape-Matching_GAN_ICCV_2019_paper.pdf
Collaborative distillation for ultra-resolution universal style transfer,"… Although we mainly focus on neural style transfer in this work, the encoder-decoder scheme is also generally utilized in other low-level vision tasks like super-resolution and image in…",http://openaccess.thecvf.com/content_CVPR_2020/papers/Wang_Collaborative_Distillation_for_Ultra-Resolution_Universal_Style_Transfer_CVPR_2020_paper.pdf
Content and style disentanglement for artistic style transfer,… [7] first proposed a neural style transfer to encode the style of an image using the pairwise … Neural Network (CNN). Given a single content image and a single reference style image the …,http://openaccess.thecvf.com/content_ICCV_2019/papers/Kotovenko_Content_and_Style_Disentanglement_for_Artistic_Style_Transfer_ICCV_2019_paper.pdf
Accelerate neural style transfer with super-resolution,"… and style image [18] to realize arbitrary style or multi-style transfer, our aim does not focus on the multi-style image transform in one single model. Our model still learns the style transfer …",https://drive.google.com/file/d/1xnfzb0xJxVWmXrx1h5mGHRSD7yToO7qG/view
A closed-form solution to universal style transfer,"… In this paper, we first present a novel interpretation of neural style transfer by treating it as an optimal transport problem. Then we demonstrate the theoretical relations between our …",https://openaccess.thecvf.com/content_ICCV_2019/papers/Lu_A_Closed-Form_Solution_to_Universal_Style_Transfer_ICCV_2019_paper.pdf
Attention-aware multi-stroke style transfer,"… Recently, inspired by the power of Convolutional Neural Network (CNN) … Neural Style Transfer, which first introduces neural representations to separate and recombine content and style …",https://openaccess.thecvf.com/content_CVPR_2019/papers/Yao_Attention-Aware_Multi-Stroke_Style_Transfer_CVPR_2019_paper.pdf
NeRF-Art: Text-Driven Neural Radiance Fields Stylization,"… for 3D content, neural style transfer has been extended to explicit 3D representations. The work [43] first considers the cross-view disparity consistency and applies style transfer on …",https://arxiv.org/pdf/2212.08070
Text data augmentation for deep learning,"… of Deep Learning. In this survey, we consider how the Data Augmentation training strategy … We begin with the major motifs of Data Augmentation summarized into strengthening local …",https://link.springer.com/content/pdf/10.1186/s40537-021-00492-0.pdf
A survey on image data augmentation for deep learning,"… In addition to augmentation techniques, this paper will briefly discuss … of Data Augmentation such as test-time augmentation, resolution impact, final dataset size, and curriculum learning…",https://link.springer.com/content/pdf/10.1186/s40537-019-0197-0.pdf
Data augmentation for deep-learning-based electroencephalography,… Data augmentation (DA) has recently been demonstrated to achieve considerable performance gains for deep learning (DL)—increased accuracy and stability and reduced overfitting. …,https://digitalcommons.chapman.edu/cgi/viewcontent.cgi?article=1228&context=psychology_articles
Image data augmentation for deep learning: A survey,… different kinds of data augmentation methods and their combinations on various deep learning models with … We will also discuss future directions for image data augmentation research. …,https://arxiv.org/pdf/2204.08610
Time series data augmentation for deep learning: A survey,"… the training data, data augmentation is crucial to the successful application … deep learning models on time series data. In this paper, we systematically review different data augmentation …",https://arxiv.org/pdf/2002.12478
Data augmentation for deep learning-based radio modulation classification,"… In this paper, we study data augmentation methods for deep learning-based radio modulation classification. Specifically, a state-of-the-art deep learning-based modulation classifier, is …",https://ieeexplore.ieee.org/iel7/6287639/6514899/08936957.pdf
A novel deep learning approach with data augmentation to classify motor imagery signals,"… deep learning approach requires massive data to train its neural networks, and the amount of data … approach that combines deep learning and data augmentation for EEG classification. …",https://ieeexplore.ieee.org/iel7/6287639/6514899/08630915.pdf
Data augmentation for deep graph learning: A survey,"… , a powerful deep learning tool to model graph-structured data, have … data augmentation in two representative problems in data-centric deep graph learning: (1) reliable graph learning …",https://arxiv.org/pdf/2202.08235
Synthetic data augmentation for surface defect detection and classification using deep learning,"… When deep learning architectures with multiple layers are built, or when the training set is … data augmentation. For greyscale images, classic augmentation refers to data augmentation …",https://www.academia.edu/download/102651509/s10845-020-01710-x20230525-1-m9m31c.pdf
A comprehensive survey of recent trends in deep learning for digital images augmentation,"… deep learning … data augmentation techniques which can be used to increase the number of images. In this paper, a survey of data augmentation for digital images in deep learning will …",https://link.springer.com/content/pdf/10.1007/s10462-021-10066-4.pdf
Augment to prevent: short-text data augmentation in deep learning for hate-speech classification,… deep learning to the hate speech detection problem: a) we propose three text-based data augmentation … a selection of top-performing deep architectures and hate speech databases in …,https://opus.bibliothek.uni-augsburg.de/opus4/files/71702/71702.pdf
Deep learning approaches for data augmentation and classification of breast masses using ultrasound images,"… In the first part, we discuss data augmentation using GAN and traditional augmentation. … using deep learning approaches Convolutional Neural Network (CNN) and a Transfer Learning (…",https://www.academia.edu/download/105766472/Paper_79-Deep_Learning_Approaches_for_Data_Augmentation.pdf
Attentive cutmix: An enhanced data augmentation approach for deep learning based image classification,… To prove the effectiveness of our data augmentation technique we perform extensive experiments across wide range of popular models and Image classification datasets. We select four …,https://arxiv.org/pdf/2003.13048
Deep metric learning: A survey,"… utilized in metric learning to address this problem. In recent years, deep metric learning, which … This article aims to reveal the importance of deep metric learning and the problems dealt …",https://www.mdpi.com/2073-8994/11/9/1066/pdf
Deep metric learning to rank,"… We propose a novel deep metric learning method by revisiting the learning to rank approach. Our method, named FastAP, optimizes the rank-based Average Precision measure, using …",http://openaccess.thecvf.com/content_CVPR_2019/papers/Cakir_Deep_Metric_Learning_to_Rank_CVPR_2019_paper.pdf
Hardness-aware deep metric learning,"… problem of deep metric learning and then present the basic idea of the proposed HDML framework. At last, we elaborate on the approach of deep metric learning under this framework. …",https://openaccess.thecvf.com/content_CVPR_2019/papers/Zheng_Hardness-Aware_Deep_Metric_Learning_CVPR_2019_paper.pdf
Revisiting training strategies and generalization performance in deep metric learning,"… In this work, we counteract the worrying trend of diverging training protocols in Deep Metric Learning (DML). We conduct a large, comprehensive study of important training components …",http://proceedings.mlr.press/v119/roth20a/roth20a.pdf
Softtriple loss: Deep metric learning without triplet sampling,"… Deep metric learning Deep metric learning aims to learn the embeddings directly from the raw materials (eg, images) by deep … , the performance of metric learning has a dramatical …",https://openaccess.thecvf.com/content_ICCV_2019/papers/Qian_SoftTriple_Loss_Deep_Metric_Learning_Without_Triplet_Sampling_ICCV_2019_paper.pdf
Deep metric learning for few-shot image classification: A review of recent developments,… review of recent deep metric learning methods for few-shot image classification. Metric learning methods deserve special attention as they do not require learning additional parameters …,https://arxiv.org/pdf/2105.08149
Multi-similarity loss with general pair weighting for deep metric learning,"… – We establish a General Pair Weighting (GPW) framework, which formulates deep metric learning into a unified view of pair weighting. It provides a general formulation for …",https://openaccess.thecvf.com/content_CVPR_2019/papers/Wang_Multi-Similarity_Loss_With_General_Pair_Weighting_for_Deep_Metric_Learning_CVPR_2019_paper.pdf
Ranked list loss for deep metric learning,… Our objective is to learn a discriminative function f (aka deep metric) such that the similarity between positive pairs is higher than the similarity between negative pairs in the feature …,https://openaccess.thecvf.com/content_CVPR_2019/papers/Wang_Ranked_List_Loss_for_Deep_Metric_Learning_CVPR_2019_paper.pdf
"Spectral, probabilistic, and deep metric learning: Tutorial and survey","… We also introduce geometric metric learning methods on the Riemannian manifolds. In … deep metric learning, geometric metric learning by neural networks, and few-shot metric learning…",https://arxiv.org/pdf/2201.09267
Proxy anchor loss for deep metric learning,Existing metric learning losses can be categorized into two classes: pair-based and proxy-based losses. The former class can leverage fine-grained semantic relations between data …,http://openaccess.thecvf.com/content_CVPR_2020/papers/Kim_Proxy_Anchor_Loss_for_Deep_Metric_Learning_CVPR_2020_paper.pdf
The group loss for deep metric learning,"… neural networks for deep metric learning: intelligent sampling [21], multi-task learning [53] or … In a similar spirit, we propose Group Loss, a novel loss function for deep metric learning that …",https://arxiv.org/pdf/1912.00385
Visual explanation for deep metric learning,"… • We propose a novel explanation framework for deep metric learning … the metric learning models without modifying the model architectures, and is applicable to a host of metric learning …",https://ieeexplore.ieee.org/ielaam/83/9263394/9527069-aam.pdf
Deep metric learning via adaptive learnable assessment,"… of existing deep metric learning methods has been impeded by overfitting, as verified in [43]. Inspired by this, we formulate the learning of the proposed assessor as a meta-learning prob…",https://openaccess.thecvf.com/content_CVPR_2020/papers/Zheng_Deep_Metric_Learning_via_Adaptive_Learnable_Assessment_CVPR_2020_paper.pdf
Stochastic class-based hard example mining for deep metric learning,… Our goal is to obtain an optimal feature extractor that maps an image I to a vector x by deep metric learning. The desired condition of the learned function is to make distances between …,https://openaccess.thecvf.com/content_CVPR_2019/papers/Suh_Stochastic_Class-Based_Hard_Example_Mining_for_Deep_Metric_Learning_CVPR_2019_paper.pdf
Symmetrical synthesis for deep metric learning,… The objective of deep metric learning is to learn an embedding space where semantically … Many recent deep metric learning approaches are built on similarity or distance between pairs …,https://aaai.org/ojs/index.php/AAAI/article/download/6716/6570
Point cloud oversegmentation with graph-structured deep metric learning,… Although superpixel-based methods and deep learning have both been around for a long … We propose formulating point cloud oversegmentation as a deep metric learning problem …,http://openaccess.thecvf.com/content_CVPR_2019/papers/Landrieu_Point_Cloud_Oversegmentation_With_Graph-Structured_Deep_Metric_Learning_CVPR_2019_paper.pdf
Moving in the right direction: A regularization for deep metric learning,"… In this section, we discuss the current approaches for deep metric learning and analyze their objectives to identify potential improvements to their formulations with the goal of improving …",https://openaccess.thecvf.com/content_CVPR_2020/papers/Mohan_Moving_in_the_Right_Direction_A_Regularization_for_Deep_Metric_CVPR_2020_paper.pdf
Enhancing adversarial robustness for deep metric learning,"… Owing to security implications of adversarial vulnerability, adversarial robustness of deep metric learning models has to be improved. In order to avoid model collapse due to …",http://openaccess.thecvf.com/content/CVPR2022/papers/Zhou_Enhancing_Adversarial_Robustness_for_Deep_Metric_Learning_CVPR_2022_paper.pdf
